#file	N	symmetry	#L	ud	q	attempt	seed
SH_11_0_911_20260905T012241.m	11	s	911	0	-	4	os
SH_11_0_1457_20260905T012355.m	11	s	1457	0	-	7	os
SH_11_0_1457_20260905T012421.m	11	s	1457	0	-	13	os
SH_11_0_1457_20260905T012430.m	11	s	1457	0	-	15	os
SH_11_0_1561_20260905T012440.m	11	s	1561	0	-	17	os
SH_11_0_1457_20260905T012513.m	11	s	1457	0	-	24	os
SH_11_0_1561_20260905T012519.m	11	s	1561	0	-	25	os
SH_11_0_1561_20260905T012528.m	11	s	1561	0	-	27	os
SH_11_0_1457_20260905T012550.m	11	s	1457	0	-	32	os
SH_11_0_1457_20260905T012621.m	11	s	1457	0	-	36	os
SH_11_0_1561_20260905T012634.m	11	s	1561	0	-	38	os
SH_11_0_751_20260905T012636.m	11	s	751	0	-	39	os
SH_11_0_1457_20260905T012700.m	11	s	1457	0	-	44	os
SH_11_0_1457_20260905T012704.m	11	s	1457	0	-	45	os
SH_11_0_751_20260905T012719.m	11	s	751	0	-	48	os
SH_11_0_1457_20260905T012725.m	11	s	1457	0	-	49	os
SH_11_0_1561_20260905T012747.m	11	s	1561	0	-	53	os
SH_11_0_1457_20260905T012757.m	11	s	1457	0	-	55	os
SH_11_0_1561_20260905T012810.m	11	s	1561	0	-	58	os
SH_11_0_1561_20260905T012826.m	11	s	1561	0	-	61	os
SH_11_0_1457_20260905T012830.m	11	s	1457	0	-	62	os
SH_11_0_1457_20260905T012845.m	11	s	1457	0	-	65	os
SH_11_0_1561_20260905T012857.m	11	s	1561	0	-	68	os
SH_11_0_1561_20260905T012913.m	11	s	1561	0	-	71	os
SH_11_0_1561_20260905T012927.m	11	s	1561	0	-	74	os
SH_11_0_751_20260905T012932.m	11	s	751	0	-	75	os
SH_11_0_1561_20260905T012947.m	11	s	1561	0	-	78	os
SH_11_0_911_20260905T013019.m	11	s	911	0	-	84	os
SH_11_0_1561_20260905T013044.m	11	s	1561	0	-	89	os
SH_11_0_745_20260905T013058.m	11	s	745	0	-	92	os
SH_11_0_1561_20260905T013123.m	11	s	1561	0	-	97	os
SH_11_0_713_20260905T013217.m	11	s	713	0	-	108	os
SH_11_0_1561_20260905T013228.m	11	s	1561	0	-	110	os
SH_11_0_425_20260905T013238.m	11	s	425	0	-	112	os
SH_11_0_1457_20260905T013257.m	11	s	1457	0	-	116	os
SH_11_0_751_20260905T013313.m	11	s	751	0	-	119	os
SH_11_0_1561_20260905T013323.m	11	s	1561	0	-	121	os
SH_11_0_1561_20260905T013327.m	11	s	1561	0	-	122	os
SH_11_0_1561_20260905T013410.m	11	s	1561	0	-	131	os
SH_11_0_1561_20260905T013438.m	11	s	1561	0	-	137	os
SH_11_0_1457_20260905T013453.m	11	s	1457	0	-	140	os
SH_11_0_1561_20260905T013504.m	11	s	1561	0	-	142	os
SH_11_0_1561_20260905T013536.m	11	s	1561	0	-	148	os
SH_11_0_425_20260905T013541.m	11	s	425	0	-	149	os
SH_11_0_1561_20260905T013608.m	11	s	1561	0	-	155	os
SH_11_0_1561_20260905T013623.m	11	s	1561	0	-	158	os
SH_11_0_1561_20260905T013635.m	11	s	1561	0	-	160	os
SH_11_0_1561_20260905T013646.m	11	s	1561	0	-	162	os
SH_11_0_1561_20260905T013711.m	11	s	1561	0	-	167	os
SH_11_0_1457_20260905T013720.m	11	s	1457	0	-	169	os
SH_11_0_1561_20260905T013725.m	11	s	1561	0	-	170	os
SH_11_0_1457_20260905T013736.m	11	s	1457	0	-	172	os
SH_11_0_1457_20260905T013807.m	11	s	1457	0	-	178	os
SH_11_0_1457_20260905T013824.m	11	s	1457	0	-	181	os
SH_11_0_1561_20260905T013829.m	11	s	1561	0	-	182	os
SH_11_0_1561_20260905T013844.m	11	s	1561	0	-	185	os
SH_11_0_1561_20260905T013848.m	11	s	1561	0	-	186	os
SH_11_0_807_20260905T013926.m	11	s	807	0	-	194	os
SH_11_0_751_20260905T013931.m	11	s	751	0	-	195	os
SH_11_0_1561_20260905T013957.m	11	s	1561	0	-	200	os
SH_11_0_1561_20260905T014003.m	11	s	1561	0	-	201	os
SH_11_0_911_20260905T014033.m	11	s	911	0	-	207	os
SH_11_0_1561_20260905T014048.m	11	s	1561	0	-	210	os
SH_11_0_1457_20260905T014202.m	11	s	1457	0	-	224	os
SH_11_0_191_20260905T014211.m	11	s	191	0	-	226	os
SH_11_0_1455_20260905T014242.m	11	s	1455	0	-	232	os
SH_11_0_1561_20260905T014302.m	11	s	1561	0	-	236	os
SH_11_0_1457_20260905T014318.m	11	s	1457	0	-	239	os
SH_11_0_1457_20260905T014343.m	11	s	1457	0	-	244	os
SH_11_0_1561_20260905T014423.m	11	s	1561	0	-	252	os
SH_11_0_1561_20260905T014453.m	11	s	1561	0	-	258	os
SH_11_0_1457_20260905T014459.m	11	s	1457	0	-	259	os
SH_11_0_1457_20260905T014623.m	11	s	1457	0	-	275	os
SH_11_0_745_20260905T014701.m	11	s	745	0	-	283	os
SH_11_0_1561_20260905T014710.m	11	s	1561	0	-	285	os
SH_11_0_1561_20260905T014733.m	11	s	1561	0	-	289	os
SH_11_0_1561_20260905T014744.m	11	s	1561	0	-	291	os
SH_11_0_1561_20260905T014812.m	11	s	1561	0	-	297	os
SH_11_0_1561_20260905T014950.m	11	s	1561	0	-	316	os
SH_11_0_1561_20260905T015020.m	11	s	1561	0	-	322	os
SH_11_0_1457_20260905T015115.m	11	s	1457	0	-	332	os
SH_11_0_911_20260905T015132.m	11	s	911	0	-	335	os
SH_11_0_1561_20260905T015137.m	11	s	1561	0	-	336	os
SH_11_0_1457_20260905T015215.m	11	s	1457	0	-	343	os
SH_11_0_1561_20260905T015234.m	11	s	1561	0	-	347	os
SH_11_0_1561_20260905T015249.m	11	s	1561	0	-	350	os
SH_11_0_1561_20260905T015309.m	11	s	1561	0	-	354	os
SH_11_0_1561_20260905T015406.m	11	s	1561	0	-	365	os
SH_11_0_1561_20260905T015410.m	11	s	1561	0	-	366	os
SH_11_0_911_20260905T015447.m	11	s	911	0	-	373	os
SH_11_0_1457_20260905T015503.m	11	s	1457	0	-	376	os
SH_11_0_1457_20260905T015509.m	11	s	1457	0	-	377	os
SH_11_0_1457_20260905T015513.m	11	s	1457	0	-	378	os
SH_11_0_1561_20260905T015533.m	11	s	1561	0	-	382	os
SH_11_0_1561_20260905T015538.m	11	s	1561	0	-	383	os
SH_11_0_1457_20260905T015558.m	11	s	1457	0	-	387	os
SH_11_0_1457_20260905T015620.m	11	s	1457	0	-	391	os
SH_11_0_751_20260905T015625.m	11	s	751	0	-	392	os
SH_11_0_1457_20260905T015648.m	11	s	1457	0	-	397	os
SH_11_0_1561_20260905T015657.m	11	s	1561	0	-	399	os
SH_11_0_1561_20260905T015708.m	11	s	1561	0	-	401	os
SH_11_0_1457_20260905T015743.m	11	s	1457	0	-	409	os
SH_11_0_1561_20260905T015747.m	11	s	1561	0	-	410	os
SH_11_0_1561_20260905T015756.m	11	s	1561	0	-	412	os
SH_11_0_1561_20260905T015832.m	11	s	1561	0	-	419	os
SH_11_0_1457_20260905T015837.m	11	s	1457	0	-	420	os
SH_11_0_1561_20260905T015846.m	11	s	1561	0	-	422	os
SH_11_0_1457_20260905T015920.m	11	s	1457	0	-	429	os
SH_11_0_1561_20260905T015935.m	11	s	1561	0	-	432	os
SH_11_0_1457_20260905T015940.m	11	s	1457	0	-	433	os
SH_11_0_1457_20260905T015951.m	11	s	1457	0	-	435	os
SH_11_0_751_20260905T020033.m	11	s	751	0	-	443	os
SH_11_0_1457_20260905T020043.m	11	s	1457	0	-	445	os
SH_11_0_191_20260905T020105.m	11	s	191	0	-	449	os
SH_11_0_1561_20260905T020110.m	11	s	1561	0	-	450	os
SH_11_0_1457_20260905T020114.m	11	s	1457	0	-	451	os
SH_11_0_1457_20260905T020145.m	11	s	1457	0	-	457	os
SH_11_0_1457_20260905T020200.m	11	s	1457	0	-	460	os
SH_11_0_1561_20260905T020208.m	11	s	1561	0	-	462	os
SH_11_0_745_20260905T020213.m	11	s	745	0	-	463	os
SH_11_0_191_20260905T020356.m	11	s	191	0	-	484	os
SH_11_0_1561_20260905T020406.m	11	s	1561	0	-	486	os
SH_11_0_1561_20260905T020432.m	11	s	1561	0	-	491	os
SH_11_0_911_20260905T020510.m	11	s	911	0	-	499	os
SH_11_0_1561_20260905T020515.m	11	s	1561	0	-	500	os
SH_11_0_191_20260905T020553.m	11	s	191	0	-	507	os
SH_11_0_1561_20260905T020604.m	11	s	1561	0	-	509	os
SH_11_0_1561_20260905T020615.m	11	s	1561	0	-	511	os
SH_11_0_1457_20260905T020621.m	11	s	1457	0	-	512	os
SH_11_0_1457_20260905T020639.m	11	s	1457	0	-	516	os
SH_11_0_1561_20260905T020645.m	11	s	1561	0	-	517	os
SH_11_0_1561_20260905T020650.m	11	s	1561	0	-	518	os
SH_11_0_1457_20260905T020655.m	11	s	1457	0	-	519	os
SH_11_0_1561_20260905T020746.m	11	s	1561	0	-	529	os
SH_11_0_1457_20260905T020759.m	11	s	1457	0	-	532	os
SH_11_0_1561_20260905T020816.m	11	s	1561	0	-	535	os
SH_11_0_1561_20260905T020915.m	11	s	1561	0	-	547	os
SH_11_0_1561_20260905T020958.m	11	s	1561	0	-	556	os
SH_11_0_1561_20260905T021055.m	11	s	1561	0	-	567	os
SH_11_0_1457_20260905T021121.m	11	s	1457	0	-	572	os
SH_11_0_1561_20260905T021137.m	11	s	1561	0	-	575	os
SH_11_0_1561_20260905T021232.m	11	s	1561	0	-	585	os
SH_11_0_1561_20260905T021242.m	11	s	1561	0	-	587	os
SH_11_0_1457_20260905T021359.m	11	s	1457	0	-	603	os
SH_11_0_425_20260905T021403.m	11	s	425	0	-	604	os
SH_11_0_1561_20260905T021414.m	11	s	1561	0	-	606	os
SH_11_0_1561_20260905T021419.m	11	s	1561	0	-	607	os
SH_11_0_1457_20260905T021425.m	11	s	1457	0	-	608	os
SH_11_0_425_20260905T021446.m	11	s	425	0	-	612	os
SH_11_0_1561_20260905T021515.m	11	s	1561	0	-	618	os
SH_11_0_1455_20260905T021542.m	11	s	1455	0	-	624	os
SH_11_0_1455_20260905T021549.m	11	s	1455	0	-	625	os
SH_11_0_1457_20260905T021602.m	11	s	1457	0	-	628	os
SH_11_0_1457_20260905T021613.m	11	s	1457	0	-	630	os
SH_11_0_1561_20260905T021633.m	11	s	1561	0	-	634	os
SH_11_0_975_20260905T021638.m	11	s	975	0	-	635	os
SH_11_0_1561_20260905T021643.m	11	s	1561	0	-	636	os
SH_11_0_1561_20260905T021700.m	11	s	1561	0	-	639	os
SH_11_0_911_20260905T021710.m	11	s	911	0	-	641	os
SH_11_0_1457_20260905T021716.m	11	s	1457	0	-	642	os
SH_11_0_1457_20260905T021730.m	11	s	1457	0	-	645	os
SH_11_0_1457_20260905T021746.m	11	s	1457	0	-	648	os
SH_11_0_1561_20260905T021751.m	11	s	1561	0	-	649	os
SH_11_0_1561_20260905T021805.m	11	s	1561	0	-	652	os
SH_11_0_1457_20260905T021840.m	11	s	1457	0	-	659	os
SH_11_0_1561_20260905T021912.m	11	s	1561	0	-	665	os
SH_11_0_1457_20260905T021917.m	11	s	1457	0	-	666	os
SH_11_0_1457_20260905T022034.m	11	s	1457	0	-	682	os
SH_11_0_911_20260905T022112.m	11	s	911	0	-	690	os
SH_11_0_1457_20260905T022222.m	11	s	1457	0	-	704	os
SH_11_0_1561_20260905T022251.m	11	s	1561	0	-	710	os
SH_11_0_1561_20260905T022307.m	11	s	1561	0	-	713	os
SH_11_0_1561_20260905T022312.m	11	s	1561	0	-	714	os
SH_11_0_1561_20260905T022328.m	11	s	1561	0	-	717	os
SH_11_0_1561_20260905T022352.m	11	s	1561	0	-	722	os
SH_11_0_1457_20260905T022421.m	11	s	1457	0	-	728	os
SH_11_0_1561_20260905T022425.m	11	s	1561	0	-	729	os
SH_11_0_1561_20260905T022446.m	11	s	1561	0	-	733	os
SH_11_0_1561_20260905T022529.m	11	s	1561	0	-	742	os
SH_11_0_1561_20260905T022534.m	11	s	1561	0	-	743	os
SH_11_0_319_20260905T022539.m	11	s	319	0	-	744	os
SH_11_0_1457_20260905T022556.m	11	s	1457	0	-	747	os
SH_11_0_1561_20260905T022631.m	11	s	1561	0	-	754	os
SH_11_0_1561_20260905T022736.m	11	s	1561	0	-	767	os
SH_11_0_1561_20260905T022931.m	11	s	1561	0	-	790	os
SH_11_0_745_20260905T022940.m	11	s	745	0	-	792	os
SH_11_0_1561_20260905T023040.m	11	s	1561	0	-	804	os
SH_11_0_911_20260905T023119.m	11	s	911	0	-	811	os
SH_11_0_911_20260905T023206.m	11	s	911	0	-	820	os
SH_11_0_1561_20260905T023245.m	11	s	1561	0	-	827	os
SH_11_0_1457_20260905T023251.m	11	s	1457	0	-	828	os
SH_11_0_229_20260905T023319.m	11	s	229	0	-	834	os
SH_11_0_1561_20260905T023343.m	11	s	1561	0	-	838	os
SH_11_0_1561_20260905T023409.m	11	s	1561	0	-	843	os
SH_11_0_1457_20260905T023419.m	11	s	1457	0	-	845	os
SH_11_0_1457_20260905T023435.m	11	s	1457	0	-	848	os
SH_11_0_1561_20260905T023447.m	11	s	1561	0	-	850	os
SH_11_0_1561_20260905T023453.m	11	s	1561	0	-	851	os
SH_11_0_1561_20260905T023609.m	11	s	1561	0	-	866	os
SH_11_0_1561_20260905T023618.m	11	s	1561	0	-	868	os
SH_11_0_1561_20260905T023622.m	11	s	1561	0	-	869	os
SH_11_0_1561_20260905T023710.m	11	s	1561	0	-	878	os
SH_11_0_745_20260905T023732.m	11	s	745	0	-	882	os
SH_11_0_1457_20260905T023742.m	11	s	1457	0	-	884	os
SH_11_0_1561_20260905T023747.m	11	s	1561	0	-	885	os
SH_11_0_1457_20260905T023802.m	11	s	1457	0	-	888	os
SH_11_0_3079_20260905T023817.m	11	s	3079	0	-	891	os
SH_11_0_1561_20260905T023823.m	11	s	1561	0	-	892	os
SH_11_0_1561_20260905T023854.m	11	s	1561	0	-	898	os
SH_11_0_1457_20260905T023944.m	11	s	1457	0	-	908	os
SH_11_0_911_20260905T023954.m	11	s	911	0	-	910	os
SH_11_0_1561_20260905T024008.m	11	s	1561	0	-	913	os
SH_11_0_1457_20260905T024023.m	11	s	1457	0	-	916	os
SH_11_0_1457_20260905T024056.m	11	s	1457	0	-	923	os
SH_11_0_1561_20260905T024154.m	11	s	1561	0	-	935	os
SH_11_0_425_20260905T024158.m	11	s	425	0	-	936	os
SH_11_0_1457_20260905T024219.m	11	s	1457	0	-	940	os
SH_11_0_1457_20260905T024229.m	11	s	1457	0	-	942	os
SH_11_0_1561_20260905T024311.m	11	s	1561	0	-	951	os
SH_11_0_1561_20260905T024339.m	11	s	1561	0	-	957	os
SH_11_0_1457_20260905T024403.m	11	s	1457	0	-	962	os
SH_11_0_745_20260905T024415.m	11	s	745	0	-	964	os
SH_11_0_745_20260905T024435.m	11	s	745	0	-	968	os
SH_11_0_1561_20260905T024513.m	11	s	1561	0	-	976	os
SH_11_0_1561_20260905T024522.m	11	s	1561	0	-	978	os
SH_11_0_1561_20260905T024538.m	11	s	1561	0	-	981	os
SH_11_0_1457_20260905T024543.m	11	s	1457	0	-	982	os
SH_11_0_751_20260905T024553.m	11	s	751	0	-	984	os
SH_11_0_1561_20260905T024557.m	11	s	1561	0	-	985	os
SH_11_0_911_20260905T024606.m	11	s	911	0	-	987	os
SH_11_0_1561_20260905T024614.m	11	s	1561	0	-	989	os
SH_11_0_1561_20260905T024625.m	11	s	1561	0	-	991	os
SH_11_0_1561_20260905T024702.m	11	s	1561	0	-	998	os
SH_11_0_1457_20260905T024728.m	11	s	1457	0	-	1003	os
SH_11_0_1457_20260905T024744.m	11	s	1457	0	-	1006	os
SH_11_0_1561_20260905T024759.m	11	s	1561	0	-	1009	os
SH_11_0_1561_20260905T024811.m	11	s	1561	0	-	1011	os
SH_11_0_1561_20260905T024841.m	11	s	1561	0	-	1017	os
SH_11_0_1457_20260905T024900.m	11	s	1457	0	-	1021	os
SH_11_0_1561_20260905T024936.m	11	s	1561	0	-	1028	os
SH_11_0_319_20260905T025016.m	11	s	319	0	-	1036	os
SH_11_0_1561_20260905T025037.m	11	s	1561	0	-	1040	os
SH_11_0_1457_20260905T025043.m	11	s	1457	0	-	1041	os
SH_11_0_1457_20260905T025054.m	11	s	1457	0	-	1043	os
SH_11_0_1561_20260905T025105.m	11	s	1561	0	-	1045	os
SH_11_0_1561_20260905T025118.m	11	s	1561	0	-	1048	os
SH_11_0_1561_20260905T025123.m	11	s	1561	0	-	1049	os
SH_11_0_1457_20260905T025134.m	11	s	1457	0	-	1051	os
SH_11_0_745_20260905T025138.m	11	s	745	0	-	1052	os
SH_11_0_1561_20260905T025156.m	11	s	1561	0	-	1056	os
SH_11_0_1561_20260905T025222.m	11	s	1561	0	-	1061	os
SH_11_0_323_20260905T025358.m	11	s	323	0	-	1080	os
SH_11_0_1561_20260905T025432.m	11	s	1561	0	-	1087	os
SH_11_0_1561_20260905T025436.m	11	s	1561	0	-	1088	os
SH_11_0_1561_20260905T025456.m	11	s	1561	0	-	1092	os
SH_11_0_191_20260905T025516.m	11	s	191	0	-	1096	os
SH_11_0_1561_20260905T025521.m	11	s	1561	0	-	1097	os
SH_11_0_1457_20260905T025542.m	11	s	1457	0	-	1101	os
SH_11_0_911_20260905T025547.m	11	s	911	0	-	1102	os
SH_11_0_1561_20260905T025600.m	11	s	1561	0	-	1105	os
SH_11_0_1561_20260905T025631.m	11	s	1561	0	-	1111	os
SH_11_0_1457_20260905T025646.m	11	s	1457	0	-	1114	os
SH_11_0_1561_20260905T025650.m	11	s	1561	0	-	1115	os
SH_11_0_1457_20260905T025709.m	11	s	1457	0	-	1119	os
SH_11_0_1561_20260905T025724.m	11	s	1561	0	-	1122	os
SH_11_0_1561_20260905T025854.m	11	s	1561	0	-	1139	os
SH_11_0_1561_20260905T025905.m	11	s	1561	0	-	1141	os
SH_11_0_1561_20260905T025930.m	11	s	1561	0	-	1146	os
SH_11_0_1457_20260905T025935.m	11	s	1457	0	-	1147	os
SH_11_0_1561_20260905T025951.m	11	s	1561	0	-	1150	os
SH_11_0_1561_20260905T025957.m	11	s	1561	0	-	1151	os
SH_11_0_1457_20260905T030003.m	11	s	1457	0	-	1152	os
SH_11_0_1561_20260905T030007.m	11	s	1561	0	-	1153	os
SH_11_0_1561_20260905T030022.m	11	s	1561	0	-	1156	os
SH_11_0_1561_20260905T030043.m	11	s	1561	0	-	1160	os
SH_11_0_1561_20260905T030048.m	11	s	1561	0	-	1161	os
SH_11_0_1457_20260905T030120.m	11	s	1457	0	-	1167	os
SH_11_0_1561_20260905T030124.m	11	s	1561	0	-	1168	os
SH_11_0_713_20260905T030139.m	11	s	713	0	-	1171	os
SH_11_0_1561_20260905T030155.m	11	s	1561	0	-	1174	os
SH_11_0_1561_20260905T030158.m	11	s	1561	0	-	1175	os
SH_11_0_1561_20260905T030202.m	11	s	1561	0	-	1176	os
SH_11_0_1457_20260905T030211.m	11	s	1457	0	-	1178	os
SH_11_0_1561_20260905T030215.m	11	s	1561	0	-	1179	os
SH_11_0_1561_20260905T030234.m	11	s	1561	0	-	1183	os
SH_11_0_1457_20260905T030304.m	11	s	1457	0	-	1189	os
SH_11_0_911_20260905T030318.m	11	s	911	0	-	1192	os
SH_11_0_1457_20260905T030354.m	11	s	1457	0	-	1199	os
SH_11_0_1561_20260905T030432.m	11	s	1561	0	-	1206	os
SH_11_0_1561_20260905T030447.m	11	s	1561	0	-	1209	os
SH_11_0_1457_20260905T030557.m	11	s	1457	0	-	1223	os
SH_11_0_1561_20260905T030608.m	11	s	1561	0	-	1225	os
SH_11_0_1561_20260905T030613.m	11	s	1561	0	-	1226	os
SH_11_0_1457_20260905T030649.m	11	s	1457	0	-	1233	os
SH_11_0_1561_20260905T030728.m	11	s	1561	0	-	1241	os
SH_11_0_1561_20260905T030733.m	11	s	1561	0	-	1242	os
SH_11_0_1561_20260905T030739.m	11	s	1561	0	-	1243	os
SH_11_0_1561_20260905T030744.m	11	s	1561	0	-	1244	os
SH_11_0_1561_20260905T030921.m	11	s	1561	0	-	1263	os
SH_11_0_1457_20260905T030957.m	11	s	1457	0	-	1269	os
SH_11_0_807_20260905T031003.m	11	s	807	0	-	1270	os
SH_11_0_1457_20260905T031018.m	11	s	1457	0	-	1273	os
SH_11_0_1561_20260905T031031.m	11	s	1561	0	-	1276	os
SH_11_0_751_20260905T031108.m	11	s	751	0	-	1283	os
SH_11_0_1455_20260905T031134.m	11	s	1455	0	-	1288	os
SH_11_0_1561_20260905T031150.m	11	s	1561	0	-	1291	os
SH_11_0_1561_20260905T031159.m	11	s	1561	0	-	1293	os
SH_11_0_1561_20260905T031203.m	11	s	1561	0	-	1294	os
SH_11_0_1457_20260905T031343.m	11	s	1457	0	-	1313	os
SH_11_0_1561_20260905T031352.m	11	s	1561	0	-	1315	os
SH_11_0_1561_20260905T031419.m	11	s	1561	0	-	1321	os
SH_11_0_1561_20260905T031440.m	11	s	1561	0	-	1325	os
SH_11_0_1457_20260905T031516.m	11	s	1457	0	-	1333	os
SH_11_0_1457_20260905T031527.m	11	s	1457	0	-	1335	os
SH_11_0_1457_20260905T031615.m	11	s	1457	0	-	1345	os
SH_11_0_1561_20260905T031639.m	11	s	1561	0	-	1350	os
SH_11_0_1561_20260905T031643.m	11	s	1561	0	-	1351	os
SH_11_0_1561_20260905T031708.m	11	s	1561	0	-	1356	os
SH_11_0_1561_20260905T031726.m	11	s	1561	0	-	1360	os
SH_11_0_1457_20260905T031807.m	11	s	1457	0	-	1368	os
SH_11_0_1561_20260905T031822.m	11	s	1561	0	-	1371	os
SH_11_0_745_20260905T031827.m	11	s	745	0	-	1372	os
SH_11_0_751_20260905T031842.m	11	s	751	0	-	1375	os
SH_11_0_1561_20260905T032044.m	11	s	1561	0	-	1399	os
SH_11_0_1561_20260905T032055.m	11	s	1561	0	-	1401	os
SH_11_0_1561_20260905T032100.m	11	s	1561	0	-	1402	os
SH_11_0_1457_20260905T032128.m	11	s	1457	0	-	1407	os
SH_11_0_1561_20260905T032202.m	11	s	1561	0	-	1414	os
SH_11_0_1561_20260905T032217.m	11	s	1561	0	-	1417	os
SH_11_0_1561_20260905T032231.m	11	s	1561	0	-	1420	os
SH_11_0_1457_20260905T032236.m	11	s	1457	0	-	1421	os
SH_11_0_1457_20260905T032308.m	11	s	1457	0	-	1428	os
SH_11_0_1457_20260905T032410.m	11	s	1457	0	-	1440	os
SH_11_0_1561_20260905T032445.m	11	s	1561	0	-	1447	os
SH_11_0_1561_20260905T032514.m	11	s	1561	0	-	1453	os
SH_11_0_1561_20260905T032519.m	11	s	1561	0	-	1454	os
SH_11_0_1561_20260905T032540.m	11	s	1561	0	-	1458	os
SH_11_0_1561_20260905T032551.m	11	s	1561	0	-	1460	os
SH_11_0_1457_20260905T032639.m	11	s	1457	0	-	1469	os
SH_11_0_1561_20260905T032729.m	11	s	1561	0	-	1479	os
SH_11_0_1561_20260905T032812.m	11	s	1561	0	-	1487	os
SH_11_0_1457_20260905T032826.m	11	s	1457	0	-	1490	os
SH_11_0_1561_20260905T032904.m	11	s	1561	0	-	1498	os
SH_11_0_1457_20260905T032924.m	11	s	1457	0	-	1502	os
SH_11_0_1457_20260905T033016.m	11	s	1457	0	-	1513	os
SH_11_0_1561_20260905T033028.m	11	s	1561	0	-	1515	os
SH_11_0_1561_20260905T033034.m	11	s	1561	0	-	1516	os
SH_11_0_751_20260905T033158.m	11	s	751	0	-	1533	os
SH_11_0_1561_20260905T033242.m	11	s	1561	0	-	1542	os
SH_11_0_1457_20260905T033259.m	11	s	1457	0	-	1545	os
SH_11_0_1561_20260905T033308.m	11	s	1561	0	-	1547	os
SH_11_0_1561_20260905T033319.m	11	s	1561	0	-	1549	os
SH_11_0_1561_20260905T033330.m	11	s	1561	0	-	1551	os
SH_11_0_1561_20260905T033356.m	11	s	1561	0	-	1556	os
SH_11_0_1457_20260905T033456.m	11	s	1457	0	-	1567	os
SH_11_0_1457_20260905T033506.m	11	s	1457	0	-	1569	os
SH_11_0_1457_20260905T033511.m	11	s	1457	0	-	1570	os
SH_11_0_1561_20260905T033520.m	11	s	1561	0	-	1572	os
SH_11_0_191_20260905T033525.m	11	s	191	0	-	1573	os
SH_11_0_745_20260905T033551.m	11	s	745	0	-	1578	os
SH_11_0_319_20260905T033605.m	11	s	319	0	-	1581	os
SH_11_0_1561_20260905T033610.m	11	s	1561	0	-	1582	os
SH_11_0_1561_20260905T033655.m	11	s	1561	0	-	1591	os
SH_11_0_499_20260905T033706.m	11	s	499	0	-	1593	os
SH_11_0_911_20260905T033712.m	11	s	911	0	-	1594	os
SH_11_0_1561_20260905T033717.m	11	s	1561	0	-	1595	os
SH_11_0_1457_20260905T033749.m	11	s	1457	0	-	1602	os
SH_11_0_1457_20260905T033837.m	11	s	1457	0	-	1612	os
SH_11_0_319_20260905T033842.m	11	s	319	0	-	1613	os
SH_11_0_1457_20260905T033906.m	11	s	1457	0	-	1618	os
SH_11_0_323_20260905T033930.m	11	s	323	0	-	1623	os
SH_11_0_1455_20260905T033956.m	11	s	1455	0	-	1628	os
SH_11_0_1561_20260905T034025.m	11	s	1561	0	-	1634	os
SH_11_0_3079_20260905T034230.m	11	s	3079	0	-	1658	os
SH_11_0_1561_20260905T034251.m	11	s	1561	0	-	1662	os
SH_11_0_1561_20260905T034310.m	11	s	1561	0	-	1666	os
SH_11_0_1457_20260905T034320.m	11	s	1457	0	-	1668	os
SH_11_0_1457_20260905T034335.m	11	s	1457	0	-	1671	os
SH_11_0_1561_20260905T034408.m	11	s	1561	0	-	1677	os
SH_11_0_1457_20260905T034507.m	11	s	1457	0	-	1689	os
SH_11_0_1561_20260905T034544.m	11	s	1561	0	-	1696	os
SH_11_0_1561_20260905T034609.m	11	s	1561	0	-	1701	os
SH_11_0_1561_20260905T034624.m	11	s	1561	0	-	1704	os
SH_11_0_1561_20260905T034648.m	11	s	1561	0	-	1709	os
SH_11_0_1561_20260905T034755.m	11	s	1561	0	-	1722	os
SH_11_0_1561_20260905T034832.m	11	s	1561	0	-	1729	os
SH_11_0_1457_20260905T034924.m	11	s	1457	0	-	1739	os
SH_11_0_1561_20260905T034938.m	11	s	1561	0	-	1742	os
SH_11_0_1561_20260905T034947.m	11	s	1561	0	-	1744	os
SH_11_0_751_20260905T035007.m	11	s	751	0	-	1748	os
SH_11_0_1561_20260905T035032.m	11	s	1561	0	-	1753	os
SH_11_0_1561_20260905T035048.m	11	s	1561	0	-	1756	os
SH_11_0_1561_20260905T035101.m	11	s	1561	0	-	1758	os
SH_11_0_1561_20260905T035120.m	11	s	1561	0	-	1762	os
SH_11_0_1561_20260905T035236.m	11	s	1561	0	-	1777	os
SH_11_0_1457_20260905T035321.m	11	s	1457	0	-	1786	os
SH_11_0_1561_20260905T035329.m	11	s	1561	0	-	1788	os
SH_11_0_1561_20260905T035348.m	11	s	1561	0	-	1791	os
SH_11_0_1457_20260905T035357.m	11	s	1457	0	-	1793	os
SH_11_0_745_20260905T035411.m	11	s	745	0	-	1796	os
SH_11_0_1561_20260905T035417.m	11	s	1561	0	-	1797	os
SH_11_0_1561_20260905T035443.m	11	s	1561	0	-	1802	os
SH_11_0_1561_20260905T035507.m	11	s	1561	0	-	1807	os
SH_11_0_1457_20260905T035512.m	11	s	1457	0	-	1808	os
SH_11_0_1457_20260905T035521.m	11	s	1457	0	-	1810	os
SH_11_0_1457_20260905T035526.m	11	s	1457	0	-	1811	os
SH_11_0_1561_20260905T035555.m	11	s	1561	0	-	1817	os
SH_11_0_1561_20260905T035651.m	11	s	1561	0	-	1829	os
SH_11_0_745_20260905T035659.m	11	s	745	0	-	1831	os
SH_11_0_1457_20260905T035731.m	11	s	1457	0	-	1837	os
SH_11_0_1561_20260905T035737.m	11	s	1561	0	-	1838	os
SH_11_0_1561_20260905T035925.m	11	s	1561	0	-	1859	os
SH_11_0_1457_20260905T035945.m	11	s	1457	0	-	1863	os
SH_11_0_1561_20260905T040027.m	11	s	1561	0	-	1871	os
SH_11_0_1457_20260905T040125.m	11	s	1457	0	-	1882	os
SH_11_0_751_20260905T040202.m	11	s	751	0	-	1890	os
SH_11_0_1561_20260905T040223.m	11	s	1561	0	-	1894	os
SH_11_0_1457_20260905T040315.m	11	s	1457	0	-	1905	os
SH_11_0_751_20260905T040319.m	11	s	751	0	-	1906	os
SH_11_0_1457_20260905T040401.m	11	s	1457	0	-	1915	os
SH_11_0_1561_20260905T040428.m	11	s	1561	0	-	1921	os
SH_11_0_1561_20260905T040433.m	11	s	1561	0	-	1922	os
SH_11_0_1561_20260905T040519.m	11	s	1561	0	-	1931	os
SH_11_0_1457_20260905T040533.m	11	s	1457	0	-	1934	os
SH_11_0_1561_20260905T040543.m	11	s	1561	0	-	1936	os
SH_11_0_1457_20260905T040557.m	11	s	1457	0	-	1939	os
SH_11_0_425_20260905T040649.m	11	s	425	0	-	1949	os
SH_11_0_1561_20260905T040710.m	11	s	1561	0	-	1953	os
SH_11_0_751_20260905T040734.m	11	s	751	0	-	1958	os
SH_11_0_1561_20260905T040740.m	11	s	1561	0	-	1959	os
SH_11_0_1561_20260905T040817.m	11	s	1561	0	-	1966	os
SH_11_0_1561_20260905T040828.m	11	s	1561	0	-	1968	os
SH_11_0_745_20260905T040849.m	11	s	745	0	-	1972	os
SH_11_0_1561_20260905T041015.m	11	s	1561	0	-	1989	os
SH_11_0_1455_20260905T041034.m	11	s	1455	0	-	1993	os
SH_11_0_1561_20260905T041049.m	11	s	1561	0	-	1996	os
SH_11_0_1561_20260905T041153.m	11	s	1561	0	-	2008	os
SH_11_0_1561_20260905T041203.m	11	s	1561	0	-	2010	os
SH_11_0_1561_20260905T041308.m	11	s	1561	0	-	2023	os
SH_11_0_425_20260905T041347.m	11	s	425	0	-	2031	os
SH_11_0_1561_20260905T041352.m	11	s	1561	0	-	2032	os
SH_11_0_1561_20260905T041401.m	11	s	1561	0	-	2034	os
SH_11_0_3079_20260905T041412.m	11	s	3079	0	-	2036	os
SH_11_0_1561_20260905T041508.m	11	s	1561	0	-	2047	os
SH_11_0_1561_20260905T041518.m	11	s	1561	0	-	2049	os
SH_11_0_1561_20260905T041601.m	11	s	1561	0	-	2058	os
SH_11_0_1561_20260905T041612.m	11	s	1561	0	-	2060	os
SH_11_0_1561_20260905T041627.m	11	s	1561	0	-	2063	os
SH_11_0_1457_20260905T041632.m	11	s	1457	0	-	2064	os
SH_11_0_1561_20260905T041642.m	11	s	1561	0	-	2066	os
SH_11_0_1561_20260905T041647.m	11	s	1561	0	-	2067	os
SH_11_0_1561_20260905T041708.m	11	s	1561	0	-	2071	os
SH_11_0_1457_20260905T041737.m	11	s	1457	0	-	2077	os
SH_11_0_1457_20260905T041753.m	11	s	1457	0	-	2080	os
SH_11_0_1457_20260905T041757.m	11	s	1457	0	-	2081	os
SH_11_0_1457_20260905T041816.m	11	s	1457	0	-	2085	os
SH_11_0_1561_20260905T041916.m	11	s	1561	0	-	2098	os
SH_11_0_1561_20260905T041925.m	11	s	1561	0	-	2100	os
SH_11_0_1457_20260905T041929.m	11	s	1457	0	-	2101	os
SH_11_0_745_20260905T041949.m	11	s	745	0	-	2105	os
SH_11_0_1561_20260905T042021.m	11	s	1561	0	-	2112	os
SH_11_0_911_20260905T042049.m	11	s	911	0	-	2117	os
SH_11_0_1457_20260905T042109.m	11	s	1457	0	-	2121	os
SH_11_0_1561_20260905T042114.m	11	s	1561	0	-	2122	os
SH_11_0_1561_20260905T042137.m	11	s	1561	0	-	2126	os
SH_11_0_425_20260905T042156.m	11	s	425	0	-	2130	os
SH_11_0_1561_20260905T042205.m	11	s	1561	0	-	2132	os
SH_11_0_1455_20260905T042210.m	11	s	1455	0	-	2133	os
SH_11_0_1561_20260905T042217.m	11	s	1561	0	-	2135	os
SH_11_0_1457_20260905T042300.m	11	s	1457	0	-	2144	os
SH_11_0_1457_20260905T042318.m	11	s	1457	0	-	2147	os
SH_11_0_1561_20260905T042347.m	11	s	1561	0	-	2153	os
SH_11_0_751_20260905T042414.m	11	s	751	0	-	2158	os
SH_11_0_1561_20260905T042420.m	11	s	1561	0	-	2159	os
SH_11_0_1561_20260905T042445.m	11	s	1561	0	-	2164	os
SH_11_0_1457_20260905T042454.m	11	s	1457	0	-	2166	os
SH_11_0_1561_20260905T042544.m	11	s	1561	0	-	2175	os
SH_11_0_1561_20260905T042548.m	11	s	1561	0	-	2176	os
SH_11_0_1457_20260905T042557.m	11	s	1457	0	-	2178	os
SH_11_0_1457_20260905T042603.m	11	s	1457	0	-	2179	os
SH_11_0_1561_20260905T042623.m	11	s	1561	0	-	2183	os
SH_11_0_3079_20260905T042646.m	11	s	3079	0	-	2187	os
SH_11_0_1561_20260905T042712.m	11	s	1561	0	-	2192	os
SH_11_0_1561_20260905T042856.m	11	s	1561	0	-	2212	os
SH_11_0_1457_20260905T042947.m	11	s	1457	0	-	2222	os
SH_11_0_1561_20260905T043039.m	11	s	1561	0	-	2232	os
SH_11_0_751_20260905T043052.m	11	s	751	0	-	2235	os
SH_11_0_1561_20260905T043107.m	11	s	1561	0	-	2238	os
SH_11_0_1561_20260905T043218.m	11	s	1561	0	-	2252	os
SH_11_0_1457_20260905T043229.m	11	s	1457	0	-	2254	os
SH_11_0_1561_20260905T043324.m	11	s	1561	0	-	2265	os
SH_11_0_1561_20260905T043330.m	11	s	1561	0	-	2266	os
SH_11_0_1457_20260905T043422.m	11	s	1457	0	-	2277	os
SH_11_0_1561_20260905T043435.m	11	s	1561	0	-	2280	os
SH_11_0_1561_20260905T043522.m	11	s	1561	0	-	2289	os
SH_11_0_745_20260905T043551.m	11	s	745	0	-	2295	os
SH_11_0_3079_20260905T043602.m	11	s	3079	0	-	2297	os
SH_11_0_807_20260905T043608.m	11	s	807	0	-	2298	os
SH_11_0_1457_20260905T043624.m	11	s	1457	0	-	2301	os
SH_11_0_1457_20260905T043711.m	11	s	1457	0	-	2310	os
SH_11_0_1561_20260905T043732.m	11	s	1561	0	-	2314	os
SH_11_0_1561_20260905T043737.m	11	s	1561	0	-	2315	os
SH_11_0_1457_20260905T043750.m	11	s	1457	0	-	2318	os
SH_11_0_1561_20260905T043820.m	11	s	1561	0	-	2324	os
SH_11_0_1561_20260905T043855.m	11	s	1561	0	-	2331	os
SH_11_0_1561_20260905T043938.m	11	s	1561	0	-	2340	os
SH_11_0_1457_20260905T044005.m	11	s	1457	0	-	2345	os
SH_11_0_1561_20260905T044014.m	11	s	1561	0	-	2347	os
SH_11_0_1561_20260905T044044.m	11	s	1561	0	-	2353	os
SH_11_0_1457_20260905T044058.m	11	s	1457	0	-	2356	os
SH_11_0_1561_20260905T044113.m	11	s	1561	0	-	2359	os
SH_11_0_1457_20260905T044139.m	11	s	1457	0	-	2364	os
SH_11_0_1561_20260905T044204.m	11	s	1561	0	-	2369	os
SH_11_0_1561_20260905T044219.m	11	s	1561	0	-	2372	os
SH_11_0_425_20260905T044239.m	11	s	425	0	-	2376	os
SH_11_0_1561_20260905T044254.m	11	s	1561	0	-	2379	os
SH_11_0_1561_20260905T044311.m	11	s	1561	0	-	2382	os
SH_11_0_745_20260905T044329.m	11	s	745	0	-	2386	os
SH_11_0_1561_20260905T044405.m	11	s	1561	0	-	2393	os
SH_11_0_1457_20260905T044441.m	11	s	1457	0	-	2400	os
SH_11_0_1561_20260905T044456.m	11	s	1561	0	-	2403	os
SH_11_0_425_20260905T044556.m	11	s	425	0	-	2414	os
SH_11_0_1561_20260905T044602.m	11	s	1561	0	-	2415	os
SH_11_0_1457_20260905T044630.m	11	s	1457	0	-	2421	os
SH_11_0_1561_20260905T044651.m	11	s	1561	0	-	2425	os
SH_11_0_1561_20260905T044656.m	11	s	1561	0	-	2426	os
SH_11_0_1457_20260905T044725.m	11	s	1457	0	-	2432	os
SH_11_0_1561_20260905T044752.m	11	s	1561	0	-	2437	os
SH_11_0_1457_20260905T044807.m	11	s	1457	0	-	2440	os
SH_11_0_911_20260905T044817.m	11	s	911	0	-	2442	os
SH_11_0_1561_20260905T044833.m	11	s	1561	0	-	2445	os
SH_11_0_1457_20260905T044839.m	11	s	1457	0	-	2446	os
SH_11_0_1561_20260905T044949.m	11	s	1561	0	-	2459	os
SH_11_0_1561_20260905T044955.m	11	s	1561	0	-	2460	os
SH_11_0_1457_20260905T045002.m	11	s	1457	0	-	2461	os
SH_11_0_911_20260905T045121.m	11	s	911	0	-	2477	os
SH_11_0_1561_20260905T045140.m	11	s	1561	0	-	2481	os
SH_11_0_1457_20260905T045216.m	11	s	1457	0	-	2488	os
SH_11_0_1457_20260905T045237.m	11	s	1457	0	-	2492	os
SH_11_0_1455_20260905T045241.m	11	s	1455	0	-	2493	os
SH_11_0_1561_20260905T045246.m	11	s	1561	0	-	2494	os
SH_11_0_1561_20260905T045301.m	11	s	1561	0	-	2497	os
SH_11_0_911_20260905T045350.m	11	s	911	0	-	2506	os
SH_11_0_751_20260905T045426.m	11	s	751	0	-	2513	os
SH_11_0_1561_20260905T045451.m	11	s	1561	0	-	2518	os
SH_11_0_1457_20260905T045456.m	11	s	1457	0	-	2519	os
SH_11_0_1561_20260905T045522.m	11	s	1561	0	-	2524	os
SH_11_0_1561_20260905T045528.m	11	s	1561	0	-	2525	os
SH_11_0_1561_20260905T045536.m	11	s	1561	0	-	2527	os
SH_11_0_319_20260905T045618.m	11	s	319	0	-	2536	os
SH_11_0_1561_20260905T045637.m	11	s	1561	0	-	2540	os
SH_11_0_1457_20260905T045704.m	11	s	1457	0	-	2545	os
SH_11_0_1561_20260905T045815.m	11	s	1561	0	-	2559	os
SH_11_0_1457_20260905T050027.m	11	s	1457	0	-	2584	os
SH_11_0_1561_20260905T050044.m	11	s	1561	0	-	2587	os
SH_11_0_1561_20260905T050055.m	11	s	1561	0	-	2589	os
SH_11_0_1561_20260905T050059.m	11	s	1561	0	-	2590	os
SH_11_0_1561_20260905T050110.m	11	s	1561	0	-	2592	os
SH_11_0_713_20260905T050115.m	11	s	713	0	-	2593	os
SH_11_0_1561_20260905T050131.m	11	s	1561	0	-	2596	os
SH_11_0_319_20260905T050147.m	11	s	319	0	-	2599	os
SH_11_0_1561_20260905T050158.m	11	s	1561	0	-	2601	os
SH_11_0_1561_20260905T050218.m	11	s	1561	0	-	2605	os
SH_11_0_319_20260905T050239.m	11	s	319	0	-	2609	os
SH_11_0_1561_20260905T050253.m	11	s	1561	0	-	2612	os
SH_11_0_1561_20260905T050313.m	11	s	1561	0	-	2616	os
SH_11_0_1561_20260905T050319.m	11	s	1561	0	-	2617	os
SH_11_0_1457_20260905T050333.m	11	s	1457	0	-	2620	os
SH_11_0_1457_20260905T050356.m	11	s	1457	0	-	2625	os
SH_11_0_1561_20260905T050416.m	11	s	1561	0	-	2629	os
SH_11_0_1561_20260905T050429.m	11	s	1561	0	-	2632	os
SH_11_0_1561_20260905T050447.m	11	s	1561	0	-	2635	os
SH_11_0_1457_20260905T050515.m	11	s	1457	0	-	2641	os
SH_11_0_1457_20260905T050524.m	11	s	1457	0	-	2643	os
SH_11_0_1561_20260905T050553.m	11	s	1561	0	-	2649	os
SH_11_0_1561_20260905T050608.m	11	s	1561	0	-	2652	os
SH_11_0_1561_20260905T050711.m	11	s	1561	0	-	2665	os
SH_11_0_1457_20260905T050732.m	11	s	1457	0	-	2669	os
SH_11_0_1457_20260905T050819.m	11	s	1457	0	-	2679	os
SH_11_0_1561_20260905T050824.m	11	s	1561	0	-	2680	os
SH_11_0_1561_20260905T050840.m	11	s	1561	0	-	2683	os
SH_11_0_1561_20260905T050858.m	11	s	1561	0	-	2687	os
SH_11_0_3079_20260905T050940.m	11	s	3079	0	-	2695	os
SH_11_0_1457_20260905T050955.m	11	s	1457	0	-	2698	os
SH_11_0_1561_20260905T051044.m	11	s	1561	0	-	2708	os
SH_11_0_1561_20260905T051114.m	11	s	1561	0	-	2714	os
SH_11_0_425_20260905T051144.m	11	s	425	0	-	2720	os
SH_11_0_1457_20260905T051209.m	11	s	1457	0	-	2725	os
SH_11_0_745_20260905T051219.m	11	s	745	0	-	2727	os
SH_11_0_1561_20260905T051234.m	11	s	1561	0	-	2730	os
SH_11_0_1457_20260905T051313.m	11	s	1457	0	-	2738	os
SH_11_0_1561_20260905T051323.m	11	s	1561	0	-	2740	os
SH_11_0_1561_20260905T051332.m	11	s	1561	0	-	2742	os
SH_11_0_1561_20260905T051343.m	11	s	1561	0	-	2744	os
SH_11_0_1561_20260905T051353.m	11	s	1561	0	-	2746	os
SH_11_0_1561_20260905T051404.m	11	s	1561	0	-	2748	os
SH_11_0_1561_20260905T051447.m	11	s	1561	0	-	2757	os
SH_11_0_1457_20260905T051454.m	11	s	1457	0	-	2758	os
SH_11_0_1561_20260905T051458.m	11	s	1561	0	-	2759	os
SH_11_0_713_20260905T051508.m	11	s	713	0	-	2761	os
SH_11_0_1561_20260905T051514.m	11	s	1561	0	-	2762	os
SH_11_0_3079_20260905T051519.m	11	s	3079	0	-	2763	os
SH_11_0_1561_20260905T051619.m	11	s	1561	0	-	2775	os
SH_11_0_1561_20260905T051623.m	11	s	1561	0	-	2776	os
SH_11_0_1561_20260905T051628.m	11	s	1561	0	-	2777	os
SH_11_0_319_20260905T051639.m	11	s	319	0	-	2779	os
SH_11_0_1561_20260905T051656.m	11	s	1561	0	-	2782	os
SH_11_0_1457_20260905T051700.m	11	s	1457	0	-	2783	os
SH_11_0_1561_20260905T051706.m	11	s	1561	0	-	2784	os
SH_11_0_323_20260905T051722.m	11	s	323	0	-	2787	os
SH_11_0_1561_20260905T051747.m	11	s	1561	0	-	2792	os
SH_11_0_1561_20260905T051843.m	11	s	1561	0	-	2803	os
SH_11_0_1457_20260905T051850.m	11	s	1457	0	-	2804	os
SH_11_0_1561_20260905T051919.m	11	s	1561	0	-	2810	os
SH_11_0_425_20260905T051925.m	11	s	425	0	-	2811	os
SH_11_0_1561_20260905T051940.m	11	s	1561	0	-	2814	os
SH_11_0_1561_20260905T051948.m	11	s	1561	0	-	2816	os
SH_11_0_1457_20260905T052033.m	11	s	1457	0	-	2825	os
SH_11_0_1457_20260905T052049.m	11	s	1457	0	-	2828	os
SH_11_0_1561_20260905T052059.m	11	s	1561	0	-	2830	os
SH_11_0_1561_20260905T052125.m	11	s	1561	0	-	2835	os
SH_11_0_1561_20260905T091611.m	11	s	1561	0	-	2844	os
SH_11_0_745_20260905T091644.m	11	s	745	0	-	2851	os
SH_11_0_1561_20260905T091710.m	11	s	1561	0	-	2856	os
SH_11_0_1457_20260905T091715.m	11	s	1457	0	-	2857	os
SH_11_0_1457_20260905T091720.m	11	s	1457	0	-	2858	os
SH_11_0_1561_20260905T091733.m	11	s	1561	0	-	2861	os
SH_11_0_1457_20260905T091742.m	11	s	1457	0	-	2863	os
SH_11_0_1457_20260905T091755.m	11	s	1457	0	-	2866	os
SH_11_0_1561_20260905T091808.m	11	s	1561	0	-	2869	os
SH_11_0_1561_20260905T091832.m	11	s	1561	0	-	2874	os
SH_11_0_1561_20260905T091841.m	11	s	1561	0	-	2876	os
SH_11_0_1561_20260905T091922.m	11	s	1561	0	-	2885	os
SH_11_0_1561_20260905T091931.m	11	s	1561	0	-	2887	os
SH_11_0_1561_20260905T091950.m	11	s	1561	0	-	2891	os
SH_11_0_1561_20260905T092012.m	11	s	1561	0	-	2896	os
SH_11_0_1561_20260905T092056.m	11	s	1561	0	-	2905	os
SH_11_0_1561_20260905T092101.m	11	s	1561	0	-	2906	os
SH_11_0_1561_20260905T092110.m	11	s	1561	0	-	2908	os
SH_11_0_1561_20260905T092216.m	11	s	1561	0	-	2921	os
SH_11_0_1561_20260905T092227.m	11	s	1561	0	-	2923	os
SH_11_0_1457_20260905T092310.m	11	s	1457	0	-	2932	os
SH_11_0_1561_20260905T092347.m	11	s	1561	0	-	2940	os
SH_11_0_1561_20260905T092421.m	11	s	1561	0	-	2947	os
SH_11_0_1561_20260905T092426.m	11	s	1561	0	-	2948	os
SH_11_0_319_20260905T092431.m	11	s	319	0	-	2949	os
SH_11_0_1457_20260905T092522.m	11	s	1457	0	-	2960	os
SH_11_0_1561_20260905T092527.m	11	s	1561	0	-	2961	os
SH_11_0_1457_20260905T092545.m	11	s	1457	0	-	2965	os
SH_11_0_1561_20260905T092555.m	11	s	1561	0	-	2967	os
SH_11_0_911_20260905T092603.m	11	s	911	0	-	2969	os
SH_11_0_1457_20260905T093203.m	11	s	1457	0	-	14	os
SH_11_0_361_20260905T093237.m	11	s	361	0	-	21	os
SH_11_0_1455_20260905T093315.m	11	s	1455	0	-	28	os
SH_11_0_1561_20260905T093321.m	11	s	1561	0	-	29	os
SH_11_0_1561_20260905T093346.m	11	s	1561	0	-	34	os
SH_11_0_1561_20260905T093502.m	11	s	1561	0	-	49	os
SH_11_0_1457_20260905T093507.m	11	s	1457	0	-	50	os
SH_11_0_1561_20260905T093515.m	11	s	1561	0	-	52	os
SH_11_0_1561_20260905T094023.m	11	s	1561	0	-	61	os
SH_11_0_1561_20260905T094255.m	11	s	1561	0	-	92	os
SH_11_0_1561_20260905T094303.m	11	s	1561	0	-	94	os
SH_11_0_323_20260905T094309.m	11	s	323	0	-	95	os
SH_11_0_745_20260905T094319.m	11	s	745	0	-	97	os
SH_11_0_1561_20260905T094329.m	11	s	1561	0	-	99	os
SH_11_0_1561_20260905T094333.m	11	s	1561	0	-	100	os
SH_11_0_319_20260905T094512.m	11	s	319	0	-	6	os
SH_11_0_319_20260905T103632.m	11	s	319	0	-	598	os
SH_11_0_323_20260905T103925.m	11	s	323	0	-	632	os
HH_12_5_1902_20260908T102003.m	12	h	1902	5	-	1	os
HH_12_5_1902_20260908T102018.m	12	h	1902	5	-	2	os
HH_12_9_622_20260908T102025.m	12	h	622	9	-	3	os
HH_12_9_622_20260908T102110.m	12	h	622	9	-	4	os
HH_12_5_1902_20260908T102123.m	12	h	1902	5	-	5	os
HH_12_9_622_20260908T102130.m	12	h	622	9	-	6	os
HH_12_5_1902_20260908T102137.m	12	h	1902	5	-	7	os
HH_12_5_1902_20260908T102151.m	12	h	1902	5	-	8	os
HH_12_5_1902_20260908T102205.m	12	h	1902	5	-	9	os
HH_12_5_1902_20260908T102222.m	12	h	1902	5	-	10	os
HH_12_5_1902_20260908T102230.m	12	h	1902	5	-	11	os
HH_12_7_502_20260908T102237.m	12	h	502	7	-	12	os
HH_12_9_622_20260908T102257.m	12	h	622	9	-	13	os
HH_12_5_1902_20260908T102312.m	12	h	1902	5	-	14	os
HH_12_9_622_20260908T102319.m	12	h	622	9	-	15	os
HH_12_9_622_20260908T102325.m	12	h	622	9	-	16	os
HH_12_5_1902_20260908T102332.m	12	h	1902	5	-	17	os
HH_12_9_622_20260908T102346.m	12	h	622	9	-	18	os
HH_12_5_1902_20260908T102352.m	12	h	1902	5	-	19	os
HH_12_5_1902_20260908T102416.m	12	h	1902	5	-	20	os
HH_12_9_314_20260908T102423.m	12	h	314	9	-	21	os
HH_12_5_1902_20260908T102444.m	12	h	1902	5	-	22	os
HH_12_5_1902_20260908T102456.m	12	h	1902	5	-	23	os
HH_12_9_622_20260908T102510.m	12	h	622	9	-	24	os
HH_12_5_1902_20260908T102518.m	12	h	1902	5	-	25	os
HH_12_5_1902_20260908T102525.m	12	h	1902	5	-	26	os
HH_12_5_1902_20260908T102539.m	12	h	1902	5	-	27	os
HH_12_5_1902_20260908T102546.m	12	h	1902	5	-	28	os
HH_12_9_622_20260908T102636.m	12	h	622	9	-	29	os
HH_12_5_1902_20260908T102651.m	12	h	1902	5	-	30	os
HH_12_5_1902_20260908T102725.m	12	h	1902	5	-	31	os
HH_12_5_1902_20260908T102732.m	12	h	1902	5	-	32	os
HH_12_5_1902_20260908T102740.m	12	h	1902	5	-	33	os
HH_12_5_1902_20260908T102747.m	12	h	1902	5	-	34	os
HH_12_5_1902_20260908T102754.m	12	h	1902	5	-	35	os
HH_12_9_328_20260908T102801.m	12	h	328	9	-	36	os
HH_12_5_1902_20260908T102808.m	12	h	1902	5	-	37	os
HH_12_5_1902_20260908T102815.m	12	h	1902	5	-	38	os
HH_12_9_622_20260908T102844.m	12	h	622	9	-	39	os
HH_12_5_1902_20260908T102852.m	12	h	1902	5	-	40	os
HH_12_5_1902_20260908T103001.m	12	h	1902	5	-	41	os
HH_12_9_622_20260908T103010.m	12	h	622	9	-	42	os
HH_12_5_1902_20260908T103033.m	12	h	1902	5	-	43	os
HH_12_5_1902_20260908T103041.m	12	h	1902	5	-	44	os
HH_12_5_1902_20260908T103049.m	12	h	1902	5	-	45	os
HH_12_5_1902_20260908T103058.m	12	h	1902	5	-	46	os
HH_12_9_622_20260908T103125.m	12	h	622	9	-	47	os
HH_12_5_1902_20260908T103214.m	12	h	1902	5	-	48	os
HH_12_5_1902_20260908T103231.m	12	h	1902	5	-	49	os
HH_12_5_1902_20260908T103249.m	12	h	1902	5	-	50	os
HH_12_9_32_20260908T103306.m	12	h	32	9	-	51	os
HH_12_5_1902_20260908T103332.m	12	h	1902	5	-	52	os
HH_12_5_1902_20260908T103350.m	12	h	1902	5	-	53	os
HH_12_9_622_20260908T103412.m	12	h	622	9	-	54	os
HH_12_9_622_20260908T103508.m	12	h	622	9	-	55	os
HH_12_5_1902_20260908T103527.m	12	h	1902	5	-	56	os
HH_12_7_502_20260908T103627.m	12	h	502	7	-	57	os
HH_12_9_272_20260908T103635.m	12	h	272	9	-	58	os
HH_12_5_1902_20260908T103643.m	12	h	1902	5	-	59	os
HH_12_5_1902_20260908T103709.m	12	h	1902	5	-	60	os
HH_12_9_622_20260908T103734.m	12	h	622	9	-	61	os
HH_12_5_1294_20260908T103814.m	12	h	1294	5	-	62	os
HH_12_5_1902_20260908T103832.m	12	h	1902	5	-	63	os
HH_12_5_1902_20260908T103908.m	12	h	1902	5	-	64	os
HH_12_5_1902_20260908T103915.m	12	h	1902	5	-	65	os
HH_12_5_1902_20260908T103924.m	12	h	1902	5	-	66	os
HH_12_5_1902_20260908T103948.m	12	h	1902	5	-	67	os
HH_12_5_1902_20260908T103956.m	12	h	1902	5	-	68	os
HH_12_5_1902_20260908T104031.m	12	h	1902	5	-	69	os
HH_12_5_1902_20260908T104040.m	12	h	1902	5	-	70	os
HH_12_5_1902_20260908T104047.m	12	h	1902	5	-	71	os
HH_12_5_1902_20260908T104056.m	12	h	1902	5	-	72	os
HH_12_5_1902_20260908T104113.m	12	h	1902	5	-	73	os
HH_12_5_1902_20260908T104131.m	12	h	1902	5	-	74	os
HH_12_5_1902_20260908T104158.m	12	h	1902	5	-	75	os
HH_12_5_1902_20260908T104206.m	12	h	1902	5	-	76	os
HH_12_5_1902_20260908T104216.m	12	h	1902	5	-	77	os
HH_12_5_1902_20260908T104332.m	12	h	1902	5	-	78	os
HH_12_5_1902_20260908T104507.m	12	h	1902	5	-	79	os
HH_12_5_1902_20260908T104514.m	12	h	1902	5	-	80	os
HH_12_5_1902_20260908T104522.m	12	h	1902	5	-	81	os
HH_12_5_1902_20260908T104530.m	12	h	1902	5	-	82	os
HH_12_9_622_20260908T104543.m	12	h	622	9	-	83	os
HH_12_5_1902_20260908T104559.m	12	h	1902	5	-	84	os
HH_12_5_1902_20260908T104624.m	12	h	1902	5	-	85	os
HH_12_5_1902_20260908T104638.m	12	h	1902	5	-	86	os
HH_12_5_1902_20260908T104651.m	12	h	1902	5	-	87	os
HH_12_9_622_20260908T104734.m	12	h	622	9	-	88	os
HH_12_5_1902_20260908T104749.m	12	h	1902	5	-	89	os
HH_12_9_314_20260908T104804.m	12	h	314	9	-	90	os
HH_12_9_328_20260908T104830.m	12	h	328	9	-	91	os
HH_12_9_622_20260908T104838.m	12	h	622	9	-	92	os
HH_12_9_328_20260908T104909.m	12	h	328	9	-	93	os
HH_12_5_1902_20260908T104925.m	12	h	1902	5	-	94	os
HH_12_5_1902_20260908T104942.m	12	h	1902	5	-	95	os
HH_12_9_622_20260908T105050.m	12	h	622	9	-	96	os
HH_12_5_1902_20260908T105144.m	12	h	1902	5	-	97	os
HH_12_5_1902_20260908T105152.m	12	h	1902	5	-	98	os
HH_12_5_1902_20260908T105217.m	12	h	1902	5	-	99	os
HH_12_5_1902_20260908T105256.m	12	h	1902	5	-	100	os
HH_12_5_1902_20260908T105326.m	12	h	1902	5	-	101	os
HH_12_5_1902_20260908T105400.m	12	h	1902	5	-	102	os
HH_12_5_1902_20260908T105422.m	12	h	1902	5	-	103	os
HH_12_5_1902_20260908T105440.m	12	h	1902	5	-	104	os
HH_12_5_1902_20260908T105458.m	12	h	1902	5	-	105	os
HH_12_5_1902_20260908T105519.m	12	h	1902	5	-	106	os
HH_12_5_1902_20260908T105528.m	12	h	1902	5	-	107	os
HH_12_5_1902_20260908T105545.m	12	h	1902	5	-	108	os
HH_12_9_314_20260908T105555.m	12	h	314	9	-	109	os
HH_12_5_1294_20260908T105603.m	12	h	1294	5	-	110	os
HH_12_5_1902_20260908T105612.m	12	h	1902	5	-	111	os
HH_12_5_1902_20260908T105620.m	12	h	1902	5	-	112	os
HH_12_9_622_20260908T105636.m	12	h	622	9	-	113	os
HH_12_5_1902_20260908T105713.m	12	h	1902	5	-	114	os
HH_12_9_622_20260908T105720.m	12	h	622	9	-	115	os
HH_12_5_1902_20260908T105728.m	12	h	1902	5	-	116	os
HH_12_5_1902_20260908T105735.m	12	h	1902	5	-	117	os
HH_12_5_1902_20260908T105750.m	12	h	1902	5	-	118	os
HH_12_5_1902_20260908T105758.m	12	h	1902	5	-	119	os
HH_12_9_32_20260908T105819.m	12	h	32	9	-	120	os
HH_12_5_1902_20260908T105843.m	12	h	1902	5	-	121	os
HH_12_5_1902_20260908T105900.m	12	h	1902	5	-	122	os
HH_12_5_1902_20260908T105916.m	12	h	1902	5	-	123	os
HH_12_5_1902_20260908T105940.m	12	h	1902	5	-	124	os
HH_12_5_1902_20260908T110004.m	12	h	1902	5	-	125	os
HH_12_5_1902_20260908T110036.m	12	h	1902	5	-	126	os
HH_12_9_622_20260908T110043.m	12	h	622	9	-	127	os
HH_12_5_1902_20260908T110059.m	12	h	1902	5	-	128	os
HH_12_5_1902_20260908T110114.m	12	h	1902	5	-	129	os
HH_12_5_1902_20260908T110146.m	12	h	1902	5	-	130	os
HH_12_9_622_20260908T110154.m	12	h	622	9	-	131	os
HH_12_5_1902_20260908T110201.m	12	h	1902	5	-	132	os
HH_12_5_1902_20260908T110209.m	12	h	1902	5	-	133	os
HH_12_5_1902_20260908T110250.m	12	h	1902	5	-	134	os
HH_12_5_1902_20260908T110257.m	12	h	1902	5	-	135	os
HH_12_5_1902_20260908T110313.m	12	h	1902	5	-	136	os
HH_12_5_1902_20260908T110344.m	12	h	1902	5	-	137	os
HH_12_9_622_20260908T110351.m	12	h	622	9	-	138	os
HH_12_5_1902_20260908T110359.m	12	h	1902	5	-	139	os
HH_12_5_1902_20260908T110415.m	12	h	1902	5	-	140	os
HH_12_5_1902_20260908T110431.m	12	h	1902	5	-	141	os
HH_12_5_1902_20260908T110446.m	12	h	1902	5	-	142	os
HH_12_9_622_20260908T110505.m	12	h	622	9	-	143	os
HH_12_9_622_20260908T110529.m	12	h	622	9	-	144	os
HH_12_5_1902_20260908T110537.m	12	h	1902	5	-	145	os
HH_12_5_1902_20260908T110544.m	12	h	1902	5	-	146	os
HH_12_5_1902_20260908T110609.m	12	h	1902	5	-	147	os
HH_12_5_1902_20260908T110624.m	12	h	1902	5	-	148	os
HH_12_9_622_20260908T110632.m	12	h	622	9	-	149	os
HH_12_5_1902_20260908T110640.m	12	h	1902	5	-	150	os
HH_12_5_1902_20260908T110647.m	12	h	1902	5	-	151	os
HH_12_9_622_20260908T110703.m	12	h	622	9	-	152	os
HH_12_5_1902_20260908T110715.m	12	h	1902	5	-	153	os
HH_12_5_1902_20260908T110739.m	12	h	1902	5	-	154	os
HH_12_5_1902_20260908T110747.m	12	h	1902	5	-	155	os
HH_12_5_1902_20260908T110803.m	12	h	1902	5	-	156	os
HH_12_9_622_20260908T110836.m	12	h	622	9	-	157	os
HH_12_5_1902_20260908T110914.m	12	h	1902	5	-	158	os
HH_12_5_1902_20260908T110930.m	12	h	1902	5	-	159	os
HH_12_5_1902_20260908T111023.m	12	h	1902	5	-	160	os
HH_12_5_1902_20260908T111031.m	12	h	1902	5	-	161	os
HH_12_5_1902_20260908T111038.m	12	h	1902	5	-	162	os
HH_12_5_1902_20260908T111143.m	12	h	1902	5	-	163	os
HH_12_9_622_20260908T111159.m	12	h	622	9	-	164	os
HH_12_5_1902_20260908T111207.m	12	h	1902	5	-	165	os
HH_12_5_1902_20260908T111214.m	12	h	1902	5	-	166	os
HH_12_9_622_20260908T111243.m	12	h	622	9	-	167	os
HH_12_7_502_20260908T111251.m	12	h	502	7	-	168	os
HH_12_9_328_20260908T111322.m	12	h	328	9	-	169	os
HH_12_9_622_20260908T111330.m	12	h	622	9	-	170	os
HH_12_9_622_20260908T111343.m	12	h	622	9	-	171	os
HH_12_5_1902_20260908T111350.m	12	h	1902	5	-	172	os
HH_12_5_1902_20260908T111406.m	12	h	1902	5	-	173	os
HH_12_5_1902_20260908T111438.m	12	h	1902	5	-	174	os
HH_12_5_1902_20260908T111533.m	12	h	1902	5	-	175	os
HH_12_5_1902_20260908T111546.m	12	h	1902	5	-	176	os
HH_12_5_1902_20260908T111553.m	12	h	1902	5	-	177	os
HH_12_5_1902_20260908T111600.m	12	h	1902	5	-	178	os
HH_12_5_1902_20260908T111608.m	12	h	1902	5	-	179	os
HH_12_7_502_20260908T111628.m	12	h	502	7	-	180	os
HH_12_9_622_20260908T111635.m	12	h	622	9	-	181	os
HH_12_9_622_20260908T111658.m	12	h	622	9	-	182	os
HH_12_5_1902_20260908T111714.m	12	h	1902	5	-	183	os
HH_12_5_1902_20260908T111824.m	12	h	1902	5	-	184	os
HH_12_5_1902_20260908T111847.m	12	h	1902	5	-	185	os
HH_12_5_1902_20260908T111918.m	12	h	1902	5	-	186	os
HH_12_5_1902_20260908T111926.m	12	h	1902	5	-	187	os
HH_12_5_1294_20260908T111940.m	12	h	1294	5	-	188	os
HH_12_5_1902_20260908T111955.m	12	h	1902	5	-	189	os
HH_12_9_328_20260908T112003.m	12	h	328	9	-	190	os
HH_12_9_622_20260908T112010.m	12	h	622	9	-	191	os
HH_12_5_1902_20260908T112024.m	12	h	1902	5	-	192	os
HH_12_5_1902_20260908T112141.m	12	h	1902	5	-	193	os
HH_12_9_328_20260908T112148.m	12	h	328	9	-	194	os
HH_12_5_1902_20260908T112202.m	12	h	1902	5	-	195	os
HH_12_5_1902_20260908T112210.m	12	h	1902	5	-	196	os
HH_12_5_1902_20260908T112231.m	12	h	1902	5	-	197	os
HH_12_9_622_20260908T112254.m	12	h	622	9	-	198	os
HH_12_5_1902_20260908T112309.m	12	h	1902	5	-	199	os
HH_12_5_1902_20260908T112354.m	12	h	1902	5	-	200	os
HH_12_5_1902_20260908T112511.m	12	h	1902	5	-	201	os
HH_12_5_1902_20260908T112609.m	12	h	1902	5	-	202	os
HH_12_9_622_20260908T112631.m	12	h	622	9	-	203	os
HH_12_5_1902_20260908T112702.m	12	h	1902	5	-	204	os
HH_12_5_1902_20260908T112709.m	12	h	1902	5	-	205	os
HH_12_5_1902_20260908T112717.m	12	h	1902	5	-	206	os
HH_12_9_622_20260908T112725.m	12	h	622	9	-	207	os
HH_12_5_1902_20260908T112732.m	12	h	1902	5	-	208	os
HH_12_5_1902_20260908T112739.m	12	h	1902	5	-	209	os
HH_12_5_1902_20260908T112833.m	12	h	1902	5	-	210	os
HH_12_9_622_20260908T112907.m	12	h	622	9	-	211	os
HH_12_5_1902_20260908T112914.m	12	h	1902	5	-	212	os
HH_12_5_1902_20260908T112957.m	12	h	1902	5	-	213	os
HH_12_5_1902_20260908T113012.m	12	h	1902	5	-	214	os
HH_12_9_622_20260908T113019.m	12	h	622	9	-	215	os
HH_12_5_1902_20260908T113026.m	12	h	1902	5	-	216	os
HH_12_5_1902_20260908T113034.m	12	h	1902	5	-	217	os
HH_12_5_1902_20260908T113041.m	12	h	1902	5	-	218	os
HH_12_5_1902_20260908T113048.m	12	h	1902	5	-	219	os
HH_12_5_1902_20260908T113103.m	12	h	1902	5	-	220	os
HH_12_5_1902_20260908T113135.m	12	h	1902	5	-	221	os
HH_12_5_1902_20260908T113150.m	12	h	1902	5	-	222	os
HH_12_5_1902_20260908T113156.m	12	h	1902	5	-	223	os
HH_12_5_1902_20260908T113212.m	12	h	1902	5	-	224	os
HH_12_5_1902_20260908T113249.m	12	h	1902	5	-	225	os
HH_12_5_1902_20260908T113257.m	12	h	1902	5	-	226	os
HH_12_9_328_20260908T113320.m	12	h	328	9	-	227	os
HH_12_5_1902_20260908T113335.m	12	h	1902	5	-	228	os
HH_12_9_622_20260908T113342.m	12	h	622	9	-	229	os
HH_12_5_1902_20260908T113356.m	12	h	1902	5	-	230	os
HH_12_5_1902_20260908T113404.m	12	h	1902	5	-	231	os
HH_12_5_1902_20260908T113426.m	12	h	1902	5	-	232	os
HH_12_5_1902_20260908T113440.m	12	h	1902	5	-	233	os
HH_12_5_1902_20260908T113557.m	12	h	1902	5	-	234	os
HH_12_5_1902_20260908T113612.m	12	h	1902	5	-	235	os
HH_12_5_1902_20260908T113619.m	12	h	1902	5	-	236	os
HH_12_5_1902_20260908T113627.m	12	h	1902	5	-	237	os
HH_12_5_1902_20260908T113634.m	12	h	1902	5	-	238	os
HH_12_5_1902_20260908T113657.m	12	h	1902	5	-	239	os
HH_12_9_622_20260908T113705.m	12	h	622	9	-	240	os
HH_12_5_1902_20260908T113712.m	12	h	1902	5	-	241	os
HH_12_5_1902_20260908T113726.m	12	h	1902	5	-	242	os
HH_12_9_622_20260908T113816.m	12	h	622	9	-	243	os
HH_12_7_502_20260908T113838.m	12	h	502	7	-	244	os
HH_12_5_1902_20260908T113846.m	12	h	1902	5	-	245	os
HH_12_5_1902_20260908T113908.m	12	h	1902	5	-	246	os
HH_12_9_622_20260908T114050.m	12	h	622	9	-	247	os
HH_12_5_1902_20260908T114057.m	12	h	1902	5	-	248	os
HH_12_9_622_20260908T114104.m	12	h	622	9	-	249	os
HH_12_5_1902_20260908T114207.m	12	h	1902	5	-	250	os
HH_12_5_1902_20260908T114300.m	12	h	1902	5	-	251	os
HH_12_9_622_20260908T114324.m	12	h	622	9	-	252	os
HH_12_9_622_20260908T114410.m	12	h	622	9	-	253	os
HH_12_9_622_20260908T114417.m	12	h	622	9	-	254	os
HH_12_5_1902_20260908T114455.m	12	h	1902	5	-	255	os
HH_12_9_622_20260908T114503.m	12	h	622	9	-	256	os
HH_12_5_1902_20260908T114550.m	12	h	1902	5	-	257	os
HH_12_5_1902_20260908T114620.m	12	h	1902	5	-	258	os
HH_12_9_622_20260908T114636.m	12	h	622	9	-	259	os
HH_12_9_622_20260908T114722.m	12	h	622	9	-	260	os
HH_12_9_622_20260908T114730.m	12	h	622	9	-	261	os
HH_12_9_622_20260908T114737.m	12	h	622	9	-	262	os
HH_12_5_1902_20260908T114745.m	12	h	1902	5	-	263	os
HH_12_5_1902_20260908T114752.m	12	h	1902	5	-	264	os
HH_12_9_622_20260908T114814.m	12	h	622	9	-	265	os
HH_12_5_1902_20260908T114853.m	12	h	1902	5	-	266	os
HH_12_5_1902_20260908T114901.m	12	h	1902	5	-	267	os
HH_12_9_622_20260908T114916.m	12	h	622	9	-	268	os
HH_12_5_1902_20260908T114938.m	12	h	1902	5	-	269	os
HH_12_5_1902_20260908T114953.m	12	h	1902	5	-	270	os
HH_12_5_1902_20260908T115009.m	12	h	1902	5	-	271	os
HH_12_7_502_20260908T115040.m	12	h	502	7	-	272	os
HH_12_5_1902_20260908T115055.m	12	h	1902	5	-	273	os
HH_12_5_1902_20260908T115102.m	12	h	1902	5	-	274	os
HH_12_5_1902_20260908T115109.m	12	h	1902	5	-	275	os
HH_12_5_1902_20260908T115124.m	12	h	1902	5	-	276	os
HH_12_5_1902_20260908T115203.m	12	h	1902	5	-	277	os
HH_12_5_1902_20260908T115248.m	12	h	1902	5	-	278	os
HH_12_5_1902_20260908T115318.m	12	h	1902	5	-	279	os
HH_12_5_1902_20260908T115325.m	12	h	1902	5	-	280	os
HH_12_5_1902_20260908T115333.m	12	h	1902	5	-	281	os
HH_12_5_1902_20260908T115356.m	12	h	1902	5	-	282	os
HH_12_5_1902_20260908T115403.m	12	h	1902	5	-	283	os
HH_12_9_622_20260908T115504.m	12	h	622	9	-	284	os
HH_12_5_1902_20260908T115527.m	12	h	1902	5	-	285	os
HH_12_5_1902_20260908T115534.m	12	h	1902	5	-	286	os
HH_12_9_622_20260908T115556.m	12	h	622	9	-	287	os
HH_12_5_1902_20260908T115603.m	12	h	1902	5	-	288	os
HH_12_9_32_20260908T115618.m	12	h	32	9	-	289	os
HH_12_5_1902_20260908T115625.m	12	h	1902	5	-	290	os
HH_12_9_314_20260908T115633.m	12	h	314	9	-	291	os
HH_12_5_1902_20260908T115656.m	12	h	1902	5	-	292	os
HH_12_5_1902_20260908T115703.m	12	h	1902	5	-	293	os
HH_12_5_1902_20260908T115743.m	12	h	1902	5	-	294	os
HH_12_5_1902_20260908T115803.m	12	h	1902	5	-	295	os
HH_12_5_1902_20260908T115834.m	12	h	1902	5	-	296	os
HH_12_7_502_20260908T115848.m	12	h	502	7	-	297	os
HH_12_5_1902_20260908T115856.m	12	h	1902	5	-	298	os
HH_12_5_1902_20260908T115903.m	12	h	1902	5	-	299	os
HH_12_5_1902_20260908T115918.m	12	h	1902	5	-	300	os
HH_12_5_1902_20260908T115941.m	12	h	1902	5	-	301	os
HH_12_5_1902_20260908T115949.m	12	h	1902	5	-	302	os
HH_12_5_1902_20260908T120042.m	12	h	1902	5	-	303	os
HH_12_5_1902_20260908T120050.m	12	h	1902	5	-	304	os
HH_12_9_622_20260908T120058.m	12	h	622	9	-	305	os
HH_12_5_1902_20260908T120105.m	12	h	1902	5	-	306	os
HH_12_9_622_20260908T120244.m	12	h	622	9	-	307	os
HH_12_5_1902_20260908T120304.m	12	h	1902	5	-	308	os
HH_12_5_1902_20260908T120333.m	12	h	1902	5	-	309	os
HH_12_5_1902_20260908T120356.m	12	h	1902	5	-	310	os
HH_12_9_622_20260908T120501.m	12	h	622	9	-	311	os
HH_12_9_622_20260908T120510.m	12	h	622	9	-	312	os
HH_12_5_1902_20260908T120552.m	12	h	1902	5	-	313	os
HH_12_5_1902_20260908T120607.m	12	h	1902	5	-	314	os
HH_12_9_622_20260908T120639.m	12	h	622	9	-	315	os
HH_12_9_622_20260908T120647.m	12	h	622	9	-	316	os
HH_12_5_1902_20260908T120708.m	12	h	1902	5	-	317	os
HH_12_5_1902_20260908T120716.m	12	h	1902	5	-	318	os
HH_12_5_1902_20260908T120725.m	12	h	1902	5	-	319	os
HH_12_5_1902_20260908T120733.m	12	h	1902	5	-	320	os
HH_12_9_622_20260908T120741.m	12	h	622	9	-	321	os
HH_12_5_1902_20260908T120816.m	12	h	1902	5	-	322	os
HH_12_5_1902_20260908T120825.m	12	h	1902	5	-	323	os
HH_12_5_1902_20260908T120838.m	12	h	1902	5	-	324	os
HH_12_5_1902_20260908T120855.m	12	h	1902	5	-	325	os
HH_12_5_1902_20260908T120912.m	12	h	1902	5	-	326	os
HH_12_5_1902_20260908T120922.m	12	h	1902	5	-	327	os
HH_12_5_1902_20260908T120931.m	12	h	1902	5	-	328	os
HH_12_5_1902_20260908T120954.m	12	h	1902	5	-	329	os
HH_12_9_622_20260908T121029.m	12	h	622	9	-	330	os
HH_12_5_1902_20260908T121054.m	12	h	1902	5	-	331	os
HH_12_9_622_20260908T121103.m	12	h	622	9	-	332	os
HH_12_5_1902_20260908T121135.m	12	h	1902	5	-	333	os
HH_12_9_622_20260908T121219.m	12	h	622	9	-	334	os
HH_12_5_1902_20260908T121232.m	12	h	1902	5	-	335	os
HH_12_5_1902_20260908T121247.m	12	h	1902	5	-	336	os
HH_12_5_1902_20260908T121301.m	12	h	1902	5	-	337	os
HH_12_5_1902_20260908T121335.m	12	h	1902	5	-	338	os
HH_12_5_1902_20260908T121359.m	12	h	1902	5	-	339	os
HH_12_5_1902_20260908T121423.m	12	h	1902	5	-	340	os
HH_12_5_1902_20260908T121431.m	12	h	1902	5	-	341	os
HH_12_5_1902_20260908T121438.m	12	h	1902	5	-	342	os
HH_12_9_622_20260908T121455.m	12	h	622	9	-	343	os
HH_12_5_1902_20260908T121520.m	12	h	1902	5	-	344	os
HH_12_5_1902_20260908T121528.m	12	h	1902	5	-	345	os
HH_12_5_1902_20260908T121535.m	12	h	1902	5	-	346	os
HH_12_9_622_20260908T121548.m	12	h	622	9	-	347	os
HH_12_5_1902_20260908T121613.m	12	h	1902	5	-	348	os
HH_12_5_1902_20260908T121648.m	12	h	1902	5	-	349	os
HH_12_9_622_20260908T121657.m	12	h	622	9	-	350	os
HH_12_5_1902_20260908T121731.m	12	h	1902	5	-	351	os
HH_12_5_1902_20260908T121749.m	12	h	1902	5	-	352	os
HH_12_5_1902_20260908T121802.m	12	h	1902	5	-	353	os
HH_12_5_1902_20260908T121810.m	12	h	1902	5	-	354	os
HH_12_5_1902_20260908T121818.m	12	h	1902	5	-	355	os
HH_12_9_622_20260908T121840.m	12	h	622	9	-	356	os
HH_12_5_1902_20260908T121850.m	12	h	1902	5	-	357	os
HH_12_5_1902_20260908T121905.m	12	h	1902	5	-	358	os
HH_12_9_314_20260908T121914.m	12	h	314	9	-	359	os
HH_12_5_1902_20260908T122004.m	12	h	1902	5	-	360	os
HH_12_9_622_20260908T122036.m	12	h	622	9	-	361	os
HH_12_5_1902_20260908T122112.m	12	h	1902	5	-	362	os
HH_12_5_1902_20260908T122153.m	12	h	1902	5	-	363	os
HH_12_5_1902_20260908T122209.m	12	h	1902	5	-	364	os
HH_12_5_1902_20260908T122217.m	12	h	1902	5	-	365	os
HH_12_5_1902_20260908T122231.m	12	h	1902	5	-	366	os
HH_12_5_1902_20260908T122255.m	12	h	1902	5	-	367	os
HH_12_7_502_20260908T122303.m	12	h	502	7	-	368	os
HH_12_5_1902_20260908T122337.m	12	h	1902	5	-	369	os
HH_12_5_1902_20260908T122409.m	12	h	1902	5	-	370	os
HH_12_9_622_20260908T122434.m	12	h	622	9	-	371	os
HH_12_9_622_20260908T122451.m	12	h	622	9	-	372	os
HH_12_5_1902_20260908T122514.m	12	h	1902	5	-	373	os
HH_12_5_1902_20260908T122555.m	12	h	1902	5	-	374	os
HH_12_5_1902_20260908T122619.m	12	h	1902	5	-	375	os
HH_12_9_622_20260908T122652.m	12	h	622	9	-	376	os
HH_12_5_1902_20260908T122724.m	12	h	1902	5	-	377	os
HH_12_9_328_20260908T122757.m	12	h	328	9	-	378	os
HH_12_9_328_20260908T122812.m	12	h	328	9	-	379	os
HH_12_5_1902_20260908T122837.m	12	h	1902	5	-	380	os
HH_12_5_1902_20260908T122845.m	12	h	1902	5	-	381	os
HH_12_5_1902_20260908T122901.m	12	h	1902	5	-	382	os
HH_12_9_622_20260908T122909.m	12	h	622	9	-	383	os
HH_12_5_1902_20260908T122938.m	12	h	1902	5	-	384	os
HH_12_9_622_20260908T122946.m	12	h	622	9	-	385	os
HH_12_5_1902_20260908T123019.m	12	h	1902	5	-	386	os
HH_12_5_1902_20260908T123026.m	12	h	1902	5	-	387	os
HH_12_5_1902_20260908T123059.m	12	h	1902	5	-	388	os
HH_12_5_1902_20260908T123106.m	12	h	1902	5	-	389	os
HH_12_5_1902_20260908T123122.m	12	h	1902	5	-	390	os
HH_12_5_1902_20260908T123130.m	12	h	1902	5	-	391	os
HH_12_5_1902_20260908T123143.m	12	h	1902	5	-	392	os
HH_12_5_1902_20260908T123158.m	12	h	1902	5	-	393	os
HH_12_9_622_20260908T123214.m	12	h	622	9	-	394	os
HH_12_5_1902_20260908T123227.m	12	h	1902	5	-	395	os
HH_12_5_1902_20260908T123235.m	12	h	1902	5	-	396	os
HH_12_5_1902_20260908T123324.m	12	h	1902	5	-	397	os
HH_12_5_1902_20260908T123340.m	12	h	1902	5	-	398	os
HH_12_9_622_20260908T123425.m	12	h	622	9	-	399	os
HH_12_5_1902_20260908T123433.m	12	h	1902	5	-	400	os
HH_12_5_1902_20260908T123506.m	12	h	1902	5	-	401	os
HH_12_5_1902_20260908T123515.m	12	h	1902	5	-	402	os
HH_12_5_1902_20260908T123602.m	12	h	1902	5	-	403	os
HH_12_5_1902_20260908T123629.m	12	h	1902	5	-	404	os
HH_12_5_1902_20260908T123652.m	12	h	1902	5	-	405	os
HH_12_9_622_20260908T123706.m	12	h	622	9	-	406	os
HH_12_7_502_20260908T123733.m	12	h	502	7	-	407	os
HH_12_5_1902_20260908T123741.m	12	h	1902	5	-	408	os
HH_12_9_622_20260908T123748.m	12	h	622	9	-	409	os
HH_12_9_622_20260908T123819.m	12	h	622	9	-	410	os
HH_12_5_1902_20260908T123844.m	12	h	1902	5	-	411	os
HH_12_5_1902_20260908T123853.m	12	h	1902	5	-	412	os
HH_12_5_1902_20260908T123911.m	12	h	1902	5	-	413	os
HH_12_5_1902_20260908T123919.m	12	h	1902	5	-	414	os
HH_12_5_1902_20260908T123944.m	12	h	1902	5	-	415	os
HH_12_9_622_20260908T124001.m	12	h	622	9	-	416	os
HH_12_5_1902_20260908T124132.m	12	h	1902	5	-	417	os
HH_12_5_1902_20260908T124231.m	12	h	1902	5	-	418	os
HH_12_5_1902_20260908T124328.m	12	h	1902	5	-	419	os
HH_12_5_1902_20260908T124336.m	12	h	1902	5	-	420	os
HH_12_7_502_20260908T124344.m	12	h	502	7	-	421	os
HH_12_9_622_20260908T124435.m	12	h	622	9	-	422	os
HH_12_5_1902_20260908T124444.m	12	h	1902	5	-	423	os
HH_12_7_502_20260908T124602.m	12	h	502	7	-	424	os
HH_12_9_622_20260908T124618.m	12	h	622	9	-	425	os
HH_12_9_328_20260908T124627.m	12	h	328	9	-	426	os
HH_12_5_1902_20260908T124650.m	12	h	1902	5	-	427	os
HH_12_5_1902_20260908T124713.m	12	h	1902	5	-	428	os
HH_12_9_32_20260908T124721.m	12	h	32	9	-	429	os
HH_12_9_622_20260908T124728.m	12	h	622	9	-	430	os
HH_12_5_1902_20260908T124804.m	12	h	1902	5	-	431	os
HH_12_5_1902_20260908T124841.m	12	h	1902	5	-	432	os
HH_12_5_1902_20260908T124903.m	12	h	1902	5	-	433	os
HH_12_5_1902_20260908T124927.m	12	h	1902	5	-	434	os
HH_12_9_328_20260908T124936.m	12	h	328	9	-	435	os
HH_12_5_1902_20260908T124944.m	12	h	1902	5	-	436	os
HH_12_9_622_20260908T124952.m	12	h	622	9	-	437	os
HH_12_5_1902_20260908T124959.m	12	h	1902	5	-	438	os
HH_12_9_622_20260908T125016.m	12	h	622	9	-	439	os
HH_12_5_1902_20260908T125029.m	12	h	1902	5	-	440	os
HH_12_9_622_20260908T125044.m	12	h	622	9	-	441	os
HH_12_5_1902_20260908T125051.m	12	h	1902	5	-	442	os
HH_12_5_1902_20260908T125100.m	12	h	1902	5	-	443	os
HH_12_9_622_20260908T125116.m	12	h	622	9	-	444	os
HH_12_5_1902_20260908T125124.m	12	h	1902	5	-	445	os
HH_12_5_1902_20260908T125149.m	12	h	1902	5	-	446	os
HH_12_5_1902_20260908T125205.m	12	h	1902	5	-	447	os
HH_12_9_622_20260908T125213.m	12	h	622	9	-	448	os
HH_12_5_1902_20260908T125229.m	12	h	1902	5	-	449	os
HH_12_5_1902_20260908T125245.m	12	h	1902	5	-	450	os
HH_12_5_1294_20260908T125302.m	12	h	1294	5	-	451	os
HH_12_5_1902_20260908T125326.m	12	h	1902	5	-	452	os
HH_12_5_1902_20260908T125335.m	12	h	1902	5	-	453	os
HH_12_9_314_20260908T125343.m	12	h	314	9	-	454	os
HH_12_5_1902_20260908T125449.m	12	h	1902	5	-	455	os
HH_12_5_1902_20260908T125505.m	12	h	1902	5	-	456	os
HH_12_5_1902_20260908T125513.m	12	h	1902	5	-	457	os
HH_12_5_1902_20260908T125521.m	12	h	1902	5	-	458	os
HH_12_9_622_20260908T125529.m	12	h	622	9	-	459	os
HH_12_5_1902_20260908T125546.m	12	h	1902	5	-	460	os
HH_12_5_1902_20260908T125720.m	12	h	1902	5	-	461	os
HH_12_5_1902_20260908T125753.m	12	h	1902	5	-	462	os
HH_12_9_328_20260908T125802.m	12	h	328	9	-	463	os
HH_12_5_1902_20260908T125811.m	12	h	1902	5	-	464	os
HH_12_5_1902_20260908T125827.m	12	h	1902	5	-	465	os
HH_12_9_622_20260908T125853.m	12	h	622	9	-	466	os
HH_12_9_622_20260908T125905.m	12	h	622	9	-	467	os
HH_12_5_1902_20260908T125913.m	12	h	1902	5	-	468	os
HH_12_9_622_20260908T125920.m	12	h	622	9	-	469	os
HH_12_5_1902_20260908T125935.m	12	h	1902	5	-	470	os
HH_12_5_1902_20260908T125952.m	12	h	1902	5	-	471	os
HH_12_9_622_20260908T125959.m	12	h	622	9	-	472	os
HH_12_5_1902_20260908T130007.m	12	h	1902	5	-	473	os
HH_12_9_272_20260908T130015.m	12	h	272	9	-	474	os
HH_12_5_1902_20260908T130032.m	12	h	1902	5	-	475	os
HH_12_9_272_20260908T130039.m	12	h	272	9	-	476	os
HH_12_5_1902_20260908T130101.m	12	h	1902	5	-	477	os
HH_12_5_1902_20260908T130109.m	12	h	1902	5	-	478	os
HH_12_9_622_20260908T130117.m	12	h	622	9	-	479	os
HH_12_5_1902_20260908T130125.m	12	h	1902	5	-	480	os
HH_12_5_1902_20260908T130208.m	12	h	1902	5	-	481	os
HH_12_5_1902_20260908T130229.m	12	h	1902	5	-	482	os
HH_12_5_1902_20260908T130259.m	12	h	1902	5	-	483	os
HH_12_5_1902_20260908T130306.m	12	h	1902	5	-	484	os
HH_12_9_622_20260908T130323.m	12	h	622	9	-	485	os
HH_12_7_502_20260908T130353.m	12	h	502	7	-	486	os
HH_12_5_1902_20260908T130417.m	12	h	1902	5	-	487	os
HH_12_9_328_20260908T130424.m	12	h	328	9	-	488	os
HH_12_5_1902_20260908T130446.m	12	h	1902	5	-	489	os
HH_12_5_1902_20260908T130502.m	12	h	1902	5	-	490	os
HH_12_5_1902_20260908T130604.m	12	h	1902	5	-	491	os
HH_12_5_1902_20260908T130637.m	12	h	1902	5	-	492	os
HH_12_5_1902_20260908T130709.m	12	h	1902	5	-	493	os
HH_12_9_622_20260908T130718.m	12	h	622	9	-	494	os
HH_12_5_1902_20260908T130725.m	12	h	1902	5	-	495	os
HH_12_5_1902_20260908T130732.m	12	h	1902	5	-	496	os
HH_12_5_1902_20260908T130739.m	12	h	1902	5	-	497	os
HH_12_5_1902_20260908T130747.m	12	h	1902	5	-	498	os
HH_12_5_1902_20260908T130812.m	12	h	1902	5	-	499	os
HH_12_9_622_20260908T130829.m	12	h	622	9	-	500	os
HH_12_5_1902_20260908T130836.m	12	h	1902	5	-	501	os
HH_12_5_1902_20260908T130909.m	12	h	1902	5	-	502	os
HH_12_5_1902_20260908T130916.m	12	h	1902	5	-	503	os
HH_12_5_1902_20260908T130924.m	12	h	1902	5	-	504	os
HH_12_9_622_20260908T130932.m	12	h	622	9	-	505	os
HH_12_9_622_20260908T130957.m	12	h	622	9	-	506	os
HH_12_5_1902_20260908T131010.m	12	h	1902	5	-	507	os
HH_12_5_1902_20260908T131018.m	12	h	1902	5	-	508	os
HH_12_9_622_20260908T131026.m	12	h	622	9	-	509	os
HH_12_5_1902_20260908T131047.m	12	h	1902	5	-	510	os
HH_12_5_1902_20260908T131054.m	12	h	1902	5	-	511	os
HH_12_9_622_20260908T131102.m	12	h	622	9	-	512	os
HH_12_5_1902_20260908T131110.m	12	h	1902	5	-	513	os
HH_12_5_1902_20260908T131119.m	12	h	1902	5	-	514	os
HH_12_9_622_20260908T131143.m	12	h	622	9	-	515	os
HH_12_5_1902_20260908T131223.m	12	h	1902	5	-	516	os
HH_12_5_1902_20260908T131256.m	12	h	1902	5	-	517	os
HH_12_5_1902_20260908T131304.m	12	h	1902	5	-	518	os
HH_12_5_1902_20260908T131321.m	12	h	1902	5	-	519	os
HH_12_9_622_20260908T131329.m	12	h	622	9	-	520	os
HH_12_9_622_20260908T131351.m	12	h	622	9	-	521	os
HH_12_5_1902_20260908T131358.m	12	h	1902	5	-	522	os
HH_12_5_1902_20260908T131439.m	12	h	1902	5	-	523	os
HH_12_9_622_20260908T131447.m	12	h	622	9	-	524	os
HH_12_5_1902_20260908T131455.m	12	h	1902	5	-	525	os
HH_12_5_1902_20260908T131536.m	12	h	1902	5	-	526	os
HH_12_5_1902_20260908T131549.m	12	h	1902	5	-	527	os
HH_12_5_1902_20260908T131556.m	12	h	1902	5	-	528	os
HH_12_5_1902_20260908T131604.m	12	h	1902	5	-	529	os
HH_12_9_32_20260908T131611.m	12	h	32	9	-	530	os
HH_12_5_1902_20260908T131648.m	12	h	1902	5	-	531	os
HH_12_5_1902_20260908T131801.m	12	h	1902	5	-	532	os
HH_12_9_622_20260908T131809.m	12	h	622	9	-	533	os
HH_12_5_1902_20260908T131841.m	12	h	1902	5	-	534	os
HH_12_5_1902_20260908T131917.m	12	h	1902	5	-	535	os
HH_12_5_1902_20260908T132007.m	12	h	1902	5	-	536	os
HH_12_9_314_20260908T132014.m	12	h	314	9	-	537	os
HH_12_9_622_20260908T132031.m	12	h	622	9	-	538	os
HH_12_5_1902_20260908T132147.m	12	h	1902	5	-	539	os
HH_12_9_622_20260908T132201.m	12	h	622	9	-	540	os
HH_12_5_1902_20260908T132209.m	12	h	1902	5	-	541	os
HH_12_5_1902_20260908T132217.m	12	h	1902	5	-	542	os
HH_12_9_622_20260908T132224.m	12	h	622	9	-	543	os
HH_12_5_1902_20260908T132254.m	12	h	1902	5	-	544	os
HH_12_5_1902_20260908T132319.m	12	h	1902	5	-	545	os
HH_12_9_314_20260908T132327.m	12	h	314	9	-	546	os
HH_12_9_622_20260908T132339.m	12	h	622	9	-	547	os
HH_12_5_1902_20260908T132355.m	12	h	1902	5	-	548	os
HH_12_5_1902_20260908T132403.m	12	h	1902	5	-	549	os
HH_12_5_1902_20260908T132420.m	12	h	1902	5	-	550	os
HH_12_5_1902_20260908T132435.m	12	h	1902	5	-	551	os
HH_12_9_622_20260908T132500.m	12	h	622	9	-	552	os
HH_12_5_1902_20260908T132508.m	12	h	1902	5	-	553	os
HH_12_7_502_20260908T132538.m	12	h	502	7	-	554	os
HH_12_5_1902_20260908T132554.m	12	h	1902	5	-	555	os
HH_12_5_1902_20260908T132620.m	12	h	1902	5	-	556	os
HH_12_5_1902_20260908T132627.m	12	h	1902	5	-	557	os
HH_12_9_622_20260908T132636.m	12	h	622	9	-	558	os
HH_12_5_1902_20260908T132655.m	12	h	1902	5	-	559	os
HH_12_5_1902_20260908T132737.m	12	h	1902	5	-	560	os
HH_12_9_328_20260908T132745.m	12	h	328	9	-	561	os
HH_12_5_1294_20260908T132835.m	12	h	1294	5	-	562	os
HH_12_5_1902_20260908T132933.m	12	h	1902	5	-	563	os
HH_12_5_1902_20260908T132957.m	12	h	1902	5	-	564	os
HH_12_5_1294_20260908T133006.m	12	h	1294	5	-	565	os
HH_12_5_1902_20260908T133015.m	12	h	1902	5	-	566	os
HH_12_5_1902_20260908T133031.m	12	h	1902	5	-	567	os
HH_12_5_1902_20260908T133039.m	12	h	1902	5	-	568	os
HH_12_5_1902_20260908T133047.m	12	h	1902	5	-	569	os
HH_12_5_1902_20260908T133116.m	12	h	1902	5	-	570	os
HH_12_5_1902_20260908T133149.m	12	h	1902	5	-	571	os
HH_12_5_1902_20260908T133157.m	12	h	1902	5	-	572	os
HH_12_5_1902_20260908T133204.m	12	h	1902	5	-	573	os
HH_12_5_1902_20260908T133221.m	12	h	1902	5	-	574	os
HH_12_5_1902_20260908T133228.m	12	h	1902	5	-	575	os
HH_12_5_1902_20260908T133236.m	12	h	1902	5	-	576	os
HH_12_5_1902_20260908T133252.m	12	h	1902	5	-	577	os
HH_12_5_1902_20260908T133326.m	12	h	1902	5	-	578	os
HH_12_5_1902_20260908T133335.m	12	h	1902	5	-	579	os
HH_12_5_1902_20260908T133413.m	12	h	1902	5	-	580	os
HH_12_5_1902_20260908T133439.m	12	h	1902	5	-	581	os
HH_12_5_1902_20260908T133501.m	12	h	1902	5	-	582	os
HH_12_9_622_20260908T133510.m	12	h	622	9	-	583	os
HH_12_5_1902_20260908T133518.m	12	h	1902	5	-	584	os
HH_12_5_1902_20260908T133550.m	12	h	1902	5	-	585	os
HH_12_9_622_20260908T133624.m	12	h	622	9	-	586	os
HH_12_5_1902_20260908T133630.m	12	h	1902	5	-	587	os
HH_12_9_622_20260908T133647.m	12	h	622	9	-	588	os
HH_12_5_1902_20260908T133655.m	12	h	1902	5	-	589	os
HH_12_9_622_20260908T133719.m	12	h	622	9	-	590	os
HH_12_5_1902_20260908T133726.m	12	h	1902	5	-	591	os
HH_12_9_622_20260908T133742.m	12	h	622	9	-	592	os
HH_12_9_32_20260908T133749.m	12	h	32	9	-	593	os
HH_12_5_1902_20260908T133756.m	12	h	1902	5	-	594	os
HH_12_5_1902_20260908T133820.m	12	h	1902	5	-	595	os
HH_12_5_1902_20260908T133840.m	12	h	1902	5	-	596	os
HH_12_9_314_20260908T133900.m	12	h	314	9	-	597	os
HH_12_5_1902_20260908T133936.m	12	h	1902	5	-	598	os
HH_12_5_1902_20260908T134001.m	12	h	1902	5	-	599	os
HH_12_5_1902_20260908T134029.m	12	h	1902	5	-	600	os
HH_12_5_1902_20260908T134043.m	12	h	1902	5	-	601	os
HH_12_9_622_20260908T134052.m	12	h	622	9	-	602	os
HH_12_7_502_20260908T134110.m	12	h	502	7	-	603	os
HH_12_5_1902_20260908T134139.m	12	h	1902	5	-	604	os
HH_12_9_622_20260908T134147.m	12	h	622	9	-	605	os
HH_12_9_622_20260908T134202.m	12	h	622	9	-	606	os
HH_12_5_1902_20260908T134219.m	12	h	1902	5	-	607	os
HH_12_9_622_20260908T134237.m	12	h	622	9	-	608	os
HH_12_5_1902_20260908T134254.m	12	h	1902	5	-	609	os
HH_12_9_622_20260908T134435.m	12	h	622	9	-	610	os
HH_12_7_502_20260908T134443.m	12	h	502	7	-	611	os
HH_12_5_1902_20260908T134522.m	12	h	1902	5	-	612	os
HH_12_9_314_20260908T134536.m	12	h	314	9	-	613	os
HH_12_9_328_20260908T134545.m	12	h	328	9	-	614	os
HH_12_5_1902_20260908T134558.m	12	h	1902	5	-	615	os
HH_12_9_314_20260908T134606.m	12	h	314	9	-	616	os
HH_12_7_502_20260908T134637.m	12	h	502	7	-	617	os
HH_12_5_1902_20260908T134654.m	12	h	1902	5	-	618	os
HH_12_5_1902_20260908T134704.m	12	h	1902	5	-	619	os
HH_12_9_622_20260908T134713.m	12	h	622	9	-	620	os
HH_12_5_1902_20260908T134721.m	12	h	1902	5	-	621	os
HH_12_9_328_20260908T134730.m	12	h	328	9	-	622	os
HH_12_5_1902_20260908T134739.m	12	h	1902	5	-	623	os
HH_12_5_1902_20260908T134748.m	12	h	1902	5	-	624	os
HH_12_5_1902_20260908T134815.m	12	h	1902	5	-	625	os
HH_12_9_622_20260908T134825.m	12	h	622	9	-	626	os
HH_12_5_1902_20260908T134908.m	12	h	1902	5	-	627	os
HH_12_5_1902_20260908T134926.m	12	h	1902	5	-	628	os
HH_12_5_1902_20260908T135037.m	12	h	1902	5	-	629	os
HH_12_9_622_20260908T135046.m	12	h	622	9	-	630	os
HH_12_5_1902_20260908T135103.m	12	h	1902	5	-	631	os
HH_12_5_1902_20260908T135120.m	12	h	1902	5	-	632	os
HH_12_5_1902_20260908T135200.m	12	h	1902	5	-	633	os
HH_12_5_1902_20260908T135220.m	12	h	1902	5	-	634	os
HH_12_5_1902_20260908T135250.m	12	h	1902	5	-	635	os
HH_12_5_1902_20260908T135307.m	12	h	1902	5	-	636	os
HH_12_5_1902_20260908T135421.m	12	h	1902	5	-	637	os
HH_12_5_1902_20260908T135429.m	12	h	1902	5	-	638	os
HH_12_5_1902_20260908T135437.m	12	h	1902	5	-	639	os
HH_12_9_622_20260908T135454.m	12	h	622	9	-	640	os
HH_12_9_622_20260908T135509.m	12	h	622	9	-	641	os
HH_12_9_328_20260908T135526.m	12	h	328	9	-	642	os
HH_12_5_1294_20260908T135534.m	12	h	1294	5	-	643	os
HH_12_5_1902_20260908T135609.m	12	h	1902	5	-	644	os
HH_12_5_1902_20260908T135633.m	12	h	1902	5	-	645	os
HH_12_9_622_20260908T135708.m	12	h	622	9	-	646	os
HH_12_5_1902_20260908T135726.m	12	h	1902	5	-	647	os
HH_12_5_1902_20260908T135739.m	12	h	1902	5	-	648	os
HH_12_9_328_20260908T135747.m	12	h	328	9	-	649	os
HH_12_9_622_20260908T135803.m	12	h	622	9	-	650	os
HH_12_5_1902_20260908T135845.m	12	h	1902	5	-	651	os
HH_12_9_272_20260908T135901.m	12	h	272	9	-	652	os
HH_12_5_1902_20260908T135909.m	12	h	1902	5	-	653	os
HH_12_5_1902_20260908T135935.m	12	h	1902	5	-	654	os
HH_12_9_622_20260908T135943.m	12	h	622	9	-	655	os
HH_12_9_622_20260908T135950.m	12	h	622	9	-	656	os
HH_12_5_1902_20260908T140030.m	12	h	1902	5	-	657	os
HH_12_5_1902_20260908T140046.m	12	h	1902	5	-	658	os
HH_12_5_1902_20260908T140111.m	12	h	1902	5	-	659	os
HH_12_5_1902_20260908T140126.m	12	h	1902	5	-	660	os
HH_12_5_1902_20260908T140134.m	12	h	1902	5	-	661	os
HH_12_5_1902_20260908T140226.m	12	h	1902	5	-	662	os
HH_12_9_622_20260908T140251.m	12	h	622	9	-	663	os
HH_12_5_1902_20260908T140316.m	12	h	1902	5	-	664	os
HH_12_5_1902_20260908T140323.m	12	h	1902	5	-	665	os
HH_12_5_1902_20260908T140340.m	12	h	1902	5	-	666	os
HH_12_5_1902_20260908T140348.m	12	h	1902	5	-	667	os
HH_12_9_622_20260908T140356.m	12	h	622	9	-	668	os
HH_12_9_622_20260908T140404.m	12	h	622	9	-	669	os
HH_12_5_1902_20260908T140411.m	12	h	1902	5	-	670	os
HH_12_7_502_20260908T140428.m	12	h	502	7	-	671	os
HH_12_5_1902_20260908T140444.m	12	h	1902	5	-	672	os
HH_12_5_1902_20260908T140517.m	12	h	1902	5	-	673	os
HH_12_5_1902_20260908T140535.m	12	h	1902	5	-	674	os
HH_12_5_1902_20260908T140552.m	12	h	1902	5	-	675	os
HH_12_5_1902_20260908T140608.m	12	h	1902	5	-	676	os
HH_12_5_1902_20260908T140615.m	12	h	1902	5	-	677	os
HH_12_5_1902_20260908T140623.m	12	h	1902	5	-	678	os
HH_12_5_1902_20260908T140631.m	12	h	1902	5	-	679	os
HH_12_5_1902_20260908T140639.m	12	h	1902	5	-	680	os
HH_12_7_502_20260908T140703.m	12	h	502	7	-	681	os
HH_12_5_1902_20260908T140728.m	12	h	1902	5	-	682	os
HH_12_5_1902_20260908T140752.m	12	h	1902	5	-	683	os
HH_12_5_1902_20260908T140800.m	12	h	1902	5	-	684	os
HH_12_5_1902_20260908T140808.m	12	h	1902	5	-	685	os
HH_12_5_1902_20260908T140842.m	12	h	1902	5	-	686	os
HH_12_5_1902_20260908T140922.m	12	h	1902	5	-	687	os
HH_6_4_34_20260908T154634.m	6	h	34	4	-	1	os
HH_6_4_34_20260908T154634.m	6	h	34	4	-	2	os
HH_6_4_34_20260908T154635.m	6	h	34	4	-	3	os
HH_6_4_34_20260908T154635.m	6	h	34	4	-	4	os
HH_6_4_34_20260908T154635.m	6	h	34	4	-	5	os
HH_6_4_34_20260908T154635.m	6	h	34	4	-	6	os
HH_6_4_34_20260908T154636.m	6	h	34	4	-	7	os
HH_6_4_34_20260908T154636.m	6	h	34	4	-	8	os
HH_6_4_34_20260908T154636.m	6	h	34	4	-	9	os
HH_6_4_34_20260908T154636.m	6	h	34	4	-	10	os
HH_6_4_34_20260908T154637.m	6	h	34	4	-	11	os
HH_10_8_160_20260908T154643.m	10	h	160	8	-	1	os
HH_10_8_160_20260908T154644.m	10	h	160	8	-	2	os
HH_10_8_160_20260908T154646.m	10	h	160	8	-	3	os
HH_10_6_106_20260908T154646.m	10	h	106	6	-	4	os
HH_10_12_1002_20260908T154648.m	10	h	1002	12	-	5	os
HH_10_8_160_20260908T154648.m	10	h	160	8	-	6	os
HH_10_8_160_20260908T154649.m	10	h	160	8	-	7	os
HH_10_8_160_20260908T154650.m	10	h	160	8	-	8	os
HH_10_8_160_20260908T154650.m	10	h	160	8	-	9	os
HH_10_8_160_20260908T154651.m	10	h	160	8	-	10	os
HH_10_8_160_20260908T154652.m	10	h	160	8	-	11	os
HH_10_8_160_20260908T154652.m	10	h	160	8	-	12	os
HH_10_8_160_20260908T154652.m	10	h	160	8	-	13	os
HH_10_8_160_20260908T154653.m	10	h	160	8	-	14	os
HH_10_8_160_20260908T154654.m	10	h	160	8	-	15	os
HH_10_12_1002_20260908T154654.m	10	h	1002	12	-	16	os
HH_10_12_1002_20260908T154655.m	10	h	1002	12	-	17	os
HH_10_8_160_20260908T154655.m	10	h	160	8	-	18	os
HH_10_8_160_20260908T154656.m	10	h	160	8	-	19	os
HH_10_8_160_20260908T154656.m	10	h	160	8	-	20	os
HH_10_12_1002_20260908T154657.m	10	h	1002	12	-	21	os
HH_10_8_160_20260908T154659.m	10	h	160	8	-	22	os
HH_12_9_622_20260908T154703.m	12	h	622	9	-	1	os
HH_12_9_622_20260908T154707.m	12	h	622	9	-	2	os
SH_11_0_3081_20260908T155854.m	11	s	3081	0	-	1	os
SH_11_0_3081_20260908T155902.m	11	s	3081	0	-	2	os
SH_11_0_1561_20260908T155905.m	11	s	1561	0	-	3	os
SH_11_0_1561_20260908T155910.m	11	s	1561	0	-	4	os
SH_11_0_3081_20260908T155916.m	11	s	3081	0	-	5	os
SH_11_0_3081_20260908T155927.m	11	s	3081	0	-	6	os
SH_11_0_3081_20260908T155934.m	11	s	3081	0	-	7	os
HH_16_7_6498_20260908T155954.m	16	h	6498	7	-	1	os
HH_16_7_6498_20260908T160133.m	16	h	6498	7	-	2	os
SH_11_0_3081_20260911T125720.m	11	s	3081	0	-	1	os
SH_11_0_3081_20260911T125725.m	11	s	3081	0	-	2	os
SH_11_0_3081_20260911T125730.m	11	s	3081	0	-	3	os
SH_11_0_3081_20260911T125734.m	11	s	3081	0	-	4	os
SH_11_0_3081_20260911T125739.m	11	s	3081	0	-	5	os
SH_11_0_1561_20260911T125744.m	11	s	1561	0	-	6	os
SH_11_0_1561_20260911T125750.m	11	s	1561	0	-	7	os
SH_11_0_3081_20260911T125754.m	11	s	3081	0	-	8	os
SH_11_0_3081_20260911T125758.m	11	s	3081	0	-	9	os
SH_11_0_3081_20260911T125803.m	11	s	3081	0	-	10	os
SH_11_0_3081_20260911T125808.m	11	s	3081	0	-	11	os
SH_11_0_3081_20260911T125813.m	11	s	3081	0	-	12	os
SH_11_0_3081_20260911T125819.m	11	s	3081	0	-	13	os
SH_11_0_3081_20260911T125823.m	11	s	3081	0	-	14	os
SH_11_0_3081_20260911T125827.m	11	s	3081	0	-	15	os
SH_11_0_3081_20260911T125833.m	11	s	3081	0	-	16	os
SH_11_0_3081_20260911T125837.m	11	s	3081	0	-	17	os
SH_11_0_3081_20260911T125842.m	11	s	3081	0	-	18	os
SH_11_0_3081_20260911T125848.m	11	s	3081	0	-	19	os
SH_11_0_3081_20260911T125853.m	11	s	3081	0	-	20	os
SH_11_0_1457_20260911T125858.m	11	s	1457	0	-	21	os
SH_11_0_3081_20260911T125903.m	11	s	3081	0	-	22	os
SH_11_0_3081_20260911T125907.m	11	s	3081	0	-	23	os
SH_11_0_3081_20260911T125911.m	11	s	3081	0	-	24	os
SH_11_0_1561_20260911T125916.m	11	s	1561	0	-	25	os
SH_11_0_3081_20260911T125921.m	11	s	3081	0	-	26	os
SH_11_0_3081_20260911T125926.m	11	s	3081	0	-	27	os
SH_11_0_3081_20260911T125930.m	11	s	3081	0	-	28	os
SH_11_0_1561_20260911T125935.m	11	s	1561	0	-	29	os
SH_11_0_3081_20260911T125940.m	11	s	3081	0	-	30	os
SH_11_0_3081_20260911T125944.m	11	s	3081	0	-	31	os
SH_11_0_3081_20260911T125949.m	11	s	3081	0	-	32	os
SH_11_0_3081_20260911T125953.m	11	s	3081	0	-	33	os
SH_11_0_1561_20260911T125958.m	11	s	1561	0	-	34	os
SH_11_0_3081_20260911T130003.m	11	s	3081	0	-	35	os
SH_11_0_3081_20260911T130009.m	11	s	3081	0	-	36	os
SH_11_0_3081_20260911T130015.m	11	s	3081	0	-	37	os
SH_11_0_3081_20260911T130019.m	11	s	3081	0	-	38	os
SH_11_0_3081_20260911T130025.m	11	s	3081	0	-	39	os
SH_11_0_3081_20260911T130030.m	11	s	3081	0	-	40	os
SH_11_0_3081_20260911T130036.m	11	s	3081	0	-	41	os
SH_11_0_3081_20260911T130042.m	11	s	3081	0	-	42	os
SH_11_0_3081_20260911T130047.m	11	s	3081	0	-	43	os
SH_11_0_1561_20260911T130054.m	11	s	1561	0	-	44	os
SH_11_0_3081_20260911T130059.m	11	s	3081	0	-	45	os
SH_11_0_1561_20260911T130105.m	11	s	1561	0	-	46	os
SH_11_0_1561_20260911T130111.m	11	s	1561	0	-	47	os
SH_11_0_3081_20260911T130116.m	11	s	3081	0	-	48	os
SH_11_0_3081_20260911T130123.m	11	s	3081	0	-	49	os
SH_11_0_3081_20260911T130129.m	11	s	3081	0	-	50	os
SH_11_0_1457_20260911T130135.m	11	s	1457	0	-	51	os
SH_11_0_3081_20260911T130139.m	11	s	3081	0	-	52	os
SH_11_0_3081_20260911T130145.m	11	s	3081	0	-	53	os
SH_11_0_3081_20260911T130151.m	11	s	3081	0	-	54	os
SH_11_0_3081_20260911T130157.m	11	s	3081	0	-	55	os
SH_11_0_3081_20260911T130203.m	11	s	3081	0	-	56	os
SH_11_0_3081_20260911T130209.m	11	s	3081	0	-	57	os
SH_11_0_3081_20260911T130214.m	11	s	3081	0	-	58	os
SH_11_0_3081_20260911T130220.m	11	s	3081	0	-	59	os
SH_11_0_1561_20260911T130226.m	11	s	1561	0	-	60	os
SH_11_0_1561_20260911T130231.m	11	s	1561	0	-	61	os
SH_11_0_3081_20260911T130237.m	11	s	3081	0	-	62	os
SH_11_0_1455_20260911T130243.m	11	s	1455	0	-	63	os
SH_11_0_3081_20260911T130248.m	11	s	3081	0	-	64	os
SH_11_0_1561_20260911T130253.m	11	s	1561	0	-	65	os
SH_11_0_3081_20260911T130300.m	11	s	3081	0	-	66	os
SH_11_0_3081_20260911T130304.m	11	s	3081	0	-	67	os
SH_11_0_3081_20260911T130310.m	11	s	3081	0	-	68	os
SH_11_0_3081_20260911T130315.m	11	s	3081	0	-	69	os
SH_11_0_3081_20260911T130321.m	11	s	3081	0	-	70	os
SH_11_0_3081_20260911T130328.m	11	s	3081	0	-	71	os
SH_11_0_3081_20260911T130333.m	11	s	3081	0	-	72	os
SH_11_0_3081_20260911T130339.m	11	s	3081	0	-	73	os
SH_11_0_3081_20260911T130344.m	11	s	3081	0	-	74	os
SH_11_0_1561_20260911T130350.m	11	s	1561	0	-	75	os
SH_11_0_3081_20260911T130355.m	11	s	3081	0	-	76	os
SH_11_0_1561_20260911T130401.m	11	s	1561	0	-	77	os
SH_11_0_3081_20260911T130405.m	11	s	3081	0	-	78	os
SH_11_0_3081_20260911T130411.m	11	s	3081	0	-	79	os
SH_11_0_1561_20260911T130416.m	11	s	1561	0	-	80	os
SH_11_0_3081_20260911T130421.m	11	s	3081	0	-	81	os
SH_11_0_1561_20260911T130427.m	11	s	1561	0	-	82	os
SH_11_0_1561_20260911T130433.m	11	s	1561	0	-	83	os
SH_11_0_3081_20260911T130440.m	11	s	3081	0	-	84	os
SH_11_0_3081_20260911T130446.m	11	s	3081	0	-	85	os
SH_11_0_1457_20260911T130453.m	11	s	1457	0	-	86	os
SH_11_0_3081_20260911T130457.m	11	s	3081	0	-	87	os
SH_11_0_1457_20260911T130501.m	11	s	1457	0	-	88	os
SH_11_0_3081_20260911T130506.m	11	s	3081	0	-	89	os
SH_11_0_3081_20260911T130512.m	11	s	3081	0	-	90	os
SH_11_0_3081_20260911T130517.m	11	s	3081	0	-	91	os
SH_11_0_3081_20260911T130523.m	11	s	3081	0	-	92	os
SH_11_0_3081_20260911T130528.m	11	s	3081	0	-	93	os
SH_11_0_1457_20260911T130534.m	11	s	1457	0	-	94	os
SH_11_0_3081_20260911T130539.m	11	s	3081	0	-	95	os
SH_11_0_1457_20260911T130545.m	11	s	1457	0	-	96	os
SH_11_0_1457_20260911T130549.m	11	s	1457	0	-	97	os
SH_11_0_1561_20260911T130554.m	11	s	1561	0	-	98	os
SH_11_0_3081_20260911T130558.m	11	s	3081	0	-	99	os
SH_11_0_1561_20260911T130603.m	11	s	1561	0	-	100	os
SH_11_0_3081_20260911T130609.m	11	s	3081	0	-	101	os
SH_11_0_3081_20260911T130614.m	11	s	3081	0	-	102	os
SH_11_0_3081_20260911T130620.m	11	s	3081	0	-	103	os
SH_11_0_3081_20260911T130625.m	11	s	3081	0	-	104	os
SH_11_0_3081_20260911T130631.m	11	s	3081	0	-	105	os
SH_11_0_3081_20260911T130638.m	11	s	3081	0	-	106	os
SH_11_0_3081_20260911T130643.m	11	s	3081	0	-	107	os
SH_11_0_3081_20260911T130650.m	11	s	3081	0	-	108	os
SH_11_0_3081_20260911T130656.m	11	s	3081	0	-	109	os
SH_11_0_3081_20260911T130701.m	11	s	3081	0	-	110	os
SH_11_0_3081_20260911T130707.m	11	s	3081	0	-	111	os
SH_11_0_3081_20260911T130715.m	11	s	3081	0	-	112	os
SH_11_0_3081_20260911T130721.m	11	s	3081	0	-	113	os
SH_11_0_1561_20260911T130727.m	11	s	1561	0	-	114	os
SH_11_0_3081_20260911T130733.m	11	s	3081	0	-	115	os
SH_11_0_1561_20260911T130740.m	11	s	1561	0	-	116	os
SH_11_0_3081_20260911T130745.m	11	s	3081	0	-	117	os
SH_11_0_3081_20260911T130751.m	11	s	3081	0	-	118	os
SH_11_0_3081_20260911T130757.m	11	s	3081	0	-	119	os
SH_11_0_3081_20260911T130803.m	11	s	3081	0	-	120	os
SH_11_0_1561_20260911T130809.m	11	s	1561	0	-	121	os
SH_11_0_3081_20260911T130816.m	11	s	3081	0	-	122	os
SH_11_0_3081_20260911T130823.m	11	s	3081	0	-	123	os
SH_11_0_1561_20260911T130830.m	11	s	1561	0	-	124	os
SH_11_0_3081_20260911T130836.m	11	s	3081	0	-	125	os
SH_11_0_3081_20260911T130842.m	11	s	3081	0	-	126	os
SH_11_0_3081_20260911T130849.m	11	s	3081	0	-	127	os
SH_11_0_1457_20260911T130856.m	11	s	1457	0	-	128	os
SH_11_0_1457_20260911T130902.m	11	s	1457	0	-	129	os
SH_11_0_3081_20260911T130909.m	11	s	3081	0	-	130	os
SH_11_0_3081_20260911T130915.m	11	s	3081	0	-	131	os
SH_11_0_3081_20260911T130920.m	11	s	3081	0	-	132	os
SH_11_0_3081_20260911T130926.m	11	s	3081	0	-	133	os
SH_11_0_3081_20260911T130932.m	11	s	3081	0	-	134	os
SH_11_0_3081_20260911T130936.m	11	s	3081	0	-	135	os
SH_11_0_3081_20260911T130942.m	11	s	3081	0	-	136	os
SH_11_0_3081_20260911T130948.m	11	s	3081	0	-	137	os
SH_11_0_3081_20260911T130956.m	11	s	3081	0	-	138	os
SH_11_0_3081_20260911T131001.m	11	s	3081	0	-	139	os
SH_11_0_3081_20260911T131007.m	11	s	3081	0	-	140	os
SH_11_0_3081_20260911T131012.m	11	s	3081	0	-	141	os
SH_11_0_3081_20260911T131018.m	11	s	3081	0	-	142	os
SH_11_0_1457_20260911T131023.m	11	s	1457	0	-	143	os
SH_11_0_3081_20260911T131030.m	11	s	3081	0	-	144	os
SH_11_0_3081_20260911T131035.m	11	s	3081	0	-	145	os
SH_11_0_1457_20260911T131040.m	11	s	1457	0	-	146	os
SH_11_0_3081_20260911T131047.m	11	s	3081	0	-	147	os
SH_11_0_3081_20260911T131053.m	11	s	3081	0	-	148	os
SH_11_0_3081_20260911T131059.m	11	s	3081	0	-	149	os
SH_11_0_3081_20260911T131105.m	11	s	3081	0	-	150	os
SH_11_0_3081_20260911T131110.m	11	s	3081	0	-	151	os
SH_11_0_3081_20260911T131114.m	11	s	3081	0	-	152	os
SH_11_0_3081_20260911T131120.m	11	s	3081	0	-	153	os
SH_11_0_1457_20260911T131125.m	11	s	1457	0	-	154	os
SH_11_0_3081_20260911T131131.m	11	s	3081	0	-	155	os
SH_11_0_3081_20260911T131135.m	11	s	3081	0	-	156	os
SH_11_0_3081_20260911T131142.m	11	s	3081	0	-	157	os
SH_11_0_3081_20260911T131149.m	11	s	3081	0	-	158	os
SH_11_0_1561_20260911T131153.m	11	s	1561	0	-	159	os
SH_11_0_3081_20260911T131159.m	11	s	3081	0	-	160	os
SH_11_0_3081_20260911T131205.m	11	s	3081	0	-	161	os
SH_11_0_911_20260911T131210.m	11	s	911	0	-	162	os
SH_11_0_3081_20260911T131216.m	11	s	3081	0	-	163	os
SH_11_0_3081_20260911T131222.m	11	s	3081	0	-	164	os
SH_11_0_3081_20260911T131228.m	11	s	3081	0	-	165	os
SH_11_0_3081_20260911T131234.m	11	s	3081	0	-	166	os
SH_11_0_3081_20260911T131241.m	11	s	3081	0	-	167	os
SH_11_0_3081_20260911T131248.m	11	s	3081	0	-	168	os
SH_11_0_3081_20260911T131253.m	11	s	3081	0	-	169	os
SH_11_0_3081_20260911T131301.m	11	s	3081	0	-	170	os
SH_11_0_1457_20260911T131309.m	11	s	1457	0	-	171	os
SH_11_0_1561_20260911T131316.m	11	s	1561	0	-	172	os
SH_11_0_425_20260911T131323.m	11	s	425	0	-	173	os
SH_11_0_3081_20260911T131328.m	11	s	3081	0	-	174	os
SH_11_0_3081_20260911T131334.m	11	s	3081	0	-	175	os
SH_11_0_3081_20260911T131339.m	11	s	3081	0	-	176	os
SH_11_0_1561_20260911T131344.m	11	s	1561	0	-	177	os
SH_11_0_1561_20260911T131349.m	11	s	1561	0	-	178	os
SH_11_0_3081_20260911T131355.m	11	s	3081	0	-	179	os
SH_11_0_1561_20260911T131404.m	11	s	1561	0	-	180	os
SH_11_0_3081_20260911T131409.m	11	s	3081	0	-	181	os
SH_11_0_3081_20260911T131416.m	11	s	3081	0	-	182	os
SH_11_0_1561_20260911T131422.m	11	s	1561	0	-	183	os
SH_11_0_3081_20260911T131429.m	11	s	3081	0	-	184	os
SH_11_0_3081_20260911T131434.m	11	s	3081	0	-	185	os
SH_11_0_3081_20260911T131440.m	11	s	3081	0	-	186	os
SH_11_0_3081_20260911T131446.m	11	s	3081	0	-	187	os
SH_11_0_3081_20260911T131452.m	11	s	3081	0	-	188	os
SH_11_0_3081_20260911T131459.m	11	s	3081	0	-	189	os
SH_11_0_1561_20260911T131507.m	11	s	1561	0	-	190	os
SH_11_0_3081_20260911T131513.m	11	s	3081	0	-	191	os
SH_11_0_3081_20260911T131520.m	11	s	3081	0	-	192	os
SH_11_0_3081_20260911T131526.m	11	s	3081	0	-	193	os
SH_11_0_3081_20260911T131533.m	11	s	3081	0	-	194	os
SH_11_0_1561_20260911T131539.m	11	s	1561	0	-	195	os
SH_11_0_1561_20260911T131546.m	11	s	1561	0	-	196	os
SH_11_0_3081_20260911T131552.m	11	s	3081	0	-	197	os
SH_11_0_3081_20260911T131557.m	11	s	3081	0	-	198	os
SH_11_0_3081_20260911T131603.m	11	s	3081	0	-	199	os
SH_11_0_3081_20260911T131610.m	11	s	3081	0	-	200	os
SH_11_0_3081_20260911T131616.m	11	s	3081	0	-	201	os
SH_11_0_3081_20260911T131623.m	11	s	3081	0	-	202	os
SH_11_0_1457_20260911T131630.m	11	s	1457	0	-	203	os
SH_11_0_3081_20260911T131636.m	11	s	3081	0	-	204	os
SH_11_0_1457_20260911T131641.m	11	s	1457	0	-	205	os
SH_11_0_3081_20260911T131647.m	11	s	3081	0	-	206	os
SH_11_0_3081_20260911T131652.m	11	s	3081	0	-	207	os
SH_11_0_3081_20260911T131659.m	11	s	3081	0	-	208	os
SH_11_0_3081_20260911T131705.m	11	s	3081	0	-	209	os
SH_11_0_3081_20260911T131710.m	11	s	3081	0	-	210	os
SH_11_0_3081_20260911T131716.m	11	s	3081	0	-	211	os
SH_11_0_3081_20260911T131721.m	11	s	3081	0	-	212	os
SH_11_0_1561_20260911T131727.m	11	s	1561	0	-	213	os
SH_11_0_3081_20260911T131733.m	11	s	3081	0	-	214	os
SH_11_0_3081_20260911T131739.m	11	s	3081	0	-	215	os
SH_11_0_1561_20260911T131745.m	11	s	1561	0	-	216	os
SH_11_0_3081_20260911T131751.m	11	s	3081	0	-	217	os
SH_11_0_3081_20260911T131758.m	11	s	3081	0	-	218	os
SH_11_0_3081_20260911T131805.m	11	s	3081	0	-	219	os
SH_11_0_3081_20260911T131812.m	11	s	3081	0	-	220	os
SH_11_0_1561_20260911T131818.m	11	s	1561	0	-	221	os
SH_11_0_3081_20260911T131825.m	11	s	3081	0	-	222	os
SH_11_0_3081_20260911T131831.m	11	s	3081	0	-	223	os
SH_11_0_3081_20260911T131838.m	11	s	3081	0	-	224	os
SH_11_0_3081_20260911T131846.m	11	s	3081	0	-	225	os
SH_11_0_3081_20260911T131852.m	11	s	3081	0	-	226	os
SH_11_0_3081_20260911T131859.m	11	s	3081	0	-	227	os
SH_11_0_3081_20260911T131904.m	11	s	3081	0	-	228	os
SH_11_0_1561_20260911T131911.m	11	s	1561	0	-	229	os
SH_11_0_3081_20260911T131918.m	11	s	3081	0	-	230	os
SH_11_0_3081_20260911T131924.m	11	s	3081	0	-	231	os
SH_11_0_1561_20260911T131931.m	11	s	1561	0	-	232	os
SH_11_0_3081_20260911T131936.m	11	s	3081	0	-	233	os
SH_11_0_3081_20260911T131942.m	11	s	3081	0	-	234	os
SH_11_0_1561_20260911T131948.m	11	s	1561	0	-	235	os
SH_11_0_3081_20260911T131954.m	11	s	3081	0	-	236	os
SH_11_0_191_20260911T132001.m	11	s	191	0	-	237	os
SH_11_0_3081_20260911T132006.m	11	s	3081	0	-	238	os
SH_11_0_3081_20260911T132011.m	11	s	3081	0	-	239	os
SH_11_0_1561_20260911T132018.m	11	s	1561	0	-	240	os
SH_11_0_3081_20260911T132025.m	11	s	3081	0	-	241	os
SH_11_0_3081_20260911T132031.m	11	s	3081	0	-	242	os
SH_11_0_3081_20260911T132037.m	11	s	3081	0	-	243	os
SH_11_0_3081_20260911T132043.m	11	s	3081	0	-	244	os
SH_11_0_3081_20260911T132049.m	11	s	3081	0	-	245	os
SH_11_0_3081_20260911T132054.m	11	s	3081	0	-	246	os
SH_11_0_3081_20260911T132101.m	11	s	3081	0	-	247	os
SH_11_0_3081_20260911T132107.m	11	s	3081	0	-	248	os
SH_11_0_3081_20260911T132114.m	11	s	3081	0	-	249	os
SH_11_0_3081_20260911T132120.m	11	s	3081	0	-	250	os
SH_11_0_3081_20260911T132127.m	11	s	3081	0	-	251	os
SH_11_0_3081_20260911T132134.m	11	s	3081	0	-	252	os
SH_11_0_3081_20260911T132139.m	11	s	3081	0	-	253	os
SH_11_0_3081_20260911T132146.m	11	s	3081	0	-	254	os
SH_11_0_3081_20260911T132152.m	11	s	3081	0	-	255	os
SH_11_0_3081_20260911T132200.m	11	s	3081	0	-	256	os
SH_11_0_3081_20260911T132207.m	11	s	3081	0	-	257	os
SH_11_0_1561_20260911T132214.m	11	s	1561	0	-	258	os
SH_11_0_3081_20260911T132222.m	11	s	3081	0	-	259	os
SH_11_0_3081_20260911T132229.m	11	s	3081	0	-	260	os
SH_11_0_3081_20260911T132236.m	11	s	3081	0	-	261	os
SH_11_0_3081_20260911T132243.m	11	s	3081	0	-	262	os
SH_11_0_3081_20260911T132249.m	11	s	3081	0	-	263	os
SH_11_0_3081_20260911T132256.m	11	s	3081	0	-	264	os
SH_11_0_3081_20260911T132303.m	11	s	3081	0	-	265	os
SH_11_0_3081_20260911T132310.m	11	s	3081	0	-	266	os
SH_11_0_3081_20260911T132317.m	11	s	3081	0	-	267	os
SH_11_0_1457_20260911T132326.m	11	s	1457	0	-	268	os
SH_11_0_1457_20260911T132333.m	11	s	1457	0	-	269	os
SH_11_0_10_20260911T132340.m	11	s	10	0	-	270	os
SH_11_0_1561_20260911T132347.m	11	s	1561	0	-	271	os
SH_11_0_3081_20260911T132354.m	11	s	3081	0	-	272	os
SH_11_0_3081_20260911T132401.m	11	s	3081	0	-	273	os
SH_11_0_1457_20260911T132407.m	11	s	1457	0	-	274	os
SH_11_0_3081_20260911T132414.m	11	s	3081	0	-	275	os
SH_11_0_751_20260911T132420.m	11	s	751	0	-	276	os
SH_11_0_3081_20260911T132428.m	11	s	3081	0	-	277	os
SH_11_0_1457_20260911T132435.m	11	s	1457	0	-	278	os
SH_11_0_3081_20260911T132440.m	11	s	3081	0	-	279	os
SH_11_0_3081_20260911T132447.m	11	s	3081	0	-	280	os
SH_11_0_3081_20260911T132453.m	11	s	3081	0	-	281	os
SH_11_0_3081_20260911T132500.m	11	s	3081	0	-	282	os
SH_11_0_3081_20260911T132506.m	11	s	3081	0	-	283	os
SH_11_0_1561_20260911T132511.m	11	s	1561	0	-	284	os
SH_11_0_3081_20260911T132518.m	11	s	3081	0	-	285	os
SH_11_0_3081_20260911T132522.m	11	s	3081	0	-	286	os
SH_11_0_3081_20260911T132529.m	11	s	3081	0	-	287	os
SH_11_0_10_20260911T132535.m	11	s	10	0	-	288	os
SH_11_0_63_20260911T132541.m	11	s	63	0	-	289	os
SH_11_0_3081_20260911T132547.m	11	s	3081	0	-	290	os
SH_11_0_1561_20260911T132553.m	11	s	1561	0	-	291	os
SH_11_0_1457_20260911T132559.m	11	s	1457	0	-	292	os
SH_11_0_3081_20260911T132607.m	11	s	3081	0	-	293	os
SH_11_0_3081_20260911T132614.m	11	s	3081	0	-	294	os
SH_11_0_3081_20260911T132619.m	11	s	3081	0	-	295	os
SH_11_0_3081_20260911T132626.m	11	s	3081	0	-	296	os
SH_11_0_3081_20260911T132634.m	11	s	3081	0	-	297	os
SH_11_0_3081_20260911T132641.m	11	s	3081	0	-	298	os
SH_11_0_3081_20260911T132647.m	11	s	3081	0	-	299	os
SH_11_0_3081_20260911T132655.m	11	s	3081	0	-	300	os
SH_11_0_3081_20260911T132702.m	11	s	3081	0	-	301	os
SH_11_0_1457_20260911T132709.m	11	s	1457	0	-	302	os
SH_11_0_3081_20260911T132717.m	11	s	3081	0	-	303	os
SH_11_0_3081_20260911T132723.m	11	s	3081	0	-	304	os
SH_11_0_3081_20260911T132729.m	11	s	3081	0	-	305	os
SH_11_0_3081_20260911T132736.m	11	s	3081	0	-	306	os
SH_11_0_3081_20260911T132744.m	11	s	3081	0	-	307	os
SH_11_0_3081_20260911T132752.m	11	s	3081	0	-	308	os
SH_11_0_3081_20260911T132757.m	11	s	3081	0	-	309	os
SH_11_0_3081_20260911T132805.m	11	s	3081	0	-	310	os
SH_11_0_3081_20260911T132812.m	11	s	3081	0	-	311	os
SH_11_0_3081_20260911T132819.m	11	s	3081	0	-	312	os
SH_11_0_3081_20260911T132826.m	11	s	3081	0	-	313	os
SH_11_0_3081_20260911T132834.m	11	s	3081	0	-	314	os
SH_11_0_3081_20260911T132841.m	11	s	3081	0	-	315	os
SH_11_0_1561_20260911T132848.m	11	s	1561	0	-	316	os
SH_11_0_3081_20260911T132855.m	11	s	3081	0	-	317	os
SH_11_0_3081_20260911T132901.m	11	s	3081	0	-	318	os
SH_11_0_3081_20260911T132907.m	11	s	3081	0	-	319	os
SH_11_0_3081_20260911T132915.m	11	s	3081	0	-	320	os
SH_11_0_3081_20260911T132921.m	11	s	3081	0	-	321	os
SH_11_0_1561_20260911T132929.m	11	s	1561	0	-	322	os
SH_11_0_3081_20260911T132934.m	11	s	3081	0	-	323	os
SH_11_0_3081_20260911T132941.m	11	s	3081	0	-	324	os
SH_11_0_1457_20260911T132947.m	11	s	1457	0	-	325	os
SH_11_0_3081_20260911T132955.m	11	s	3081	0	-	326	os
SH_11_0_3081_20260911T133002.m	11	s	3081	0	-	327	os
SH_11_0_3081_20260911T133008.m	11	s	3081	0	-	328	os
SH_11_0_3081_20260911T133014.m	11	s	3081	0	-	329	os
SH_11_0_3081_20260911T133022.m	11	s	3081	0	-	330	os
SH_11_0_3081_20260911T133029.m	11	s	3081	0	-	331	os
SH_11_0_3081_20260911T133037.m	11	s	3081	0	-	332	os
SH_11_0_3081_20260911T133043.m	11	s	3081	0	-	333	os
SH_11_0_3081_20260911T133052.m	11	s	3081	0	-	334	os
SH_11_0_1561_20260911T133101.m	11	s	1561	0	-	335	os
SH_11_0_3081_20260911T133108.m	11	s	3081	0	-	336	os
SH_11_0_3081_20260911T133115.m	11	s	3081	0	-	337	os
SH_11_0_3081_20260911T133123.m	11	s	3081	0	-	338	os
SH_11_0_3081_20260911T133130.m	11	s	3081	0	-	339	os
SH_11_0_3081_20260911T133138.m	11	s	3081	0	-	340	os
SH_11_0_3081_20260911T133145.m	11	s	3081	0	-	341	os
SH_11_0_3081_20260911T133150.m	11	s	3081	0	-	342	os
SH_11_0_3081_20260911T133156.m	11	s	3081	0	-	343	os
SH_11_0_3081_20260911T133204.m	11	s	3081	0	-	344	os
SH_11_0_3081_20260911T133212.m	11	s	3081	0	-	345	os
SH_11_0_1561_20260911T133219.m	11	s	1561	0	-	346	os
SH_11_0_3081_20260911T133225.m	11	s	3081	0	-	347	os
SH_11_0_1561_20260911T133233.m	11	s	1561	0	-	348	os
SH_11_0_3081_20260911T133240.m	11	s	3081	0	-	349	os
SH_11_0_3081_20260911T133247.m	11	s	3081	0	-	350	os
SH_11_0_3081_20260911T133253.m	11	s	3081	0	-	351	os
SH_11_0_3081_20260911T133300.m	11	s	3081	0	-	352	os
SH_11_0_3081_20260911T133306.m	11	s	3081	0	-	353	os
SH_11_0_3081_20260911T133311.m	11	s	3081	0	-	354	os
SH_11_0_3081_20260911T133317.m	11	s	3081	0	-	355	os
SH_11_0_3081_20260911T133323.m	11	s	3081	0	-	356	os
SH_11_0_1561_20260911T133329.m	11	s	1561	0	-	357	os
SH_11_0_3081_20260911T133336.m	11	s	3081	0	-	358	os
SH_11_0_3081_20260911T133343.m	11	s	3081	0	-	359	os
SH_11_0_1561_20260911T133350.m	11	s	1561	0	-	360	os
SH_11_0_1561_20260911T133358.m	11	s	1561	0	-	361	os
SH_11_0_3081_20260911T133404.m	11	s	3081	0	-	362	os
SH_11_0_1561_20260911T133410.m	11	s	1561	0	-	363	os
SH_11_0_3081_20260911T133417.m	11	s	3081	0	-	364	os
SH_11_0_3081_20260911T133425.m	11	s	3081	0	-	365	os
SH_11_0_3081_20260911T133430.m	11	s	3081	0	-	366	os
SH_11_0_3081_20260911T133438.m	11	s	3081	0	-	367	os
SH_11_0_3081_20260911T133444.m	11	s	3081	0	-	368	os
SH_11_0_3081_20260911T133451.m	11	s	3081	0	-	369	os
SH_11_0_3081_20260911T133458.m	11	s	3081	0	-	370	os
SH_11_0_3081_20260911T133506.m	11	s	3081	0	-	371	os
SH_11_0_3081_20260911T133512.m	11	s	3081	0	-	372	os
SH_11_0_1561_20260911T133519.m	11	s	1561	0	-	373	os
SH_11_0_3081_20260911T133525.m	11	s	3081	0	-	374	os
SH_11_0_3081_20260911T133531.m	11	s	3081	0	-	375	os
SH_11_0_3081_20260911T133536.m	11	s	3081	0	-	376	os
SH_11_0_3081_20260911T133544.m	11	s	3081	0	-	377	os
SH_11_0_3081_20260911T133550.m	11	s	3081	0	-	378	os
SH_11_0_3081_20260911T133559.m	11	s	3081	0	-	379	os
SH_11_0_3081_20260911T133604.m	11	s	3081	0	-	380	os
SH_11_0_3081_20260911T133610.m	11	s	3081	0	-	381	os
SH_11_0_911_20260911T133615.m	11	s	911	0	-	382	os
SH_11_0_3081_20260911T133621.m	11	s	3081	0	-	383	os
SH_11_0_1561_20260911T133626.m	11	s	1561	0	-	384	os
SH_11_0_1561_20260911T133633.m	11	s	1561	0	-	385	os
SH_11_0_3081_20260911T133639.m	11	s	3081	0	-	386	os
SH_11_0_3081_20260911T133646.m	11	s	3081	0	-	387	os
SH_11_0_3081_20260911T133653.m	11	s	3081	0	-	388	os
SH_11_0_3081_20260911T133700.m	11	s	3081	0	-	389	os
SH_11_0_3081_20260911T133707.m	11	s	3081	0	-	390	os
SH_11_0_3081_20260911T133713.m	11	s	3081	0	-	391	os
SH_11_0_1561_20260911T133720.m	11	s	1561	0	-	392	os
SH_11_0_3081_20260911T133726.m	11	s	3081	0	-	393	os
SH_11_0_3081_20260911T133733.m	11	s	3081	0	-	394	os
SH_11_0_1561_20260911T133739.m	11	s	1561	0	-	395	os
SH_11_0_3081_20260911T133747.m	11	s	3081	0	-	396	os
SH_11_0_1561_20260911T133754.m	11	s	1561	0	-	397	os
SH_11_0_1561_20260911T133802.m	11	s	1561	0	-	398	os
SH_11_0_3081_20260911T133808.m	11	s	3081	0	-	399	os
SH_11_0_3081_20260911T133816.m	11	s	3081	0	-	400	os
SH_11_0_1457_20260911T133822.m	11	s	1457	0	-	401	os
SH_11_0_3081_20260911T133831.m	11	s	3081	0	-	402	os
SH_11_0_3081_20260911T133838.m	11	s	3081	0	-	403	os
SH_11_0_3081_20260911T133843.m	11	s	3081	0	-	404	os
SH_11_0_3081_20260911T133849.m	11	s	3081	0	-	405	os
SH_11_0_3081_20260911T133858.m	11	s	3081	0	-	406	os
SH_11_0_3081_20260911T133904.m	11	s	3081	0	-	407	os
SH_11_0_3081_20260911T133911.m	11	s	3081	0	-	408	os
SH_11_0_3081_20260911T133918.m	11	s	3081	0	-	409	os
SH_11_0_3079_20260911T133925.m	11	s	3079	0	-	410	os
SH_11_0_3081_20260911T133932.m	11	s	3081	0	-	411	os
SH_11_0_3081_20260911T133938.m	11	s	3081	0	-	412	os
SH_11_0_3081_20260911T133944.m	11	s	3081	0	-	413	os
SH_11_0_3081_20260911T133952.m	11	s	3081	0	-	414	os
SH_11_0_3081_20260911T133959.m	11	s	3081	0	-	415	os
SH_11_0_3081_20260911T134005.m	11	s	3081	0	-	416	os
SH_11_0_3081_20260911T134012.m	11	s	3081	0	-	417	os
SH_11_0_3081_20260911T134019.m	11	s	3081	0	-	418	os
SH_11_0_1561_20260911T134026.m	11	s	1561	0	-	419	os
SH_11_0_1561_20260911T134033.m	11	s	1561	0	-	420	os
SH_11_0_3081_20260911T134040.m	11	s	3081	0	-	421	os
SH_11_0_3081_20260911T134047.m	11	s	3081	0	-	422	os
SH_11_0_3081_20260911T134055.m	11	s	3081	0	-	423	os
SH_11_0_3081_20260911T134101.m	11	s	3081	0	-	424	os
SH_11_0_3081_20260911T134108.m	11	s	3081	0	-	425	os
SH_11_0_3081_20260911T134115.m	11	s	3081	0	-	426	os
SH_11_0_3081_20260911T134122.m	11	s	3081	0	-	427	os
SH_11_0_3081_20260911T134128.m	11	s	3081	0	-	428	os
SH_11_0_1457_20260911T134133.m	11	s	1457	0	-	429	os
SH_11_0_1561_20260911T134141.m	11	s	1561	0	-	430	os
SH_11_0_3081_20260911T134148.m	11	s	3081	0	-	431	os
SH_11_0_3081_20260911T134156.m	11	s	3081	0	-	432	os
SH_11_0_3081_20260911T134201.m	11	s	3081	0	-	433	os
SH_11_0_3081_20260911T134208.m	11	s	3081	0	-	434	os
SH_11_0_3081_20260911T134216.m	11	s	3081	0	-	435	os
SH_11_0_3081_20260911T134221.m	11	s	3081	0	-	436	os
SH_11_0_3081_20260911T134227.m	11	s	3081	0	-	437	os
SH_11_0_3081_20260911T134234.m	11	s	3081	0	-	438	os
SH_11_0_3081_20260911T134240.m	11	s	3081	0	-	439	os
SH_11_0_3081_20260911T134249.m	11	s	3081	0	-	440	os
SH_11_0_3081_20260911T134256.m	11	s	3081	0	-	441	os
SH_11_0_3081_20260911T134304.m	11	s	3081	0	-	442	os
SH_11_0_3081_20260911T134309.m	11	s	3081	0	-	443	os
SH_11_0_3081_20260911T134317.m	11	s	3081	0	-	444	os
SH_11_0_3081_20260911T134323.m	11	s	3081	0	-	445	os
SH_11_0_3081_20260911T134331.m	11	s	3081	0	-	446	os
SH_11_0_3081_20260911T134339.m	11	s	3081	0	-	447	os
SH_11_0_3081_20260911T134346.m	11	s	3081	0	-	448	os
SH_11_0_1561_20260911T134352.m	11	s	1561	0	-	449	os
SH_11_0_3081_20260911T134359.m	11	s	3081	0	-	450	os
SH_11_0_3081_20260911T134405.m	11	s	3081	0	-	451	os
SH_11_0_3081_20260911T134412.m	11	s	3081	0	-	452	os
SH_11_0_3081_20260911T134418.m	11	s	3081	0	-	453	os
SH_11_0_3081_20260911T134424.m	11	s	3081	0	-	454	os
SH_11_0_3081_20260911T134430.m	11	s	3081	0	-	455	os
SH_11_0_3081_20260911T134438.m	11	s	3081	0	-	456	os
SH_11_0_3081_20260911T134445.m	11	s	3081	0	-	457	os
SH_11_0_3081_20260911T134451.m	11	s	3081	0	-	458	os
SH_11_0_3081_20260911T134459.m	11	s	3081	0	-	459	os
SH_11_0_3081_20260911T134506.m	11	s	3081	0	-	460	os
SH_11_0_3081_20260911T134514.m	11	s	3081	0	-	461	os
SH_11_0_425_20260911T134520.m	11	s	425	0	-	462	os
SH_11_0_3081_20260911T134526.m	11	s	3081	0	-	463	os
SH_11_0_3081_20260911T134533.m	11	s	3081	0	-	464	os
SH_11_0_1561_20260911T134539.m	11	s	1561	0	-	465	os
SH_11_0_3081_20260911T134546.m	11	s	3081	0	-	466	os
SH_11_0_3081_20260911T134554.m	11	s	3081	0	-	467	os
SH_11_0_1457_20260911T134601.m	11	s	1457	0	-	468	os
SH_11_0_3081_20260911T134607.m	11	s	3081	0	-	469	os
SH_11_0_1457_20260911T134615.m	11	s	1457	0	-	470	os
SH_11_0_3081_20260911T134621.m	11	s	3081	0	-	471	os
SH_11_0_3081_20260911T134629.m	11	s	3081	0	-	472	os
SH_11_0_3081_20260911T134638.m	11	s	3081	0	-	473	os
SH_11_0_1457_20260911T134643.m	11	s	1457	0	-	474	os
SH_11_0_3081_20260911T134650.m	11	s	3081	0	-	475	os
SH_11_0_3081_20260911T134656.m	11	s	3081	0	-	476	os
SH_11_0_1561_20260911T134705.m	11	s	1561	0	-	477	os
SH_11_0_1457_20260911T134711.m	11	s	1457	0	-	478	os
SH_11_0_3081_20260911T134717.m	11	s	3081	0	-	479	os
SH_11_0_3081_20260911T134725.m	11	s	3081	0	-	480	os
SH_11_0_3081_20260911T134733.m	11	s	3081	0	-	481	os
SH_11_0_3081_20260911T134738.m	11	s	3081	0	-	482	os
SH_11_0_3081_20260911T134744.m	11	s	3081	0	-	483	os
SH_11_0_1561_20260911T134753.m	11	s	1561	0	-	484	os
SH_11_0_1457_20260911T134800.m	11	s	1457	0	-	485	os
SH_11_0_3081_20260911T134806.m	11	s	3081	0	-	486	os
SH_11_0_3081_20260911T134814.m	11	s	3081	0	-	487	os
SH_11_0_3081_20260911T134821.m	11	s	3081	0	-	488	os
SH_11_0_3081_20260911T134829.m	11	s	3081	0	-	489	os
SH_11_0_1561_20260911T134835.m	11	s	1561	0	-	490	os
SH_11_0_1457_20260911T134841.m	11	s	1457	0	-	491	os
SH_11_0_3081_20260911T134848.m	11	s	3081	0	-	492	os
SH_11_0_1457_20260911T134856.m	11	s	1457	0	-	493	os
SH_11_0_3081_20260911T134903.m	11	s	3081	0	-	494	os
SH_11_0_3081_20260911T134908.m	11	s	3081	0	-	495	os
SH_11_0_3081_20260911T134914.m	11	s	3081	0	-	496	os
SH_11_0_3081_20260911T134921.m	11	s	3081	0	-	497	os
SH_11_0_3081_20260911T134927.m	11	s	3081	0	-	498	os
SH_11_0_1561_20260911T134935.m	11	s	1561	0	-	499	os
SH_11_0_3081_20260911T134941.m	11	s	3081	0	-	500	os
SH_11_0_3081_20260911T134947.m	11	s	3081	0	-	501	os
SH_11_0_3081_20260911T134952.m	11	s	3081	0	-	502	os
SH_11_0_3081_20260911T134958.m	11	s	3081	0	-	503	os
SH_11_0_3081_20260911T135004.m	11	s	3081	0	-	504	os
SH_11_0_3081_20260911T135011.m	11	s	3081	0	-	505	os
SH_11_0_3081_20260911T135017.m	11	s	3081	0	-	506	os
SH_11_0_3081_20260911T135023.m	11	s	3081	0	-	507	os
SH_11_0_3081_20260911T135030.m	11	s	3081	0	-	508	os
SH_11_0_3081_20260911T135037.m	11	s	3081	0	-	509	os
SH_11_0_3081_20260911T135043.m	11	s	3081	0	-	510	os
SH_11_0_3081_20260911T135051.m	11	s	3081	0	-	511	os
SH_11_0_3081_20260911T135058.m	11	s	3081	0	-	512	os
SH_11_0_3081_20260911T135104.m	11	s	3081	0	-	513	os
SH_11_0_3081_20260911T135111.m	11	s	3081	0	-	514	os
SH_11_0_3081_20260911T135116.m	11	s	3081	0	-	515	os
SH_11_0_3081_20260911T135122.m	11	s	3081	0	-	516	os
SH_11_0_3081_20260911T135128.m	11	s	3081	0	-	517	os
SH_11_0_3081_20260911T135135.m	11	s	3081	0	-	518	os
SH_11_0_3081_20260911T135143.m	11	s	3081	0	-	519	os
SH_11_0_3081_20260911T135148.m	11	s	3081	0	-	520	os
SH_11_0_3081_20260911T135155.m	11	s	3081	0	-	521	os
SH_11_0_3081_20260911T135201.m	11	s	3081	0	-	522	os
SH_11_0_1457_20260911T135207.m	11	s	1457	0	-	523	os
SH_11_0_3081_20260911T135212.m	11	s	3081	0	-	524	os
SH_11_0_3081_20260911T135219.m	11	s	3081	0	-	525	os
SH_11_0_3081_20260911T135226.m	11	s	3081	0	-	526	os
SH_11_0_3081_20260911T135232.m	11	s	3081	0	-	527	os
SH_11_0_3081_20260911T135239.m	11	s	3081	0	-	528	os
SH_11_0_3081_20260911T135245.m	11	s	3081	0	-	529	os
SH_11_0_3081_20260911T135251.m	11	s	3081	0	-	530	os
SH_11_0_1561_20260911T135300.m	11	s	1561	0	-	531	os
SH_11_0_1457_20260911T135307.m	11	s	1457	0	-	532	os
SH_11_0_1457_20260911T135313.m	11	s	1457	0	-	533	os
SH_11_0_3081_20260911T135321.m	11	s	3081	0	-	534	os
SH_11_0_3081_20260911T135328.m	11	s	3081	0	-	535	os
SH_11_0_323_20260911T135335.m	11	s	323	0	-	536	os
SH_11_0_3081_20260911T135343.m	11	s	3081	0	-	537	os
SH_11_0_3081_20260911T135351.m	11	s	3081	0	-	538	os
SH_11_0_3081_20260911T135358.m	11	s	3081	0	-	539	os
SH_11_0_1561_20260911T135405.m	11	s	1561	0	-	540	os
SH_11_0_745_20260911T135411.m	11	s	745	0	-	541	os
SH_11_0_3081_20260911T135418.m	11	s	3081	0	-	542	os
SH_11_0_3081_20260911T135426.m	11	s	3081	0	-	543	os
SH_11_0_3081_20260911T135432.m	11	s	3081	0	-	544	os
SH_11_0_975_20260911T135439.m	11	s	975	0	-	545	os
SH_11_0_3081_20260911T135447.m	11	s	3081	0	-	546	os
SH_11_0_1561_20260911T135454.m	11	s	1561	0	-	547	os
SH_11_0_1561_20260911T135459.m	11	s	1561	0	-	548	os
SH_11_0_751_20260911T135505.m	11	s	751	0	-	549	os
SH_11_0_3081_20260911T135513.m	11	s	3081	0	-	550	os
SH_11_0_3081_20260911T135520.m	11	s	3081	0	-	551	os
SH_11_0_3081_20260911T135527.m	11	s	3081	0	-	552	os
SH_11_0_3081_20260911T135533.m	11	s	3081	0	-	553	os
SH_11_0_3081_20260911T135540.m	11	s	3081	0	-	554	os
SH_11_0_3081_20260911T135546.m	11	s	3081	0	-	555	os
SH_11_0_1561_20260911T135554.m	11	s	1561	0	-	556	os
SH_11_0_3081_20260911T135601.m	11	s	3081	0	-	557	os
SH_11_0_3081_20260911T135608.m	11	s	3081	0	-	558	os
SH_11_0_3081_20260911T135613.m	11	s	3081	0	-	559	os
SH_11_0_1561_20260911T135621.m	11	s	1561	0	-	560	os
SH_11_0_3081_20260911T135628.m	11	s	3081	0	-	561	os
SH_11_0_3081_20260911T135634.m	11	s	3081	0	-	562	os
SH_11_0_3081_20260911T135642.m	11	s	3081	0	-	563	os
SH_11_0_3081_20260911T135648.m	11	s	3081	0	-	564	os
SH_11_0_3081_20260911T135655.m	11	s	3081	0	-	565	os
SH_11_0_3081_20260911T135701.m	11	s	3081	0	-	566	os
SH_11_0_3081_20260911T135708.m	11	s	3081	0	-	567	os
SH_11_0_3081_20260911T135714.m	11	s	3081	0	-	568	os
SH_11_0_3081_20260911T135721.m	11	s	3081	0	-	569	os
SH_11_0_3081_20260911T135728.m	11	s	3081	0	-	570	os
SH_11_0_3081_20260911T135734.m	11	s	3081	0	-	571	os
SH_11_0_3081_20260911T135740.m	11	s	3081	0	-	572	os
SH_11_0_3081_20260911T135747.m	11	s	3081	0	-	573	os
SH_11_0_10_20260911T135753.m	11	s	10	0	-	574	os
SH_11_0_3081_20260911T135802.m	11	s	3081	0	-	575	os
SH_11_0_1561_20260911T135809.m	11	s	1561	0	-	576	os
SH_11_0_3081_20260911T135815.m	11	s	3081	0	-	577	os
SH_11_0_3081_20260911T135820.m	11	s	3081	0	-	578	os
SH_11_0_3081_20260911T135827.m	11	s	3081	0	-	579	os
SH_11_0_1561_20260911T135833.m	11	s	1561	0	-	580	os
SH_11_0_3081_20260911T135839.m	11	s	3081	0	-	581	os
SH_11_0_1457_20260911T135845.m	11	s	1457	0	-	582	os
SH_11_0_1561_20260911T135850.m	11	s	1561	0	-	583	os
SH_11_0_3081_20260911T135856.m	11	s	3081	0	-	584	os
SH_11_0_3081_20260911T135905.m	11	s	3081	0	-	585	os
SH_11_0_3081_20260911T135909.m	11	s	3081	0	-	586	os
SH_11_0_3081_20260911T135915.m	11	s	3081	0	-	587	os
SH_11_0_751_20260911T135921.m	11	s	751	0	-	588	os
SH_11_0_1561_20260911T135926.m	11	s	1561	0	-	589	os
SH_11_0_1457_20260911T135932.m	11	s	1457	0	-	590	os
SH_11_0_3081_20260911T135937.m	11	s	3081	0	-	591	os
SH_11_0_3081_20260911T135946.m	11	s	3081	0	-	592	os
SH_11_0_3081_20260911T135953.m	11	s	3081	0	-	593	os
SH_11_0_3081_20260911T135959.m	11	s	3081	0	-	594	os
SH_11_0_1457_20260911T140005.m	11	s	1457	0	-	595	os
SH_11_0_3081_20260911T140010.m	11	s	3081	0	-	596	os
SH_11_0_3081_20260911T140017.m	11	s	3081	0	-	597	os
SH_11_0_3081_20260911T140022.m	11	s	3081	0	-	598	os
SH_11_0_3081_20260911T140030.m	11	s	3081	0	-	599	os
SH_11_0_3081_20260911T140036.m	11	s	3081	0	-	600	os
SH_11_0_3081_20260911T140042.m	11	s	3081	0	-	601	os
SH_11_0_3081_20260911T140050.m	11	s	3081	0	-	602	os
SH_11_0_3081_20260911T140056.m	11	s	3081	0	-	603	os
SH_11_0_3081_20260911T140104.m	11	s	3081	0	-	604	os
SH_11_0_3081_20260911T140109.m	11	s	3081	0	-	605	os
SH_11_0_3081_20260911T140116.m	11	s	3081	0	-	606	os
SH_11_0_3081_20260911T140122.m	11	s	3081	0	-	607	os
SH_11_0_1561_20260911T140128.m	11	s	1561	0	-	608	os
SH_11_0_1457_20260911T140135.m	11	s	1457	0	-	609	os
SH_11_0_3081_20260911T140143.m	11	s	3081	0	-	610	os
SH_11_0_3081_20260911T140150.m	11	s	3081	0	-	611	os
SH_11_0_3081_20260911T140157.m	11	s	3081	0	-	612	os
SH_11_0_1561_20260911T140203.m	11	s	1561	0	-	613	os
SH_11_0_1561_20260911T140211.m	11	s	1561	0	-	614	os
SH_11_0_3081_20260911T140218.m	11	s	3081	0	-	615	os
SH_11_0_3081_20260911T140225.m	11	s	3081	0	-	616	os
SH_11_0_3081_20260911T140231.m	11	s	3081	0	-	617	os
SH_11_0_3081_20260911T140238.m	11	s	3081	0	-	618	os
SH_11_0_3081_20260911T140247.m	11	s	3081	0	-	619	os
SH_11_0_3081_20260911T140253.m	11	s	3081	0	-	620	os
SH_11_0_3081_20260911T140259.m	11	s	3081	0	-	621	os
SH_11_0_3081_20260911T140307.m	11	s	3081	0	-	622	os
SH_11_0_3081_20260911T140314.m	11	s	3081	0	-	623	os
SH_11_0_3081_20260911T140321.m	11	s	3081	0	-	624	os
SH_11_0_1561_20260911T140326.m	11	s	1561	0	-	625	os
SH_11_0_1561_20260911T140332.m	11	s	1561	0	-	626	os
SH_11_0_3081_20260911T140338.m	11	s	3081	0	-	627	os
SH_11_0_3081_20260911T140345.m	11	s	3081	0	-	628	os
SH_11_0_3081_20260911T140352.m	11	s	3081	0	-	629	os
SH_11_0_3081_20260911T140358.m	11	s	3081	0	-	630	os
SH_11_0_1561_20260911T140405.m	11	s	1561	0	-	631	os
SH_11_0_3081_20260911T140411.m	11	s	3081	0	-	632	os
SH_11_0_3081_20260911T140417.m	11	s	3081	0	-	633	os
SH_11_0_425_20260911T140424.m	11	s	425	0	-	634	os
SH_11_0_3081_20260911T140430.m	11	s	3081	0	-	635	os
SH_11_0_3081_20260911T140436.m	11	s	3081	0	-	636	os
SH_11_0_3081_20260911T140445.m	11	s	3081	0	-	637	os
SH_11_0_3081_20260911T140452.m	11	s	3081	0	-	638	os
SH_11_0_1457_20260911T140457.m	11	s	1457	0	-	639	os
SH_11_0_3081_20260911T140503.m	11	s	3081	0	-	640	os
SH_11_0_3081_20260911T140510.m	11	s	3081	0	-	641	os
SH_11_0_1561_20260911T140516.m	11	s	1561	0	-	642	os
SH_11_0_3081_20260911T140522.m	11	s	3081	0	-	643	os
SH_11_0_3081_20260911T140528.m	11	s	3081	0	-	644	os
SH_11_0_3081_20260911T140534.m	11	s	3081	0	-	645	os
SH_11_0_3081_20260911T140540.m	11	s	3081	0	-	646	os
SH_11_0_3081_20260911T140546.m	11	s	3081	0	-	647	os
SH_11_0_3081_20260911T140551.m	11	s	3081	0	-	648	os
SH_11_0_1561_20260911T140557.m	11	s	1561	0	-	649	os
SH_11_0_1457_20260911T140604.m	11	s	1457	0	-	650	os
SH_11_0_3081_20260911T140610.m	11	s	3081	0	-	651	os
SH_11_0_3081_20260911T140618.m	11	s	3081	0	-	652	os
SH_11_0_3081_20260911T140626.m	11	s	3081	0	-	653	os
SH_11_0_3081_20260911T140630.m	11	s	3081	0	-	654	os
SH_11_0_3081_20260911T140635.m	11	s	3081	0	-	655	os
SH_11_0_1561_20260911T140643.m	11	s	1561	0	-	656	os
SH_11_0_3081_20260911T140648.m	11	s	3081	0	-	657	os
SH_11_0_3081_20260911T140654.m	11	s	3081	0	-	658	os
SH_11_0_3081_20260911T140701.m	11	s	3081	0	-	659	os
SH_11_0_1457_20260911T140709.m	11	s	1457	0	-	660	os
SH_11_0_3081_20260911T140714.m	11	s	3081	0	-	661	os
SH_11_0_1561_20260911T140718.m	11	s	1561	0	-	662	os
SH_11_0_3081_20260911T140725.m	11	s	3081	0	-	663	os
SH_11_0_1457_20260911T140731.m	11	s	1457	0	-	664	os
SH_11_0_3081_20260911T140738.m	11	s	3081	0	-	665	os
SH_11_0_3081_20260911T140742.m	11	s	3081	0	-	666	os
SH_11_0_3081_20260911T140749.m	11	s	3081	0	-	667	os
SH_11_0_3081_20260911T140757.m	11	s	3081	0	-	668	os
SH_11_0_3081_20260911T140802.m	11	s	3081	0	-	669	os
SH_11_0_3081_20260911T140811.m	11	s	3081	0	-	670	os
SH_11_0_1561_20260911T140817.m	11	s	1561	0	-	671	os
SH_11_0_3081_20260911T140823.m	11	s	3081	0	-	672	os
SH_11_0_3081_20260911T140828.m	11	s	3081	0	-	673	os
SH_11_0_1561_20260911T140835.m	11	s	1561	0	-	674	os
SH_11_0_3081_20260911T140842.m	11	s	3081	0	-	675	os
SH_11_0_3081_20260911T140848.m	11	s	3081	0	-	676	os
SH_11_0_3081_20260911T140852.m	11	s	3081	0	-	677	os
SH_11_0_3081_20260911T140900.m	11	s	3081	0	-	678	os
SH_11_0_3081_20260911T140907.m	11	s	3081	0	-	679	os
SH_11_0_745_20260911T140913.m	11	s	745	0	-	680	os
SH_11_0_3081_20260911T140919.m	11	s	3081	0	-	681	os
SH_11_0_3081_20260911T140926.m	11	s	3081	0	-	682	os
SH_11_0_3081_20260911T140932.m	11	s	3081	0	-	683	os
SH_11_0_1561_20260911T140938.m	11	s	1561	0	-	684	os
SH_11_0_3081_20260911T140945.m	11	s	3081	0	-	685	os
SH_11_0_3081_20260911T140951.m	11	s	3081	0	-	686	os
SH_11_0_3081_20260911T140956.m	11	s	3081	0	-	687	os
SH_11_0_3081_20260911T141003.m	11	s	3081	0	-	688	os
SH_11_0_1561_20260911T141011.m	11	s	1561	0	-	689	os
SH_11_0_3081_20260911T141017.m	11	s	3081	0	-	690	os
SH_11_0_1561_20260911T141023.m	11	s	1561	0	-	691	os
SH_11_0_3081_20260911T141030.m	11	s	3081	0	-	692	os
SH_11_0_751_20260911T141037.m	11	s	751	0	-	693	os
SH_11_0_3081_20260911T141045.m	11	s	3081	0	-	694	os
SH_11_0_3081_20260911T141051.m	11	s	3081	0	-	695	os
SH_11_0_3081_20260911T141057.m	11	s	3081	0	-	696	os
SH_11_0_3081_20260911T141103.m	11	s	3081	0	-	697	os
SH_11_0_1561_20260911T141110.m	11	s	1561	0	-	698	os
SH_11_0_3081_20260911T141117.m	11	s	3081	0	-	699	os
SH_11_0_3081_20260911T141123.m	11	s	3081	0	-	700	os
SH_11_0_3081_20260911T141128.m	11	s	3081	0	-	701	os
SH_11_0_1561_20260911T141135.m	11	s	1561	0	-	702	os
SH_11_0_1561_20260911T141142.m	11	s	1561	0	-	703	os
SH_11_0_1561_20260911T141149.m	11	s	1561	0	-	704	os
SH_11_0_3081_20260911T141158.m	11	s	3081	0	-	705	os
SH_11_0_3081_20260911T141206.m	11	s	3081	0	-	706	os
SH_11_0_3081_20260911T141214.m	11	s	3081	0	-	707	os
SH_11_0_3081_20260911T141219.m	11	s	3081	0	-	708	os
SH_11_0_3081_20260911T141225.m	11	s	3081	0	-	709	os
SH_11_0_3081_20260911T141230.m	11	s	3081	0	-	710	os
SH_11_0_3081_20260911T141238.m	11	s	3081	0	-	711	os
SH_11_0_3081_20260911T141243.m	11	s	3081	0	-	712	os
SH_11_0_3081_20260911T141249.m	11	s	3081	0	-	713	os
SH_11_0_3081_20260911T141255.m	11	s	3081	0	-	714	os
SH_11_0_3081_20260911T141301.m	11	s	3081	0	-	715	os
SH_11_0_425_20260911T141308.m	11	s	425	0	-	716	os
SH_11_0_3081_20260911T141313.m	11	s	3081	0	-	717	os
SH_11_0_3081_20260911T141320.m	11	s	3081	0	-	718	os
SH_11_0_3081_20260911T141327.m	11	s	3081	0	-	719	os
SH_11_0_3081_20260911T141333.m	11	s	3081	0	-	720	os
SH_11_0_3081_20260911T141338.m	11	s	3081	0	-	721	os
SH_11_0_1457_20260911T141345.m	11	s	1457	0	-	722	os
SH_11_0_1457_20260911T141352.m	11	s	1457	0	-	723	os
SH_11_0_1561_20260911T141359.m	11	s	1561	0	-	724	os
SH_11_0_3081_20260911T141404.m	11	s	3081	0	-	725	os
SH_11_0_3081_20260911T141410.m	11	s	3081	0	-	726	os
SH_11_0_3081_20260911T141417.m	11	s	3081	0	-	727	os
SH_11_0_3081_20260911T141424.m	11	s	3081	0	-	728	os
SH_11_0_3081_20260911T141430.m	11	s	3081	0	-	729	os
SH_11_0_3081_20260911T141438.m	11	s	3081	0	-	730	os
SH_11_0_3081_20260911T141444.m	11	s	3081	0	-	731	os
SH_11_0_3081_20260911T141450.m	11	s	3081	0	-	732	os
SH_11_0_1561_20260911T141458.m	11	s	1561	0	-	733	os
SH_11_0_3081_20260911T141504.m	11	s	3081	0	-	734	os
SH_11_0_1561_20260911T141510.m	11	s	1561	0	-	735	os
SH_11_0_3081_20260911T141516.m	11	s	3081	0	-	736	os
SH_11_0_1561_20260911T141523.m	11	s	1561	0	-	737	os
SH_11_0_3081_20260911T141530.m	11	s	3081	0	-	738	os
SH_11_0_3081_20260911T141535.m	11	s	3081	0	-	739	os
SH_11_0_3081_20260911T141542.m	11	s	3081	0	-	740	os
SH_11_0_3081_20260911T141548.m	11	s	3081	0	-	741	os
SH_11_0_1561_20260911T141553.m	11	s	1561	0	-	742	os
SH_11_0_3081_20260911T141600.m	11	s	3081	0	-	743	os
SH_11_0_3081_20260911T141607.m	11	s	3081	0	-	744	os
SH_11_0_3081_20260911T141615.m	11	s	3081	0	-	745	os
SH_11_0_3081_20260911T141621.m	11	s	3081	0	-	746	os
SH_11_0_1561_20260911T141628.m	11	s	1561	0	-	747	os
SH_11_0_3081_20260911T141634.m	11	s	3081	0	-	748	os
SH_11_0_1561_20260911T141642.m	11	s	1561	0	-	749	os
SH_11_0_3081_20260911T141648.m	11	s	3081	0	-	750	os
SH_11_0_3081_20260911T141655.m	11	s	3081	0	-	751	os
SH_11_0_3081_20260911T141700.m	11	s	3081	0	-	752	os
SH_11_0_3081_20260911T141708.m	11	s	3081	0	-	753	os
SH_11_0_3081_20260911T141714.m	11	s	3081	0	-	754	os
SH_11_0_1561_20260911T141719.m	11	s	1561	0	-	755	os
SH_11_0_911_20260911T141725.m	11	s	911	0	-	756	os
SH_11_0_3081_20260911T141731.m	11	s	3081	0	-	757	os
SH_11_0_1561_20260911T141738.m	11	s	1561	0	-	758	os
SH_11_0_3081_20260911T141745.m	11	s	3081	0	-	759	os
SH_11_0_3081_20260911T141751.m	11	s	3081	0	-	760	os
SH_11_0_713_20260911T141759.m	11	s	713	0	-	761	os
SH_11_0_3081_20260911T141806.m	11	s	3081	0	-	762	os
SH_11_0_3081_20260911T141812.m	11	s	3081	0	-	763	os
SH_11_0_3081_20260911T141818.m	11	s	3081	0	-	764	os
SH_11_0_3081_20260911T141827.m	11	s	3081	0	-	765	os
SH_11_0_3081_20260911T141834.m	11	s	3081	0	-	766	os
SH_11_0_3081_20260911T141839.m	11	s	3081	0	-	767	os
SH_11_0_1561_20260911T141846.m	11	s	1561	0	-	768	os
SH_11_0_1457_20260911T141853.m	11	s	1457	0	-	769	os
SH_11_0_3081_20260911T141900.m	11	s	3081	0	-	770	os
SH_11_0_3081_20260911T141906.m	11	s	3081	0	-	771	os
SH_11_0_3081_20260911T141913.m	11	s	3081	0	-	772	os
SH_11_0_3081_20260911T141918.m	11	s	3081	0	-	773	os
SH_11_0_10_20260911T141924.m	11	s	10	0	-	774	os
SH_11_0_3081_20260911T141929.m	11	s	3081	0	-	775	os
SH_11_0_1561_20260911T141934.m	11	s	1561	0	-	776	os
SH_11_0_3081_20260911T141940.m	11	s	3081	0	-	777	os
SH_11_0_3081_20260911T141948.m	11	s	3081	0	-	778	os
SH_11_0_3081_20260911T141954.m	11	s	3081	0	-	779	os
SH_11_0_3081_20260911T141959.m	11	s	3081	0	-	780	os
SH_11_0_3081_20260911T142004.m	11	s	3081	0	-	781	os
SH_11_0_3081_20260911T142009.m	11	s	3081	0	-	782	os
SH_11_0_3081_20260911T142016.m	11	s	3081	0	-	783	os
SH_11_0_1561_20260911T142022.m	11	s	1561	0	-	784	os
SH_11_0_3081_20260911T142029.m	11	s	3081	0	-	785	os
SH_11_0_3081_20260911T142037.m	11	s	3081	0	-	786	os
SH_11_0_3081_20260911T142044.m	11	s	3081	0	-	787	os
SH_11_0_1561_20260911T142051.m	11	s	1561	0	-	788	os
SH_11_0_1561_20260911T142056.m	11	s	1561	0	-	789	os
SH_11_0_3081_20260911T142102.m	11	s	3081	0	-	790	os
SH_11_0_3081_20260911T142109.m	11	s	3081	0	-	791	os
SH_11_0_1561_20260911T142115.m	11	s	1561	0	-	792	os
SH_11_0_3081_20260911T142124.m	11	s	3081	0	-	793	os
SH_11_0_1455_20260911T142130.m	11	s	1455	0	-	794	os
SH_11_0_1457_20260911T142137.m	11	s	1457	0	-	795	os
SH_11_0_3081_20260911T142144.m	11	s	3081	0	-	796	os
SH_11_0_3081_20260911T142151.m	11	s	3081	0	-	797	os
SH_11_0_3081_20260911T142156.m	11	s	3081	0	-	798	os
SH_11_0_3081_20260911T142202.m	11	s	3081	0	-	799	os
SH_11_0_911_20260911T142210.m	11	s	911	0	-	800	os
SH_11_0_1561_20260911T142215.m	11	s	1561	0	-	801	os
SH_11_0_1457_20260911T142222.m	11	s	1457	0	-	802	os
SH_11_0_3081_20260911T142230.m	11	s	3081	0	-	803	os
SH_11_0_3081_20260911T142237.m	11	s	3081	0	-	804	os
SH_11_0_3081_20260911T142245.m	11	s	3081	0	-	805	os
SH_11_0_3081_20260911T142252.m	11	s	3081	0	-	806	os
SH_11_0_1561_20260911T142258.m	11	s	1561	0	-	807	os
SH_11_0_3081_20260911T142303.m	11	s	3081	0	-	808	os
SH_11_0_1561_20260911T142310.m	11	s	1561	0	-	809	os
SH_11_0_3081_20260911T142316.m	11	s	3081	0	-	810	os
SH_11_0_3081_20260911T142323.m	11	s	3081	0	-	811	os
SH_11_0_3081_20260911T142330.m	11	s	3081	0	-	812	os
SH_11_0_3081_20260911T142338.m	11	s	3081	0	-	813	os
SH_11_0_3081_20260911T142343.m	11	s	3081	0	-	814	os
SH_11_0_3081_20260911T142350.m	11	s	3081	0	-	815	os
SH_11_0_3081_20260911T142357.m	11	s	3081	0	-	816	os
SH_11_0_3081_20260911T142403.m	11	s	3081	0	-	817	os
SH_11_0_3081_20260911T142410.m	11	s	3081	0	-	818	os
SH_11_0_1457_20260911T142416.m	11	s	1457	0	-	819	os
SH_11_0_3081_20260911T142421.m	11	s	3081	0	-	820	os
SH_11_0_3081_20260911T142428.m	11	s	3081	0	-	821	os
SH_11_0_911_20260911T142433.m	11	s	911	0	-	822	os
SH_11_0_3081_20260911T142440.m	11	s	3081	0	-	823	os
SH_11_0_1457_20260911T142448.m	11	s	1457	0	-	824	os
SH_11_0_1457_20260911T142455.m	11	s	1457	0	-	825	os
SH_11_0_3081_20260911T142501.m	11	s	3081	0	-	826	os
SH_11_0_3081_20260911T142509.m	11	s	3081	0	-	827	os
SH_11_0_1561_20260911T142516.m	11	s	1561	0	-	828	os
SH_11_0_3081_20260911T142522.m	11	s	3081	0	-	829	os
SH_11_0_3081_20260911T142528.m	11	s	3081	0	-	830	os
SH_11_0_3081_20260911T142535.m	11	s	3081	0	-	831	os
SH_11_0_3081_20260911T142541.m	11	s	3081	0	-	832	os
SH_11_0_1561_20260911T142548.m	11	s	1561	0	-	833	os
SH_11_0_3081_20260911T142555.m	11	s	3081	0	-	834	os
SH_11_0_3081_20260911T142602.m	11	s	3081	0	-	835	os
SH_11_0_3081_20260911T142609.m	11	s	3081	0	-	836	os
SH_11_0_1561_20260911T142615.m	11	s	1561	0	-	837	os
SH_11_0_3081_20260911T142622.m	11	s	3081	0	-	838	os
SH_11_0_3079_20260911T142627.m	11	s	3079	0	-	839	os
SH_11_0_3081_20260911T142634.m	11	s	3081	0	-	840	os
SH_11_0_3081_20260911T142639.m	11	s	3081	0	-	841	os
SH_11_0_3081_20260911T142645.m	11	s	3081	0	-	842	os
SH_11_0_3081_20260911T142651.m	11	s	3081	0	-	843	os
SH_11_0_3081_20260911T142656.m	11	s	3081	0	-	844	os
SH_11_0_3081_20260911T142704.m	11	s	3081	0	-	845	os
SH_11_0_3081_20260911T142710.m	11	s	3081	0	-	846	os
SH_11_0_3081_20260911T142716.m	11	s	3081	0	-	847	os
SH_11_0_3081_20260911T142724.m	11	s	3081	0	-	848	os
SH_11_0_3081_20260911T142731.m	11	s	3081	0	-	849	os
SH_11_0_3081_20260911T142738.m	11	s	3081	0	-	850	os
SH_11_0_3081_20260911T142745.m	11	s	3081	0	-	851	os
SH_11_0_3081_20260911T142751.m	11	s	3081	0	-	852	os
SH_11_0_3081_20260911T142758.m	11	s	3081	0	-	853	os
SH_11_0_3081_20260911T142805.m	11	s	3081	0	-	854	os
SH_11_0_3081_20260911T142811.m	11	s	3081	0	-	855	os
SH_11_0_3081_20260911T142818.m	11	s	3081	0	-	856	os
SH_11_0_3081_20260911T142825.m	11	s	3081	0	-	857	os
SH_11_0_3081_20260911T142832.m	11	s	3081	0	-	858	os
SH_11_0_1561_20260911T142839.m	11	s	1561	0	-	859	os
SH_11_0_3081_20260911T142845.m	11	s	3081	0	-	860	os
SH_11_0_3081_20260911T142852.m	11	s	3081	0	-	861	os
SH_11_0_3081_20260911T142859.m	11	s	3081	0	-	862	os
SH_11_0_425_20260911T142905.m	11	s	425	0	-	863	os
SH_11_0_3081_20260911T142912.m	11	s	3081	0	-	864	os
SH_11_0_3081_20260911T142919.m	11	s	3081	0	-	865	os
SH_11_0_3081_20260911T142926.m	11	s	3081	0	-	866	os
SH_11_0_3081_20260911T142932.m	11	s	3081	0	-	867	os
SH_11_0_3081_20260911T142939.m	11	s	3081	0	-	868	os
SH_11_0_3081_20260911T142945.m	11	s	3081	0	-	869	os
SH_11_0_3081_20260911T142951.m	11	s	3081	0	-	870	os
SH_11_0_3081_20260911T142957.m	11	s	3081	0	-	871	os
SH_11_0_3081_20260911T143002.m	11	s	3081	0	-	872	os
SH_11_0_3081_20260911T143010.m	11	s	3081	0	-	873	os
SH_11_0_1561_20260911T143017.m	11	s	1561	0	-	874	os
SH_11_0_3081_20260911T143024.m	11	s	3081	0	-	875	os
SH_11_0_3081_20260911T143031.m	11	s	3081	0	-	876	os
SH_11_0_3081_20260911T143039.m	11	s	3081	0	-	877	os
SH_11_0_3081_20260911T143046.m	11	s	3081	0	-	878	os
SH_11_0_3081_20260911T143054.m	11	s	3081	0	-	879	os
SH_11_0_3081_20260911T143101.m	11	s	3081	0	-	880	os
SH_11_0_3081_20260911T143108.m	11	s	3081	0	-	881	os
SH_11_0_3081_20260911T143114.m	11	s	3081	0	-	882	os
SH_11_0_1561_20260911T143120.m	11	s	1561	0	-	883	os
SH_11_0_191_20260911T143126.m	11	s	191	0	-	884	os
SH_11_0_3081_20260911T143132.m	11	s	3081	0	-	885	os
SH_11_0_1561_20260911T143140.m	11	s	1561	0	-	886	os
SH_11_0_3081_20260911T143147.m	11	s	3081	0	-	887	os
SH_11_0_1457_20260911T143153.m	11	s	1457	0	-	888	os
SH_11_0_1561_20260911T143159.m	11	s	1561	0	-	889	os
SH_11_0_3081_20260911T143205.m	11	s	3081	0	-	890	os
SH_11_0_1561_20260911T143214.m	11	s	1561	0	-	891	os
SH_11_0_3081_20260911T143219.m	11	s	3081	0	-	892	os
SH_11_0_1561_20260911T143224.m	11	s	1561	0	-	893	os
SH_11_0_3081_20260911T143231.m	11	s	3081	0	-	894	os
SH_11_0_3081_20260911T143240.m	11	s	3081	0	-	895	os
SH_11_0_3081_20260911T143247.m	11	s	3081	0	-	896	os
SH_11_0_3081_20260911T143252.m	11	s	3081	0	-	897	os
SH_11_0_3081_20260911T143259.m	11	s	3081	0	-	898	os
SH_11_0_3081_20260911T143306.m	11	s	3081	0	-	899	os
SH_11_0_751_20260911T143311.m	11	s	751	0	-	900	os
SH_11_0_1561_20260911T143316.m	11	s	1561	0	-	901	os
SH_11_0_3081_20260911T143321.m	11	s	3081	0	-	902	os
SH_11_0_1457_20260911T143329.m	11	s	1457	0	-	903	os
SH_11_0_3081_20260911T143334.m	11	s	3081	0	-	904	os
SH_11_0_3081_20260911T143341.m	11	s	3081	0	-	905	os
SH_11_0_3081_20260911T143348.m	11	s	3081	0	-	906	os
SH_11_0_1561_20260911T143353.m	11	s	1561	0	-	907	os
SH_11_0_3081_20260911T143400.m	11	s	3081	0	-	908	os
SH_11_0_3081_20260911T143407.m	11	s	3081	0	-	909	os
SH_11_0_3081_20260911T143413.m	11	s	3081	0	-	910	os
SH_11_0_3081_20260911T143418.m	11	s	3081	0	-	911	os
SH_11_0_3081_20260911T143424.m	11	s	3081	0	-	912	os
SH_11_0_3081_20260911T143430.m	11	s	3081	0	-	913	os
SH_11_0_3081_20260911T143437.m	11	s	3081	0	-	914	os
SH_11_0_3081_20260911T143442.m	11	s	3081	0	-	915	os
SH_11_0_3081_20260911T143451.m	11	s	3081	0	-	916	os
SH_11_0_191_20260911T143456.m	11	s	191	0	-	917	os
SH_11_0_3081_20260911T143503.m	11	s	3081	0	-	918	os
SH_11_0_1561_20260911T143509.m	11	s	1561	0	-	919	os
SH_11_0_3081_20260911T143514.m	11	s	3081	0	-	920	os
SH_11_0_1561_20260911T143520.m	11	s	1561	0	-	921	os
SH_11_0_3081_20260911T143525.m	11	s	3081	0	-	922	os
SH_11_0_1561_20260911T143529.m	11	s	1561	0	-	923	os
SH_11_0_3081_20260911T143533.m	11	s	3081	0	-	924	os
SH_11_0_3081_20260911T143539.m	11	s	3081	0	-	925	os
SH_11_0_3081_20260911T143544.m	11	s	3081	0	-	926	os
SH_11_0_3081_20260911T143550.m	11	s	3081	0	-	927	os
SH_11_0_3081_20260911T143554.m	11	s	3081	0	-	928	os
SH_11_0_1457_20260911T143600.m	11	s	1457	0	-	929	os
SH_11_0_3081_20260911T143606.m	11	s	3081	0	-	930	os
SH_11_0_3081_20260911T143610.m	11	s	3081	0	-	931	os
SH_11_0_3081_20260911T143616.m	11	s	3081	0	-	932	os
SH_11_0_3081_20260911T143623.m	11	s	3081	0	-	933	os
SH_11_0_1561_20260911T143630.m	11	s	1561	0	-	934	os
SH_11_0_3081_20260911T143636.m	11	s	3081	0	-	935	os
SH_11_0_1561_20260911T143641.m	11	s	1561	0	-	936	os
SH_11_0_1561_20260911T143647.m	11	s	1561	0	-	937	os
SH_11_0_3081_20260911T143651.m	11	s	3081	0	-	938	os
SH_11_0_3081_20260911T143656.m	11	s	3081	0	-	939	os
SH_11_0_3081_20260911T143701.m	11	s	3081	0	-	940	os
SH_11_0_713_20260911T143707.m	11	s	713	0	-	941	os
SH_11_0_3081_20260911T143715.m	11	s	3081	0	-	942	os
SH_11_0_1561_20260911T143721.m	11	s	1561	0	-	943	os
SH_11_0_229_20260911T143726.m	11	s	229	0	-	944	os
SH_11_0_3081_20260911T143732.m	11	s	3081	0	-	945	os
SH_11_0_1561_20260911T143738.m	11	s	1561	0	-	946	os
SH_11_0_3081_20260911T143744.m	11	s	3081	0	-	947	os
SH_11_0_3081_20260911T143751.m	11	s	3081	0	-	948	os
SH_11_0_1561_20260911T143757.m	11	s	1561	0	-	949	os
SH_11_0_3081_20260911T143803.m	11	s	3081	0	-	950	os
SH_11_0_3081_20260911T143808.m	11	s	3081	0	-	951	os
SH_11_0_3081_20260911T143812.m	11	s	3081	0	-	952	os
SH_11_0_3081_20260911T143818.m	11	s	3081	0	-	953	os
SH_11_0_1457_20260911T143824.m	11	s	1457	0	-	954	os
SH_11_0_3081_20260911T143830.m	11	s	3081	0	-	955	os
SH_11_0_1561_20260911T143836.m	11	s	1561	0	-	956	os
SH_11_0_3081_20260911T143843.m	11	s	3081	0	-	957	os
SH_11_0_3081_20260911T143849.m	11	s	3081	0	-	958	os
SH_11_0_3081_20260911T143856.m	11	s	3081	0	-	959	os
SH_11_0_3081_20260911T143903.m	11	s	3081	0	-	960	os
SH_11_0_1561_20260911T143910.m	11	s	1561	0	-	961	os
SH_11_0_3081_20260911T143916.m	11	s	3081	0	-	962	os
SH_11_0_3081_20260911T143922.m	11	s	3081	0	-	963	os
SH_11_0_3081_20260911T143928.m	11	s	3081	0	-	964	os
SH_11_0_1561_20260911T143936.m	11	s	1561	0	-	965	os
SH_11_0_3081_20260911T143942.m	11	s	3081	0	-	966	os
SH_11_0_3081_20260911T143948.m	11	s	3081	0	-	967	os
SH_11_0_3081_20260911T143955.m	11	s	3081	0	-	968	os
SH_11_0_3081_20260911T144002.m	11	s	3081	0	-	969	os
SH_11_0_911_20260911T144009.m	11	s	911	0	-	970	os
SH_11_0_3081_20260911T144014.m	11	s	3081	0	-	971	os
SH_11_0_3081_20260911T144020.m	11	s	3081	0	-	972	os
SH_11_0_3081_20260911T144024.m	11	s	3081	0	-	973	os
SH_11_0_1457_20260911T144030.m	11	s	1457	0	-	974	os
SH_11_0_3081_20260911T144035.m	11	s	3081	0	-	975	os
SH_11_0_3081_20260911T144042.m	11	s	3081	0	-	976	os
SH_11_0_1457_20260911T144048.m	11	s	1457	0	-	977	os
SH_11_0_3081_20260911T144053.m	11	s	3081	0	-	978	os
SH_11_0_3081_20260911T144059.m	11	s	3081	0	-	979	os
SH_11_0_1561_20260911T144105.m	11	s	1561	0	-	980	os
SH_11_0_751_20260911T144111.m	11	s	751	0	-	981	os
SH_11_0_3081_20260911T144117.m	11	s	3081	0	-	982	os
SH_11_0_3081_20260911T144123.m	11	s	3081	0	-	983	os
SH_11_0_3081_20260911T144129.m	11	s	3081	0	-	984	os
SH_11_0_3081_20260911T144134.m	11	s	3081	0	-	985	os
SH_11_0_3081_20260911T144140.m	11	s	3081	0	-	986	os
SH_11_0_3081_20260911T144146.m	11	s	3081	0	-	987	os
SH_11_0_1561_20260911T144153.m	11	s	1561	0	-	988	os
SH_11_0_3081_20260911T144158.m	11	s	3081	0	-	989	os
SH_11_0_3081_20260911T144204.m	11	s	3081	0	-	990	os
SH_11_0_1561_20260911T144211.m	11	s	1561	0	-	991	os
SH_11_0_1561_20260911T144216.m	11	s	1561	0	-	992	os
SH_11_0_3081_20260911T144224.m	11	s	3081	0	-	993	os
SH_11_0_3081_20260911T144230.m	11	s	3081	0	-	994	os
SH_11_0_3081_20260911T144238.m	11	s	3081	0	-	995	os
SH_11_0_3081_20260911T144244.m	11	s	3081	0	-	996	os
SH_11_0_3081_20260911T144251.m	11	s	3081	0	-	997	os
SH_11_0_3081_20260911T144257.m	11	s	3081	0	-	998	os
SH_11_0_3081_20260911T144304.m	11	s	3081	0	-	999	os
SH_11_0_3081_20260911T144310.m	11	s	3081	0	-	1000	os
SH_11_0_3081_20260911T144316.m	11	s	3081	0	-	1001	os
SH_11_0_3081_20260911T144322.m	11	s	3081	0	-	1002	os
SH_11_0_1561_20260911T144328.m	11	s	1561	0	-	1003	os
SH_11_0_3081_20260911T144333.m	11	s	3081	0	-	1004	os
SH_11_0_3081_20260911T144338.m	11	s	3081	0	-	1005	os
SH_11_0_3081_20260911T144344.m	11	s	3081	0	-	1006	os
SH_11_0_3081_20260911T144351.m	11	s	3081	0	-	1007	os
SH_11_0_3081_20260911T144356.m	11	s	3081	0	-	1008	os
SH_11_0_3081_20260911T144403.m	11	s	3081	0	-	1009	os
SH_11_0_3081_20260911T144408.m	11	s	3081	0	-	1010	os
SH_11_0_3081_20260911T144413.m	11	s	3081	0	-	1011	os
SH_11_0_1561_20260911T144418.m	11	s	1561	0	-	1012	os
SH_11_0_3081_20260911T144424.m	11	s	3081	0	-	1013	os
SH_11_0_1561_20260911T144430.m	11	s	1561	0	-	1014	os
SH_11_0_1561_20260911T144435.m	11	s	1561	0	-	1015	os
SH_11_0_3081_20260911T144440.m	11	s	3081	0	-	1016	os
SH_11_0_3081_20260911T144447.m	11	s	3081	0	-	1017	os
SH_11_0_3081_20260911T144453.m	11	s	3081	0	-	1018	os
SH_11_0_1457_20260911T144457.m	11	s	1457	0	-	1019	os
SH_11_0_3081_20260911T144503.m	11	s	3081	0	-	1020	os
SH_11_0_3081_20260911T144510.m	11	s	3081	0	-	1021	os
SH_11_0_3081_20260911T144516.m	11	s	3081	0	-	1022	os
SH_11_0_3081_20260911T144521.m	11	s	3081	0	-	1023	os
SH_11_0_3081_20260911T144525.m	11	s	3081	0	-	1024	os
SH_11_0_3081_20260911T144531.m	11	s	3081	0	-	1025	os
SH_11_0_3081_20260911T144536.m	11	s	3081	0	-	1026	os
SH_11_0_3081_20260911T144541.m	11	s	3081	0	-	1027	os
SH_11_0_3081_20260911T144548.m	11	s	3081	0	-	1028	os
SH_11_0_3081_20260911T144554.m	11	s	3081	0	-	1029	os
SH_11_0_3081_20260911T144600.m	11	s	3081	0	-	1030	os
SH_11_0_3081_20260911T144605.m	11	s	3081	0	-	1031	os
SH_11_0_3081_20260911T144611.m	11	s	3081	0	-	1032	os
SH_11_0_3081_20260911T144618.m	11	s	3081	0	-	1033	os
SH_11_0_1561_20260911T144623.m	11	s	1561	0	-	1034	os
SH_11_0_3081_20260911T144628.m	11	s	3081	0	-	1035	os
SH_11_0_3081_20260911T144634.m	11	s	3081	0	-	1036	os
SH_11_0_1457_20260911T144639.m	11	s	1457	0	-	1037	os
SH_11_0_1561_20260911T144645.m	11	s	1561	0	-	1038	os
SH_11_0_425_20260911T144651.m	11	s	425	0	-	1039	os
SH_11_0_3081_20260911T144657.m	11	s	3081	0	-	1040	os
SH_11_0_3081_20260911T144702.m	11	s	3081	0	-	1041	os
SH_11_0_3081_20260911T144709.m	11	s	3081	0	-	1042	os
SH_11_0_3081_20260911T144714.m	11	s	3081	0	-	1043	os
SH_11_0_1457_20260911T144720.m	11	s	1457	0	-	1044	os
SH_11_0_3081_20260911T144724.m	11	s	3081	0	-	1045	os
SH_11_0_3081_20260911T144729.m	11	s	3081	0	-	1046	os
SH_11_0_3081_20260911T144734.m	11	s	3081	0	-	1047	os
SH_11_0_3081_20260911T144739.m	11	s	3081	0	-	1048	os
SH_11_0_1561_20260911T144746.m	11	s	1561	0	-	1049	os
SH_11_0_3081_20260911T144750.m	11	s	3081	0	-	1050	os
SH_11_0_3081_20260911T144756.m	11	s	3081	0	-	1051	os
SH_11_0_3081_20260911T144800.m	11	s	3081	0	-	1052	os
SH_11_0_3081_20260911T144807.m	11	s	3081	0	-	1053	os
SH_11_0_1561_20260911T144814.m	11	s	1561	0	-	1054	os
SH_11_0_3081_20260911T144819.m	11	s	3081	0	-	1055	os
SH_11_0_3081_20260911T144824.m	11	s	3081	0	-	1056	os
SH_11_0_3081_20260911T144830.m	11	s	3081	0	-	1057	os
SH_11_0_3081_20260911T144834.m	11	s	3081	0	-	1058	os
SH_11_0_3081_20260911T144841.m	11	s	3081	0	-	1059	os
SH_11_0_3081_20260911T144847.m	11	s	3081	0	-	1060	os
SH_11_0_1561_20260911T144853.m	11	s	1561	0	-	1061	os
SH_11_0_3081_20260911T144859.m	11	s	3081	0	-	1062	os
SH_11_0_3081_20260911T144903.m	11	s	3081	0	-	1063	os
SH_11_0_319_20260911T144908.m	11	s	319	0	-	1064	os
SH_11_0_3081_20260911T144913.m	11	s	3081	0	-	1065	os
SH_11_0_1561_20260911T144918.m	11	s	1561	0	-	1066	os
SH_11_0_3081_20260911T144923.m	11	s	3081	0	-	1067	os
SH_11_0_3081_20260911T144927.m	11	s	3081	0	-	1068	os
SH_11_0_3081_20260911T144932.m	11	s	3081	0	-	1069	os
SH_11_0_3081_20260911T144936.m	11	s	3081	0	-	1070	os
SH_11_0_3081_20260911T144940.m	11	s	3081	0	-	1071	os
SH_11_0_1561_20260911T144944.m	11	s	1561	0	-	1072	os
SH_11_0_3081_20260911T144949.m	11	s	3081	0	-	1073	os
SH_11_0_3081_20260911T144955.m	11	s	3081	0	-	1074	os
SH_11_0_1561_20260911T145000.m	11	s	1561	0	-	1075	os
SH_11_0_3081_20260911T145005.m	11	s	3081	0	-	1076	os
SH_11_0_3081_20260911T145010.m	11	s	3081	0	-	1077	os
SH_11_0_3081_20260911T145015.m	11	s	3081	0	-	1078	os
SH_11_0_3081_20260911T145020.m	11	s	3081	0	-	1079	os
SH_11_0_3081_20260911T145026.m	11	s	3081	0	-	1080	os
SH_11_0_3081_20260911T145032.m	11	s	3081	0	-	1081	os
SH_11_0_3081_20260911T145039.m	11	s	3081	0	-	1082	os
SH_11_0_3081_20260911T145046.m	11	s	3081	0	-	1083	os
SH_11_0_3081_20260911T145050.m	11	s	3081	0	-	1084	os
SH_11_0_3081_20260911T145056.m	11	s	3081	0	-	1085	os
SH_11_0_3081_20260911T145100.m	11	s	3081	0	-	1086	os
SH_11_0_3081_20260911T145105.m	11	s	3081	0	-	1087	os
SH_11_0_1561_20260911T145110.m	11	s	1561	0	-	1088	os
SH_11_0_1561_20260911T145115.m	11	s	1561	0	-	1089	os
SH_11_0_3081_20260911T145121.m	11	s	3081	0	-	1090	os
SH_11_0_1457_20260911T145125.m	11	s	1457	0	-	1091	os
SH_11_0_3081_20260911T145130.m	11	s	3081	0	-	1092	os
SH_11_0_3081_20260911T145136.m	11	s	3081	0	-	1093	os
SH_11_0_3081_20260911T145143.m	11	s	3081	0	-	1094	os
SH_11_0_3081_20260911T145149.m	11	s	3081	0	-	1095	os
SH_11_0_3081_20260911T145155.m	11	s	3081	0	-	1096	os
SH_11_0_3081_20260911T145200.m	11	s	3081	0	-	1097	os
SH_11_0_3081_20260911T145205.m	11	s	3081	0	-	1098	os
SH_11_0_3081_20260911T145211.m	11	s	3081	0	-	1099	os
SH_11_0_3081_20260911T145216.m	11	s	3081	0	-	1100	os
SH_11_0_3081_20260911T145222.m	11	s	3081	0	-	1101	os
SH_11_0_3081_20260911T145227.m	11	s	3081	0	-	1102	os
SH_11_0_3081_20260911T145232.m	11	s	3081	0	-	1103	os
SH_11_0_3081_20260911T145236.m	11	s	3081	0	-	1104	os
SH_11_0_3081_20260911T145241.m	11	s	3081	0	-	1105	os
SH_11_0_751_20260911T145245.m	11	s	751	0	-	1106	os
SH_11_0_1457_20260911T145251.m	11	s	1457	0	-	1107	os
SH_11_0_1561_20260911T145257.m	11	s	1561	0	-	1108	os
SH_11_0_3081_20260911T145301.m	11	s	3081	0	-	1109	os
SH_11_0_3081_20260911T145306.m	11	s	3081	0	-	1110	os
SH_11_0_3081_20260911T145311.m	11	s	3081	0	-	1111	os
SH_11_0_3081_20260911T145316.m	11	s	3081	0	-	1112	os
SH_11_0_1561_20260911T145322.m	11	s	1561	0	-	1113	os
SH_11_0_3081_20260911T145328.m	11	s	3081	0	-	1114	os
SH_11_0_1561_20260911T145334.m	11	s	1561	0	-	1115	os
SH_11_0_1457_20260911T145340.m	11	s	1457	0	-	1116	os
SH_11_0_1561_20260911T145344.m	11	s	1561	0	-	1117	os
SH_11_0_3081_20260911T145349.m	11	s	3081	0	-	1118	os
SH_11_0_911_20260911T145354.m	11	s	911	0	-	1119	os
SH_11_0_1457_20260911T145358.m	11	s	1457	0	-	1120	os
SH_11_0_1561_20260911T145403.m	11	s	1561	0	-	1121	os
SH_11_0_3081_20260911T145407.m	11	s	3081	0	-	1122	os
SH_11_0_3081_20260911T145413.m	11	s	3081	0	-	1123	os
SH_11_0_3081_20260911T145418.m	11	s	3081	0	-	1124	os
SH_11_0_3081_20260911T145425.m	11	s	3081	0	-	1125	os
SH_11_0_3081_20260911T145430.m	11	s	3081	0	-	1126	os
SH_11_0_3081_20260911T145435.m	11	s	3081	0	-	1127	os
SH_11_0_3081_20260911T145441.m	11	s	3081	0	-	1128	os
SH_11_0_1561_20260911T145445.m	11	s	1561	0	-	1129	os
SH_11_0_3081_20260911T145451.m	11	s	3081	0	-	1130	os
SH_11_0_3081_20260911T145456.m	11	s	3081	0	-	1131	os
SH_11_0_3081_20260911T145502.m	11	s	3081	0	-	1132	os
SH_11_0_3081_20260911T145506.m	11	s	3081	0	-	1133	os
SH_11_0_3081_20260911T145512.m	11	s	3081	0	-	1134	os
SH_11_0_3081_20260911T145517.m	11	s	3081	0	-	1135	os
SH_11_0_3081_20260911T145522.m	11	s	3081	0	-	1136	os
SH_11_0_3081_20260911T145528.m	11	s	3081	0	-	1137	os
SH_11_0_191_20260911T145532.m	11	s	191	0	-	1138	os
SH_11_0_3081_20260911T145538.m	11	s	3081	0	-	1139	os
SH_11_0_323_20260911T145542.m	11	s	323	0	-	1140	os
SH_11_0_3081_20260911T145548.m	11	s	3081	0	-	1141	os
SH_11_0_3081_20260911T145553.m	11	s	3081	0	-	1142	os
SH_11_0_3081_20260911T145558.m	11	s	3081	0	-	1143	os
SH_11_0_3081_20260911T145604.m	11	s	3081	0	-	1144	os
SH_11_0_3081_20260911T145609.m	11	s	3081	0	-	1145	os
SH_11_0_3081_20260911T145613.m	11	s	3081	0	-	1146	os
SH_11_0_3081_20260911T145617.m	11	s	3081	0	-	1147	os
SH_11_0_3081_20260911T145623.m	11	s	3081	0	-	1148	os
SH_11_0_3081_20260911T145629.m	11	s	3081	0	-	1149	os
SH_11_0_3081_20260911T145635.m	11	s	3081	0	-	1150	os
SH_11_0_323_20260911T145641.m	11	s	323	0	-	1151	os
SH_11_0_3081_20260911T145647.m	11	s	3081	0	-	1152	os
SH_11_0_1561_20260911T145651.m	11	s	1561	0	-	1153	os
SH_11_0_3081_20260911T145657.m	11	s	3081	0	-	1154	os
SH_11_0_3081_20260911T145703.m	11	s	3081	0	-	1155	os
SH_11_0_3081_20260911T145707.m	11	s	3081	0	-	1156	os
SH_11_0_3081_20260911T145714.m	11	s	3081	0	-	1157	os
SH_11_0_1561_20260911T145720.m	11	s	1561	0	-	1158	os
SH_11_0_3081_20260911T145725.m	11	s	3081	0	-	1159	os
SH_11_0_425_20260911T145730.m	11	s	425	0	-	1160	os
SH_11_0_3081_20260911T145734.m	11	s	3081	0	-	1161	os
SH_11_0_3081_20260911T145740.m	11	s	3081	0	-	1162	os
SH_11_0_3081_20260911T145746.m	11	s	3081	0	-	1163	os
SH_11_0_3081_20260911T145751.m	11	s	3081	0	-	1164	os
SH_11_0_3081_20260911T145757.m	11	s	3081	0	-	1165	os
SH_11_0_3081_20260911T145802.m	11	s	3081	0	-	1166	os
SH_11_0_3081_20260911T145808.m	11	s	3081	0	-	1167	os
SH_11_0_3081_20260911T145814.m	11	s	3081	0	-	1168	os
SH_11_0_1561_20260911T145819.m	11	s	1561	0	-	1169	os
SH_11_0_3081_20260911T145825.m	11	s	3081	0	-	1170	os
SH_11_0_1457_20260911T145830.m	11	s	1457	0	-	1171	os
SH_11_0_3081_20260911T145837.m	11	s	3081	0	-	1172	os
SH_11_0_3081_20260911T145843.m	11	s	3081	0	-	1173	os
SH_11_0_3081_20260911T145847.m	11	s	3081	0	-	1174	os
SH_11_0_1561_20260911T145853.m	11	s	1561	0	-	1175	os
SH_11_0_3081_20260911T145859.m	11	s	3081	0	-	1176	os
SH_11_0_3081_20260911T145904.m	11	s	3081	0	-	1177	os
SH_11_0_3081_20260911T145909.m	11	s	3081	0	-	1178	os
SH_11_0_3081_20260911T145915.m	11	s	3081	0	-	1179	os
SH_11_0_1561_20260911T145919.m	11	s	1561	0	-	1180	os
SH_11_0_3081_20260911T145925.m	11	s	3081	0	-	1181	os
SH_11_0_3081_20260911T145931.m	11	s	3081	0	-	1182	os
SH_11_0_3081_20260911T145936.m	11	s	3081	0	-	1183	os
SH_11_0_3081_20260911T145941.m	11	s	3081	0	-	1184	os
SH_11_0_425_20260911T145946.m	11	s	425	0	-	1185	os
SH_11_0_3081_20260911T145952.m	11	s	3081	0	-	1186	os
SH_11_0_3081_20260911T145956.m	11	s	3081	0	-	1187	os
SH_11_0_1561_20260911T150001.m	11	s	1561	0	-	1188	os
SH_11_0_3081_20260911T150006.m	11	s	3081	0	-	1189	os
SH_11_0_3081_20260911T150012.m	11	s	3081	0	-	1190	os
SH_11_0_751_20260911T150018.m	11	s	751	0	-	1191	os
SH_11_0_3081_20260911T150022.m	11	s	3081	0	-	1192	os
SH_11_0_3081_20260911T150028.m	11	s	3081	0	-	1193	os
SH_11_0_3081_20260911T150033.m	11	s	3081	0	-	1194	os
SH_11_0_3081_20260911T150038.m	11	s	3081	0	-	1195	os
SH_11_0_3081_20260911T150042.m	11	s	3081	0	-	1196	os
SH_11_0_3081_20260911T150048.m	11	s	3081	0	-	1197	os
SH_11_0_3081_20260911T150052.m	11	s	3081	0	-	1198	os
SH_11_0_3081_20260911T150057.m	11	s	3081	0	-	1199	os
SH_11_0_3081_20260911T150103.m	11	s	3081	0	-	1200	os
SH_11_0_3081_20260911T150109.m	11	s	3081	0	-	1201	os
SH_11_0_3081_20260911T150114.m	11	s	3081	0	-	1202	os
SH_11_0_1457_20260911T150119.m	11	s	1457	0	-	1203	os
SH_11_0_3081_20260911T150124.m	11	s	3081	0	-	1204	os
SH_11_0_3081_20260911T150130.m	11	s	3081	0	-	1205	os
SH_11_0_3081_20260911T150136.m	11	s	3081	0	-	1206	os
SH_11_0_3081_20260911T150142.m	11	s	3081	0	-	1207	os
SH_11_0_3081_20260911T150146.m	11	s	3081	0	-	1208	os
SH_11_0_3081_20260911T150152.m	11	s	3081	0	-	1209	os
SH_11_0_1561_20260911T150158.m	11	s	1561	0	-	1210	os
SH_11_0_3081_20260911T150202.m	11	s	3081	0	-	1211	os
SH_11_0_3081_20260911T150207.m	11	s	3081	0	-	1212	os
SH_11_0_3081_20260911T150211.m	11	s	3081	0	-	1213	os
SH_11_0_3081_20260911T150217.m	11	s	3081	0	-	1214	os
SH_11_0_1561_20260911T150222.m	11	s	1561	0	-	1215	os
SH_11_0_1561_20260911T150227.m	11	s	1561	0	-	1216	os
SH_11_0_3081_20260911T150231.m	11	s	3081	0	-	1217	os
SH_11_0_3081_20260911T150237.m	11	s	3081	0	-	1218	os
SH_11_0_1457_20260911T150245.m	11	s	1457	0	-	1219	os
SH_11_0_3081_20260911T150251.m	11	s	3081	0	-	1220	os
SH_11_0_3081_20260911T150257.m	11	s	3081	0	-	1221	os
SH_11_0_3081_20260911T150302.m	11	s	3081	0	-	1222	os
SH_11_0_3081_20260911T150308.m	11	s	3081	0	-	1223	os
SH_11_0_3081_20260911T150314.m	11	s	3081	0	-	1224	os
SH_11_0_3081_20260911T150319.m	11	s	3081	0	-	1225	os
SH_11_0_751_20260911T150325.m	11	s	751	0	-	1226	os
SH_11_0_3081_20260911T150330.m	11	s	3081	0	-	1227	os
SH_11_0_1561_20260911T150335.m	11	s	1561	0	-	1228	os
SH_11_0_3081_20260911T150340.m	11	s	3081	0	-	1229	os
SH_11_0_3081_20260911T150345.m	11	s	3081	0	-	1230	os
SH_11_0_3081_20260911T150351.m	11	s	3081	0	-	1231	os
SH_11_0_3081_20260911T150356.m	11	s	3081	0	-	1232	os
SH_11_0_3081_20260911T150401.m	11	s	3081	0	-	1233	os
SH_11_0_3081_20260911T150407.m	11	s	3081	0	-	1234	os
SH_11_0_361_20260911T150413.m	11	s	361	0	-	1235	os
SH_11_0_3081_20260911T150420.m	11	s	3081	0	-	1236	os
SH_11_0_3081_20260911T150425.m	11	s	3081	0	-	1237	os
SH_11_0_1561_20260911T150430.m	11	s	1561	0	-	1238	os
SH_11_0_3081_20260911T150435.m	11	s	3081	0	-	1239	os
SH_11_0_3081_20260911T150440.m	11	s	3081	0	-	1240	os
SH_11_0_3081_20260911T150445.m	11	s	3081	0	-	1241	os
SH_11_0_3081_20260911T150450.m	11	s	3081	0	-	1242	os
SH_11_0_1561_20260911T150455.m	11	s	1561	0	-	1243	os
SH_11_0_3081_20260911T150501.m	11	s	3081	0	-	1244	os
SH_11_0_1561_20260911T150508.m	11	s	1561	0	-	1245	os
SH_11_0_1457_20260911T150512.m	11	s	1457	0	-	1246	os
SH_11_0_3081_20260911T150518.m	11	s	3081	0	-	1247	os
SH_11_0_3081_20260911T150524.m	11	s	3081	0	-	1248	os
SH_11_0_3081_20260911T150528.m	11	s	3081	0	-	1249	os
SH_11_0_3081_20260911T150533.m	11	s	3081	0	-	1250	os
SH_11_0_3081_20260911T150538.m	11	s	3081	0	-	1251	os
SH_11_0_3081_20260911T150544.m	11	s	3081	0	-	1252	os
SH_11_0_3081_20260911T150549.m	11	s	3081	0	-	1253	os
SH_11_0_3081_20260911T150555.m	11	s	3081	0	-	1254	os
SH_11_0_3081_20260911T150600.m	11	s	3081	0	-	1255	os
SH_11_0_3081_20260911T150605.m	11	s	3081	0	-	1256	os
SH_11_0_1561_20260911T150610.m	11	s	1561	0	-	1257	os
SH_11_0_3081_20260911T150616.m	11	s	3081	0	-	1258	os
SH_11_0_3081_20260911T150622.m	11	s	3081	0	-	1259	os
SH_11_0_1457_20260911T150626.m	11	s	1457	0	-	1260	os
SH_11_0_1561_20260911T150632.m	11	s	1561	0	-	1261	os
SH_11_0_3081_20260911T150637.m	11	s	3081	0	-	1262	os
SH_11_0_1561_20260911T150641.m	11	s	1561	0	-	1263	os
SH_11_0_3081_20260911T150646.m	11	s	3081	0	-	1264	os
SH_11_0_3081_20260911T150652.m	11	s	3081	0	-	1265	os
SH_11_0_3081_20260911T150657.m	11	s	3081	0	-	1266	os
SH_11_0_3081_20260911T150703.m	11	s	3081	0	-	1267	os
SH_11_0_3081_20260911T150708.m	11	s	3081	0	-	1268	os
SH_11_0_3081_20260911T150713.m	11	s	3081	0	-	1269	os
SH_11_0_751_20260911T150719.m	11	s	751	0	-	1270	os
SH_11_0_3081_20260911T150724.m	11	s	3081	0	-	1271	os
SH_11_0_911_20260911T150729.m	11	s	911	0	-	1272	os
SH_11_0_3081_20260911T150734.m	11	s	3081	0	-	1273	os
SH_11_0_3081_20260911T150740.m	11	s	3081	0	-	1274	os
SH_11_0_3081_20260911T150746.m	11	s	3081	0	-	1275	os
SH_11_0_1561_20260911T150750.m	11	s	1561	0	-	1276	os
SH_11_0_3081_20260911T150754.m	11	s	3081	0	-	1277	os
SH_11_0_3081_20260911T150759.m	11	s	3081	0	-	1278	os
SH_11_0_1561_20260911T150804.m	11	s	1561	0	-	1279	os
SH_11_0_3081_20260911T150810.m	11	s	3081	0	-	1280	os
SH_11_0_745_20260911T150816.m	11	s	745	0	-	1281	os
SH_11_0_3081_20260911T150820.m	11	s	3081	0	-	1282	os
SH_11_0_3081_20260911T150824.m	11	s	3081	0	-	1283	os
SH_11_0_3081_20260911T150831.m	11	s	3081	0	-	1284	os
SH_11_0_1561_20260911T150836.m	11	s	1561	0	-	1285	os
SH_11_0_3081_20260911T150842.m	11	s	3081	0	-	1286	os
SH_11_0_3081_20260911T150846.m	11	s	3081	0	-	1287	os
SH_11_0_3081_20260911T150852.m	11	s	3081	0	-	1288	os
SH_11_0_1457_20260911T150858.m	11	s	1457	0	-	1289	os
SH_11_0_3081_20260911T150904.m	11	s	3081	0	-	1290	os
SH_11_0_3081_20260911T150909.m	11	s	3081	0	-	1291	os
SH_11_0_1561_20260911T150913.m	11	s	1561	0	-	1292	os
SH_11_0_3081_20260911T150917.m	11	s	3081	0	-	1293	os
SH_11_0_3081_20260911T150923.m	11	s	3081	0	-	1294	os
SH_11_0_3081_20260911T150929.m	11	s	3081	0	-	1295	os
SH_11_0_3081_20260911T150933.m	11	s	3081	0	-	1296	os
SH_11_0_1457_20260911T150937.m	11	s	1457	0	-	1297	os
SH_11_0_3081_20260911T150943.m	11	s	3081	0	-	1298	os
SH_11_0_3081_20260911T150948.m	11	s	3081	0	-	1299	os
SH_11_0_3081_20260911T150952.m	11	s	3081	0	-	1300	os
SH_11_0_3081_20260911T150956.m	11	s	3081	0	-	1301	os
SH_11_0_3081_20260911T151001.m	11	s	3081	0	-	1302	os
SH_11_0_3081_20260911T151006.m	11	s	3081	0	-	1303	os
SH_11_0_3081_20260911T151010.m	11	s	3081	0	-	1304	os
SH_11_0_1561_20260911T151015.m	11	s	1561	0	-	1305	os
SH_11_0_3081_20260911T151019.m	11	s	3081	0	-	1306	os
SH_11_0_3081_20260911T151025.m	11	s	3081	0	-	1307	os
SH_11_0_3081_20260911T151031.m	11	s	3081	0	-	1308	os
SH_11_0_3081_20260911T151037.m	11	s	3081	0	-	1309	os
SH_11_0_3081_20260911T151042.m	11	s	3081	0	-	1310	os
SH_11_0_3081_20260911T151046.m	11	s	3081	0	-	1311	os
SH_11_0_3081_20260911T151051.m	11	s	3081	0	-	1312	os
SH_11_0_3081_20260911T151057.m	11	s	3081	0	-	1313	os
SH_11_0_3081_20260911T151101.m	11	s	3081	0	-	1314	os
SH_11_0_3081_20260911T151108.m	11	s	3081	0	-	1315	os
SH_11_0_3081_20260911T151112.m	11	s	3081	0	-	1316	os
SH_11_0_3081_20260911T151118.m	11	s	3081	0	-	1317	os
SH_11_0_1561_20260911T151124.m	11	s	1561	0	-	1318	os
SH_11_0_1561_20260911T151128.m	11	s	1561	0	-	1319	os
SH_11_0_3081_20260911T151134.m	11	s	3081	0	-	1320	os
SH_11_0_3081_20260911T151139.m	11	s	3081	0	-	1321	os
SH_11_0_3081_20260911T151145.m	11	s	3081	0	-	1322	os
SH_11_0_3081_20260911T151150.m	11	s	3081	0	-	1323	os
SH_11_0_1457_20260911T151156.m	11	s	1457	0	-	1324	os
SH_11_0_3081_20260911T151203.m	11	s	3081	0	-	1325	os
SH_11_0_3081_20260911T151209.m	11	s	3081	0	-	1326	os
SH_11_0_1561_20260911T151214.m	11	s	1561	0	-	1327	os
SH_11_0_3081_20260911T151218.m	11	s	3081	0	-	1328	os
SH_11_0_1561_20260911T151223.m	11	s	1561	0	-	1329	os
SH_11_0_3081_20260911T151229.m	11	s	3081	0	-	1330	os
SH_11_0_3081_20260911T151235.m	11	s	3081	0	-	1331	os
SH_11_0_3081_20260911T151240.m	11	s	3081	0	-	1332	os
SH_11_0_3081_20260911T151245.m	11	s	3081	0	-	1333	os
SH_11_0_3081_20260911T151251.m	11	s	3081	0	-	1334	os
SH_11_0_1457_20260911T151256.m	11	s	1457	0	-	1335	os
SH_11_0_3081_20260911T151302.m	11	s	3081	0	-	1336	os
SH_11_0_3079_20260911T151307.m	11	s	3079	0	-	1337	os
SH_11_0_3081_20260911T151315.m	11	s	3081	0	-	1338	os
SH_11_0_1561_20260911T151320.m	11	s	1561	0	-	1339	os
SH_11_0_3081_20260911T151326.m	11	s	3081	0	-	1340	os
SH_11_0_1561_20260911T151330.m	11	s	1561	0	-	1341	os
SH_11_0_3081_20260911T151336.m	11	s	3081	0	-	1342	os
SH_11_0_1561_20260911T151340.m	11	s	1561	0	-	1343	os
SH_11_0_3081_20260911T151346.m	11	s	3081	0	-	1344	os
SH_11_0_3081_20260911T151353.m	11	s	3081	0	-	1345	os
SH_11_0_3081_20260911T151359.m	11	s	3081	0	-	1346	os
SH_11_0_3081_20260911T151402.m	11	s	3081	0	-	1347	os
SH_11_0_3081_20260911T151408.m	11	s	3081	0	-	1348	os
SH_11_0_3081_20260911T151414.m	11	s	3081	0	-	1349	os
SH_11_0_1457_20260911T151419.m	11	s	1457	0	-	1350	os
SH_11_0_1561_20260911T151425.m	11	s	1561	0	-	1351	os
SH_11_0_3081_20260911T151429.m	11	s	3081	0	-	1352	os
SH_11_0_3081_20260911T151434.m	11	s	3081	0	-	1353	os
SH_11_0_3081_20260911T151440.m	11	s	3081	0	-	1354	os
SH_11_0_3081_20260911T151444.m	11	s	3081	0	-	1355	os
SH_11_0_3081_20260911T151451.m	11	s	3081	0	-	1356	os
SH_11_0_3081_20260911T151457.m	11	s	3081	0	-	1357	os
SH_11_0_3081_20260911T151502.m	11	s	3081	0	-	1358	os
SH_11_0_3081_20260911T151509.m	11	s	3081	0	-	1359	os
SH_11_0_3081_20260911T183003.m	11	s	3081	0	-	1	os
SH_11_0_3081_20260911T183007.m	11	s	3081	0	-	2	os
SH_11_0_3081_20260911T183010.m	11	s	3081	0	-	3	os
SH_11_0_3081_20260911T183015.m	11	s	3081	0	-	4	os
SH_11_0_3081_20260911T183020.m	11	s	3081	0	-	5	os
SH_11_0_3081_20260911T183025.m	11	s	3081	0	-	6	os
SH_11_0_3081_20260911T183029.m	11	s	3081	0	-	7	os
SH_11_0_3081_20260911T183033.m	11	s	3081	0	-	8	os
SH_11_0_3081_20260911T183037.m	11	s	3081	0	-	9	os
SH_11_0_1457_20260911T183043.m	11	s	1457	0	-	10	os
SH_11_0_1561_20260911T183047.m	11	s	1561	0	-	11	os
SH_11_0_1561_20260911T183052.m	11	s	1561	0	-	12	os
SH_11_0_3081_20260911T183056.m	11	s	3081	0	-	13	os
SH_11_0_1457_20260911T183100.m	11	s	1457	0	-	14	os
SH_11_0_3081_20260911T183106.m	11	s	3081	0	-	15	os
SH_11_0_3081_20260911T183110.m	11	s	3081	0	-	16	os
SH_11_0_3081_20260911T183115.m	11	s	3081	0	-	17	os
SH_11_0_3081_20260911T183119.m	11	s	3081	0	-	18	os
SH_11_0_3081_20260911T183125.m	11	s	3081	0	-	19	os
SH_11_0_3081_20260911T183130.m	11	s	3081	0	-	20	os
SH_11_0_3081_20260911T183135.m	11	s	3081	0	-	21	os
SH_11_0_3081_20260911T183140.m	11	s	3081	0	-	22	os
SH_11_0_3081_20260911T183144.m	11	s	3081	0	-	23	os
SH_11_0_3081_20260911T183149.m	11	s	3081	0	-	24	os
SH_11_0_3081_20260911T183153.m	11	s	3081	0	-	25	os
SH_11_0_3081_20260911T183159.m	11	s	3081	0	-	26	os
SH_11_0_1561_20260911T183205.m	11	s	1561	0	-	27	os
SH_11_0_3081_20260911T183209.m	11	s	3081	0	-	28	os
SH_11_0_1457_20260911T183213.m	11	s	1457	0	-	29	os
SH_11_0_3081_20260911T183218.m	11	s	3081	0	-	30	os
SH_11_0_3081_20260911T183221.m	11	s	3081	0	-	31	os
SH_11_0_3081_20260911T183226.m	11	s	3081	0	-	32	os
SH_11_0_3081_20260911T183230.m	11	s	3081	0	-	33	os
SH_11_0_745_20260911T183235.m	11	s	745	0	-	34	os
SH_11_0_1561_20260911T183241.m	11	s	1561	0	-	35	os
SH_11_0_1561_20260911T183245.m	11	s	1561	0	-	36	os
SH_11_0_3081_20260911T183250.m	11	s	3081	0	-	37	os
SH_11_0_1457_20260911T183255.m	11	s	1457	0	-	38	os
SH_11_0_3081_20260911T183259.m	11	s	3081	0	-	39	os
SH_11_0_3081_20260911T183303.m	11	s	3081	0	-	40	os
SH_11_0_1561_20260911T183308.m	11	s	1561	0	-	41	os
SH_11_0_3081_20260911T183312.m	11	s	3081	0	-	42	os
SH_11_0_3081_20260911T183316.m	11	s	3081	0	-	43	os
SH_11_0_3081_20260911T183322.m	11	s	3081	0	-	44	os
SH_11_0_3081_20260911T183327.m	11	s	3081	0	-	45	os
SH_11_0_3081_20260911T183332.m	11	s	3081	0	-	46	os
SH_11_0_323_20260911T183338.m	11	s	323	0	-	47	os
SH_11_0_1561_20260911T183342.m	11	s	1561	0	-	48	os
SH_11_0_3081_20260911T183346.m	11	s	3081	0	-	49	os
SH_11_0_1457_20260911T183350.m	11	s	1457	0	-	50	os
SH_11_0_1457_20260911T183355.m	11	s	1457	0	-	51	os
SH_11_0_3081_20260911T183401.m	11	s	3081	0	-	52	os
SH_11_0_3081_20260911T183406.m	11	s	3081	0	-	53	os
SH_11_0_3081_20260911T183410.m	11	s	3081	0	-	54	os
SH_11_0_3081_20260911T183415.m	11	s	3081	0	-	55	os
SH_11_0_751_20260911T183421.m	11	s	751	0	-	56	os
SH_11_0_3081_20260911T183425.m	11	s	3081	0	-	57	os
SH_11_0_3081_20260911T183431.m	11	s	3081	0	-	58	os
SH_11_0_3081_20260911T183435.m	11	s	3081	0	-	59	os
SH_11_0_3081_20260911T183440.m	11	s	3081	0	-	60	os
SH_11_0_3081_20260911T183444.m	11	s	3081	0	-	61	os
SH_11_0_1457_20260911T183448.m	11	s	1457	0	-	62	os
SH_11_0_3081_20260911T183453.m	11	s	3081	0	-	63	os
SH_11_0_1561_20260911T183457.m	11	s	1561	0	-	64	os
SH_11_0_3081_20260911T183502.m	11	s	3081	0	-	65	os
SH_11_0_3081_20260911T183507.m	11	s	3081	0	-	66	os
SH_11_0_3081_20260911T183511.m	11	s	3081	0	-	67	os
SH_11_0_3081_20260911T183515.m	11	s	3081	0	-	68	os
SH_11_0_3081_20260911T183521.m	11	s	3081	0	-	69	os
SH_11_0_3081_20260911T183525.m	11	s	3081	0	-	70	os
SH_11_0_3081_20260911T183530.m	11	s	3081	0	-	71	os
SH_11_0_3081_20260911T183535.m	11	s	3081	0	-	72	os
SH_11_0_3081_20260911T183539.m	11	s	3081	0	-	73	os
SH_11_0_3081_20260911T183543.m	11	s	3081	0	-	74	os
SH_11_0_3081_20260911T183548.m	11	s	3081	0	-	75	os
SH_11_0_3081_20260911T183553.m	11	s	3081	0	-	76	os
SH_11_0_1561_20260911T183558.m	11	s	1561	0	-	77	os
SH_11_0_3081_20260911T183604.m	11	s	3081	0	-	78	os
SH_11_0_3081_20260911T183609.m	11	s	3081	0	-	79	os
SH_11_0_3081_20260911T183614.m	11	s	3081	0	-	80	os
SH_11_0_3081_20260911T183618.m	11	s	3081	0	-	81	os
SH_11_0_3081_20260911T183624.m	11	s	3081	0	-	82	os
SH_11_0_3081_20260911T183629.m	11	s	3081	0	-	83	os
SH_11_0_3081_20260911T183635.m	11	s	3081	0	-	84	os
SH_11_0_319_20260911T183639.m	11	s	319	0	-	85	os
SH_11_0_319_20260911T183644.m	11	s	319	0	-	86	os
SH_11_0_3081_20260911T183649.m	11	s	3081	0	-	87	os
SH_11_0_3081_20260911T183654.m	11	s	3081	0	-	88	os
SH_11_0_3081_20260911T183659.m	11	s	3081	0	-	89	os
SH_11_0_3081_20260911T183704.m	11	s	3081	0	-	90	os
SH_11_0_3081_20260911T183710.m	11	s	3081	0	-	91	os
SH_11_0_3081_20260911T183715.m	11	s	3081	0	-	92	os
SH_11_0_3081_20260911T183719.m	11	s	3081	0	-	93	os
SH_11_0_3081_20260911T183724.m	11	s	3081	0	-	94	os
SH_11_0_3081_20260911T183729.m	11	s	3081	0	-	95	os
SH_11_0_3081_20260911T183734.m	11	s	3081	0	-	96	os
SH_11_0_3081_20260911T183740.m	11	s	3081	0	-	97	os
SH_11_0_3081_20260911T183744.m	11	s	3081	0	-	98	os
SH_11_0_3081_20260911T183750.m	11	s	3081	0	-	99	os
SH_11_0_3081_20260911T183756.m	11	s	3081	0	-	100	os
SH_11_0_191_20260911T183802.m	11	s	191	0	-	101	os
SH_11_0_1457_20260911T183806.m	11	s	1457	0	-	102	os
SH_11_0_1457_20260911T183811.m	11	s	1457	0	-	103	os
SH_11_0_3081_20260911T183817.m	11	s	3081	0	-	104	os
SH_11_0_3081_20260911T183821.m	11	s	3081	0	-	105	os
SH_11_0_1561_20260911T183827.m	11	s	1561	0	-	106	os
SH_11_0_3081_20260911T183833.m	11	s	3081	0	-	107	os
SH_11_0_3081_20260911T183837.m	11	s	3081	0	-	108	os
SH_11_0_3081_20260911T183843.m	11	s	3081	0	-	109	os
SH_11_0_3081_20260911T183849.m	11	s	3081	0	-	110	os
SH_11_0_3081_20260911T183854.m	11	s	3081	0	-	111	os
SH_11_0_3081_20260911T183900.m	11	s	3081	0	-	112	os
SH_11_0_1561_20260911T183905.m	11	s	1561	0	-	113	os
SH_11_0_3081_20260911T183910.m	11	s	3081	0	-	114	os
SH_11_0_3081_20260911T183915.m	11	s	3081	0	-	115	os
SH_11_0_1561_20260911T183921.m	11	s	1561	0	-	116	os
SH_11_0_1561_20260911T183926.m	11	s	1561	0	-	117	os
SH_11_0_3081_20260911T183931.m	11	s	3081	0	-	118	os
SH_11_0_3081_20260911T183937.m	11	s	3081	0	-	119	os
SH_11_0_3081_20260911T183942.m	11	s	3081	0	-	120	os
SH_11_0_3081_20260911T183948.m	11	s	3081	0	-	121	os
SH_11_0_3081_20260911T183954.m	11	s	3081	0	-	122	os
SH_11_0_3081_20260911T184002.m	11	s	3081	0	-	123	os
SH_11_0_3081_20260911T184008.m	11	s	3081	0	-	124	os
SH_11_0_3081_20260911T184013.m	11	s	3081	0	-	125	os
SH_11_0_3081_20260911T184018.m	11	s	3081	0	-	126	os
SH_11_0_1561_20260911T184025.m	11	s	1561	0	-	127	os
SH_11_0_3081_20260911T184030.m	11	s	3081	0	-	128	os
SH_11_0_3081_20260911T184034.m	11	s	3081	0	-	129	os
SH_11_0_3081_20260911T184039.m	11	s	3081	0	-	130	os
SH_11_0_3081_20260911T184210.m	11	s	3081	0	-	1	os
SH_11_0_3081_20260911T184214.m	11	s	3081	0	-	2	os
SH_11_0_3081_20260911T184218.m	11	s	3081	0	-	3	os
SH_11_0_3081_20260911T184223.m	11	s	3081	0	-	4	os
SH_11_0_3081_20260911T184229.m	11	s	3081	0	-	5	os
SH_11_0_3081_20260911T184233.m	11	s	3081	0	-	6	os
SH_11_0_3081_20260911T184240.m	11	s	3081	0	-	7	os
SH_11_0_3079_20260911T184244.m	11	s	3079	0	-	8	os
SH_11_0_1561_20260911T184250.m	11	s	1561	0	-	9	os
SH_11_0_1457_20260911T184255.m	11	s	1457	0	-	10	os
SH_11_0_3081_20260911T184300.m	11	s	3081	0	-	11	os
SH_11_0_3081_20260911T184306.m	11	s	3081	0	-	12	os
SH_11_0_1561_20260911T184312.m	11	s	1561	0	-	13	os
SH_11_0_3081_20260911T184318.m	11	s	3081	0	-	14	os
SH_11_0_3081_20260911T184323.m	11	s	3081	0	-	15	os
SH_11_0_3081_20260911T184327.m	11	s	3081	0	-	16	os
SH_11_0_3081_20260911T184333.m	11	s	3081	0	-	17	os
SH_11_0_3081_20260911T184338.m	11	s	3081	0	-	18	os
SH_11_0_1561_20260911T184343.m	11	s	1561	0	-	19	os
SH_11_0_3081_20260911T184349.m	11	s	3081	0	-	20	os
SH_11_0_3081_20260911T184355.m	11	s	3081	0	-	21	os
SH_11_0_3081_20260911T184400.m	11	s	3081	0	-	22	os
SH_11_0_3081_20260911T184406.m	11	s	3081	0	-	23	os
SH_11_0_1561_20260911T184412.m	11	s	1561	0	-	24	os
SH_11_0_3081_20260911T184416.m	11	s	3081	0	-	25	os
SH_11_0_3081_20260911T184421.m	11	s	3081	0	-	26	os
SH_11_0_3081_20260911T184427.m	11	s	3081	0	-	27	os
SH_11_0_3081_20260911T184432.m	11	s	3081	0	-	28	os
SH_11_0_3081_20260911T184437.m	11	s	3081	0	-	29	os
SH_11_0_3081_20260911T184442.m	11	s	3081	0	-	30	os
SH_11_0_3081_20260911T184448.m	11	s	3081	0	-	31	os
SH_11_0_3081_20260911T184452.m	11	s	3081	0	-	32	os
SH_11_0_3081_20260911T184458.m	11	s	3081	0	-	33	os
SH_11_0_3081_20260911T184504.m	11	s	3081	0	-	34	os
SH_11_0_3081_20260911T184509.m	11	s	3081	0	-	35	os
SH_11_0_3081_20260911T184514.m	11	s	3081	0	-	36	os
SH_11_0_3081_20260911T184520.m	11	s	3081	0	-	37	os
SH_11_0_3081_20260911T184525.m	11	s	3081	0	-	38	os
SH_11_0_3081_20260911T184530.m	11	s	3081	0	-	39	os
SH_11_0_3081_20260911T184534.m	11	s	3081	0	-	40	os
SH_11_0_3081_20260911T184538.m	11	s	3081	0	-	41	os
SH_11_0_1561_20260911T184544.m	11	s	1561	0	-	42	os
SH_11_0_3081_20260911T184550.m	11	s	3081	0	-	43	os
SH_11_0_3081_20260911T184556.m	11	s	3081	0	-	44	os
SH_11_0_1561_20260911T184600.m	11	s	1561	0	-	45	os
SH_11_0_3081_20260911T184606.m	11	s	3081	0	-	46	os
SH_11_0_3081_20260911T184611.m	11	s	3081	0	-	47	os
SH_11_0_3081_20260911T184617.m	11	s	3081	0	-	48	os
SH_11_0_3081_20260911T184622.m	11	s	3081	0	-	49	os
SH_11_0_1561_20260911T184627.m	11	s	1561	0	-	50	os
SH_11_0_3081_20260911T184631.m	11	s	3081	0	-	51	os
SH_11_0_3081_20260911T184636.m	11	s	3081	0	-	52	os
SH_11_0_3081_20260911T184641.m	11	s	3081	0	-	53	os
SH_11_0_3081_20260911T184646.m	11	s	3081	0	-	54	os
SH_11_0_1561_20260911T184653.m	11	s	1561	0	-	55	os
SH_11_0_3081_20260911T184658.m	11	s	3081	0	-	56	os
SH_11_0_1457_20260911T184703.m	11	s	1457	0	-	57	os
SH_11_0_425_20260911T184707.m	11	s	425	0	-	58	os
SH_11_0_3081_20260911T184712.m	11	s	3081	0	-	59	os
SH_11_0_1561_20260911T184718.m	11	s	1561	0	-	60	os
SH_11_0_3081_20260911T184724.m	11	s	3081	0	-	61	os
SH_11_0_3081_20260911T184730.m	11	s	3081	0	-	62	os
SH_11_0_3081_20260911T184736.m	11	s	3081	0	-	63	os
SH_11_0_3081_20260911T184743.m	11	s	3081	0	-	64	os
SH_11_0_3081_20260911T184748.m	11	s	3081	0	-	65	os
SH_11_0_3081_20260911T184752.m	11	s	3081	0	-	66	os
SH_11_0_1561_20260911T184757.m	11	s	1561	0	-	67	os
SH_11_0_1457_20260911T184802.m	11	s	1457	0	-	68	os
SH_11_0_3081_20260911T184808.m	11	s	3081	0	-	69	os
SH_11_0_1457_20260911T184813.m	11	s	1457	0	-	70	os
SH_11_0_1561_20260911T184819.m	11	s	1561	0	-	71	os
SH_11_0_3081_20260911T184825.m	11	s	3081	0	-	72	os
SH_11_0_3081_20260911T184830.m	11	s	3081	0	-	73	os
SH_11_0_3081_20260911T184836.m	11	s	3081	0	-	74	os
SH_11_0_3081_20260911T184842.m	11	s	3081	0	-	75	os
SH_11_0_1457_20260911T184848.m	11	s	1457	0	-	76	os
SH_11_0_3081_20260911T184853.m	11	s	3081	0	-	77	os
SH_11_0_3081_20260911T184859.m	11	s	3081	0	-	78	os
SH_11_0_3081_20260911T184905.m	11	s	3081	0	-	79	os
SH_11_0_3081_20260911T184912.m	11	s	3081	0	-	80	os
SH_11_0_3081_20260911T184918.m	11	s	3081	0	-	81	os
SH_11_0_751_20260911T184923.m	11	s	751	0	-	82	os
SH_11_0_1561_20260911T184928.m	11	s	1561	0	-	83	os
SH_11_0_3081_20260911T184932.m	11	s	3081	0	-	84	os
SH_11_0_3081_20260911T184938.m	11	s	3081	0	-	85	os
SH_11_0_1561_20260911T184944.m	11	s	1561	0	-	86	os
SH_11_0_1457_20260911T184948.m	11	s	1457	0	-	87	os
SH_11_0_3081_20260911T184955.m	11	s	3081	0	-	88	os
SH_11_0_1561_20260911T185001.m	11	s	1561	0	-	89	os
SH_10_0_2071_20260911T185021.m	10	s	2071	0	-	1	os
SH_10_0_2071_20260911T185025.m	10	s	2071	0	-	2	os
SH_10_2_577_20260911T185030.m	10	s	577	2	-	3	os
SH_10_0_500_20260911T185035.m	10	s	500	0	-	4	os
SH_10_0_533_20260911T185039.m	10	s	533	0	-	5	os
SH_10_0_1007_20260911T185045.m	10	s	1007	0	-	6	os
SH_10_0_500_20260911T185050.m	10	s	500	0	-	7	os
SH_10_0_99_20260911T185055.m	10	s	99	0	-	8	os
SH_10_0_349_20260911T185100.m	10	s	349	0	-	9	os
SH_10_0_703_20260911T185105.m	10	s	703	0	-	10	os
SH_10_0_349_20260911T185111.m	10	s	349	0	-	11	os
SH_10_0_2071_20260911T185116.m	10	s	2071	0	-	12	os
SH_10_0_1007_20260911T185120.m	10	s	1007	0	-	13	os
SH_10_0_2071_20260911T185125.m	10	s	2071	0	-	14	os
SH_10_0_2071_20260911T185129.m	10	s	2071	0	-	15	os
SH_10_0_2071_20260911T185134.m	10	s	2071	0	-	16	os
SH_10_0_2071_20260911T185140.m	10	s	2071	0	-	17	os
SH_10_2_577_20260911T185145.m	10	s	577	2	-	18	os
SH_10_4_220_20260911T185150.m	10	s	220	4	-	19	os
SH_10_0_2071_20260911T185156.m	10	s	2071	0	-	20	os
SH_10_2_577_20260911T185201.m	10	s	577	2	-	21	os
SH_10_0_1007_20260911T185206.m	10	s	1007	0	-	22	os
SH_10_0_1007_20260911T185211.m	10	s	1007	0	-	23	os
SH_10_0_1007_20260911T185217.m	10	s	1007	0	-	24	os
SH_10_0_349_20260911T185222.m	10	s	349	0	-	25	os
SH_10_0_349_20260911T185227.m	10	s	349	0	-	26	os
SH_10_0_499_20260911T185232.m	10	s	499	0	-	27	os
SH_10_0_1007_20260911T185237.m	10	s	1007	0	-	28	os
SH_10_0_1007_20260911T185243.m	10	s	1007	0	-	29	os
SH_10_0_11_20260911T185248.m	10	s	11	0	-	30	os
SH_10_2_577_20260911T185253.m	10	s	577	2	-	31	os
SH_10_0_1007_20260911T185257.m	10	s	1007	0	-	32	os
SH_10_0_499_20260911T185301.m	10	s	499	0	-	33	os
SH_10_0_134_20260911T185305.m	10	s	134	0	-	34	os
SH_10_0_1007_20260911T185310.m	10	s	1007	0	-	35	os
SH_10_0_533_20260911T185315.m	10	s	533	0	-	36	os
SH_10_0_99_20260911T185320.m	10	s	99	0	-	37	os
SH_10_0_349_20260911T185325.m	10	s	349	0	-	38	os
SH_10_0_283_20260911T185329.m	10	s	283	0	-	39	os
SH_10_0_349_20260911T185334.m	10	s	349	0	-	40	os
SH_10_0_1071_20260911T185339.m	10	s	1071	0	-	41	os
SH_10_0_349_20260911T185344.m	10	s	349	0	-	42	os
SH_10_2_577_20260911T185348.m	10	s	577	2	-	43	os
SH_10_0_2071_20260911T185353.m	10	s	2071	0	-	44	os
SH_10_0_134_20260911T185358.m	10	s	134	0	-	45	os
SH_10_2_577_20260911T185403.m	10	s	577	2	-	46	os
SH_10_2_577_20260911T185408.m	10	s	577	2	-	47	os
SH_10_2_577_20260911T185413.m	10	s	577	2	-	48	os
SH_10_0_2071_20260911T185418.m	10	s	2071	0	-	49	os
SH_10_0_2071_20260911T185423.m	10	s	2071	0	-	50	os
SH_10_4_220_20260911T185427.m	10	s	220	4	-	51	os
SH_10_0_2071_20260911T185432.m	10	s	2071	0	-	52	os
SH_10_0_2071_20260911T185437.m	10	s	2071	0	-	53	os
SH_10_2_577_20260911T185443.m	10	s	577	2	-	54	os
SH_10_0_500_20260911T185446.m	10	s	500	0	-	55	os
SH_10_0_143_20260911T185451.m	10	s	143	0	-	56	os
SH_10_0_1007_20260911T185456.m	10	s	1007	0	-	57	os
SH_10_0_1007_20260911T185502.m	10	s	1007	0	-	58	os
SH_10_0_500_20260911T185508.m	10	s	500	0	-	59	os
SH_10_0_1007_20260911T185513.m	10	s	1007	0	-	60	os
SH_10_0_1007_20260911T185518.m	10	s	1007	0	-	61	os
SH_10_2_577_20260911T185524.m	10	s	577	2	-	62	os
SH_10_0_134_20260911T185529.m	10	s	134	0	-	63	os
SH_10_0_134_20260911T185534.m	10	s	134	0	-	64	os
SH_10_0_1071_20260911T185539.m	10	s	1071	0	-	65	os
SH_10_0_2071_20260911T185544.m	10	s	2071	0	-	66	os
SH_10_0_1007_20260911T185550.m	10	s	1007	0	-	67	os
SH_10_0_2071_20260911T185554.m	10	s	2071	0	-	68	os
SH_10_0_1071_20260911T185600.m	10	s	1071	0	-	69	os
SH_10_0_1007_20260911T185604.m	10	s	1007	0	-	70	os
SH_10_0_143_20260911T185609.m	10	s	143	0	-	71	os
SH_10_4_220_20260911T185614.m	10	s	220	4	-	72	os
SH_10_0_1007_20260911T185619.m	10	s	1007	0	-	73	os
SH_10_0_143_20260911T185626.m	10	s	143	0	-	74	os
SH_10_0_283_20260911T185631.m	10	s	283	0	-	75	os
SH_10_2_577_20260911T185636.m	10	s	577	2	-	76	os
SH_10_0_2071_20260911T185641.m	10	s	2071	0	-	77	os
SH_10_0_2071_20260911T185645.m	10	s	2071	0	-	78	os
SH_10_0_283_20260911T185651.m	10	s	283	0	-	79	os
SH_10_0_271_20260911T185656.m	10	s	271	0	-	80	os
SH_10_2_577_20260911T185701.m	10	s	577	2	-	81	os
SH_10_2_577_20260911T185706.m	10	s	577	2	-	82	os
SH_10_4_146_20260911T185712.m	10	s	146	4	-	83	os
SH_10_0_99_20260911T185718.m	10	s	99	0	-	84	os
SH_10_0_1007_20260911T185723.m	10	s	1007	0	-	85	os
SH_10_0_2071_20260911T185728.m	10	s	2071	0	-	86	os
SH_10_0_1007_20260911T185735.m	10	s	1007	0	-	87	os
SH_10_0_143_20260911T185738.m	10	s	143	0	-	88	os
SH_10_0_2071_20260911T185743.m	10	s	2071	0	-	89	os
SH_10_0_2071_20260911T185749.m	10	s	2071	0	-	90	os
SH_10_2_577_20260911T185755.m	10	s	577	2	-	91	os
SH_10_0_527_20260911T185758.m	10	s	527	0	-	92	os
SH_10_0_134_20260911T185803.m	10	s	134	0	-	93	os
SH_10_0_349_20260911T185808.m	10	s	349	0	-	94	os
SH_10_0_143_20260911T185814.m	10	s	143	0	-	95	os
SH_10_0_1071_20260911T185819.m	10	s	1071	0	-	96	os
SH_10_0_2071_20260911T185823.m	10	s	2071	0	-	97	os
SH_10_4_220_20260911T185828.m	10	s	220	4	-	98	os
SH_10_0_143_20260911T185832.m	10	s	143	0	-	99	os
SH_10_0_349_20260911T185837.m	10	s	349	0	-	100	os
SH_10_4_220_20260911T185842.m	10	s	220	4	-	101	os
SH_10_0_99_20260911T185847.m	10	s	99	0	-	102	os
SH_10_2_577_20260911T185852.m	10	s	577	2	-	103	os
SH_10_2_577_20260911T185857.m	10	s	577	2	-	104	os
SH_10_0_143_20260911T185902.m	10	s	143	0	-	105	os
SH_10_0_499_20260911T185905.m	10	s	499	0	-	106	os
SH_10_0_2071_20260911T185910.m	10	s	2071	0	-	107	os
SH_10_0_143_20260911T185915.m	10	s	143	0	-	108	os
SH_10_0_134_20260911T185921.m	10	s	134	0	-	109	os
SH_10_0_500_20260911T185926.m	10	s	500	0	-	110	os
SH_10_0_143_20260911T185931.m	10	s	143	0	-	111	os
SH_10_0_283_20260911T185937.m	10	s	283	0	-	112	os
SH_10_0_1007_20260911T185942.m	10	s	1007	0	-	113	os
SH_10_0_134_20260911T185947.m	10	s	134	0	-	114	os
SH_10_0_349_20260911T185952.m	10	s	349	0	-	115	os
SH_10_0_2071_20260911T185956.m	10	s	2071	0	-	116	os
SH_10_2_577_20260911T190001.m	10	s	577	2	-	117	os
SH_10_0_2071_20260911T190006.m	10	s	2071	0	-	118	os
SH_10_0_2071_20260911T190012.m	10	s	2071	0	-	119	os
SH_10_0_2071_20260911T190018.m	10	s	2071	0	-	120	os
SH_10_2_577_20260911T190023.m	10	s	577	2	-	121	os
SH_10_0_2071_20260911T190028.m	10	s	2071	0	-	122	os
SH_10_0_1007_20260911T190034.m	10	s	1007	0	-	123	os
SH_10_0_1007_20260911T190040.m	10	s	1007	0	-	124	os
SH_10_2_577_20260911T190045.m	10	s	577	2	-	125	os
SH_10_0_1071_20260911T190050.m	10	s	1071	0	-	126	os
SH_10_0_2071_20260911T190056.m	10	s	2071	0	-	127	os
SH_10_0_99_20260911T190101.m	10	s	99	0	-	128	os
SH_10_0_134_20260911T190108.m	10	s	134	0	-	129	os
SH_10_0_349_20260911T190113.m	10	s	349	0	-	130	os
SH_10_0_1007_20260911T190118.m	10	s	1007	0	-	131	os
SH_10_0_134_20260911T190124.m	10	s	134	0	-	132	os
SH_10_0_2071_20260911T190129.m	10	s	2071	0	-	133	os
SH_10_4_216_20260911T190134.m	10	s	216	4	-	134	os
SH_10_0_2071_20260911T190140.m	10	s	2071	0	-	135	os
SH_10_0_2071_20260911T190146.m	10	s	2071	0	-	136	os
SH_10_0_349_20260911T190151.m	10	s	349	0	-	137	os
SH_10_0_2071_20260911T190157.m	10	s	2071	0	-	138	os
SH_10_0_500_20260911T190201.m	10	s	500	0	-	139	os
SH_10_4_490_20260911T190205.m	10	s	490	4	-	140	os
SH_10_2_577_20260911T190210.m	10	s	577	2	-	141	os
SH_10_0_349_20260911T190215.m	10	s	349	0	-	142	os
SH_10_0_1007_20260911T190221.m	10	s	1007	0	-	143	os
SH_10_0_2071_20260911T190227.m	10	s	2071	0	-	144	os
SH_10_0_99_20260911T190231.m	10	s	99	0	-	145	os
SH_10_0_2071_20260911T190236.m	10	s	2071	0	-	146	os
SH_10_0_251_20260911T190241.m	10	s	251	0	-	147	os
SH_10_0_1007_20260911T190247.m	10	s	1007	0	-	148	os
SH_10_0_99_20260911T190253.m	10	s	99	0	-	149	os
SH_10_0_134_20260911T190259.m	10	s	134	0	-	150	os
SH_10_0_175_20260911T190305.m	10	s	175	0	-	151	os
SH_10_0_1007_20260911T190310.m	10	s	1007	0	-	152	os
SH_10_0_1007_20260911T190317.m	10	s	1007	0	-	153	os
SH_10_0_1007_20260911T190323.m	10	s	1007	0	-	154	os
SH_10_2_577_20260911T190327.m	10	s	577	2	-	155	os
SH_10_0_349_20260911T190332.m	10	s	349	0	-	156	os
SH_10_0_283_20260911T190338.m	10	s	283	0	-	157	os
SH_10_0_2071_20260911T190342.m	10	s	2071	0	-	158	os
SH_10_0_2071_20260911T190348.m	10	s	2071	0	-	159	os
SH_10_4_490_20260911T190353.m	10	s	490	4	-	160	os
SH_10_0_1007_20260911T190357.m	10	s	1007	0	-	161	os
SH_10_0_349_20260911T190402.m	10	s	349	0	-	162	os
SH_10_0_2071_20260911T190408.m	10	s	2071	0	-	163	os
SH_10_2_577_20260911T190413.m	10	s	577	2	-	164	os
SH_10_0_2071_20260911T190418.m	10	s	2071	0	-	165	os
SH_10_2_577_20260911T190422.m	10	s	577	2	-	166	os
SH_10_2_577_20260911T190427.m	10	s	577	2	-	167	os
SH_10_0_349_20260911T190431.m	10	s	349	0	-	168	os
SH_10_0_1007_20260911T190435.m	10	s	1007	0	-	169	os
SH_10_0_967_20260911T190441.m	10	s	967	0	-	170	os
SH_10_0_349_20260911T190447.m	10	s	349	0	-	171	os
SH_10_0_2071_20260911T190453.m	10	s	2071	0	-	172	os
SH_10_0_2071_20260911T190458.m	10	s	2071	0	-	173	os
SH_10_0_1007_20260911T190503.m	10	s	1007	0	-	174	os
SH_10_0_2071_20260911T190508.m	10	s	2071	0	-	175	os
SH_10_0_2071_20260911T190514.m	10	s	2071	0	-	176	os
SH_10_0_2071_20260911T190519.m	10	s	2071	0	-	177	os
SH_10_0_500_20260911T190524.m	10	s	500	0	-	178	os
SH_10_0_349_20260911T190530.m	10	s	349	0	-	179	os
SH_10_0_1071_20260911T190535.m	10	s	1071	0	-	180	os
SH_10_0_283_20260911T190540.m	10	s	283	0	-	181	os
SH_10_4_220_20260911T190545.m	10	s	220	4	-	182	os
SH_10_0_251_20260911T190551.m	10	s	251	0	-	183	os
SH_10_0_11_20260911T190556.m	10	s	11	0	-	184	os
SH_10_4_490_20260911T190602.m	10	s	490	4	-	185	os
SH_10_2_577_20260911T190607.m	10	s	577	2	-	186	os
SH_10_0_9_20260911T190612.m	10	s	9	0	-	187	os
SH_10_2_577_20260911T190617.m	10	s	577	2	-	188	os
SH_10_0_1007_20260911T190622.m	10	s	1007	0	-	189	os
SH_10_2_289_20260911T190628.m	10	s	289	2	-	190	os
SH_10_0_2071_20260911T190633.m	10	s	2071	0	-	191	os
SH_10_0_2071_20260911T190639.m	10	s	2071	0	-	192	os
SH_10_0_2071_20260911T190644.m	10	s	2071	0	-	193	os
SH_10_0_143_20260911T190650.m	10	s	143	0	-	194	os
SH_10_0_6_20260911T190656.m	10	s	6	0	6	195	os
SH_10_0_134_20260911T190700.m	10	s	134	0	-	196	os
SH_10_0_1007_20260911T190706.m	10	s	1007	0	-	197	os
SH_10_0_499_20260911T190710.m	10	s	499	0	-	198	os
SH_10_0_143_20260911T190716.m	10	s	143	0	-	199	os
SH_10_0_2071_20260911T190722.m	10	s	2071	0	-	200	os
SH_10_0_1007_20260911T190727.m	10	s	1007	0	-	201	os
SH_10_0_349_20260911T190733.m	10	s	349	0	-	202	os
SH_10_0_99_20260911T190738.m	10	s	99	0	-	203	os
SH_10_0_2071_20260911T190744.m	10	s	2071	0	-	204	os
SH_10_0_99_20260911T190749.m	10	s	99	0	-	205	os
SH_10_0_349_20260911T190755.m	10	s	349	0	-	206	os
SH_10_0_2071_20260911T190800.m	10	s	2071	0	-	207	os
SH_10_0_349_20260911T190805.m	10	s	349	0	-	208	os
SH_10_0_2071_20260911T190810.m	10	s	2071	0	-	209	os
SH_10_0_143_20260911T190815.m	10	s	143	0	-	210	os
SH_10_0_143_20260911T190821.m	10	s	143	0	-	211	os
SH_10_0_349_20260911T190826.m	10	s	349	0	-	212	os
HH_10_8_160_20260911T190832.m	10	h	160	8	-	1	os
SH_10_0_134_20260911T190832.m	10	s	134	0	-	213	os
HH_10_8_160_20260911T190841.m	10	h	160	8	-	2	os
SH_10_0_2071_20260911T190841.m	10	s	2071	0	-	214	os
SH_10_0_349_20260911T190856.m	10	s	349	0	-	215	os
SH_10_0_2071_20260911T190905.m	10	s	2071	0	-	216	os
HH_10_8_160_20260911T190906.m	10	h	160	8	-	3	os
SH_10_0_5_20260911T190916.m	10	s	5	0	5	217	os
HH_10_6_134_20260911T190918.m	10	h	134	6	-	4	os
SH_10_0_349_20260911T190928.m	10	s	349	0	-	218	os
HH_10_6_134_20260911T190937.m	10	h	134	6	-	5	os
SH_10_0_134_20260911T190937.m	10	s	134	0	-	219	os
SH_10_0_349_20260911T190946.m	10	s	349	0	-	220	os
HH_10_8_160_20260911T190947.m	10	h	160	8	-	6	os
SH_10_0_349_20260911T190958.m	10	s	349	0	-	221	os
HH_10_6_134_20260911T191002.m	10	h	134	6	-	7	os
SH_10_0_143_20260911T191006.m	10	s	143	0	-	222	os
SH_10_0_349_20260911T191020.m	10	s	349	0	-	223	os
HH_10_8_160_20260911T191024.m	10	h	160	8	-	8	os
SH_10_4_490_20260911T191030.m	10	s	490	4	-	224	os
HH_10_8_160_20260911T191034.m	10	h	160	8	-	9	os
SH_10_0_5_20260911T191040.m	10	s	5	0	5	225	os
HH_10_8_160_20260911T191044.m	10	h	160	8	-	10	os
SH_10_0_2071_20260911T191050.m	10	s	2071	0	-	226	os
SH_10_0_349_20260911T191100.m	10	s	349	0	-	227	os
HH_10_4_108_20260911T191101.m	10	h	108	4	-	11	os
SH_10_0_1071_20260911T191110.m	10	s	1071	0	-	228	os
HH_10_6_134_20260911T191112.m	10	h	134	6	-	12	os
SH_10_0_499_20260911T191121.m	10	s	499	0	-	229	os
HH_10_8_160_20260911T191123.m	10	h	160	8	-	13	os
SH_10_0_703_20260911T191130.m	10	s	703	0	-	230	os
HH_10_8_160_20260911T191133.m	10	h	160	8	-	14	os
SH_10_0_349_20260911T191141.m	10	s	349	0	-	231	os
HH_10_6_134_20260911T191145.m	10	h	134	6	-	15	os
SH_10_0_2071_20260911T191151.m	10	s	2071	0	-	232	os
SH_10_0_349_20260911T191200.m	10	s	349	0	-	233	os
HH_10_8_160_20260911T191202.m	10	h	160	8	-	16	os
HH_10_8_160_20260911T191211.m	10	h	160	8	-	17	os
SH_10_0_283_20260911T191211.m	10	s	283	0	-	234	os
SH_10_0_2071_20260911T191222.m	10	s	2071	0	-	235	os
HH_10_8_160_20260911T191223.m	10	h	160	8	-	18	os
SH_10_0_533_20260911T191232.m	10	s	533	0	-	236	os
HH_10_8_160_20260911T191233.m	10	h	160	8	-	19	os
SH_10_0_9_20260911T191241.m	10	s	9	0	-	237	os
HH_10_6_134_20260911T191244.m	10	h	134	6	-	20	os
SH_10_0_499_20260911T191251.m	10	s	499	0	-	238	os
HH_10_12_1002_20260911T191254.m	10	h	1002	12	-	21	os
SH_10_0_1007_20260911T191302.m	10	s	1007	0	-	239	os
HH_10_8_160_20260911T191304.m	10	h	160	8	-	22	os
SH_10_0_2071_20260911T191313.m	10	s	2071	0	-	240	os
SH_10_0_2071_20260911T191320.m	10	s	2071	0	-	241	os
HH_10_8_160_20260911T191321.m	10	h	160	8	-	23	os
SH_10_0_1007_20260911T191331.m	10	s	1007	0	-	242	os
HH_10_12_1002_20260911T191332.m	10	h	1002	12	-	24	os
SH_10_0_349_20260911T191341.m	10	s	349	0	-	243	os
SH_10_0_134_20260911T191353.m	10	s	134	0	-	244	os
HH_10_4_108_20260911T191359.m	10	h	108	4	-	25	os
SH_10_2_577_20260911T191402.m	10	s	577	2	-	245	os
HH_10_8_160_20260911T191410.m	10	h	160	8	-	26	os
SH_10_0_283_20260911T191413.m	10	s	283	0	-	246	os
SH_10_0_499_20260911T191425.m	10	s	499	0	-	247	os
SH_10_0_99_20260911T191433.m	10	s	99	0	-	248	os
HH_10_8_160_20260911T191434.m	10	h	160	8	-	27	os
SH_10_0_527_20260911T191444.m	10	s	527	0	-	249	os
SH_10_0_2071_20260911T191454.m	10	s	2071	0	-	250	os
HH_10_8_160_20260911T191455.m	10	h	160	8	-	28	os
SH_10_0_99_20260911T191502.m	10	s	99	0	-	251	os
HH_10_6_106_20260911T191503.m	10	h	106	6	-	29	os
SH_10_0_527_20260911T191514.m	10	s	527	0	-	252	os
HH_10_8_160_20260911T191521.m	10	h	160	8	-	30	os
SH_10_0_293_20260911T191522.m	10	s	293	0	-	253	os
HH_10_6_106_20260911T191531.m	10	h	106	6	-	31	os
SH_10_0_349_20260911T191532.m	10	s	349	0	-	254	os
SH_10_0_1007_20260911T191543.m	10	s	1007	0	-	255	os
SH_10_0_499_20260911T191556.m	10	s	499	0	-	256	os
SH_10_0_134_20260911T191606.m	10	s	134	0	-	257	os
HH_10_8_160_20260911T191607.m	10	h	160	8	-	32	os
SH_10_0_99_20260911T191616.m	10	s	99	0	-	258	os
HH_10_8_160_20260911T191618.m	10	h	160	8	-	33	os
SH_10_0_134_20260911T191627.m	10	s	134	0	-	259	os
HH_10_6_134_20260911T191629.m	10	h	134	6	-	34	os
SH_10_0_349_20260911T191636.m	10	s	349	0	-	260	os
HH_10_6_134_20260911T191638.m	10	h	134	6	-	35	os
SH_10_0_2071_20260911T191646.m	10	s	2071	0	-	261	os
HH_10_12_1002_20260911T191647.m	10	h	1002	12	-	36	os
HH_10_8_160_20260911T191656.m	10	h	160	8	-	37	os
SH_10_0_2071_20260911T191656.m	10	s	2071	0	-	262	os
HH_10_8_160_20260911T191705.m	10	h	160	8	-	38	os
SH_10_0_349_20260911T191705.m	10	s	349	0	-	263	os
HH_10_4_108_20260911T191713.m	10	h	108	4	-	39	os
SH_10_0_1007_20260911T191713.m	10	s	1007	0	-	264	os
SH_10_0_533_20260911T191724.m	10	s	533	0	-	265	os
HH_10_8_160_20260911T191725.m	10	h	160	8	-	40	os
SH_10_0_2071_20260911T191733.m	10	s	2071	0	-	266	os
HH_10_8_160_20260911T191734.m	10	h	160	8	-	41	os
SH_10_0_349_20260911T191744.m	10	s	349	0	-	267	os
HH_10_6_134_20260911T191745.m	10	h	134	6	-	42	os
SH_10_0_2071_20260911T191754.m	10	s	2071	0	-	268	os
HH_10_8_160_20260911T191755.m	10	h	160	8	-	43	os
SH_10_0_1007_20260911T191805.m	10	s	1007	0	-	269	os
SH_10_0_134_20260911T191816.m	10	s	134	0	-	270	os
HH_10_6_134_20260911T191818.m	10	h	134	6	-	44	os
SH_10_0_2071_20260911T191824.m	10	s	2071	0	-	271	os
HH_10_6_134_20260911T191829.m	10	h	134	6	-	45	os
SH_10_0_99_20260911T191834.m	10	s	99	0	-	272	os
HH_10_6_134_20260911T191839.m	10	h	134	6	-	46	os
SH_10_0_2071_20260911T191845.m	10	s	2071	0	-	273	os
HH_10_8_160_20260911T191849.m	10	h	160	8	-	47	os
SH_10_2_577_20260911T191855.m	10	s	577	2	-	274	os
HH_10_8_160_20260911T191859.m	10	h	160	8	-	48	os
SH_10_0_271_20260911T191904.m	10	s	271	0	-	275	os
HH_10_6_134_20260911T191909.m	10	h	134	6	-	49	os
SH_10_0_1071_20260911T191916.m	10	s	1071	0	-	276	os
HH_10_8_160_20260911T191919.m	10	h	160	8	-	50	os
SH_10_0_2071_20260911T191926.m	10	s	2071	0	-	277	os
SH_10_0_2071_20260911T191938.m	10	s	2071	0	-	278	os
HH_10_12_1002_20260911T191941.m	10	h	1002	12	-	51	os
SH_10_2_577_20260911T191945.m	10	s	577	2	-	279	os
SH_10_0_533_20260911T191957.m	10	s	533	0	-	280	os
HH_10_8_160_20260911T192001.m	10	h	160	8	-	52	os
SH_10_2_577_20260911T192006.m	10	s	577	2	-	281	os
HH_10_6_134_20260911T192011.m	10	h	134	6	-	53	os
SH_10_0_1007_20260911T192016.m	10	s	1007	0	-	282	os
SH_10_0_271_20260911T192027.m	10	s	271	0	-	283	os
SH_10_0_2071_20260911T192035.m	10	s	2071	0	-	284	os
HH_10_8_160_20260911T192037.m	10	h	160	8	-	54	os
SH_10_0_1007_20260911T192046.m	10	s	1007	0	-	285	os
HH_10_8_160_20260911T192051.m	10	h	160	8	-	55	os
SH_10_0_967_20260911T192053.m	10	s	967	0	-	286	os
HH_10_8_160_20260911T192101.m	10	h	160	8	-	56	os
SH_10_0_134_20260911T192103.m	10	s	134	0	-	287	os
HH_10_8_160_20260911T192111.m	10	h	160	8	-	57	os
SH_10_0_2071_20260911T192112.m	10	s	2071	0	-	288	os
HH_10_6_134_20260911T192119.m	10	h	134	6	-	58	os
SH_10_0_1071_20260911T192121.m	10	s	1071	0	-	289	os
HH_10_8_160_20260911T192131.m	10	h	160	8	-	59	os
SH_10_0_2071_20260911T192132.m	10	s	2071	0	-	290	os
HH_10_6_106_20260911T192141.m	10	h	106	6	-	60	os
SH_10_0_143_20260911T192143.m	10	s	143	0	-	291	os
SH_10_4_220_20260911T192153.m	10	s	220	4	-	292	os
HH_10_6_134_20260911T192201.m	10	h	134	6	-	61	os
SH_10_0_11_20260911T192202.m	10	s	11	0	-	293	os
HH_10_6_134_20260911T192211.m	10	h	134	6	-	62	os
SH_10_0_499_20260911T192213.m	10	s	499	0	-	294	os
SH_10_0_1071_20260911T192226.m	10	s	1071	0	-	295	os
HH_10_6_134_20260911T192230.m	10	h	134	6	-	63	os
SH_10_0_349_20260911T192236.m	10	s	349	0	-	296	os
SH_10_0_1007_20260911T192247.m	10	s	1007	0	-	297	os
SH_10_0_1007_20260911T192256.m	10	s	1007	0	-	298	os
HH_10_12_1002_20260911T192259.m	10	h	1002	12	-	64	os
SH_10_0_134_20260911T192306.m	10	s	134	0	-	299	os
SH_10_0_283_20260911T192315.m	10	s	283	0	-	300	os
HH_10_8_160_20260911T192316.m	10	h	160	8	-	65	os
SH_10_0_134_20260911T192328.m	10	s	134	0	-	301	os
SH_10_0_967_20260911T192339.m	10	s	967	0	-	302	os
HH_10_8_160_20260911T192348.m	10	h	160	8	-	66	os
SH_10_0_9_20260911T192349.m	10	s	9	0	-	303	os
HH_10_8_160_20260911T192357.m	10	h	160	8	-	67	os
SH_10_0_2071_20260911T192358.m	10	s	2071	0	-	304	os
HH_10_8_160_20260911T192407.m	10	h	160	8	-	68	os
SH_10_0_2071_20260911T192408.m	10	s	2071	0	-	305	os
HH_10_8_160_20260911T192416.m	10	h	160	8	-	69	os
SH_10_0_2071_20260911T192417.m	10	s	2071	0	-	306	os
HH_10_6_134_20260911T192428.m	10	h	134	6	-	70	os
SH_10_0_349_20260911T192428.m	10	s	349	0	-	307	os
HH_10_6_134_20260911T192439.m	10	h	134	6	-	71	os
SH_10_2_577_20260911T192440.m	10	s	577	2	-	308	os
HH_10_8_160_20260911T192449.m	10	h	160	8	-	72	os
SH_10_0_1007_20260911T192452.m	10	s	1007	0	-	309	os
HH_10_6_134_20260911T192459.m	10	h	134	6	-	73	os
SH_10_0_99_20260911T192501.m	10	s	99	0	-	310	os
HH_10_8_160_20260911T192510.m	10	h	160	8	-	74	os
SH_10_0_1007_20260911T192511.m	10	s	1007	0	-	311	os
HH_10_6_134_20260911T192520.m	10	h	134	6	-	75	os
SH_10_0_2071_20260911T192522.m	10	s	2071	0	-	312	os
SH_10_0_967_20260911T192534.m	10	s	967	0	-	313	os
HH_10_8_160_20260911T192537.m	10	h	160	8	-	76	os
SH_10_0_1007_20260911T192542.m	10	s	1007	0	-	314	os
HH_10_6_134_20260911T192547.m	10	h	134	6	-	77	os
HH_10_8_160_20260911T192558.m	10	h	160	8	-	78	os
SH_10_0_1007_20260911T192600.m	10	s	1007	0	-	315	os
HH_10_6_134_20260911T192606.m	10	h	134	6	-	79	os
SH_10_0_349_20260911T192608.m	10	s	349	0	-	316	os
HH_10_8_160_20260911T192616.m	10	h	160	8	-	80	os
SH_10_0_1007_20260911T192618.m	10	s	1007	0	-	317	os
HH_10_8_160_20260911T192626.m	10	h	160	8	-	81	os
SH_10_0_2071_20260911T192629.m	10	s	2071	0	-	318	os
SH_10_0_2071_20260911T192639.m	10	s	2071	0	-	319	os
HH_10_12_1002_20260911T192644.m	10	h	1002	12	-	82	os
SH_10_0_283_20260911T192649.m	10	s	283	0	-	320	os
HH_10_8_160_20260911T192655.m	10	h	160	8	-	83	os
SH_10_0_349_20260911T192659.m	10	s	349	0	-	321	os
HH_10_6_134_20260911T192705.m	10	h	134	6	-	84	os
SH_10_0_1071_20260911T192710.m	10	s	1071	0	-	322	os
SH_10_0_2071_20260911T192720.m	10	s	2071	0	-	323	os
HH_10_8_160_20260911T192724.m	10	h	160	8	-	85	os
SH_10_0_1071_20260911T192729.m	10	s	1071	0	-	324	os
SH_10_0_349_20260911T192739.m	10	s	349	0	-	325	os
HH_10_12_1002_20260911T192741.m	10	h	1002	12	-	86	os
SH_10_0_2071_20260911T192751.m	10	s	2071	0	-	326	os
SH_10_0_1007_20260911T192803.m	10	s	1007	0	-	327	os
SH_10_0_967_20260911T192816.m	10	s	967	0	-	328	os
SH_10_0_349_20260911T192827.m	10	s	349	0	-	329	os
HH_10_8_160_20260911T192829.m	10	h	160	8	-	87	os
SH_10_0_1071_20260911T192837.m	10	s	1071	0	-	330	os
HH_10_6_134_20260911T192838.m	10	h	134	6	-	88	os
SH_10_0_251_20260911T192847.m	10	s	251	0	-	331	os
HH_10_8_160_20260911T192849.m	10	h	160	8	-	89	os
SH_10_0_2071_20260911T192858.m	10	s	2071	0	-	332	os
HH_10_8_160_20260911T192900.m	10	h	160	8	-	90	os
SH_10_0_134_20260911T192909.m	10	s	134	0	-	333	os
HH_10_12_1002_20260911T192911.m	10	h	1002	12	-	91	os
SH_10_0_1007_20260911T192916.m	10	s	1007	0	-	334	os
HH_10_8_160_20260911T192919.m	10	h	160	8	-	92	os
SH_10_0_500_20260911T192927.m	10	s	500	0	-	335	os
HH_10_6_134_20260911T192929.m	10	h	134	6	-	93	os
SH_10_2_577_20260911T192938.m	10	s	577	2	-	336	os
HH_10_6_134_20260911T192943.m	10	h	134	6	-	94	os
SH_10_0_2071_20260911T192946.m	10	s	2071	0	-	337	os
HH_10_6_134_20260911T192953.m	10	h	134	6	-	95	os
SH_10_0_1007_20260911T192956.m	10	s	1007	0	-	338	os
SH_10_2_577_20260911T193006.m	10	s	577	2	-	339	os
HH_10_8_160_20260911T193008.m	10	h	160	8	-	96	os
SH_10_0_349_20260911T193014.m	10	s	349	0	-	340	os
HH_10_8_160_20260911T193018.m	10	h	160	8	-	97	os
SH_10_0_1007_20260911T193022.m	10	s	1007	0	-	341	os
HH_10_12_1002_20260911T193026.m	10	h	1002	12	-	98	os
SH_10_0_283_20260911T193032.m	10	s	283	0	-	342	os
HH_10_8_160_20260911T193037.m	10	h	160	8	-	99	os
SH_10_2_577_20260911T193044.m	10	s	577	2	-	343	os
SH_10_0_271_20260911T193052.m	10	s	271	0	-	344	os
HH_10_6_134_20260911T193053.m	10	h	134	6	-	100	os
SH_10_0_2071_20260911T193104.m	10	s	2071	0	-	345	os
HH_10_6_106_20260911T193112.m	10	h	106	6	-	101	os
SH_10_0_1007_20260911T193112.m	10	s	1007	0	-	346	os
HH_10_6_134_20260911T193121.m	10	h	134	6	-	102	os
SH_10_0_2071_20260911T193122.m	10	s	2071	0	-	347	os
SH_10_0_2071_20260911T193135.m	10	s	2071	0	-	348	os
HH_10_12_1002_20260911T193142.m	10	h	1002	12	-	103	os
SH_10_0_1007_20260911T193145.m	10	s	1007	0	-	349	os
HH_10_8_160_20260911T193151.m	10	h	160	8	-	104	os
SH_10_0_2071_20260911T193155.m	10	s	2071	0	-	350	os
SH_10_0_349_20260911T193206.m	10	s	349	0	-	351	os
HH_10_8_160_20260911T193210.m	10	h	160	8	-	105	os
SH_10_0_2071_20260911T193217.m	10	s	2071	0	-	352	os
SH_10_0_349_20260911T193228.m	10	s	349	0	-	353	os
HH_10_12_1002_20260911T193232.m	10	h	1002	12	-	106	os
SH_10_0_2071_20260911T193235.m	10	s	2071	0	-	354	os
HH_10_6_106_20260911T193242.m	10	h	106	6	-	107	os
SH_10_2_577_20260911T193247.m	10	s	577	2	-	355	os
SH_10_0_967_20260911T193259.m	10	s	967	0	-	356	os
HH_10_6_134_20260911T193305.m	10	h	134	6	-	108	os
SH_10_0_2071_20260911T193306.m	10	s	2071	0	-	357	os
SH_10_4_220_20260911T193319.m	10	s	220	4	-	358	os
HH_10_8_160_20260911T193329.m	10	h	160	8	-	109	os
SH_10_0_134_20260911T193331.m	10	s	134	0	-	359	os
HH_10_6_134_20260911T193337.m	10	h	134	6	-	110	os
SH_10_0_143_20260911T193340.m	10	s	143	0	-	360	os
SH_10_0_6_20260911T193351.m	10	s	6	0	6	361	os
SH_10_0_143_20260911T193403.m	10	s	143	0	-	362	os
SH_10_0_134_20260911T193415.m	10	s	134	0	-	363	os
HH_10_8_160_20260911T193422.m	10	h	160	8	-	111	os
SH_10_0_500_20260911T193422.m	10	s	500	0	-	364	os
SH_10_0_1007_20260911T193434.m	10	s	1007	0	-	365	os
HH_10_8_160_20260911T193439.m	10	h	160	8	-	112	os
SH_10_0_349_20260911T193444.m	10	s	349	0	-	366	os
SH_10_2_577_20260911T193458.m	10	s	577	2	-	367	os
HH_10_8_160_20260911T193502.m	10	h	160	8	-	113	os
SH_10_0_2071_20260911T193507.m	10	s	2071	0	-	368	os
HH_10_6_134_20260911T193512.m	10	h	134	6	-	114	os
SH_10_0_2071_20260911T193517.m	10	s	2071	0	-	369	os
HH_10_6_134_20260911T193522.m	10	h	134	6	-	115	os
SH_10_0_1007_20260911T193527.m	10	s	1007	0	-	370	os
HH_10_6_134_20260911T193532.m	10	h	134	6	-	116	os
SH_10_0_2071_20260911T193538.m	10	s	2071	0	-	371	os
HH_10_8_160_20260911T193543.m	10	h	160	8	-	117	os
SH_10_0_2071_20260911T193548.m	10	s	2071	0	-	372	os
HH_10_12_1002_20260911T193553.m	10	h	1002	12	-	118	os
SH_10_0_2071_20260911T193559.m	10	s	2071	0	-	373	os
HH_10_6_130_20260911T193603.m	10	h	130	6	-	119	os
SH_10_0_175_20260911T193610.m	10	s	175	0	-	374	os
HH_10_8_160_20260911T193613.m	10	h	160	8	-	120	os
SH_10_2_577_20260911T193620.m	10	s	577	2	-	375	os
HH_10_8_160_20260911T193625.m	10	h	160	8	-	121	os
SH_10_4_108_20260911T193631.m	10	s	108	4	-	376	os
HH_10_6_134_20260911T193636.m	10	h	134	6	-	122	os
SH_10_0_349_20260911T193642.m	10	s	349	0	-	377	os
SH_10_0_967_20260911T193652.m	10	s	967	0	-	378	os
HH_10_8_160_20260911T193654.m	10	h	160	8	-	123	os
SH_10_0_2071_20260911T193700.m	10	s	2071	0	-	379	os
HH_10_8_160_20260911T193704.m	10	h	160	8	-	124	os
SH_10_0_349_20260911T193710.m	10	s	349	0	-	380	os
HH_10_12_1002_20260911T193714.m	10	h	1002	12	-	125	os
SH_10_0_2071_20260911T193719.m	10	s	2071	0	-	381	os
HH_10_8_160_20260911T193723.m	10	h	160	8	-	126	os
SH_10_0_527_20260911T193730.m	10	s	527	0	-	382	os
HH_10_12_1002_20260911T193734.m	10	h	1002	12	-	127	os
SH_10_0_2071_20260911T193742.m	10	s	2071	0	-	383	os
HH_10_8_160_20260911T193745.m	10	h	160	8	-	128	os
SH_10_0_2071_20260911T193753.m	10	s	2071	0	-	384	os
HH_10_6_106_20260911T193805.m	10	h	106	6	-	129	os
SH_10_0_967_20260911T193805.m	10	s	967	0	-	385	os
SH_10_0_533_20260911T193815.m	10	s	533	0	-	386	os
HH_10_8_160_20260911T193821.m	10	h	160	8	-	130	os
SH_10_0_349_20260911T193825.m	10	s	349	0	-	387	os
SH_10_0_175_20260911T193834.m	10	s	175	0	-	388	os
HH_10_8_160_20260911T193836.m	10	h	160	8	-	131	os
SH_10_0_2071_20260911T193846.m	10	s	2071	0	-	389	os
SH_10_0_349_20260911T193859.m	10	s	349	0	-	390	os
SH_10_0_2071_20260911T193910.m	10	s	2071	0	-	391	os
HH_10_6_134_20260911T193911.m	10	h	134	6	-	132	os
SH_10_0_349_20260911T193921.m	10	s	349	0	-	392	os
HH_10_6_134_20260911T193930.m	10	h	134	6	-	133	os
SH_10_2_577_20260911T193931.m	10	s	577	2	-	393	os
HH_10_8_160_20260911T193941.m	10	h	160	8	-	134	os
SH_10_0_2071_20260911T193942.m	10	s	2071	0	-	394	os
HH_10_12_1002_20260911T193949.m	10	h	1002	12	-	135	os
SH_10_4_220_20260911T193950.m	10	s	220	4	-	395	os
SH_10_0_1007_20260911T194001.m	10	s	1007	0	-	396	os
HH_10_6_134_20260911T194006.m	10	h	134	6	-	136	os
SH_10_0_2071_20260911T194010.m	10	s	2071	0	-	397	os
HH_10_6_134_20260911T194017.m	10	h	134	6	-	137	os
SH_10_0_967_20260911T194021.m	10	s	967	0	-	398	os
SH_10_0_2071_20260911T194032.m	10	s	2071	0	-	399	os
HH_10_8_160_20260911T194034.m	10	h	160	8	-	138	os
SH_10_0_2071_20260911T194042.m	10	s	2071	0	-	400	os
HH_10_4_108_20260911T194044.m	10	h	108	4	-	139	os
SH_10_0_134_20260911T194055.m	10	s	134	0	-	401	os
HH_10_8_160_20260911T194057.m	10	h	160	8	-	140	os
SH_10_2_577_20260911T194106.m	10	s	577	2	-	402	os
HH_10_8_160_20260911T194108.m	10	h	160	8	-	141	os
SH_10_2_577_20260911T194116.m	10	s	577	2	-	403	os
HH_10_8_160_20260911T194121.m	10	h	160	8	-	142	os
SH_10_0_283_20260911T194123.m	10	s	283	0	-	404	os
HH_10_6_134_20260911T194133.m	10	h	134	6	-	143	os
SH_10_0_271_20260911T194135.m	10	s	271	0	-	405	os
SH_10_0_283_20260911T194146.m	10	s	283	0	-	406	os
HH_10_4_108_20260911T194149.m	10	h	108	4	-	144	os
SH_10_0_349_20260911T194156.m	10	s	349	0	-	407	os
HH_10_8_160_20260911T194200.m	10	h	160	8	-	145	os
SH_10_0_2071_20260911T194208.m	10	s	2071	0	-	408	os
HH_10_8_160_20260911T194212.m	10	h	160	8	-	146	os
SH_10_0_967_20260911T194219.m	10	s	967	0	-	409	os
HH_10_6_134_20260911T194223.m	10	h	134	6	-	147	os
SH_10_0_2071_20260911T194230.m	10	s	2071	0	-	410	os
HH_10_8_160_20260911T194233.m	10	h	160	8	-	148	os
SH_10_0_349_20260911T194238.m	10	s	349	0	-	411	os
HH_10_8_160_20260911T194242.m	10	h	160	8	-	149	os
SH_10_0_2071_20260911T194248.m	10	s	2071	0	-	412	os
SH_10_0_134_20260911T194301.m	10	s	134	0	-	413	os
SH_10_0_349_20260911T194310.m	10	s	349	0	-	414	os
HH_10_12_1002_20260911T194312.m	10	h	1002	12	-	150	os
SH_10_2_577_20260911T194322.m	10	s	577	2	-	415	os
SH_10_0_349_20260911T194338.m	10	s	349	0	-	416	os
SH_10_0_2071_20260911T194351.m	10	s	2071	0	-	417	os
HH_10_8_160_20260911T194355.m	10	h	160	8	-	151	os
SH_10_0_9_20260911T194401.m	10	s	9	0	-	418	os
HH_10_12_1002_20260911T194407.m	10	h	1002	12	-	152	os
SH_10_0_2071_20260911T194412.m	10	s	2071	0	-	419	os
HH_10_6_106_20260911T194416.m	10	h	106	6	-	153	os
SH_10_0_9_20260911T194421.m	10	s	9	0	-	420	os
HH_10_8_160_20260911T194425.m	10	h	160	8	-	154	os
SH_10_0_2071_20260911T194432.m	10	s	2071	0	-	421	os
HH_10_12_1002_20260911T194435.m	10	h	1002	12	-	155	os
SH_10_2_577_20260911T194444.m	10	s	577	2	-	422	os
SH_10_0_1007_20260911T194456.m	10	s	1007	0	-	423	os
HH_10_12_1002_20260911T194457.m	10	h	1002	12	-	156	os
SH_10_0_499_20260911T194507.m	10	s	499	0	-	424	os
HH_10_6_134_20260911T194508.m	10	h	134	6	-	157	os
SH_10_0_349_20260911T194521.m	10	s	349	0	-	425	os
HH_10_8_160_20260911T194529.m	10	h	160	8	-	158	os
SH_10_2_577_20260911T194529.m	10	s	577	2	-	426	os
HH_10_12_1002_20260911T194540.m	10	h	1002	12	-	159	os
SH_10_0_1071_20260911T194541.m	10	s	1071	0	-	427	os
HH_10_6_134_20260911T194551.m	10	h	134	6	-	160	os
SH_10_0_2071_20260911T194552.m	10	s	2071	0	-	428	os
HH_10_6_134_20260911T194602.m	10	h	134	6	-	161	os
SH_10_0_2071_20260911T194603.m	10	s	2071	0	-	429	os
HH_10_6_134_20260911T194614.m	10	h	134	6	-	162	os
SH_10_0_20_20260911T194615.m	10	s	20	0	-	430	os
SH_10_0_283_20260911T194628.m	10	s	283	0	-	431	os
SH_10_0_2071_20260911T194639.m	10	s	2071	0	-	432	os
HH_10_6_134_20260911T194644.m	10	h	134	6	-	163	os
SH_10_0_134_20260911T194651.m	10	s	134	0	-	433	os
HH_10_8_160_20260911T194656.m	10	h	160	8	-	164	os
SH_10_0_526_20260911T194701.m	10	s	526	0	-	434	os
HH_10_6_134_20260911T194707.m	10	h	134	6	-	165	os
SH_10_4_490_20260911T194713.m	10	s	490	4	-	435	os
HH_10_12_1002_20260911T194718.m	10	h	1002	12	-	166	os
SH_10_0_2071_20260911T194723.m	10	s	2071	0	-	436	os
HH_10_6_134_20260911T194727.m	10	h	134	6	-	167	os
SH_10_0_703_20260911T194732.m	10	s	703	0	-	437	os
HH_10_8_160_20260911T194738.m	10	h	160	8	-	168	os
SH_10_0_5_20260911T194742.m	10	s	5	0	5	438	os
HH_10_4_108_20260911T194748.m	10	h	108	4	-	169	os
SH_10_0_1007_20260911T194754.m	10	s	1007	0	-	439	os
SH_10_2_577_20260911T194807.m	10	s	577	2	-	440	os
SH_10_0_2071_20260911T194818.m	10	s	2071	0	-	441	os
HH_10_8_160_20260911T194821.m	10	h	160	8	-	170	os
SH_10_0_349_20260911T194827.m	10	s	349	0	-	442	os
SH_10_0_349_20260911T194837.m	10	s	349	0	-	443	os
HH_10_8_160_20260911T194838.m	10	h	160	8	-	171	os
SH_10_0_967_20260911T194847.m	10	s	967	0	-	444	os
HH_10_6_134_20260911T194848.m	10	h	134	6	-	172	os
SH_10_2_577_20260911T194859.m	10	s	577	2	-	445	os
SH_10_0_1007_20260911T194911.m	10	s	1007	0	-	446	os
SH_10_0_583_20260911T194923.m	10	s	583	0	-	447	os
HH_10_8_160_20260911T194932.m	10	h	160	8	-	173	os
SH_10_0_349_20260911T194934.m	10	s	349	0	-	448	os
HH_10_8_160_20260911T194945.m	10	h	160	8	-	174	os
SH_10_4_220_20260911T194948.m	10	s	220	4	-	449	os
SH_10_0_1007_20260911T195009.m	10	s	1007	0	-	450	os
HH_10_8_160_20260911T195019.m	10	h	160	8	-	175	os
SH_10_0_251_20260911T195027.m	10	s	251	0	-	451	os
HH_10_6_134_20260911T195037.m	10	h	134	6	-	176	os
SH_10_0_9_20260911T195047.m	10	s	9	0	-	452	os
SH_10_0_2071_20260911T195103.m	10	s	2071	0	-	453	os
HH_10_4_108_20260911T195107.m	10	h	108	4	-	177	os
SH_10_0_967_20260911T195120.m	10	s	967	0	-	454	os
SH_10_0_349_20260911T195140.m	10	s	349	0	-	455	os
SH_10_0_1007_20260911T195200.m	10	s	1007	0	-	456	os
SH_10_0_500_20260911T195221.m	10	s	500	0	-	457	os
HH_10_12_1002_20260911T195224.m	10	h	1002	12	-	178	os
SH_10_0_2071_20260911T195237.m	10	s	2071	0	-	458	os
HH_10_6_134_20260911T195240.m	10	h	134	6	-	179	os
SH_10_0_2071_20260911T195256.m	10	s	2071	0	-	459	os
HH_10_8_160_20260911T195259.m	10	h	160	8	-	180	os
SH_10_0_1071_20260911T195312.m	10	s	1071	0	-	460	os
HH_10_6_134_20260911T195317.m	10	h	134	6	-	181	os
SH_10_0_134_20260911T195329.m	10	s	134	0	-	461	os
SH_10_4_220_20260911T195348.m	10	s	220	4	-	462	os
HH_10_8_160_20260911T195350.m	10	h	160	8	-	182	os
SH_10_0_2071_20260911T195407.m	10	s	2071	0	-	463	os
HH_10_6_134_20260911T195410.m	10	h	134	6	-	183	os
SH_10_0_500_20260911T195427.m	10	s	500	0	-	464	os
HH_10_12_1002_20260911T195428.m	10	h	1002	12	-	184	os
SH_10_0_2071_20260911T195440.m	10	s	2071	0	-	465	os
HH_10_8_160_20260911T195451.m	10	h	160	8	-	185	os
SH_10_2_577_20260911T195452.m	10	s	577	2	-	466	os
HH_10_8_160_20260911T195502.m	10	h	160	8	-	186	os
SH_10_0_2071_20260911T195502.m	10	s	2071	0	-	467	os
SH_10_0_1007_20260911T195512.m	10	s	1007	0	-	468	os
HH_10_8_160_20260911T195513.m	10	h	160	8	-	187	os
SH_10_0_2071_20260911T195525.m	10	s	2071	0	-	469	os
HH_10_6_134_20260911T195543.m	10	h	134	6	-	188	os
SH_10_2_577_20260911T195544.m	10	s	577	2	-	470	os
HH_10_8_160_20260911T195553.m	10	h	160	8	-	189	os
SH_10_0_251_20260911T195553.m	10	s	251	0	-	471	os
SH_10_0_2071_20260911T195607.m	10	s	2071	0	-	472	os
SH_10_0_2071_20260911T195618.m	10	s	2071	0	-	473	os
SH_10_2_577_20260911T195631.m	10	s	577	2	-	474	os
HH_10_6_126_20260911T195633.m	10	h	126	6	-	190	os
SH_10_0_283_20260911T195641.m	10	s	283	0	-	475	os
HH_10_8_160_20260911T195643.m	10	h	160	8	-	191	os
SH_10_0_349_20260911T195651.m	10	s	349	0	-	476	os
HH_10_6_134_20260911T195653.m	10	h	134	6	-	192	os
SH_10_2_577_20260911T195701.m	10	s	577	2	-	477	os
HH_10_6_134_20260911T195705.m	10	h	134	6	-	193	os
SH_10_0_2071_20260911T195713.m	10	s	2071	0	-	478	os
SH_10_0_1007_20260911T195724.m	10	s	1007	0	-	479	os
HH_10_12_1002_20260911T195727.m	10	h	1002	12	-	194	os
SH_10_0_2071_20260911T195736.m	10	s	2071	0	-	480	os
HH_10_8_160_20260911T195747.m	10	h	160	8	-	195	os
SH_10_0_1007_20260911T195747.m	10	s	1007	0	-	481	os
HH_10_8_160_20260911T195756.m	10	h	160	8	-	196	os
SH_10_2_577_20260911T195757.m	10	s	577	2	-	482	os
SH_10_0_2071_20260911T195811.m	10	s	2071	0	-	483	os
HH_10_8_160_20260911T195818.m	10	h	160	8	-	197	os
SH_10_0_703_20260911T195822.m	10	s	703	0	-	484	os
HH_10_6_134_20260911T195832.m	10	h	134	6	-	198	os
SH_10_0_499_20260911T195832.m	10	s	499	0	-	485	os
HH_10_6_134_20260911T195843.m	10	h	134	6	-	199	os
SH_10_2_577_20260911T195843.m	10	s	577	2	-	486	os
SH_10_4_490_20260911T195856.m	10	s	490	4	-	487	os
SH_10_2_577_20260911T195908.m	10	s	577	2	-	488	os
HH_10_6_134_20260911T195911.m	10	h	134	6	-	200	os
SH_10_0_2071_20260911T195917.m	10	s	2071	0	-	489	os
HH_10_8_160_20260911T195923.m	10	h	160	8	-	201	os
SH_10_0_1007_20260911T195929.m	10	s	1007	0	-	490	os
HH_10_12_1002_20260911T195935.m	10	h	1002	12	-	202	os
SH_10_0_2071_20260911T195940.m	10	s	2071	0	-	491	os
HH_10_6_134_20260911T195944.m	10	h	134	6	-	203	os
SH_10_4_108_20260911T195952.m	10	s	108	4	-	492	os
HH_10_6_134_20260911T195956.m	10	h	134	6	-	204	os
SH_10_4_490_20260911T200004.m	10	s	490	4	-	493	os
SH_10_0_134_20260911T200014.m	10	s	134	0	-	494	os
HH_10_6_134_20260911T200016.m	10	h	134	6	-	205	os
SH_10_4_490_20260911T200025.m	10	s	490	4	-	495	os
SH_10_2_577_20260911T200034.m	10	s	577	2	-	496	os
HH_10_8_160_20260911T200035.m	10	h	160	8	-	206	os
SH_10_0_2071_20260911T200042.m	10	s	2071	0	-	497	os
HH_10_6_134_20260911T200045.m	10	h	134	6	-	207	os
SH_10_0_2071_20260911T200054.m	10	s	2071	0	-	498	os
HH_10_8_160_20260911T200057.m	10	h	160	8	-	208	os
SH_10_0_349_20260911T200105.m	10	s	349	0	-	499	os
HH_10_6_134_20260911T200108.m	10	h	134	6	-	209	os
SH_10_0_175_20260911T200116.m	10	s	175	0	-	500	os
HH_10_6_134_20260911T200120.m	10	h	134	6	-	210	os
SH_10_0_349_20260911T200127.m	10	s	349	0	-	501	os
HH_10_8_160_20260911T200130.m	10	h	160	8	-	211	os
SH_10_0_349_20260911T200139.m	10	s	349	0	-	502	os
HH_10_8_160_20260911T200141.m	10	h	160	8	-	212	os
SH_10_0_2071_20260911T200151.m	10	s	2071	0	-	503	os
HH_10_6_134_20260911T200157.m	10	h	134	6	-	213	os
SH_10_0_134_20260911T200158.m	10	s	134	0	-	504	os
SH_10_0_2071_20260911T200211.m	10	s	2071	0	-	505	os
SH_10_0_2071_20260911T200226.m	10	s	2071	0	-	506	os
SH_10_0_500_20260911T200239.m	10	s	500	0	-	507	os
HH_10_8_160_20260911T200245.m	10	h	160	8	-	214	os
SH_10_0_1007_20260911T200246.m	10	s	1007	0	-	508	os
HH_10_8_160_20260911T200255.m	10	h	160	8	-	215	os
SH_10_0_2071_20260911T200257.m	10	s	2071	0	-	509	os
HH_10_8_160_20260911T200305.m	10	h	160	8	-	216	os
SH_10_0_143_20260911T200307.m	10	s	143	0	-	510	os
HH_10_4_108_20260911T200315.m	10	h	108	4	-	217	os
SH_10_0_2071_20260911T200318.m	10	s	2071	0	-	511	os
HH_10_6_134_20260911T200327.m	10	h	134	6	-	218	os
SH_10_0_99_20260911T200330.m	10	s	99	0	-	512	os
HH_10_6_134_20260911T200338.m	10	h	134	6	-	219	os
SH_10_0_1007_20260911T200341.m	10	s	1007	0	-	513	os
HH_10_12_1002_20260911T200349.m	10	h	1002	12	-	220	os
SH_10_0_143_20260911T200353.m	10	s	143	0	-	514	os
SH_10_0_349_20260911T200402.m	10	s	349	0	-	515	os
HH_10_6_134_20260911T200403.m	10	h	134	6	-	221	os
HH_10_8_160_20260911T200414.m	10	h	160	8	-	222	os
SH_10_4_220_20260911T200414.m	10	s	220	4	-	516	os
SH_10_0_1007_20260911T200425.m	10	s	1007	0	-	517	os
HH_10_6_134_20260911T200430.m	10	h	134	6	-	223	os
SH_10_0_349_20260911T200435.m	10	s	349	0	-	518	os
HH_10_6_106_20260911T200442.m	10	h	106	6	-	224	os
SH_10_0_349_20260911T200446.m	10	s	349	0	-	519	os
HH_10_8_160_20260911T200452.m	10	h	160	8	-	225	os
SH_10_0_2071_20260911T200458.m	10	s	2071	0	-	520	os
HH_10_6_134_20260911T200503.m	10	h	134	6	-	226	os
SH_10_4_216_20260911T200510.m	10	s	216	4	-	521	os
HH_10_8_160_20260911T200516.m	10	h	160	8	-	227	os
SH_10_0_175_20260911T200521.m	10	s	175	0	-	522	os
HH_10_6_134_20260911T200528.m	10	h	134	6	-	228	os
SH_10_0_499_20260911T200531.m	10	s	499	0	-	523	os
HH_10_8_160_20260911T200538.m	10	h	160	8	-	229	os
SH_10_0_349_20260911T200542.m	10	s	349	0	-	524	os
HH_10_6_134_20260911T200551.m	10	h	134	6	-	230	os
SH_10_0_283_20260911T200600.m	10	s	283	0	-	525	os
SH_10_2_577_20260911T200621.m	10	s	577	2	-	526	os
SH_10_0_134_20260911T200638.m	10	s	134	0	-	527	os
HH_10_6_134_20260911T200639.m	10	h	134	6	-	231	os
HH_10_6_134_20260911T200658.m	10	h	134	6	-	232	os
SH_10_0_2071_20260911T200658.m	10	s	2071	0	-	528	os
HH_10_6_134_20260911T200719.m	10	h	134	6	-	233	os
SH_10_2_577_20260911T200719.m	10	s	577	2	-	529	os
SH_10_0_2071_20260911T200740.m	10	s	2071	0	-	530	os
HH_10_8_160_20260911T200741.m	10	h	160	8	-	234	os
SH_10_0_1007_20260911T200802.m	10	s	1007	0	-	531	os
HH_10_8_160_20260911T200820.m	10	h	160	8	-	235	os
SH_10_0_1071_20260911T200823.m	10	s	1071	0	-	532	os
HH_10_8_160_20260911T200839.m	10	h	160	8	-	236	os
SH_10_0_2071_20260911T200842.m	10	s	2071	0	-	533	os
HH_10_6_134_20260911T200900.m	10	h	134	6	-	237	os
SH_10_0_527_20260911T200902.m	10	s	527	0	-	534	os
HH_10_8_160_20260911T200921.m	10	h	160	8	-	238	os
SH_10_2_577_20260911T200924.m	10	s	577	2	-	535	os
SH_10_0_134_20260911T200945.m	10	s	134	0	-	536	os
HH_10_6_134_20260911T200954.m	10	h	134	6	-	239	os
SH_10_0_2071_20260911T201003.m	10	s	2071	0	-	537	os
HH_10_6_134_20260911T201015.m	10	h	134	6	-	240	os
SH_10_0_2071_20260911T201022.m	10	s	2071	0	-	538	os
SH_10_0_2071_20260911T201041.m	10	s	2071	0	-	539	os
HH_10_6_134_20260911T201044.m	10	h	134	6	-	241	os
HH_10_8_160_20260911T201101.m	10	h	160	8	-	242	os
SH_10_0_160_20260911T201101.m	10	s	251	0	-	540	os
HH_10_6_134_20260911T201121.m	10	h	134	6	-	243	os
SH_10_0_283_20260911T201121.m	10	s	283	0	-	541	os
SH_10_0_2071_20260911T201143.m	10	s	2071	0	-	542	os
HH_10_6_134_20260911T201159.m	10	h	134	6	-	244	os
SH_10_2_577_20260911T201203.m	10	s	577	2	-	543	os
HH_10_6_134_20260911T201219.m	10	h	134	6	-	245	os
SH_10_0_2071_20260911T201223.m	10	s	2071	0	-	544	os
HH_10_12_1002_20260911T201236.m	10	h	1002	12	-	246	os
SH_10_0_1007_20260911T201239.m	10	s	1007	0	-	545	os
HH_10_6_134_20260911T201256.m	10	h	134	6	-	247	os
SH_10_0_134_20260911T201257.m	10	s	134	0	-	546	os
HH_10_12_1002_20260911T201312.m	10	h	1002	12	-	248	os
SH_10_2_577_20260911T201313.m	10	s	577	2	-	547	os
HH_10_12_1002_20260911T201330.m	10	h	1002	12	-	249	os
SH_10_0_967_20260911T201332.m	10	s	967	0	-	548	os
HH_10_8_160_20260911T201349.m	10	h	160	8	-	250	os
SH_10_0_349_20260911T201351.m	10	s	349	0	-	549	os
HH_10_4_108_20260911T201405.m	10	h	108	4	-	251	os
SH_10_0_2071_20260911T201408.m	10	s	2071	0	-	550	os
HH_10_8_160_20260911T201423.m	10	h	160	8	-	252	os
SH_10_0_1071_20260911T201425.m	10	s	1071	0	-	551	os
HH_10_6_134_20260911T201440.m	10	h	134	6	-	253	os
SH_10_0_283_20260911T201443.m	10	s	283	0	-	552	os
HH_10_6_134_20260911T201458.m	10	h	134	6	-	254	os
SH_10_0_533_20260911T201505.m	10	s	533	0	-	553	os
HH_10_8_160_20260911T201518.m	10	h	160	8	-	255	os
SH_10_0_349_20260911T201524.m	10	s	349	0	-	554	os
HH_10_8_160_20260911T201538.m	10	h	160	8	-	256	os
SH_10_0_143_20260911T201542.m	10	s	143	0	-	555	os
SH_10_0_2071_20260911T201601.m	10	s	2071	0	-	556	os
SH_10_0_1007_20260911T201623.m	10	s	1007	0	-	557	os
HH_10_6_134_20260911T201632.m	10	h	134	6	-	257	os
SH_10_0_967_20260911T201640.m	10	s	967	0	-	558	os
SH_9_0_681_20260911T201641.m	9	s	681	0	-	1	os
HH_10_6_134_20260911T201648.m	10	h	134	6	-	258	os
SH_9_0_201_20260911T201653.m	9	s	201	0	-	2	os
SH_10_4_490_20260911T201656.m	10	s	490	4	-	559	os
HH_10_6_134_20260911T201702.m	10	h	134	6	-	259	os
SH_9_0_201_20260911T201707.m	9	s	201	0	-	3	os
SH_10_0_143_20260911T201710.m	10	s	143	0	-	560	os
HH_10_6_134_20260911T201716.m	10	h	134	6	-	260	os
SH_9_0_201_20260911T201718.m	9	s	201	0	-	4	os
SH_10_0_2071_20260911T201727.m	10	s	2071	0	-	561	os
SH_9_0_681_20260911T201733.m	9	s	681	0	-	5	os
SH_10_0_967_20260911T201741.m	10	s	967	0	-	562	os
SH_9_0_201_20260911T201742.m	9	s	201	0	-	6	os
HH_10_8_160_20260911T201749.m	10	h	160	8	-	261	os
SH_9_0_681_20260911T201750.m	9	s	681	0	-	7	os
SH_10_0_349_20260911T201755.m	10	s	349	0	-	563	os
SH_9_0_105_20260911T201802.m	9	s	105	0	-	8	os
HH_10_8_160_20260911T201805.m	10	h	160	8	-	262	os
SH_10_4_490_20260911T201806.m	10	s	490	4	-	564	os
SH_9_0_681_20260911T201811.m	9	s	681	0	-	9	os
HH_10_12_1002_20260911T201820.m	10	h	1002	12	-	263	os
SH_9_0_105_20260911T201821.m	9	s	105	0	-	10	os
SH_10_0_2071_20260911T201821.m	10	s	2071	0	-	565	os
SH_9_0_681_20260911T201832.m	9	s	681	0	-	11	os
SH_10_0_349_20260911T201837.m	10	s	349	0	-	566	os
SH_9_0_105_20260911T201846.m	9	s	105	0	-	12	os
HH_10_6_134_20260911T201849.m	10	h	134	6	-	264	os
SH_10_0_134_20260911T201850.m	10	s	134	0	-	567	os
SH_9_0_681_20260911T201854.m	9	s	681	0	-	13	os
HH_10_8_160_20260911T201904.m	10	h	160	8	-	265	os
SH_10_0_533_20260911T201904.m	10	s	533	0	-	568	os
SH_9_0_681_20260911T201905.m	9	s	681	0	-	14	os
SH_9_0_681_20260911T201917.m	9	s	681	0	-	15	os
SH_10_0_1007_20260911T201919.m	10	s	1007	0	-	569	os
HH_10_12_1002_20260911T201920.m	10	h	1002	12	-	266	os
SH_9_0_201_20260911T201926.m	9	s	201	0	-	16	os
SH_10_0_2071_20260911T201933.m	10	s	2071	0	-	570	os
HH_10_6_134_20260911T201934.m	10	h	134	6	-	267	os
SH_9_0_681_20260911T201939.m	9	s	681	0	-	17	os
SH_9_0_105_20260911T201951.m	9	s	105	0	-	18	os
SH_10_2_577_20260911T201951.m	10	s	577	2	-	571	os
SH_9_0_681_20260911T202004.m	9	s	681	0	-	19	os
SH_10_2_577_20260911T202006.m	10	s	577	2	-	572	os
SH_9_0_681_20260911T202011.m	9	s	681	0	-	20	os
HH_10_6_134_20260911T202011.m	10	h	134	6	-	268	os
SH_10_0_1007_20260911T202017.m	10	s	1007	0	-	573	os
SH_9_0_681_20260911T202024.m	9	s	681	0	-	21	os
HH_10_12_1002_20260911T202027.m	10	h	1002	12	-	269	os
SH_10_0_283_20260911T202031.m	10	s	283	0	-	574	os
SH_9_0_201_20260911T202033.m	9	s	201	0	-	22	os
HH_10_8_160_20260911T202041.m	10	h	160	8	-	270	os
SH_9_0_681_20260911T202044.m	9	s	681	0	-	23	os
SH_10_2_577_20260911T202045.m	10	s	577	2	-	575	os
SH_9_0_105_20260911T202055.m	9	s	105	0	-	24	os
SH_10_0_527_20260911T202058.m	10	s	527	0	-	576	os
HH_10_8_160_20260911T202100.m	10	h	160	8	-	271	os
SH_9_0_105_20260911T202103.m	9	s	105	0	-	25	os
SH_10_0_349_20260911T202112.m	10	s	349	0	-	577	os
SH_9_0_89_20260911T202114.m	9	s	89	0	-	26	os
HH_10_8_160_20260911T202114.m	10	h	160	8	-	272	os
SH_9_0_201_20260911T202124.m	9	s	201	0	-	27	os
SH_10_0_2071_20260911T202124.m	10	s	2071	0	-	578	os
HH_10_6_134_20260911T202126.m	10	h	134	6	-	273	os
SH_9_0_681_20260911T202136.m	9	s	681	0	-	28	os
HH_10_8_160_20260911T202137.m	10	h	160	8	-	274	os
SH_10_0_143_20260911T202138.m	10	s	143	0	-	579	os
SH_9_0_201_20260911T202145.m	9	s	201	0	-	29	os
HH_10_8_160_20260911T202151.m	10	h	160	8	-	275	os
SH_10_0_1007_20260911T202151.m	10	s	1007	0	-	580	os
SH_9_0_201_20260911T202154.m	9	s	201	0	-	30	os
HH_10_6_134_20260911T202204.m	10	h	134	6	-	276	os
SH_9_0_105_20260911T202205.m	9	s	105	0	-	31	os
SH_10_0_134_20260911T202205.m	10	s	134	0	-	581	os
SH_9_0_681_20260911T202216.m	9	s	681	0	-	32	os
HH_10_6_130_20260911T202217.m	10	h	130	6	-	277	os
SH_10_0_134_20260911T202217.m	10	s	134	0	-	582	os
SH_9_0_681_20260911T202229.m	9	s	681	0	-	33	os
SH_10_0_2071_20260911T202233.m	10	s	2071	0	-	583	os
SH_9_0_105_20260911T202245.m	9	s	105	0	-	34	os
SH_10_0_6_20260911T202249.m	10	s	6	0	6	584	os
SH_9_0_105_20260911T202258.m	9	s	105	0	-	35	os
SH_10_0_99_20260911T202304.m	10	s	99	0	-	585	os
SH_9_0_105_20260911T202307.m	9	s	105	0	-	36	os
HH_10_8_160_20260911T202309.m	10	h	160	8	-	278	os
SH_9_0_201_20260911T202315.m	9	s	201	0	-	37	os
SH_10_2_577_20260911T202317.m	10	s	577	2	-	586	os
SH_9_0_89_20260911T202328.m	9	s	89	0	-	38	os
SH_10_2_577_20260911T202334.m	10	s	577	2	-	587	os
SH_9_0_105_20260911T202342.m	9	s	105	0	-	39	os
HH_10_6_134_20260911T202345.m	10	h	134	6	-	279	os
SH_10_0_2071_20260911T202348.m	10	s	2071	0	-	588	os
SH_9_0_625_20260911T202352.m	9	s	625	0	-	40	os
HH_10_6_134_20260911T202400.m	10	h	134	6	-	280	os
SH_10_0_2071_20260911T202401.m	10	s	2071	0	-	589	os
SH_9_0_105_20260911T202402.m	9	s	105	0	-	41	os
SH_9_0_681_20260911T202416.m	9	s	681	0	-	42	os
HH_10_8_160_20260911T202417.m	10	h	160	8	-	281	os
SH_10_0_1007_20260911T202419.m	10	s	1007	0	-	590	os
SH_9_0_681_20260911T202430.m	9	s	681	0	-	43	os
HH_10_6_130_20260911T202432.m	10	h	130	6	-	282	os
SH_10_0_533_20260911T202432.m	10	s	533	0	-	591	os
SH_9_0_201_20260911T202444.m	9	s	201	0	-	44	os
SH_10_0_349_20260911T202448.m	10	s	349	0	-	592	os
SH_9_0_201_20260911T202459.m	9	s	201	0	-	45	os
SH_10_0_1007_20260911T202506.m	10	s	1007	0	-	593	os
SH_9_0_681_20260911T202511.m	9	s	681	0	-	46	os
HH_10_6_134_20260911T202513.m	10	h	134	6	-	283	os
SH_9_0_681_20260911T202519.m	9	s	681	0	-	47	os
SH_10_2_577_20260911T202519.m	10	s	577	2	-	594	os
HH_10_6_130_20260911T202529.m	10	h	130	6	-	284	os
SH_9_0_201_20260911T202532.m	9	s	201	0	-	48	os
SH_10_0_1007_20260911T202534.m	10	s	1007	0	-	595	os
SH_9_0_201_20260911T202543.m	9	s	201	0	-	49	os
HH_10_6_134_20260911T202543.m	10	h	134	6	-	285	os
SH_10_0_349_20260911T202551.m	10	s	349	0	-	596	os
SH_9_0_105_20260911T202558.m	9	s	105	0	-	50	os
HH_10_12_1002_20260911T202600.m	10	h	1002	12	-	286	os
SH_10_0_2071_20260911T202608.m	10	s	2071	0	-	597	os
SH_9_0_201_20260911T202611.m	9	s	201	0	-	51	os
HH_10_8_160_20260911T202618.m	10	h	160	8	-	287	os
SH_9_0_681_20260911T202622.m	9	s	681	0	-	52	os
SH_10_0_2071_20260911T202622.m	10	s	2071	0	-	598	os
HH_10_8_160_20260911T202631.m	10	h	160	8	-	288	os
SH_9_0_681_20260911T202632.m	9	s	681	0	-	53	os
SH_10_0_533_20260911T202635.m	10	s	533	0	-	599	os
SH_9_0_201_20260911T202645.m	9	s	201	0	-	54	os
HH_10_6_106_20260911T202646.m	10	h	106	6	-	289	os
SH_10_0_967_20260911T202650.m	10	s	967	0	-	600	os
SH_9_0_681_20260911T202657.m	9	s	681	0	-	55	os
SH_10_0_2071_20260911T202705.m	10	s	2071	0	-	601	os
SH_9_0_201_20260911T202706.m	9	s	201	0	-	56	os
HH_10_6_134_20260911T202708.m	10	h	134	6	-	290	os
SH_9_0_201_20260911T202719.m	9	s	201	0	-	57	os
SH_10_0_2071_20260911T202721.m	10	s	2071	0	-	602	os
HH_10_8_160_20260911T202723.m	10	h	160	8	-	291	os
SH_9_0_201_20260911T202730.m	9	s	201	0	-	58	os
SH_10_0_251_20260911T202738.m	10	s	251	0	-	603	os
SH_9_0_105_20260911T202744.m	9	s	105	0	-	59	os
HH_10_8_160_20260911T202749.m	10	h	160	8	-	292	os
SH_10_0_1007_20260911T202752.m	10	s	1007	0	-	604	os
SH_9_0_201_20260911T202753.m	9	s	201	0	-	60	os
HH_10_8_160_20260911T202805.m	10	h	160	8	-	293	os
SH_9_0_681_20260911T202806.m	9	s	681	0	-	61	os
SH_10_0_533_20260911T202809.m	10	s	533	0	-	605	os
SH_9_0_681_20260911T202819.m	9	s	681	0	-	62	os
HH_10_8_160_20260911T202820.m	10	h	160	8	-	294	os
SH_10_4_490_20260911T202824.m	10	s	490	4	-	606	os
SH_9_0_105_20260911T202830.m	9	s	105	0	-	63	os
SH_10_0_349_20260911T202841.m	10	s	349	0	-	607	os
SH_9_0_681_20260911T202843.m	9	s	681	0	-	64	os
SH_9_0_201_20260911T202858.m	9	s	201	0	-	65	os
SH_10_0_2071_20260911T202858.m	10	s	2071	0	-	608	os
SH_9_0_681_20260911T202913.m	9	s	681	0	-	66	os
SH_10_0_527_20260911T202914.m	10	s	527	0	-	609	os
HH_10_8_160_20260911T202917.m	10	h	160	8	-	295	os
SH_9_0_105_20260911T202923.m	9	s	105	0	-	67	os
SH_10_0_251_20260911T202928.m	10	s	251	0	-	610	os
HH_10_6_134_20260911T202933.m	10	h	134	6	-	296	os
SH_9_0_89_20260911T202935.m	9	s	89	0	-	68	os
SH_10_4_220_20260911T202945.m	10	s	220	4	-	611	os
SH_9_0_681_20260911T202948.m	9	s	681	0	-	69	os
SH_9_2_89_20260911T203002.m	9	s	89	2	-	70	os
SH_10_0_2071_20260911T203002.m	10	s	2071	0	-	612	os
SH_9_0_681_20260911T203015.m	9	s	681	0	-	71	os
SH_10_0_175_20260911T203017.m	10	s	175	0	-	613	os
HH_10_6_106_20260911T203019.m	10	h	106	6	-	297	os
SH_9_0_201_20260911T203026.m	9	s	201	0	-	72	os
SH_10_0_2071_20260911T203033.m	10	s	2071	0	-	614	os
HH_10_6_134_20260911T203036.m	10	h	134	6	-	298	os
SH_9_0_681_20260911T203038.m	9	s	681	0	-	73	os
SH_10_2_577_20260911T203049.m	10	s	577	2	-	615	os
SH_9_0_105_20260911T203050.m	9	s	105	0	-	74	os
HH_10_4_108_20260911T203050.m	10	h	108	4	-	299	os
SH_9_0_201_20260911T203104.m	9	s	201	0	-	75	os
SH_10_0_1007_20260911T203104.m	10	s	1007	0	-	616	os
SH_9_0_681_20260911T203118.m	9	s	681	0	-	76	os
SH_10_0_2071_20260911T203120.m	10	s	2071	0	-	617	os
SH_9_0_105_20260911T203131.m	9	s	105	0	-	77	os
SH_10_0_349_20260911T203136.m	10	s	349	0	-	618	os
SH_9_0_625_20260911T203141.m	9	s	625	0	-	78	os
HH_10_8_160_20260911T203144.m	10	h	160	8	-	300	os
SH_10_0_1007_20260911T203150.m	10	s	1007	0	-	619	os
SH_9_0_105_20260911T203154.m	9	s	105	0	-	79	os
HH_10_6_134_20260911T203158.m	10	h	134	6	-	301	os
SH_9_0_681_20260911T203202.m	9	s	681	0	-	80	os
SH_10_0_134_20260911T203205.m	10	s	134	0	-	620	os
HH_10_6_134_20260911T203214.m	10	h	134	6	-	302	os
SH_9_0_105_20260911T203215.m	9	s	105	0	-	81	os
SH_10_0_2071_20260911T203218.m	10	s	2071	0	-	621	os
SH_9_0_201_20260911T203226.m	9	s	201	0	-	82	os
HH_10_6_134_20260911T203232.m	10	h	134	6	-	303	os
SH_10_0_99_20260911T203234.m	10	s	99	0	-	622	os
SH_9_0_201_20260911T203238.m	9	s	201	0	-	83	os
HH_10_8_160_20260911T203247.m	10	h	160	8	-	304	os
SH_10_0_99_20260911T203250.m	10	s	99	0	-	623	os
SH_9_0_201_20260911T203251.m	9	s	201	0	-	84	os
HH_10_6_134_20260911T203302.m	10	h	134	6	-	305	os
SH_9_0_201_20260911T203303.m	9	s	201	0	-	85	os
SH_10_0_349_20260911T203306.m	10	s	349	0	-	624	os
SH_9_0_681_20260911T203318.m	9	s	681	0	-	86	os
SH_10_0_1007_20260911T203322.m	10	s	1007	0	-	625	os
SH_9_0_201_20260911T203325.m	9	s	201	0	-	87	os
HH_10_8_160_20260911T203327.m	10	h	160	8	-	306	os
SH_10_0_349_20260911T203337.m	10	s	349	0	-	626	os
SH_9_0_201_20260911T203339.m	9	s	201	0	-	88	os
HH_10_6_134_20260911T203343.m	10	h	134	6	-	307	os
SH_9_0_105_20260911T203350.m	9	s	105	0	-	89	os
SH_10_4_490_20260911T203352.m	10	s	490	4	-	627	os
HH_10_6_134_20260911T203357.m	10	h	134	6	-	308	os
SH_9_0_201_20260911T203359.m	9	s	201	0	-	90	os
SH_10_0_99_20260911T203403.m	10	s	99	0	-	628	os
SH_9_0_105_20260911T203409.m	9	s	105	0	-	91	os
SH_10_0_349_20260911T203419.m	10	s	349	0	-	629	os
SH_9_0_201_20260911T203421.m	9	s	201	0	-	92	os
HH_10_8_160_20260911T203429.m	10	h	160	8	-	309	os
SH_9_0_681_20260911T203431.m	9	s	681	0	-	93	os
SH_10_0_349_20260911T203433.m	10	s	349	0	-	630	os
SH_9_0_201_20260911T203443.m	9	s	201	0	-	94	os
HH_10_6_106_20260911T203443.m	10	h	106	6	-	310	os
SH_10_0_283_20260911T203447.m	10	s	283	0	-	631	os
SH_9_0_105_20260911T203455.m	9	s	105	0	-	95	os
HH_10_6_134_20260911T203457.m	10	h	134	6	-	311	os
SH_10_2_577_20260911T203504.m	10	s	577	2	-	632	os
SH_9_0_89_20260911T203507.m	9	s	89	0	-	96	os
SH_10_0_967_20260911T203517.m	10	s	967	0	-	633	os
SH_9_0_201_20260911T203518.m	9	s	201	0	-	97	os
HH_10_8_160_20260911T203520.m	10	h	160	8	-	312	os
SH_10_0_703_20260911T203529.m	10	s	703	0	-	634	os
HH_10_12_1002_20260911T203535.m	10	h	1002	12	-	313	os
SH_10_0_1071_20260911T203544.m	10	s	1071	0	-	635	os
HH_10_8_160_20260911T203546.m	10	h	160	8	-	314	os
SH_10_0_2071_20260911T203601.m	10	s	2071	0	-	636	os
HH_10_8_160_20260911T203613.m	10	h	160	8	-	315	os
SH_10_0_2071_20260911T203621.m	10	s	2071	0	-	637	os
HH_10_6_134_20260911T203635.m	10	h	134	6	-	316	os
SH_10_0_134_20260911T203641.m	10	s	134	0	-	638	os
HH_10_6_134_20260911T203655.m	10	h	134	6	-	317	os
SH_10_0_2071_20260911T203703.m	10	s	2071	0	-	639	os
SH_10_0_1007_20260911T203723.m	10	s	1007	0	-	640	os
HH_10_8_2071_20260911T203739.m	10	h	160	8	-	318	os
SH_10_0_2071_20260911T203739.m	10	s	2071	0	-	641	os
HH_10_4_108_20260911T203800.m	10	h	108	4	-	319	os
SH_10_0_2071_20260911T203800.m	10	s	2071	0	-	642	os
SH_10_2_577_20260911T203822.m	10	s	577	2	-	643	os
SH_10_0_1007_20260911T203841.m	10	s	1007	0	-	644	os
HH_10_8_160_20260911T203900.m	10	h	160	8	-	321	os
SH_10_0_2071_20260911T203901.m	10	s	2071	0	-	645	os
HH_10_8_160_20260911T203921.m	10	h	160	8	-	322	os
SH_10_8_160_20260911T203921.m	10	s	1007	0	-	646	os
HH_10_0_1007_20260911T203942.m	10	h	160	8	-	323	os
SH_10_0_1007_20260911T203942.m	10	s	1007	0	-	647	os
HH_10_8_160_20260911T203959.m	10	h	160	8	-	324	os
SH_10_0_2071_20260911T203959.m	10	s	2071	0	-	648	os
SH_10_0_2071_20260911T204020.m	10	s	2071	0	-	649	os
HH_10_6_134_20260911T204033.m	10	h	134	6	-	325	os
SH_10_0_6_20260911T204041.m	10	s	6	0	6	650	os
SH_10_0_349_20260911T204057.m	10	s	349	0	-	651	os
HH_10_8_160_20260911T204058.m	10	h	160	8	-	326	os
SH_10_0_1007_20260911T204116.m	10	s	1007	0	-	652	os
SH_10_2_577_20260911T204139.m	10	s	577	2	-	653	os
SH_10_2_577_20260911T204200.m	10	s	577	2	-	654	os
SH_10_0_134_20260911T204221.m	10	s	134	0	-	655	os
HH_10_6_134_20260911T204237.m	10	h	134	6	-	327	os
SH_10_0_349_20260911T204240.m	10	s	349	0	-	656	os
SH_10_0_2071_20260911T204300.m	10	s	2071	0	-	657	os
HH_10_6_134_20260911T204313.m	10	h	134	6	-	328	os
SH_10_2_577_20260911T204316.m	10	s	577	2	-	658	os
SH_10_2_577_20260911T204336.m	10	s	577	2	-	659	os
HH_10_8_160_20260911T204344.m	10	h	160	8	-	329	os
SH_10_0_20_20260911T204355.m	10	s	20	0	-	660	os
SH_10_0_143_20260911T204417.m	10	s	143	0	-	661	os
HH_10_8_160_20260911T204432.m	10	h	160	8	-	330	os
SH_10_0_1007_20260911T204432.m	10	s	1007	0	-	662	os
SH_10_0_2071_20260911T204452.m	10	s	2071	0	-	663	os
HH_10_8_160_20260911T204510.m	10	h	160	8	-	331	os
SH_10_0_283_20260911T204511.m	10	s	283	0	-	664	os
HH_10_8_160_20260911T204530.m	10	h	160	8	-	332	os
SH_10_0_349_20260911T204532.m	10	s	349	0	-	665	os
HH_10_6_134_20260911T204551.m	10	h	134	6	-	333	os
SH_10_0_20_20260911T204551.m	10	s	20	0	-	666	os
SH_10_0_1007_20260911T204612.m	10	s	1007	0	-	667	os
HH_10_8_160_20260911T204632.m	10	h	160	8	-	335	os
SH_10_0_1007_20260911T204632.m	10	s	1007	0	-	668	os
HH_10_6_134_20260911T204652.m	10	h	134	6	-	336	os
SH_10_4_220_20260911T204653.m	10	s	220	4	-	669	os
SH_10_0_293_20260911T204714.m	10	s	293	0	-	670	os
SH_10_0_143_20260911T204732.m	10	s	143	0	-	671	os
HH_10_6_106_20260911T204737.m	10	h	106	6	-	337	os
SH_10_2_577_20260911T204752.m	10	s	577	2	-	672	os
HH_10_8_160_20260911T204756.m	10	h	160	8	-	338	os
SH_10_0_283_20260911T204813.m	10	s	283	0	-	673	os
HH_10_8_160_20260911T204814.m	10	h	160	8	-	339	os
SH_10_0_1007_20260911T204834.m	10	s	1007	0	-	674	os
HH_10_6_134_20260911T204836.m	10	h	134	6	-	340	os
SH_10_0_349_20260911T204857.m	10	s	349	0	-	675	os
HH_10_6_134_20260911T204859.m	10	h	134	6	-	341	os
SH_10_2_577_20260911T204917.m	10	s	577	2	-	676	os
HH_10_6_134_20260911T204920.m	10	h	134	6	-	342	os
SH_10_0_2071_20260911T204937.m	10	s	2071	0	-	677	os
HH_10_8_160_20260911T204942.m	10	h	160	8	-	343	os
SH_10_0_2071_20260911T204958.m	10	s	2071	0	-	678	os
HH_10_8_160_20260911T205002.m	10	h	160	8	-	344	os
SH_10_0_9_20260911T205017.m	10	s	9	0	-	679	os
HH_10_8_160_20260911T205021.m	10	h	160	8	-	345	os
SH_10_0_2071_20260911T205036.m	10	s	2071	0	-	680	os
HH_10_8_160_20260911T205038.m	10	h	160	8	-	346	os
SH_10_0_1007_20260911T205058.m	10	s	1007	0	-	681	os
HH_10_6_134_20260911T205059.m	10	h	134	6	-	347	os
HH_10_8_160_20260911T205120.m	10	h	160	8	-	348	os
SH_10_0_1007_20260911T205121.m	10	s	1007	0	-	682	os
HH_10_6_134_20260911T205141.m	10	h	134	6	-	349	os
SH_10_0_2071_20260911T205145.m	10	s	2071	0	-	683	os
SH_10_0_349_20260911T205208.m	10	s	349	0	-	684	os
HH_10_8_160_20260911T205217.m	10	h	160	8	-	350	os
SH_10_4_220_20260911T205227.m	10	s	220	4	-	685	os
HH_10_6_134_20260911T205234.m	10	h	134	6	-	351	os
SH_10_0_533_20260911T205246.m	10	s	533	0	-	686	os
HH_10_6_134_20260911T205256.m	10	h	134	6	-	352	os
SH_10_2_577_20260911T205302.m	10	s	577	2	-	687	os
HH_10_6_134_20260911T205315.m	10	h	134	6	-	353	os
SH_10_0_1007_20260911T205323.m	10	s	1007	0	-	688	os
HH_10_8_160_20260911T205335.m	10	h	160	8	-	354	os
SH_10_0_283_20260911T205345.m	10	s	283	0	-	689	os
HH_10_8_160_20260911T205354.m	10	h	160	8	-	355	os
SH_10_0_2071_20260911T205404.m	10	s	2071	0	-	690	os
HH_10_6_134_20260911T205415.m	10	h	134	6	-	356	os
SH_10_0_533_20260911T205423.m	10	s	533	0	-	691	os
HH_10_8_160_20260911T205434.m	10	h	160	8	-	357	os
SH_10_0_143_20260911T205441.m	10	s	143	0	-	692	os
HH_10_8_160_20260911T205453.m	10	h	160	8	-	358	os
SH_10_0_2071_20260911T205459.m	10	s	2071	0	-	693	os
HH_10_8_160_20260911T205511.m	10	h	160	8	-	359	os
SH_10_2_577_20260911T205519.m	10	s	577	2	-	694	os
HH_10_8_160_20260911T205532.m	10	h	160	8	-	360	os
SH_10_4_490_20260911T205539.m	10	s	490	4	-	695	os
HH_10_6_134_20260911T205548.m	10	h	134	6	-	361	os
SH_10_0_6_20260911T205558.m	10	s	6	0	6	696	os
SH_10_0_99_20260911T205617.m	10	s	99	0	-	697	os
SH_10_0_349_20260911T205638.m	10	s	349	0	-	698	os
SH_10_0_1007_20260911T205658.m	10	s	1007	0	-	699	os
SH_10_2_577_20260911T205716.m	10	s	577	2	-	700	os
HH_10_8_160_20260911T205722.m	10	h	160	8	-	362	os
SH_10_0_251_20260911T205733.m	10	s	251	0	-	701	os
HH_10_4_108_20260911T205740.m	10	h	108	4	-	363	os
SH_10_4_490_20260911T205752.m	10	s	490	4	-	702	os
SH_10_0_134_20260911T205811.m	10	s	134	0	-	703	os
HH_10_6_106_20260911T205815.m	10	h	106	6	-	364	os
SH_10_0_283_20260911T205830.m	10	s	283	0	-	704	os
HH_10_8_160_20260911T205832.m	10	h	160	8	-	365	os
SH_10_2_577_20260911T205848.m	10	s	577	2	-	705	os
HH_10_8_160_20260911T205903.m	10	h	160	8	-	366	os
SH_10_0_1007_20260911T205903.m	10	s	1007	0	-	706	os
SH_10_4_220_20260911T205922.m	10	s	220	4	-	707	os
HH_10_8_160_20260911T205927.m	10	h	160	8	-	367	os
SH_10_0_1071_20260911T205939.m	10	s	1071	0	-	708	os
HH_10_8_160_20260911T205945.m	10	h	160	8	-	368	os
SH_10_2_577_20260911T205957.m	10	s	577	2	-	709	os
HH_10_8_160_20260911T210011.m	10	h	160	8	-	369	os
SH_10_0_2071_20260911T210012.m	10	s	2071	0	-	710	os
SH_10_0_349_20260911T210031.m	10	s	349	0	-	711	os
HH_10_8_160_20260911T210041.m	10	h	160	8	-	370	os
SH_10_0_2071_20260911T210045.m	10	s	2071	0	-	712	os
SH_10_0_2071_20260911T210103.m	10	s	2071	0	-	713	os
HH_10_8_160_20260911T210113.m	10	h	160	8	-	371	os
SH_10_4_490_20260911T210119.m	10	s	490	4	-	714	os
SH_10_0_134_20260911T210137.m	10	s	134	0	-	715	os
HH_10_8_160_20260911T210146.m	10	h	160	8	-	372	os
SH_10_0_2071_20260911T210152.m	10	s	2071	0	-	716	os
SH_10_0_967_20260911T210213.m	10	s	967	0	-	717	os
HH_10_4_108_20260911T210221.m	10	h	108	4	-	373	os
SH_10_0_2071_20260911T210232.m	10	s	2071	0	-	718	os
HH_10_8_160_20260911T210239.m	10	h	160	8	-	374	os
SH_10_0_2071_20260911T210252.m	10	s	2071	0	-	719	os
SH_10_0_271_20260911T210310.m	10	s	271	0	-	720	os
HH_10_8_160_20260911T210311.m	10	h	160	8	-	375	os
HH_10_8_1007_20260911T210328.m	10	h	160	8	-	376	os
HH_10_6_134_20260911T210345.m	10	h	134	6	-	377	os
SH_10_2_577_20260911T210345.m	10	s	577	2	-	722	os
HH_10_8_160_20260911T210403.m	10	h	160	8	-	378	os
SH_10_4_220_20260911T210403.m	10	s	220	4	-	723	os
HH_10_8_160_20260911T210421.m	10	h	160	8	-	379	os
SH_10_0_2071_20260911T210421.m	10	s	2071	0	-	724	os
SH_10_0_349_20260911T210437.m	10	s	349	0	-	725	os
HH_10_6_134_20260911T210439.m	10	h	134	6	-	380	os
SH_10_0_2071_20260911T210457.m	10	s	2071	0	-	726	os
HH_10_8_160_20260911T210458.m	10	h	160	8	-	381	os
SH_10_0_5_20260911T210517.m	10	s	5	0	5	727	os
HH_10_6_134_20260911T210518.m	10	h	134	6	-	382	os
SH_10_0_11_20260911T210537.m	10	s	11	0	-	728	os
HH_10_6_106_20260911T210553.m	10	h	106	6	-	383	os
SH_10_4_220_20260911T210555.m	10	s	220	4	-	729	os
SH_10_0_2071_20260911T210614.m	10	s	2071	0	-	730	os
HH_10_6_134_20260911T210624.m	10	h	134	6	-	384	os
SH_10_0_1007_20260911T210630.m	10	s	1007	0	-	731	os
SH_10_4_490_20260911T210650.m	10	s	490	4	-	732	os
SH_10_0_2071_20260911T210709.m	10	s	2071	0	-	733	os
HH_10_6_134_20260911T210716.m	10	h	134	6	-	385	os
SH_10_0_2071_20260911T210728.m	10	s	2071	0	-	734	os
HH_10_6_134_20260911T210735.m	10	h	134	6	-	386	os
SH_10_2_577_20260911T210748.m	10	s	577	2	-	735	os
SH_10_0_251_20260911T210810.m	10	s	251	0	-	736	os
HH_10_6_134_20260911T210827.m	10	h	134	6	-	387	os
SH_10_2_577_20260911T210827.m	10	s	577	2	-	737	os
SH_10_0_1007_20260911T210849.m	10	s	1007	0	-	738	os
HH_10_6_134_20260911T210903.m	10	h	134	6	-	388	os
SH_10_4_220_20260911T210911.m	10	s	220	4	-	739	os
HH_10_6_134_20260911T210925.m	10	h	134	6	-	389	os
SH_10_4_220_20260911T210932.m	10	s	220	4	-	740	os
HH_10_8_160_20260911T210945.m	10	h	160	8	-	390	os
SH_10_0_2071_20260911T210951.m	10	s	2071	0	-	741	os
HH_10_4_108_20260911T211005.m	10	h	108	4	-	391	os
SH_10_0_349_20260911T211011.m	10	s	349	0	-	742	os
SH_10_0_1007_20260911T211030.m	10	s	1007	0	-	743	os
HH_10_6_134_20260911T211044.m	10	h	134	6	-	392	os
SH_10_0_2071_20260911T211048.m	10	s	2071	0	-	744	os
SH_10_0_1007_20260911T211112.m	10	s	1007	0	-	745	os
HH_10_8_160_20260911T211128.m	10	h	160	8	-	393	os
SH_10_2_577_20260911T211130.m	10	s	577	2	-	746	os
HH_10_8_160_20260911T211146.m	10	h	160	8	-	394	os
SH_10_0_2071_20260911T211151.m	10	s	2071	0	-	747	os
SH_10_4_220_20260911T211213.m	10	s	220	4	-	748	os
SH_10_0_2071_20260911T211229.m	10	s	2071	0	-	749	os
HH_10_8_160_20260911T211230.m	10	h	160	8	-	395	os
SH_10_0_2071_20260911T211248.m	10	s	2071	0	-	750	os
SH_10_0_349_20260911T211309.m	10	s	349	0	-	751	os
HH_10_12_1002_20260911T211318.m	10	h	1002	12	-	396	os
SH_10_0_11_20260911T211326.m	10	s	11	0	-	752	os
HH_10_6_134_20260911T211334.m	10	h	134	6	-	397	os
SH_10_0_1007_20260911T211343.m	10	s	1007	0	-	753	os
HH_10_8_160_20260911T211352.m	10	h	160	8	-	398	os
SH_10_0_2071_20260911T211401.m	10	s	2071	0	-	754	os
HH_10_12_1002_20260911T211409.m	10	h	1002	12	-	399	os
SH_10_0_1007_20260911T211421.m	10	s	1007	0	-	755	os
HH_10_8_160_20260911T211426.m	10	h	160	8	-	400	os
SH_10_2_577_20260911T211440.m	10	s	577	2	-	756	os
HH_10_6_134_20260911T211444.m	10	h	134	6	-	401	os
SH_10_0_2071_20260911T211458.m	10	s	2071	0	-	757	os
SH_10_10_4_20260911T211516.m	10	s	4	10	4	758	os
HH_10_8_160_20260911T211517.m	10	h	160	8	-	402	os
SH_10_0_349_20260911T211534.m	10	s	349	0	-	759	os
HH_10_8_160_20260911T211551.m	10	h	160	8	-	403	os
SH_10_2_577_20260911T211551.m	10	s	577	2	-	760	os
HH_10_8_160_20260911T211607.m	10	h	160	8	-	404	os
SH_10_2_577_20260911T211608.m	10	s	577	2	-	761	os
HH_10_6_134_20260911T211625.m	10	h	134	6	-	405	os
SH_10_0_283_20260911T211625.m	10	s	283	0	-	762	os
SH_10_0_9_20260911T211641.m	10	s	9	0	-	763	os
HH_10_8_160_20260911T211642.m	10	h	160	8	-	406	os
SH_10_0_349_20260911T211700.m	10	s	349	0	-	764	os
HH_10_6_134_20260911T211701.m	10	h	134	6	-	407	os
HH_10_6_134_20260911T211718.m	10	h	134	6	-	408	os
SH_10_0_1007_20260911T211718.m	10	s	1007	0	-	765	os
SH_10_0_349_20260911T211736.m	10	s	349	0	-	766	os
HH_10_8_160_20260911T211737.m	10	h	160	8	-	409	os
HH_10_12_1002_20260911T211754.m	10	h	1002	12	-	410	os
SH_10_0_1007_20260911T211754.m	10	s	1007	0	-	767	os
SH_10_0_143_20260911T211813.m	10	s	143	0	-	768	os
SH_10_0_175_20260911T211830.m	10	s	175	0	-	769	os
HH_10_6_134_20260911T211839.m	10	h	134	6	-	411	os
SH_10_0_349_20260911T211845.m	10	s	349	0	-	770	os
HH_10_8_160_20260911T211859.m	10	h	160	8	-	412	os
SH_10_0_349_20260911T211902.m	10	s	349	0	-	771	os
HH_10_4_108_20260911T211916.m	10	h	108	4	-	413	os
SH_10_0_499_20260911T211920.m	10	s	499	0	-	772	os
SH_10_0_2071_20260911T211941.m	10	s	2071	0	-	773	os
SH_10_0_2071_20260911T212000.m	10	s	2071	0	-	774	os
HH_10_6_134_20260911T212007.m	10	h	134	6	-	414	os
SH_10_0_349_20260911T212018.m	10	s	349	0	-	775	os
HH_10_6_134_20260911T212024.m	10	h	134	6	-	415	os
SH_10_0_1071_20260911T212036.m	10	s	1071	0	-	776	os
HH_10_8_160_20260911T212051.m	10	h	160	8	-	416	os
SH_10_0_349_20260911T212054.m	10	s	349	0	-	777	os
HH_10_8_160_20260911T212108.m	10	h	160	8	-	417	os
SH_10_0_143_20260911T212112.m	10	s	143	0	-	778	os
HH_10_8_160_20260911T212127.m	10	h	160	8	-	418	os
SH_10_0_2071_20260911T212131.m	10	s	2071	0	-	779	os
SH_10_0_1007_20260911T212154.m	10	s	1007	0	-	780	os
SH_10_0_1007_20260911T212215.m	10	s	1007	0	-	781	os
SH_10_0_143_20260911T212233.m	10	s	143	0	-	782	os
HH_10_8_160_20260911T212241.m	10	h	160	8	-	419	os
SH_10_0_283_20260911T212251.m	10	s	283	0	-	783	os
SH_10_4_220_20260911T212312.m	10	s	220	4	-	784	os
HH_10_4_108_20260911T212318.m	10	h	108	4	-	420	os
SH_10_0_1007_20260911T212331.m	10	s	1007	0	-	785	os
HH_10_8_160_20260911T212339.m	10	h	160	8	-	421	os
SH_10_0_349_20260911T212351.m	10	s	349	0	-	786	os
SH_10_0_283_20260911T212409.m	10	s	283	0	-	787	os
HH_10_8_160_20260911T212412.m	10	h	160	8	-	422	os
SH_10_0_2071_20260911T212429.m	10	s	2071	0	-	788	os
HH_10_8_160_20260911T212432.m	10	h	160	8	-	423	os
SH_10_0_349_20260911T212446.m	10	s	349	0	-	789	os
SH_10_4_160_20260911T212505.m	10	s	490	4	-	790	os
HH_10_6_134_20260911T212524.m	10	h	134	6	-	425	os
SH_10_2_577_20260911T212524.m	10	s	577	2	-	791	os
HH_10_8_160_20260911T212542.m	10	h	160	8	-	426	os
SH_10_0_2071_20260911T212542.m	10	s	2071	0	-	792	os
HH_10_6_134_20260911T212601.m	10	h	134	6	-	427	os
SH_10_0_2071_20260911T212601.m	10	s	2071	0	-	793	os
SH_10_2_577_20260911T212620.m	10	s	577	2	-	794	os
HH_10_6_134_20260911T212621.m	10	h	134	6	-	428	os
SH_10_0_500_20260911T212639.m	10	s	500	0	-	795	os
SH_10_0_134_20260911T212659.m	10	s	134	0	-	796	os
SH_10_0_134_20260911T212716.m	10	s	134	0	-	797	os
HH_10_12_1002_20260911T212722.m	10	h	1002	12	-	429	os
SH_10_0_703_20260911T212734.m	10	s	703	0	-	798	os
HH_10_6_134_20260911T212742.m	10	h	134	6	-	430	os
SH_10_0_2071_20260911T212756.m	10	s	2071	0	-	799	os
HH_10_8_160_20260911T212801.m	10	h	160	8	-	431	os
SH_10_0_1007_20260911T212814.m	10	s	1007	0	-	800	os
HH_10_8_160_20260911T212818.m	10	h	160	8	-	432	os
SH_10_2_577_20260911T212831.m	10	s	577	2	-	801	os
HH_10_6_134_20260911T212847.m	10	h	134	6	-	433	os
SH_10_0_1071_20260911T212847.m	10	s	1071	0	-	802	os
HH_10_8_160_20260911T212905.m	10	h	160	8	-	434	os
SH_10_0_1007_20260911T212906.m	10	s	1007	0	-	803	os
HH_10_8_160_20260911T212922.m	10	h	160	8	-	435	os
SH_10_0_283_20260911T212923.m	10	s	283	0	-	804	os
SH_10_0_160_20260911T212941.m	10	s	2071	0	-	805	os
HH_10_12_1002_20260911T213001.m	10	h	1002	12	-	437	os
SH_10_0_499_20260911T213001.m	10	s	499	0	-	806	os
SH_10_0_1007_20260911T213019.m	10	s	1007	0	-	807	os
HH_10_12_1002_20260911T213020.m	10	h	1002	12	-	438	os
SH_10_0_1007_20260911T213037.m	10	s	1007	0	-	808	os
HH_10_6_134_20260911T213038.m	10	h	134	6	-	439	os
SH_10_0_499_20260911T213054.m	10	s	499	0	-	809	os
HH_10_8_160_20260911T213057.m	10	h	160	8	-	440	os
SH_10_0_1007_20260911T213111.m	10	s	1007	0	-	810	os
HH_10_8_160_20260911T213115.m	10	h	160	8	-	441	os
SH_10_0_143_20260911T213129.m	10	s	143	0	-	811	os
SH_10_0_134_20260911T213149.m	10	s	134	0	-	812	os
HH_10_6_134_20260911T213151.m	10	h	134	6	-	442	os
SH_10_0_283_20260911T213206.m	10	s	283	0	-	813	os
HH_10_6_106_20260911T213207.m	10	h	106	6	-	443	os
SH_10_0_1007_20260911T213224.m	10	s	1007	0	-	814	os
HH_10_6_134_20260911T213226.m	10	h	134	6	-	444	os
SH_10_0_175_20260911T213243.m	10	s	175	0	-	815	os
HH_10_6_134_20260911T213244.m	10	h	134	6	-	445	os
SH_10_0_349_20260911T213259.m	10	s	349	0	-	816	os
HH_10_8_160_20260911T213301.m	10	h	160	8	-	446	os
SH_10_0_349_20260911T213317.m	10	s	349	0	-	817	os
HH_10_6_134_20260911T213319.m	10	h	134	6	-	447	os
SH_10_0_2071_20260911T213335.m	10	s	2071	0	-	818	os
HH_10_8_160_20260911T213337.m	10	h	160	8	-	448	os
SH_10_0_349_20260911T213353.m	10	s	349	0	-	819	os
HH_10_8_160_20260911T213356.m	10	h	160	8	-	449	os
SH_10_2_577_20260911T213411.m	10	s	577	2	-	820	os
SH_10_0_1007_20260911T213429.m	10	s	1007	0	-	821	os
HH_10_6_134_20260911T213440.m	10	h	134	6	-	450	os
SH_10_0_349_20260911T213444.m	10	s	349	0	-	822	os
HH_10_6_134_20260911T213457.m	10	h	134	6	-	451	os
SH_10_0_2071_20260911T213500.m	10	s	2071	0	-	823	os
HH_10_6_134_20260911T213514.m	10	h	134	6	-	452	os
SH_10_0_99_20260911T213517.m	10	s	99	0	-	824	os
HH_10_6_134_20260911T213531.m	10	h	134	6	-	453	os
SH_10_0_349_20260911T213533.m	10	s	349	0	-	825	os
HH_10_8_160_20260911T213548.m	10	h	160	8	-	454	os
SH_10_0_2071_20260911T213549.m	10	s	2071	0	-	826	os
HH_10_6_134_20260911T213606.m	10	h	134	6	-	455	os
SH_10_0_2071_20260911T213606.m	10	s	2071	0	-	827	os
HH_10_8_160_20260911T213624.m	10	h	160	8	-	456	os
SH_10_0_1007_20260911T213625.m	10	s	1007	0	-	828	os
SH_10_0_1007_20260911T213645.m	10	s	1007	0	-	829	os
SH_10_0_6_20260911T213703.m	10	s	6	0	6	830	os
HH_10_6_134_20260911T213713.m	10	h	134	6	-	457	os
SH_10_0_1007_20260911T213720.m	10	s	1007	0	-	831	os
HH_10_6_134_20260911T213732.m	10	h	134	6	-	458	os
SH_10_0_283_20260911T213738.m	10	s	283	0	-	832	os
HH_10_6_106_20260911T213751.m	10	h	106	6	-	459	os
SH_10_4_490_20260911T213754.m	10	s	490	4	-	833	os
HH_10_8_160_20260911T213809.m	10	h	160	8	-	460	os
SH_10_2_577_20260911T213812.m	10	s	577	2	-	834	os
HH_10_8_160_20260911T213826.m	10	h	160	8	-	461	os
SH_10_0_143_20260911T213830.m	10	s	143	0	-	835	os
HH_10_6_134_20260911T213842.m	10	h	134	6	-	462	os
SH_10_4_490_20260911T213847.m	10	s	490	4	-	836	os
HH_10_8_160_20260911T213900.m	10	h	160	8	-	463	os
SH_10_0_500_20260911T213906.m	10	s	500	0	-	837	os
HH_10_6_134_20260911T213919.m	10	h	134	6	-	464	os
SH_10_0_2071_20260911T213925.m	10	s	2071	0	-	838	os
SH_10_4_220_20260911T213944.m	10	s	220	4	-	839	os
HH_10_8_160_20260911T213954.m	10	h	160	8	-	465	os
SH_10_0_1007_20260911T213957.m	10	s	1007	0	-	840	os
SH_10_0_2071_20260911T214017.m	10	s	2071	0	-	841	os
HH_10_6_134_20260911T214029.m	10	h	134	6	-	466	os
SH_10_0_349_20260911T214036.m	10	s	349	0	-	842	os
SH_10_0_349_20260911T214052.m	10	s	349	0	-	843	os
HH_10_6_134_20260911T214057.m	10	h	134	6	-	467	os
SH_10_0_1007_20260911T214108.m	10	s	1007	0	-	844	os
SH_10_0_2071_20260911T214125.m	10	s	2071	0	-	845	os
HH_10_8_160_20260911T214126.m	10	h	160	8	-	468	os
SH_10_0_143_20260911T214142.m	10	s	143	0	-	846	os
HH_10_8_160_20260911T214144.m	10	h	160	8	-	469	os
SH_10_0_349_20260911T214202.m	10	s	349	0	-	847	os
SH_10_0_1007_20260911T214222.m	10	s	1007	0	-	848	os
HH_10_6_134_20260911T214234.m	10	h	134	6	-	470	os
SH_10_0_143_20260911T214238.m	10	s	143	0	-	849	os
HH_10_8_160_20260911T214252.m	10	h	160	8	-	471	os
SH_10_2_577_20260911T214254.m	10	s	577	2	-	850	os
SH_10_2_577_20260911T214313.m	10	s	577	2	-	851	os
SH_10_0_1007_20260911T214332.m	10	s	1007	0	-	852	os
SH_10_0_2071_20260911T214352.m	10	s	2071	0	-	853	os
HH_10_4_108_20260911T214406.m	10	h	108	4	-	472	os
SH_10_0_2071_20260911T214410.m	10	s	2071	0	-	854	os
SH_10_4_490_20260911T214429.m	10	s	490	4	-	855	os
HH_10_8_160_20260911T214442.m	10	h	160	8	-	473	os
SH_10_0_2071_20260911T214447.m	10	s	2071	0	-	856	os
HH_10_8_160_20260911T214501.m	10	h	160	8	-	474	os
SH_10_0_349_20260911T214505.m	10	s	349	0	-	857	os
HH_10_8_160_20260911T214518.m	10	h	160	8	-	475	os
SH_10_0_2071_20260911T214521.m	10	s	2071	0	-	858	os
HH_10_8_160_20260911T214536.m	10	h	160	8	-	476	os
SH_10_0_349_20260911T214538.m	10	s	349	0	-	859	os
HH_10_6_134_20260911T214555.m	10	h	134	6	-	477	os
SH_10_0_500_20260911T214556.m	10	s	500	0	-	860	os
HH_10_6_134_20260911T214613.m	10	h	134	6	-	478	os
SH_10_0_2071_20260911T214615.m	10	s	2071	0	-	861	os
HH_10_6_134_20260911T214631.m	10	h	134	6	-	479	os
SH_10_2_577_20260911T214632.m	10	s	577	2	-	862	os
HH_10_8_160_20260911T214647.m	10	h	160	8	-	480	os
SH_10_0_1007_20260911T214650.m	10	s	1007	0	-	863	os
HH_10_8_160_20260911T214705.m	10	h	160	8	-	481	os
SH_10_0_2071_20260911T214708.m	10	s	2071	0	-	864	os
HH_10_12_1002_20260911T214722.m	10	h	1002	12	-	482	os
SH_10_0_2071_20260911T214726.m	10	s	2071	0	-	865	os
HH_10_6_134_20260911T214739.m	10	h	134	6	-	483	os
SH_10_0_2071_20260911T214743.m	10	s	2071	0	-	866	os
HH_10_6_134_20260911T214756.m	10	h	134	6	-	484	os
SH_10_0_175_20260911T214800.m	10	s	175	0	-	867	os
HH_10_6_134_20260911T214813.m	10	h	134	6	-	485	os
SH_10_2_577_20260911T214819.m	10	s	577	2	-	868	os
SH_10_2_577_20260911T214835.m	10	s	577	2	-	869	os
HH_10_6_134_20260911T214845.m	10	h	134	6	-	486	os
SH_10_2_577_20260911T214852.m	10	s	577	2	-	870	os
HH_10_8_160_20260911T214904.m	10	h	160	8	-	487	os
SH_10_0_2071_20260911T214909.m	10	s	2071	0	-	871	os
HH_10_4_108_20260911T214921.m	10	h	108	4	-	488	os
SH_10_0_349_20260911T214925.m	10	s	349	0	-	872	os
HH_10_8_160_20260911T214939.m	10	h	160	8	-	489	os
SH_10_0_5_20260911T214944.m	10	s	5	0	5	873	os
HH_10_8_160_20260911T214955.m	10	h	160	8	-	490	os
SH_10_0_143_20260911T215003.m	10	s	143	0	-	874	os
HH_10_6_134_20260911T215017.m	10	h	134	6	-	491	os
SH_10_0_283_20260911T215017.m	10	s	283	0	-	875	os
SH_10_4_220_20260911T215034.m	10	s	220	4	-	876	os
HH_10_6_134_20260911T215036.m	10	h	134	6	-	492	os
SH_10_0_1007_20260911T215052.m	10	s	1007	0	-	877	os
HH_10_8_160_20260911T215105.m	10	h	160	8	-	493	os
SH_10_0_2071_20260911T215107.m	10	s	2071	0	-	878	os
HH_10_4_108_20260911T215123.m	10	h	108	4	-	494	os
SH_10_2_577_20260911T215124.m	10	s	577	2	-	879	os
SH_10_0_283_20260911T215143.m	10	s	283	0	-	880	os
SH_10_0_2071_20260911T215202.m	10	s	2071	0	-	881	os
SH_10_4_490_20260911T215220.m	10	s	490	4	-	882	os
SH_10_2_577_20260911T215240.m	10	s	577	2	-	883	os
SH_10_0_251_20260911T215259.m	10	s	251	0	-	884	os
HH_10_8_160_20260911T215307.m	10	h	160	8	-	495	os
SH_10_0_2071_20260911T215318.m	10	s	2071	0	-	885	os
SH_10_0_2071_20260911T215335.m	10	s	2071	0	-	886	os
HH_10_8_160_20260911T215341.m	10	h	160	8	-	496	os
SH_10_0_349_20260911T215352.m	10	s	349	0	-	887	os
HH_10_6_106_20260911T215358.m	10	h	106	6	-	497	os
SH_10_0_271_20260911T215407.m	10	s	271	0	-	888	os
HH_10_12_1002_20260911T215414.m	10	h	1002	12	-	498	os
SH_10_0_2071_20260911T215427.m	10	s	2071	0	-	889	os
SH_10_2_577_20260911T215446.m	10	s	577	2	-	890	os
SH_10_0_99_20260911T215506.m	10	s	99	0	-	891	os
HH_10_6_134_20260911T215515.m	10	h	134	6	-	499	os
SH_10_0_283_20260911T215523.m	10	s	283	0	-	892	os
HH_10_6_134_20260911T215533.m	10	h	134	6	-	500	os
SH_10_0_499_20260911T215540.m	10	s	499	0	-	893	os
HH_10_8_160_20260911T215551.m	10	h	160	8	-	501	os
SH_10_0_967_20260911T215557.m	10	s	967	0	-	894	os
HH_10_8_160_20260911T215610.m	10	h	160	8	-	502	os
SH_10_0_283_20260911T215616.m	10	s	283	0	-	895	os
SH_10_0_2071_20260911T215636.m	10	s	2071	0	-	896	os
HH_10_8_160_20260911T215639.m	10	h	160	8	-	503	os
SH_10_2_577_20260911T215653.m	10	s	577	2	-	897	os
HH_10_6_134_20260911T215658.m	10	h	134	6	-	504	os
SH_10_0_143_20260911T215710.m	10	s	143	0	-	898	os
HH_10_6_134_20260911T215715.m	10	h	134	6	-	505	os
SH_10_0_349_20260911T215727.m	10	s	349	0	-	899	os
SH_10_0_349_20260911T215742.m	10	s	349	0	-	900	os
HH_10_8_160_20260911T215746.m	10	h	160	8	-	506	os
SH_10_0_2071_20260911T215757.m	10	s	2071	0	-	901	os
HH_10_6_134_20260911T215804.m	10	h	134	6	-	507	os
SH_10_0_1071_20260911T215815.m	10	s	1071	0	-	902	os
HH_10_8_160_20260911T215828.m	10	h	160	8	-	508	os
SH_10_0_349_20260911T215831.m	10	s	349	0	-	903	os
SH_10_0_2071_20260911T215848.m	10	s	2071	0	-	904	os
HH_10_8_160_20260911T215854.m	10	h	160	8	-	509	os
SH_10_0_2071_20260911T215907.m	10	s	2071	0	-	905	os
HH_10_8_160_20260911T215912.m	10	h	160	8	-	510	os
SH_10_0_349_20260911T215926.m	10	s	349	0	-	906	os
HH_10_6_134_20260911T215931.m	10	h	134	6	-	511	os
SH_10_0_349_20260911T215945.m	10	s	349	0	-	907	os
SH_10_0_349_20260911T220005.m	10	s	349	0	-	908	os
HH_10_12_1002_20260911T220013.m	10	h	1002	12	-	512	os
SH_10_0_1007_20260911T220020.m	10	s	1007	0	-	909	os
SH_10_2_577_20260911T220038.m	10	s	577	2	-	910	os
HH_10_12_1002_20260911T220045.m	10	h	1002	12	-	513	os
SH_10_0_2071_20260911T220053.m	10	s	2071	0	-	911	os
HH_10_8_160_20260911T220103.m	10	h	160	8	-	514	os
SH_10_0_251_20260911T220111.m	10	s	251	0	-	912	os
HH_10_8_160_20260911T220120.m	10	h	160	8	-	515	os
SH_10_0_2071_20260911T220129.m	10	s	2071	0	-	913	os
HH_10_6_134_20260911T220137.m	10	h	134	6	-	516	os
SH_10_0_2071_20260911T220147.m	10	s	2071	0	-	914	os
HH_10_8_160_20260911T220156.m	10	h	160	8	-	517	os
SH_10_0_2071_20260911T220206.m	10	s	2071	0	-	915	os
HH_10_8_160_20260911T220214.m	10	h	160	8	-	518	os
SH_10_0_175_20260911T220225.m	10	s	175	0	-	916	os
SH_10_0_349_20260911T220244.m	10	s	349	0	-	917	os
HH_10_6_134_20260911T220257.m	10	h	134	6	-	519	os
SH_10_0_2071_20260911T220258.m	10	s	2071	0	-	918	os
HH_10_8_160_20260911T220314.m	10	h	160	8	-	520	os
SH_10_0_2071_20260911T220316.m	10	s	2071	0	-	919	os
HH_10_8_160_20260911T220331.m	10	h	160	8	-	521	os
SH_10_0_2071_20260911T220334.m	10	s	2071	0	-	920	os
HH_10_6_134_20260911T220348.m	10	h	134	6	-	522	os
SH_10_2_577_20260911T220348.m	10	s	577	2	-	921	os
SH_10_0_271_20260911T220408.m	10	s	271	0	-	922	os
SH_10_0_349_20260911T220428.m	10	s	349	0	-	923	os
HH_10_8_160_20260911T220433.m	10	h	160	8	-	523	os
SH_10_0_349_20260911T220444.m	10	s	349	0	-	924	os
HH_10_8_160_20260911T220451.m	10	h	160	8	-	524	os
SH_10_0_533_20260911T220500.m	10	s	533	0	-	925	os
HH_10_8_160_20260911T220508.m	10	h	160	8	-	525	os
SH_10_0_349_20260911T220517.m	10	s	349	0	-	926	os
SH_10_2_577_20260911T220534.m	10	s	577	2	-	927	os
HH_10_6_134_20260911T220539.m	10	h	134	6	-	526	os
SH_10_0_1007_20260911T220549.m	10	s	1007	0	-	928	os
HH_10_6_134_20260911T220554.m	10	h	134	6	-	527	os
SH_10_0_1007_20260911T220605.m	10	s	1007	0	-	929	os
HH_10_6_134_20260911T220611.m	10	h	134	6	-	528	os
SH_10_0_1007_20260911T220622.m	10	s	1007	0	-	930	os
HH_10_8_160_20260911T220631.m	10	h	160	8	-	529	os
SH_10_0_283_20260911T220639.m	10	s	283	0	-	931	os
HH_10_8_160_20260911T220648.m	10	h	160	8	-	530	os
SH_10_4_490_20260911T220657.m	10	s	490	4	-	932	os
HH_10_8_160_20260911T220708.m	10	h	160	8	-	531	os
SH_10_0_499_20260911T220715.m	10	s	499	0	-	933	os
HH_10_8_160_20260911T220727.m	10	h	160	8	-	532	os
SH_10_0_2071_20260911T220736.m	10	s	2071	0	-	934	os
HH_10_6_134_20260911T220745.m	10	h	134	6	-	533	os
SH_10_0_500_20260911T220753.m	10	s	500	0	-	935	os
HH_10_8_160_20260911T220806.m	10	h	160	8	-	534	os
SH_10_0_2071_20260911T220814.m	10	s	2071	0	-	936	os
SH_10_0_5_20260911T220836.m	10	s	5	0	5	937	os
SH_10_0_175_20260911T220854.m	10	s	175	0	-	938	os
HH_10_6_134_20260911T220856.m	10	h	134	6	-	535	os
HH_10_8_160_20260911T220912.m	10	h	160	8	-	536	os
SH_10_0_2071_20260911T220912.m	10	s	2071	0	-	939	os
SH_10_0_11_20260911T220928.m	10	s	11	0	-	940	os
HH_10_6_130_20260911T220930.m	10	h	130	6	-	537	os
SH_10_0_2071_20260911T220949.m	10	s	2071	0	-	941	os
SH_10_2_577_20260911T221007.m	10	s	577	2	-	942	os
HH_10_8_160_20260911T221013.m	10	h	160	8	-	538	os
SH_10_0_134_20260911T221025.m	10	s	134	0	-	943	os
HH_10_8_160_20260911T221030.m	10	h	160	8	-	539	os
SH_10_0_1007_20260911T221042.m	10	s	1007	0	-	944	os
SH_10_2_577_20260911T221102.m	10	s	577	2	-	945	os
HH_10_8_160_20260911T221104.m	10	h	160	8	-	540	os
SH_10_0_500_20260911T221119.m	10	s	500	0	-	946	os
HH_10_8_160_20260911T221122.m	10	h	160	8	-	541	os
SH_10_0_134_20260911T221139.m	10	s	134	0	-	947	os
HH_10_6_106_20260911T221141.m	10	h	106	6	-	542	os
SH_10_0_349_20260911T221157.m	10	s	349	0	-	948	os
HH_10_12_1002_20260911T221159.m	10	h	1002	12	-	543	os
SH_10_0_1007_20260911T221216.m	10	s	1007	0	-	949	os
HH_10_6_134_20260911T221219.m	10	h	134	6	-	544	os
SH_10_0_283_20260911T221236.m	10	s	283	0	-	950	os
HH_10_12_1002_20260911T221239.m	10	h	1002	12	-	545	os
SH_10_0_2071_20260911T221256.m	10	s	2071	0	-	951	os
HH_10_6_134_20260911T221259.m	10	h	134	6	-	546	os
SH_10_0_349_20260911T221317.m	10	s	349	0	-	952	os
HH_10_4_108_20260911T221329.m	10	h	108	4	-	547	os
SH_10_2_577_20260911T221330.m	10	s	577	2	-	953	os
HH_10_6_134_20260911T221348.m	10	h	134	6	-	548	os
SH_10_4_220_20260911T221349.m	10	s	220	4	-	954	os
SH_10_0_2071_20260911T221404.m	10	s	2071	0	-	955	os
HH_10_6_134_20260911T221413.m	10	h	134	6	-	549	os
SH_10_0_143_20260911T221423.m	10	s	143	0	-	956	os
HH_10_6_134_20260911T221433.m	10	h	134	6	-	550	os
SH_10_0_349_20260911T221442.m	10	s	349	0	-	957	os
HH_10_8_160_20260911T221453.m	10	h	160	8	-	551	os
SH_10_0_99_20260911T221502.m	10	s	99	0	-	958	os
HH_10_6_134_20260911T221511.m	10	h	134	6	-	552	os
SH_10_0_134_20260911T221521.m	10	s	134	0	-	959	os
HH_10_6_106_20260911T221531.m	10	h	106	6	-	553	os
SH_10_0_499_20260911T221541.m	10	s	499	0	-	960	os
SH_10_0_5_20260911T221602.m	10	s	5	0	5	961	os
HH_10_12_1002_20260911T221607.m	10	h	1002	12	-	554	os
SH_10_0_2071_20260911T221620.m	10	s	2071	0	-	962	os
SH_10_0_2071_20260911T221638.m	10	s	2071	0	-	963	os
HH_10_8_160_20260911T221649.m	10	h	160	8	-	555	os
SH_10_0_1071_20260911T221657.m	10	s	1071	0	-	964	os
HH_10_6_134_20260911T221715.m	10	h	134	6	-	556	os
SH_10_2_577_20260911T221715.m	10	s	577	2	-	965	os
HH_10_6_134_20260911T221731.m	10	h	134	6	-	557	os
SH_10_0_1007_20260911T221732.m	10	s	1007	0	-	966	os
HH_10_6_134_20260911T221751.m	10	h	134	6	-	558	os
SH_10_0_2071_20260911T221751.m	10	s	2071	0	-	967	os
HH_10_6_134_20260911T221808.m	10	h	134	6	-	559	os
SH_10_0_1007_20260911T221808.m	10	s	1007	0	-	968	os
HH_10_6_134_20260911T221826.m	10	h	134	6	-	560	os
SH_10_0_2071_20260911T221827.m	10	s	2071	0	-	969	os
HH_10_6_134_20260911T221845.m	10	h	134	6	-	561	os
SH_10_2_577_20260911T221845.m	10	s	577	2	-	970	os
SH_10_0_2071_20260911T221905.m	10	s	2071	0	-	971	os
SH_10_0_283_20260911T221924.m	10	s	283	0	-	972	os
SH_10_0_1007_20260911T221942.m	10	s	1007	0	-	973	os
HH_10_8_160_20260911T221947.m	10	h	160	8	-	562	os
SH_10_0_2071_20260911T222001.m	10	s	2071	0	-	974	os
SH_10_0_533_20260911T222020.m	10	s	533	0	-	975	os
HH_10_6_106_20260911T222032.m	10	h	106	6	-	563	os
SH_10_2_577_20260911T222036.m	10	s	577	2	-	976	os
HH_10_8_160_20260911T222051.m	10	h	160	8	-	564	os
SH_10_0_2071_20260911T222056.m	10	s	2071	0	-	977	os
SH_10_4_490_20260911T222115.m	10	s	490	4	-	978	os
HH_10_8_160_20260911T222125.m	10	h	160	8	-	565	os
SH_10_0_2071_20260911T222132.m	10	s	2071	0	-	979	os
HH_10_8_160_20260911T222143.m	10	h	160	8	-	566	os
SH_10_0_283_20260911T222150.m	10	s	283	0	-	980	os
HH_10_8_160_20260911T222201.m	10	h	160	8	-	567	os
SH_10_0_349_20260911T222210.m	10	s	349	0	-	981	os
SH_10_0_1007_20260911T222231.m	10	s	1007	0	-	982	os
HH_10_8_160_20260911T222243.m	10	h	160	8	-	568	os
SH_10_0_283_20260911T222246.m	10	s	283	0	-	983	os
HH_10_8_160_20260911T222302.m	10	h	160	8	-	569	os
SH_10_0_2071_20260911T222305.m	10	s	2071	0	-	984	os
HH_10_8_160_20260911T222319.m	10	h	160	8	-	570	os
SH_10_4_490_20260911T222321.m	10	s	490	4	-	985	os
HH_10_4_108_20260911T222337.m	10	h	108	4	-	571	os
SH_10_0_1007_20260911T222340.m	10	s	1007	0	-	986	os
SH_10_0_2071_20260911T222358.m	10	s	2071	0	-	987	os
SH_10_0_10_20260911T222419.m	10	s	10	0	-	988	os
HH_10_6_134_20260911T222434.m	10	h	134	6	-	572	os
SH_10_0_499_20260911T222437.m	10	s	499	0	-	989	os
SH_10_0_1007_20260911T222457.m	10	s	1007	0	-	990	os
HH_10_8_160_20260911T222508.m	10	h	160	8	-	573	os
SH_10_0_283_20260911T222515.m	10	s	283	0	-	991	os
HH_10_8_160_20260911T222526.m	10	h	160	8	-	574	os
SH_10_0_1007_20260911T222535.m	10	s	1007	0	-	992	os
SH_10_0_1071_20260911T222553.m	10	s	1071	0	-	993	os
SH_10_0_11_20260911T222609.m	10	s	11	0	-	994	os
HH_10_6_134_20260911T222617.m	10	h	134	6	-	575	os
SH_10_0_1007_20260911T222626.m	10	s	1007	0	-	995	os
HH_10_12_1002_20260911T222635.m	10	h	1002	12	-	576	os
SH_10_0_1007_20260911T222644.m	10	s	1007	0	-	996	os
HH_10_8_160_20260911T222654.m	10	h	160	8	-	577	os
SH_10_0_1007_20260911T222659.m	10	s	1007	0	-	997	os
SH_10_0_349_20260911T222717.m	10	s	349	0	-	998	os
HH_10_8_160_20260911T222721.m	10	h	160	8	-	578	os
SH_10_2_577_20260911T222735.m	10	s	577	2	-	999	os
HH_10_8_160_20260911T222738.m	10	h	160	8	-	579	os
SH_10_0_349_20260911T222752.m	10	s	349	0	-	1000	os
HH_10_8_160_20260911T222756.m	10	h	160	8	-	580	os
SH_10_0_349_20260911T222810.m	10	s	349	0	-	1001	os
HH_10_6_134_20260911T222813.m	10	h	134	6	-	581	os
SH_10_0_2071_20260911T222828.m	10	s	2071	0	-	1002	os
HH_10_8_160_20260911T222832.m	10	h	160	8	-	582	os
SH_10_0_2071_20260911T222848.m	10	s	2071	0	-	1003	os
HH_10_8_160_20260911T222903.m	10	h	160	8	-	583	os
SH_10_2_577_20260911T222907.m	10	s	577	2	-	1004	os
SH_10_4_490_20260911T222926.m	10	s	490	4	-	1005	os
SH_10_0_134_20260911T222942.m	10	s	134	0	-	1006	os
HH_10_8_160_20260911T222943.m	10	h	160	8	-	584	os
HH_10_4_108_20260911T223002.m	10	h	108	4	-	585	os
SH_10_0_2071_20260911T223002.m	10	s	2071	0	-	1007	os
HH_10_8_160_20260911T223021.m	10	h	160	8	-	586	os
SH_10_0_1007_20260911T223021.m	10	s	1007	0	-	1008	os
HH_10_8_160_20260911T223038.m	10	h	160	8	-	587	os
SH_10_0_143_20260911T223039.m	10	s	143	0	-	1009	os
HH_10_6_106_20260911T223056.m	10	h	106	6	-	588	os
SH_10_0_2071_20260911T223056.m	10	s	2071	0	-	1010	os
HH_10_6_134_20260911T223114.m	10	h	134	6	-	589	os
SH_10_0_2071_20260911T223114.m	10	s	2071	0	-	1011	os
HH_10_8_160_20260911T223132.m	10	h	160	8	-	590	os
SH_10_0_1007_20260911T223134.m	10	s	1007	0	-	1012	os
SH_10_0_2071_20260911T223153.m	10	s	2071	0	-	1013	os
SH_10_0_99_20260911T223213.m	10	s	99	0	-	1014	os
SH_10_0_2071_20260911T223231.m	10	s	2071	0	-	1015	os
HH_10_8_160_20260911T223233.m	10	h	160	8	-	591	os
SH_10_0_2071_20260911T223253.m	10	s	2071	0	-	1016	os
HH_10_6_134_20260911T223303.m	10	h	134	6	-	592	os
SH_10_0_143_20260911T223312.m	10	s	143	0	-	1017	os
SH_10_4_220_20260911T223333.m	10	s	220	4	-	1018	os
SH_10_0_283_20260911T223355.m	10	s	283	0	-	1019	os
HH_10_8_160_20260911T223407.m	10	h	160	8	-	593	os
SH_10_0_1007_20260911T223410.m	10	s	1007	0	-	1020	os
HH_10_6_134_20260911T223424.m	10	h	134	6	-	594	os
SH_10_0_2071_20260911T223428.m	10	s	2071	0	-	1021	os
SH_10_0_99_20260911T223449.m	10	s	99	0	-	1022	os
SH_10_0_143_20260911T223509.m	10	s	143	0	-	1023	os
HH_10_8_160_20260911T223514.m	10	h	160	8	-	595	os
SH_10_0_2071_20260911T223528.m	10	s	2071	0	-	1024	os
HH_10_6_134_20260911T223532.m	10	h	134	6	-	596	os
SH_10_0_1007_20260911T223549.m	10	s	1007	0	-	1025	os
HH_10_8_160_20260911T223602.m	10	h	160	8	-	597	os
SH_10_0_349_20260911T223604.m	10	s	349	0	-	1026	os
SH_10_2_577_20260911T223624.m	10	s	577	2	-	1027	os
SH_10_4_490_20260911T223640.m	10	s	490	4	-	1028	os
HH_10_8_160_20260911T223646.m	10	h	160	8	-	598	os
SH_10_0_2071_20260911T223658.m	10	s	2071	0	-	1029	os
HH_10_8_160_20260911T223706.m	10	h	160	8	-	599	os
SH_10_0_2071_20260911T223717.m	10	s	2071	0	-	1030	os
HH_10_8_160_20260911T223724.m	10	h	160	8	-	600	os
SH_10_0_1007_20260911T223736.m	10	s	1007	0	-	1031	os
HH_10_6_134_20260911T223743.m	10	h	134	6	-	601	os
SH_10_0_1007_20260911T223756.m	10	s	1007	0	-	1032	os
HH_10_6_134_20260911T223801.m	10	h	134	6	-	602	os
SH_10_4_490_20260911T223815.m	10	s	490	4	-	1033	os
HH_10_8_160_20260911T223819.m	10	h	160	8	-	603	os
SH_10_0_1071_20260911T223833.m	10	s	1071	0	-	1034	os
SH_10_0_1007_20260911T223851.m	10	s	1007	0	-	1035	os
HH_10_6_134_20260911T223858.m	10	h	134	6	-	604	os
SH_10_0_1007_20260911T223909.m	10	s	1007	0	-	1036	os
SH_10_0_1007_20260911T223930.m	10	s	1007	0	-	1037	os
HH_10_6_134_20260911T223936.m	10	h	134	6	-	605	os
SH_10_2_577_20260911T223950.m	10	s	577	2	-	1038	os
HH_10_6_134_20260911T224009.m	10	h	134	6	-	606	os
SH_10_0_499_20260911T224009.m	10	s	499	0	-	1039	os
HH_10_6_134_20260911T224027.m	10	h	134	6	-	607	os
SH_10_0_349_20260911T224028.m	10	s	349	0	-	1040	os
SH_10_0_499_20260911T224048.m	10	s	499	0	-	1041	os
HH_10_8_160_20260911T224049.m	10	h	160	8	-	608	os
SH_10_0_251_20260911T224105.m	10	s	251	0	-	1042	os
HH_10_12_1002_20260911T224111.m	10	h	1002	12	-	609	os
SH_10_0_2071_20260911T224122.m	10	s	2071	0	-	1043	os
HH_10_6_134_20260911T224128.m	10	h	134	6	-	610	os
SH_10_0_2071_20260911T224141.m	10	s	2071	0	-	1044	os
HH_10_8_160_20260911T224147.m	10	h	160	8	-	611	os
SH_10_0_2071_20260911T224158.m	10	s	2071	0	-	1045	os
SH_10_2_577_20260911T224218.m	10	s	577	2	-	1046	os
HH_10_6_134_20260911T224232.m	10	h	134	6	-	612	os
SH_10_0_283_20260911T224232.m	10	s	283	0	-	1047	os
SH_10_0_2071_20260911T224251.m	10	s	2071	0	-	1048	os
HH_10_8_160_20260911T224252.m	10	h	160	8	-	613	os
SH_10_0_99_20260911T224312.m	10	s	99	0	-	1049	os
HH_10_8_160_20260911T224314.m	10	h	160	8	-	614	os
SH_10_0_349_20260911T224331.m	10	s	349	0	-	1050	os
HH_10_8_160_20260911T224333.m	10	h	160	8	-	615	os
HH_10_6_134_20260911T224350.m	10	h	134	6	-	616	os
SH_10_2_577_20260911T224350.m	10	s	577	2	-	1051	os
SH_10_0_1007_20260911T224409.m	10	s	1007	0	-	1052	os
HH_10_8_160_20260911T224424.m	10	h	160	8	-	617	os
SH_10_4_220_20260911T224425.m	10	s	220	4	-	1053	os
HH_10_6_134_20260911T224443.m	10	h	134	6	-	618	os
SH_10_4_490_20260911T224444.m	10	s	490	4	-	1054	os
HH_10_8_160_20260911T224501.m	10	h	160	8	-	619	os
SH_10_0_134_20260911T224503.m	10	s	134	0	-	1055	os
HH_10_6_130_20260911T224518.m	10	h	130	6	-	620	os
SH_10_0_349_20260911T224519.m	10	s	349	0	-	1056	os
SH_10_0_1007_20260911T224538.m	10	s	1007	0	-	1057	os
HH_10_8_160_20260911T224552.m	10	h	160	8	-	621	os
SH_10_0_1007_20260911T224555.m	10	s	1007	0	-	1058	os
HH_10_8_160_20260911T224612.m	10	h	160	8	-	622	os
SH_10_0_703_20260911T224614.m	10	s	703	0	-	1059	os
SH_10_0_2071_20260911T224629.m	10	s	2071	0	-	1060	os
HH_10_8_160_20260911T224631.m	10	h	160	8	-	623	os
SH_10_0_1007_20260911T224650.m	10	s	1007	0	-	1061	os
HH_10_6_134_20260911T224701.m	10	h	134	6	-	624	os
SH_10_4_220_20260911T224707.m	10	s	220	4	-	1062	os
SH_10_0_500_20260911T224725.m	10	s	500	0	-	1063	os
HH_10_12_1002_20260911T224729.m	10	h	1002	12	-	625	os
SH_10_4_220_20260911T224743.m	10	s	220	4	-	1064	os
HH_10_6_134_20260911T224747.m	10	h	134	6	-	626	os
SH_10_0_134_20260911T224803.m	10	s	134	0	-	1065	os
HH_10_4_108_20260911T224819.m	10	h	108	4	-	627	os
SH_10_0_2071_20260911T224821.m	10	s	2071	0	-	1066	os
SH_10_0_2071_20260911T224842.m	10	s	2071	0	-	1067	os
SH_10_0_1007_20260911T224901.m	10	s	1007	0	-	1068	os
SH_10_0_143_20260911T224917.m	10	s	143	0	-	1069	os
HH_10_6_134_20260911T224919.m	10	h	134	6	-	628	os
SH_10_4_490_20260911T224934.m	10	s	490	4	-	1070	os
HH_10_6_134_20260911T224937.m	10	h	134	6	-	629	os
SH_10_0_2071_20260911T224955.m	10	s	2071	0	-	1071	os
SH_10_2_577_20260911T225016.m	10	s	577	2	-	1072	os
HH_10_8_160_20260911T225022.m	10	h	160	8	-	630	os
SH_10_0_499_20260911T225034.m	10	s	499	0	-	1073	os
SH_10_0_143_20260911T225056.m	10	s	143	0	-	1074	os
HH_10_8_160_20260911T225105.m	10	h	160	8	-	631	os
SH_10_4_220_20260911T225116.m	10	s	220	4	-	1075	os
HH_10_6_134_20260911T225125.m	10	h	134	6	-	632	os
SH_10_0_2071_20260911T225134.m	10	s	2071	0	-	1076	os
HH_10_6_134_20260911T225144.m	10	h	134	6	-	633	os
SH_10_0_2071_20260911T225152.m	10	s	2071	0	-	1077	os
HH_10_8_160_20260911T225201.m	10	h	160	8	-	634	os
SH_10_0_2071_20260911T225211.m	10	s	2071	0	-	1078	os
SH_10_0_349_20260911T225231.m	10	s	349	0	-	1079	os
SH_10_0_134_20260911T225250.m	10	s	134	0	-	1080	os
HH_10_6_134_20260911T225259.m	10	h	134	6	-	635	os
SH_10_0_99_20260911T225307.m	10	s	99	0	-	1081	os
SH_10_0_2071_20260911T225328.m	10	s	2071	0	-	1082	os
HH_10_8_160_20260911T225335.m	10	h	160	8	-	636	os
SH_10_0_9_20260911T225347.m	10	s	9	0	-	1083	os
SH_10_2_577_20260911T225403.m	10	s	577	2	-	1084	os
HH_10_12_1002_20260911T225406.m	10	h	1002	12	-	637	os
SH_10_0_349_20260911T225422.m	10	s	349	0	-	1085	os
HH_10_6_134_20260911T225433.m	10	h	134	6	-	638	os
SH_10_0_2071_20260911T225437.m	10	s	2071	0	-	1086	os
SH_10_0_2071_20260911T225456.m	10	s	2071	0	-	1087	os
HH_10_8_160_20260911T225504.m	10	h	160	8	-	639	os
SH_10_0_1007_20260911T225512.m	10	s	1007	0	-	1088	os
HH_10_6_134_20260911T225521.m	10	h	134	6	-	640	os
SH_10_0_533_20260911T225530.m	10	s	533	0	-	1089	os
SH_10_0_2071_20260911T225550.m	10	s	2071	0	-	1090	os
SH_10_0_1071_20260911T225611.m	10	s	1071	0	-	1091	os
SH_10_0_99_20260911T225631.m	10	s	99	0	-	1092	os
HH_10_8_160_20260911T225632.m	10	h	160	8	-	641	os
HH_6_4_34_20260911T225636.m	6	h	34	4	-	1	os
HH_6_4_34_20260911T225643.m	6	h	34	4	-	2	os
SH_10_0_349_20260911T225644.m	10	s	349	0	-	1093	os
HH_10_6_134_20260911T225646.m	10	h	134	6	-	642	os
HH_6_4_34_20260911T225648.m	6	h	34	4	-	3	os
HH_6_4_34_20260911T225654.m	6	h	34	4	-	4	os
SH_10_4_490_20260911T225659.m	10	s	490	4	-	1094	os
HH_6_4_34_20260911T225701.m	6	h	34	4	-	5	os
HH_10_6_134_20260911T225712.m	10	h	134	6	-	643	os
SH_10_4_490_20260911T225712.m	10	s	490	4	-	1095	os
HH_8_5_102_20260911T225714.m	8	h	102	5	-	1	os
HH_8_5_102_20260911T225723.m	8	h	102	5	-	2	os
HH_10_4_108_20260911T225724.m	10	h	108	4	-	644	os
SH_10_0_1071_20260911T225725.m	10	s	1071	0	-	1096	os
HH_8_5_102_20260911T225734.m	8	h	102	5	-	3	os
SH_10_0_2071_20260911T225741.m	10	s	2071	0	-	1097	os
HH_8_7_18_20260911T225746.m	8	h	18	7	-	4	os
HH_10_6_134_20260911T225752.m	10	h	134	6	-	645	os
SH_10_0_967_20260911T225754.m	10	s	967	0	-	1098	os
HH_8_5_102_20260911T225755.m	8	h	102	5	-	5	os
HH_8_5_102_20260911T225807.m	8	h	102	5	-	6	os
SH_10_0_5_20260911T225810.m	10	s	5	0	5	1099	os
HH_8_5_54_20260911T225815.m	8	h	54	5	-	7	os
HH_10_6_134_20260911T225816.m	10	h	134	6	-	646	os
SH_10_4_220_20260911T225823.m	10	s	220	4	-	1100	os
HH_8_5_54_20260911T225825.m	8	h	54	5	-	8	os
HH_10_8_160_20260911T225830.m	10	h	160	8	-	647	os
HH_8_5_54_20260911T225837.m	8	h	54	5	-	9	os
SH_10_0_1071_20260911T225837.m	10	s	1071	0	-	1101	os
HH_8_5_54_20260911T225850.m	8	h	54	5	-	10	os
SH_10_2_577_20260911T225856.m	10	s	577	2	-	1102	os
HH_8_5_102_20260911T225904.m	8	h	102	5	-	11	os
HH_8_5_102_20260911T225915.m	8	h	102	5	-	12	os
SH_10_0_349_20260911T225915.m	10	s	349	0	-	1103	os
HH_8_5_102_20260911T225926.m	8	h	102	5	-	13	os
SH_10_0_1007_20260911T225930.m	10	s	1007	0	-	1104	os
HH_10_6_134_20260911T225931.m	10	h	134	6	-	648	os
HH_10_8_160_20260911T225950.m	10	h	160	8	-	649	os
SH_10_0_349_20260911T225950.m	10	s	349	0	-	1105	os
HH_8_5_54_20260911T225954.m	8	h	54	5	-	14	os
SH_10_0_2071_20260911T230006.m	10	s	2071	0	-	1106	os
HH_8_5_102_20260911T230007.m	8	h	102	5	-	15	os
HH_8_5_54_20260911T230019.m	8	h	54	5	-	16	os
SH_10_0_134_20260911T230021.m	10	s	134	0	-	1107	os
HH_10_12_1002_20260911T230026.m	10	h	1002	12	-	650	os
HH_8_5_102_20260911T230028.m	8	h	102	5	-	17	os
SH_10_0_1007_20260911T230034.m	10	s	1007	0	-	1108	os
HH_8_5_102_20260911T230039.m	8	h	102	5	-	18	os
HH_8_5_102_20260911T230048.m	8	h	102	5	-	19	os
SH_10_2_577_20260911T230048.m	10	s	577	2	-	1109	os
HH_10_6_134_20260911T230054.m	10	h	134	6	-	651	os
HH_8_5_54_20260911T230100.m	8	h	54	5	-	20	os
SH_10_0_251_20260911T230103.m	10	s	251	0	-	1110	os
HH_10_6_134_20260911T230109.m	10	h	134	6	-	652	os
HH_8_5_102_20260911T230112.m	8	h	102	5	-	21	os
SH_10_0_1007_20260911T230119.m	10	s	1007	0	-	1111	os
HH_8_5_102_20260911T230123.m	8	h	102	5	-	22	os
HH_10_6_134_20260911T230124.m	10	h	134	6	-	653	os
HH_8_5_54_20260911T230134.m	8	h	54	5	-	23	os
SH_10_4_490_20260911T230134.m	10	s	490	4	-	1112	os
HH_8_5_102_20260911T230147.m	8	h	102	5	-	24	os
SH_10_0_703_20260911T230150.m	10	s	703	0	-	1113	os
HH_8_5_102_20260911T230158.m	8	h	102	5	-	25	os
HH_10_8_160_20260911T230200.m	10	h	160	8	-	654	os
SH_10_0_20_20260911T230202.m	10	s	20	0	-	1114	os
HH_8_5_54_20260911T230206.m	8	h	54	5	-	26	os
HH_10_8_160_20260911T230214.m	10	h	160	8	-	655	os
HH_8_5_102_20260911T230215.m	8	h	102	5	-	27	os
SH_10_0_134_20260911T230216.m	10	s	134	0	-	1115	os
HH_8_5_102_20260911T230227.m	8	h	102	5	-	28	os
HH_10_6_134_20260911T230230.m	10	h	134	6	-	656	os
SH_10_0_349_20260911T230233.m	10	s	349	0	-	1116	os
HH_8_5_54_20260911T230236.m	8	h	54	5	-	29	os
HH_10_8_160_20260911T230245.m	10	h	160	8	-	657	os
HH_8_7_18_20260911T230247.m	8	h	18	7	-	30	os
SH_10_0_143_20260911T230249.m	10	s	143	0	-	1117	os
HH_8_5_102_20260911T230259.m	8	h	102	5	-	31	os
HH_10_6_134_20260911T230301.m	10	h	134	6	-	658	os
SH_10_0_2071_20260911T230306.m	10	s	2071	0	-	1118	os
HH_8_5_54_20260911T230310.m	8	h	54	5	-	32	os
HH_10_6_106_20260911T230317.m	10	h	106	6	-	659	os
HH_8_5_102_20260911T230322.m	8	h	102	5	-	33	os
SH_10_0_2071_20260911T230323.m	10	s	2071	0	-	1119	os
HH_10_6_134_20260911T230332.m	10	h	134	6	-	660	os
HH_8_5_102_20260911T230333.m	8	h	102	5	-	34	os
SH_10_0_134_20260911T230337.m	10	s	134	0	-	1120	os
HH_8_5_54_20260911T230342.m	8	h	54	5	-	35	os
HH_10_8_160_20260911T230349.m	10	h	160	8	-	661	os
SH_10_2_577_20260911T230351.m	10	s	577	2	-	1121	os
HH_8_5_102_20260911T230352.m	8	h	102	5	-	36	os
HH_10_6_134_20260911T230402.m	10	h	134	6	-	662	os
HH_8_5_102_20260911T230403.m	8	h	102	5	-	37	os
SH_10_0_2071_20260911T230406.m	10	s	2071	0	-	1122	os
HH_8_5_102_20260911T230414.m	8	h	102	5	-	38	os
HH_10_8_160_20260911T230418.m	10	h	160	8	-	663	os
HH_8_5_102_20260911T230423.m	8	h	102	5	-	39	os
SH_10_4_220_20260911T230423.m	10	s	220	4	-	1123	os
HH_10_8_160_20260911T230433.m	10	h	160	8	-	664	os
HH_8_5_102_20260911T230434.m	8	h	102	5	-	40	os
SH_10_0_1007_20260911T230440.m	10	s	1007	0	-	1124	os
HH_8_5_54_20260911T230445.m	8	h	54	5	-	41	os
HH_10_8_160_20260911T230448.m	10	h	160	8	-	665	os
HH_8_5_102_20260911T230454.m	8	h	102	5	-	42	os
SH_10_0_1007_20260911T230455.m	10	s	1007	0	-	1125	os
HH_8_5_102_20260911T230507.m	8	h	102	5	-	43	os
SH_10_0_1007_20260911T230513.m	10	s	1007	0	-	1126	os
HH_10_12_1002_20260911T230517.m	10	h	1002	12	-	666	os
HH_8_5_54_20260911T230518.m	8	h	54	5	-	44	os
SH_10_0_1007_20260911T230528.m	10	s	1007	0	-	1127	os
HH_8_5_54_20260911T230530.m	8	h	54	5	-	45	os
HH_10_12_1002_20260911T230532.m	10	h	1002	12	-	667	os
HH_8_5_54_20260911T230539.m	8	h	54	5	-	46	os
SH_10_0_349_20260911T230541.m	10	s	349	0	-	1128	os
HH_10_8_160_20260911T230546.m	10	h	160	8	-	668	os
HH_8_5_54_20260911T230549.m	8	h	54	5	-	47	os
SH_10_0_99_20260911T230557.m	10	s	99	0	-	1129	os
HH_8_5_54_20260911T230559.m	8	h	54	5	-	48	os
HH_10_8_160_20260911T230600.m	10	h	160	8	-	669	os
HH_8_5_102_20260911T230609.m	8	h	102	5	-	49	os
SH_10_0_1007_20260911T230611.m	10	s	1007	0	-	1130	os
HH_10_6_134_20260911T230615.m	10	h	134	6	-	670	os
HH_8_5_102_20260911T230619.m	8	h	102	5	-	50	os
SH_10_0_2071_20260911T230627.m	10	s	2071	0	-	1131	os
HH_8_5_102_20260911T230629.m	8	h	102	5	-	51	os
HH_8_5_102_20260911T230642.m	8	h	102	5	-	52	os
SH_10_4_490_20260911T230643.m	10	s	490	4	-	1132	os
HH_10_6_134_20260911T230644.m	10	h	134	6	-	671	os
HH_8_5_54_20260911T230650.m	8	h	54	5	-	53	os
SH_10_0_533_20260911T230659.m	10	s	533	0	-	1133	os
HH_8_5_102_20260911T230710.m	8	h	102	5	-	54	os
HH_10_8_160_20260911T230712.m	10	h	160	8	-	672	os
SH_10_0_283_20260911T230714.m	10	s	283	0	-	1134	os
HH_8_5_54_20260911T230720.m	8	h	54	5	-	55	os
SH_10_0_251_20260911T230731.m	10	s	251	0	-	1135	os
HH_10_8_160_20260911T230733.m	10	h	160	8	-	673	os
HH_8_5_102_20260911T230734.m	8	h	102	5	-	56	os
SH_10_0_134_20260911T230743.m	10	s	134	0	-	1136	os
HH_8_5_102_20260911T230744.m	8	h	102	5	-	57	os
HH_10_6_134_20260911T230748.m	10	h	134	6	-	674	os
HH_8_5_102_20260911T230756.m	8	h	102	5	-	58	os
SH_10_0_2071_20260911T230759.m	10	s	2071	0	-	1137	os
HH_10_6_134_20260911T230803.m	10	h	134	6	-	675	os
HH_8_5_102_20260911T230806.m	8	h	102	5	-	59	os
SH_10_0_2071_20260911T230816.m	10	s	2071	0	-	1138	os
HH_10_4_108_20260911T230819.m	10	h	108	4	-	676	os
SH_10_0_1007_20260911T230831.m	10	s	1007	0	-	1139	os
SH_10_0_500_20260911T230842.m	10	s	500	0	-	1140	os
HH_10_8_160_20260911T230843.m	10	h	160	8	-	677	os
SH_10_0_527_20260911T230852.m	10	s	527	0	-	1141	os
SH_10_0_1007_20260911T230904.m	10	s	1007	0	-	1142	os
SH_10_0_2071_20260911T230917.m	10	s	2071	0	-	1143	os
SH_10_0_2071_20260911T230930.m	10	s	2071	0	-	1144	os
HH_10_6_134_20260911T230938.m	10	h	134	6	-	678	os
SH_10_0_1007_20260911T230940.m	10	s	1007	0	-	1145	os
SH_10_0_1007_20260911T230951.m	10	s	1007	0	-	1146	os
HH_10_6_134_20260911T230956.m	10	h	134	6	-	679	os
SH_10_0_349_20260911T230959.m	10	s	349	0	-	1147	os
SH_10_2_577_20260911T231011.m	10	s	577	2	-	1148	os
HH_10_6_134_20260911T231016.m	10	h	134	6	-	680	os
SH_10_0_143_20260911T231022.m	10	s	143	0	-	1149	os
HH_10_8_160_20260911T231027.m	10	h	160	8	-	681	os
SH_10_0_2071_20260911T231032.m	10	s	2071	0	-	1150	os
HH_10_6_134_20260911T231037.m	10	h	134	6	-	682	os
SH_10_0_1071_20260911T231043.m	10	s	1071	0	-	1151	os
HH_10_6_134_20260911T231048.m	10	h	134	6	-	683	os
SH_10_0_349_20260911T231053.m	10	s	349	0	-	1152	os
HH_10_8_160_20260911T231058.m	10	h	160	8	-	684	os
SH_10_0_134_20260911T231104.m	10	s	134	0	-	1153	os
SH_10_0_349_20260911T231117.m	10	s	349	0	-	1154	os
SH_10_2_577_20260911T231126.m	10	s	577	2	-	1155	os
HH_10_8_160_20260911T231128.m	10	h	160	8	-	685	os
SH_10_0_349_20260911T231137.m	10	s	349	0	-	1156	os
SH_10_0_500_20260911T231148.m	10	s	500	0	-	1157	os
SH_10_0_2071_20260911T231159.m	10	s	2071	0	-	1158	os
HH_10_12_1002_20260911T231202.m	10	h	1002	12	-	686	os
SH_10_0_143_20260911T231208.m	10	s	143	0	-	1159	os
HH_10_8_160_20260911T231210.m	10	h	160	8	-	687	os
SH_10_2_577_20260911T231216.m	10	s	577	2	-	1160	os
HH_10_4_108_20260911T231219.m	10	h	108	4	-	688	os
SH_10_0_5_20260911T231226.m	10	s	5	0	5	1161	os
SH_10_2_577_20260911T231239.m	10	s	577	2	-	1162	os
HH_10_12_1002_20260911T231241.m	10	h	1002	12	-	689	os
SH_10_2_577_20260911T231251.m	10	s	577	2	-	1163	os
SH_10_2_577_20260911T231302.m	10	s	577	2	-	1164	os
HH_10_8_160_20260911T231303.m	10	h	160	8	-	690	os
SH_13_0_6163_20260911T231311.m	13	s	6163	0	-	1	os
SH_10_2_577_20260911T231312.m	10	s	577	2	-	1165	os
HH_10_8_160_20260911T231313.m	10	h	160	8	-	691	os
SH_10_0_2071_20260911T231327.m	10	s	2071	0	-	1166	os
HH_10_12_1002_20260911T231328.m	10	h	1002	12	-	692	os
SH_13_0_2943_20260911T231338.m	13	s	2943	0	-	2	os
SH_10_0_5_20260911T231342.m	10	s	5	0	5	1167	os
HH_10_6_134_20260911T231350.m	10	h	134	6	-	693	os
SH_10_0_349_20260911T231352.m	10	s	349	0	-	1168	os
SH_13_0_6163_20260911T231359.m	13	s	6163	0	-	3	os
SH_10_0_2071_20260911T231407.m	10	s	2071	0	-	1169	os
SH_10_0_1071_20260911T231425.m	10	s	1071	0	-	1170	os
SH_13_0_6163_20260911T231427.m	13	s	6163	0	-	4	os
HH_10_6_134_20260911T231436.m	10	h	134	6	-	694	os
SH_10_0_349_20260911T231436.m	10	s	349	0	-	1171	os
SH_13_0_6163_20260911T231450.m	13	s	6163	0	-	5	os
SH_10_0_349_20260911T231450.m	10	s	349	0	-	1172	os
HH_10_6_134_20260911T231451.m	10	h	134	6	-	695	os
SH_10_0_1007_20260911T231507.m	10	s	1007	0	-	1173	os
HH_10_6_134_20260911T231508.m	10	h	134	6	-	696	os
SH_13_0_6163_20260911T231518.m	13	s	6163	0	-	6	os
SH_10_0_2071_20260911T231522.m	10	s	2071	0	-	1174	os
SH_10_0_1007_20260911T231535.m	10	s	1007	0	-	1175	os
HH_10_8_160_20260911T231536.m	10	h	160	8	-	697	os
SH_13_0_6163_20260911T231543.m	13	s	6163	0	-	7	os
SH_10_2_577_20260911T231553.m	10	s	577	2	-	1176	os
SH_10_0_2071_20260911T231610.m	10	s	2071	0	-	1177	os
SH_13_0_3109_20260911T231615.m	13	s	3109	0	-	8	os
HH_10_8_160_20260911T231626.m	10	h	160	8	-	698	os
SH_10_0_2071_20260911T231627.m	10	s	2071	0	-	1178	os
SH_13_0_6163_20260911T231641.m	13	s	6163	0	-	9	os
SH_10_0_2071_20260911T231642.m	10	s	2071	0	-	1179	os
HH_10_6_134_20260911T231652.m	10	h	134	6	-	699	os
SH_10_0_99_20260911T231658.m	10	s	99	0	-	1180	os
HH_10_6_134_20260911T231707.m	10	h	134	6	-	700	os
SH_13_0_6163_20260911T231709.m	13	s	6163	0	-	10	os
SH_10_2_577_20260911T231713.m	10	s	577	2	-	1181	os
SH_10_0_2071_20260911T231729.m	10	s	2071	0	-	1182	os
SH_13_0_6163_20260911T231735.m	13	s	6163	0	-	11	os
SH_10_0_349_20260911T231744.m	10	s	349	0	-	1183	os
HH_10_8_160_20260911T231746.m	10	h	160	8	-	701	os
SH_10_0_967_20260911T231800.m	10	s	967	0	-	1184	os
HH_10_8_160_20260911T231802.m	10	h	160	8	-	702	os
SH_13_0_6163_20260911T231803.m	13	s	6163	0	-	12	os
SH_10_0_349_20260911T231815.m	10	s	349	0	-	1185	os
HH_10_8_160_20260911T231817.m	10	h	160	8	-	703	os
SH_13_0_6163_20260911T231829.m	13	s	6163	0	-	13	os
SH_10_0_1007_20260911T231829.m	10	s	1007	0	-	1186	os
HH_10_8_160_20260911T231832.m	10	h	160	8	-	704	os
SH_10_0_1007_20260911T231846.m	10	s	1007	0	-	1187	os
HH_10_8_160_20260911T231848.m	10	h	160	8	-	705	os
SH_13_0_6163_20260911T231856.m	13	s	6163	0	-	14	os
SH_10_0_2071_20260911T231859.m	10	s	2071	0	-	1188	os
HH_10_8_160_20260911T231900.m	10	h	160	8	-	706	os
SH_10_0_967_20260911T231914.m	10	s	967	0	-	1189	os
SH_10_0_2071_20260911T231930.m	10	s	2071	0	-	1190	os
HH_10_6_134_20260911T231936.m	10	h	134	6	-	707	os
SH_10_0_2071_20260911T231942.m	10	s	2071	0	-	1191	os
HH_10_8_160_20260911T231946.m	10	h	160	8	-	708	os
SH_10_0_349_20260911T231958.m	10	s	349	0	-	1192	os
SH_10_0_500_20260911T232018.m	10	s	500	0	-	1193	os
HH_10_6_106_20260911T232027.m	10	h	106	6	-	709	os
SH_10_0_2071_20260911T232036.m	10	s	2071	0	-	1194	os
HH_10_8_160_20260911T232046.m	10	h	160	8	-	710	os
SH_10_2_577_20260911T232054.m	10	s	577	2	-	1195	os
SH_14_0_8373_20260911T232055.m	14	s	8373	0	-	1	os
HH_10_8_160_20260911T232101.m	10	h	160	8	-	711	os
SH_10_0_2071_20260911T232110.m	10	s	2071	0	-	1196	os
SH_10_0_134_20260911T232128.m	10	s	134	0	-	1197	os
SH_14_0_8373_20260911T232130.m	14	s	8373	0	-	2	os
SH_10_0_2071_20260911T232143.m	10	s	2071	0	-	1198	os
HH_10_8_160_20260911T232144.m	10	h	160	8	-	712	os
SH_10_0_283_20260911T232158.m	10	s	283	0	-	1199	os
SH_14_0_8373_20260911T232201.m	14	s	8373	0	-	3	os
HH_10_12_1002_20260911T232214.m	10	h	1002	12	-	713	os
SH_10_0_2071_20260911T232214.m	10	s	2071	0	-	1200	os
SH_10_0_1007_20260911T232232.m	10	s	1007	0	-	1201	os
SH_14_0_8373_20260911T232234.m	14	s	8373	0	-	4	os
HH_10_8_160_20260911T232243.m	10	h	160	8	-	714	os
SH_10_0_1007_20260911T232247.m	10	s	1007	0	-	1202	os
HH_10_8_160_20260911T232300.m	10	h	160	8	-	715	os
SH_10_0_349_20260911T232302.m	10	s	349	0	-	1203	os
SH_14_0_8373_20260911T232303.m	14	s	8373	0	-	5	os
HH_10_12_1002_20260911T232313.m	10	h	1002	12	-	716	os
SH_10_0_283_20260911T232318.m	10	s	283	0	-	1204	os
SH_10_2_577_20260911T232330.m	10	s	577	2	-	1205	os
SH_14_0_8373_20260911T232332.m	14	s	8373	0	-	6	os
HH_10_8_160_20260911T232334.m	10	h	160	8	-	717	os
SH_10_0_175_20260911T232343.m	10	s	175	0	-	1206	os
HH_10_6_134_20260911T232347.m	10	h	134	6	-	718	os
SH_10_0_2071_20260911T232356.m	10	s	2071	0	-	1207	os
HH_10_8_160_20260911T232358.m	10	h	160	8	-	719	os
SH_14_0_8373_20260911T232400.m	14	s	8373	0	-	7	os
SH_10_0_349_20260911T232413.m	10	s	349	0	-	1208	os
HH_10_6_134_20260911T232421.m	10	h	134	6	-	720	os
SH_10_0_349_20260911T232423.m	10	s	349	0	-	1209	os
HH_10_8_160_20260911T232435.m	10	h	160	8	-	721	os
SH_10_0_2071_20260911T232437.m	10	s	2071	0	-	1210	os
HH_14_6_3684_20260911T232447.m	14	h	3684	6	-	1	os
HH_10_8_160_20260911T232449.m	10	h	160	8	-	722	os
SH_10_0_134_20260911T232451.m	10	s	134	0	-	1211	os
HH_10_8_160_20260911T232507.m	10	h	160	8	-	723	os
SH_10_4_490_20260911T232509.m	10	s	490	4	-	1212	os
HH_10_6_106_20260911T232525.m	10	h	106	6	-	724	os
SH_10_0_1071_20260911T232526.m	10	s	1071	0	-	1213	os
SH_10_0_143_20260911T232547.m	10	s	143	0	-	1214	os
SH_10_4_490_20260911T232605.m	10	s	490	4	-	1215	os
SH_10_0_1071_20260911T232621.m	10	s	1071	0	-	1216	os
HH_10_12_1002_20260911T232622.m	10	h	1002	12	-	725	os
HH_14_6_3684_20260911T232624.m	14	h	3684	6	-	2	os
SH_10_0_349_20260911T232638.m	10	s	349	0	-	1217	os
HH_10_8_160_20260911T232640.m	10	h	160	8	-	726	os
SH_10_0_5_20260911T232658.m	10	s	5	0	5	1218	os
HH_10_4_108_20260911T232659.m	10	h	108	4	-	727	os
SH_10_0_283_20260911T232717.m	10	s	283	0	-	1219	os
HH_10_6_134_20260911T232718.m	10	h	134	6	-	728	os
HH_10_12_1002_20260911T232736.m	10	h	1002	12	-	729	os
SH_10_0_271_20260911T232736.m	10	s	271	0	-	1220	os
SH_10_0_2071_20260911T232755.m	10	s	2071	0	-	1221	os
HH_10_6_134_20260911T232804.m	10	h	134	6	-	730	os
SH_10_4_220_20260911T232811.m	10	s	220	4	-	1222	os
HH_10_8_160_20260911T232823.m	10	h	160	8	-	731	os
SH_10_0_143_20260911T232830.m	10	s	143	0	-	1223	os
HH_10_8_160_20260911T232843.m	10	h	160	8	-	732	os
SH_10_0_2071_20260911T232847.m	10	s	2071	0	-	1224	os
HH_10_4_108_20260911T232902.m	10	h	108	4	-	733	os
SH_10_4_220_20260911T232907.m	10	s	220	4	-	1225	os
SH_10_0_349_20260911T232926.m	10	s	349	0	-	1226	os
HH_10_6_134_20260911T232928.m	10	h	134	6	-	734	os
SH_10_0_1007_20260911T232942.m	10	s	1007	0	-	1227	os
HH_10_8_160_20260911T232946.m	10	h	160	8	-	735	os
SH_10_0_1007_20260911T232959.m	10	s	1007	0	-	1228	os
HH_10_6_134_20260911T233002.m	10	h	134	6	-	736	os
SH_10_0_2071_20260911T233010.m	10	s	2071	0	-	1229	os
HH_14_6_3684_20260911T233015.m	14	h	3684	6	-	3	os
HH_10_6_134_20260911T233016.m	10	h	134	6	-	737	os
SH_10_0_1071_20260911T233025.m	10	s	1071	0	-	1230	os
HH_10_6_134_20260911T233034.m	10	h	134	6	-	738	os
SH_10_0_349_20260911T233044.m	10	s	349	0	-	1231	os
HH_10_8_160_20260911T233050.m	10	h	160	8	-	739	os
SH_10_0_1007_20260911T233103.m	10	s	1007	0	-	1232	os
HH_10_8_160_20260911T233116.m	10	h	160	8	-	740	os
SH_10_2_577_20260911T233118.m	10	s	577	2	-	1233	os
HH_10_6_134_20260911T233135.m	10	h	134	6	-	741	os
SH_10_0_11_20260911T233136.m	10	s	11	0	-	1234	os
HH_10_8_160_20260911T233154.m	10	h	160	8	-	742	os
SH_10_0_1007_20260911T233156.m	10	s	1007	0	-	1235	os
HH_10_8_160_20260911T233213.m	10	h	160	8	-	743	os
SH_10_0_99_20260911T233214.m	10	s	99	0	-	1236	os
HH_10_8_160_20260911T233228.m	10	h	160	8	-	744	os
SH_10_0_11_20260911T233231.m	10	s	11	0	-	1237	os
HH_14_6_3684_20260911T233241.m	14	h	3684	6	-	4	os
HH_10_6_134_20260911T233242.m	10	h	134	6	-	745	os
SH_10_2_577_20260911T233249.m	10	s	577	2	-	1238	os
SH_10_0_349_20260911T233308.m	10	s	349	0	-	1239	os
HH_10_6_106_20260911T233319.m	10	h	106	6	-	746	os
SH_10_0_500_20260911T233328.m	10	s	500	0	-	1240	os
HH_10_8_160_20260911T233337.m	10	h	160	8	-	747	os
SH_10_4_490_20260911T233343.m	10	s	490	4	-	1241	os
HH_10_6_106_20260911T233353.m	10	h	106	6	-	748	os
SH_10_0_349_20260911T233359.m	10	s	349	0	-	1242	os
HH_10_8_160_20260911T233405.m	10	h	160	8	-	749	os
HH_14_6_3684_20260911T233407.m	14	h	3684	6	-	5	os
SH_10_0_349_20260911T233411.m	10	s	349	0	-	1243	os
HH_10_12_1002_20260911T233421.m	10	h	1002	12	-	750	os
SH_10_0_1007_20260911T233429.m	10	s	1007	0	-	1244	os
HH_10_6_134_20260911T233444.m	10	h	134	6	-	751	os
SH_10_2_577_20260911T233445.m	10	s	577	2	-	1245	os
SH_10_0_2071_20260911T233500.m	10	s	2071	0	-	1246	os
HH_10_8_160_20260911T233502.m	10	h	160	8	-	752	os
HH_10_8_160_20260911T233514.m	10	h	160	8	-	753	os
SH_10_0_1007_20260911T233514.m	10	s	1007	0	-	1247	os
SH_15_0_11131_20260911T233521.m	15	s	11131	0	-	1	os
SH_10_0_1071_20260911T233530.m	10	s	1071	0	-	1248	os
SH_10_2_577_20260911T233547.m	10	s	577	2	-	1249	os
SH_15_0_11131_20260911T233600.m	15	s	11131	0	-	2	os
SH_10_0_1071_20260911T233602.m	10	s	1071	0	-	1250	os
SH_10_0_1007_20260911T233618.m	10	s	1007	0	-	1251	os
SH_10_2_577_20260911T233632.m	10	s	577	2	-	1252	os
SH_15_0_11131_20260911T233639.m	15	s	11131	0	-	3	os
HH_10_6_106_20260911T233641.m	10	h	106	6	-	754	os
SH_10_0_500_20260911T233644.m	10	s	500	0	-	1253	os
HH_10_8_160_20260911T233655.m	10	h	160	8	-	755	os
SH_10_0_527_20260911T233700.m	10	s	527	0	-	1254	os
HH_10_6_134_20260911T233709.m	10	h	134	6	-	756	os
SH_15_0_11131_20260911T233712.m	15	s	11131	0	-	4	os
SH_10_0_1007_20260911T233716.m	10	s	1007	0	-	1255	os
HH_10_8_160_20260911T233726.m	10	h	160	8	-	757	os
SH_10_0_500_20260911T233731.m	10	s	500	0	-	1256	os
HH_10_6_134_20260911T233742.m	10	h	134	6	-	758	os
SH_10_0_1007_20260911T233745.m	10	s	1007	0	-	1257	os
SH_15_0_11129_20260911T233750.m	15	s	11129	0	-	5	os
SH_10_0_2071_20260911T233802.m	10	s	2071	0	-	1258	os
SH_10_0_2071_20260911T233820.m	10	s	2071	0	-	1259	os
HH_10_8_160_20260911T233824.m	10	h	160	8	-	759	os
SH_15_0_11129_20260911T233830.m	15	s	11129	0	-	6	os
SH_10_0_2071_20260911T233834.m	10	s	2071	0	-	1260	os
HH_10_8_160_20260911T233839.m	10	h	160	8	-	760	os
SH_10_2_577_20260911T233851.m	10	s	577	2	-	1261	os
SH_10_0_283_20260911T233908.m	10	s	283	0	-	1262	os
SH_15_0_11131_20260911T233909.m	15	s	11131	0	-	7	os
HH_10_8_160_20260911T233918.m	10	h	160	8	-	761	os
SH_10_0_251_20260911T233921.m	10	s	251	0	-	1263	os
HH_10_4_108_20260911T233935.m	10	h	108	4	-	762	os
SH_10_4_108_20260911T233937.m	10	s	108	4	-	1264	os
SH_15_0_11131_20260911T233941.m	15	s	11131	0	-	8	os
HH_10_8_160_20260911T233950.m	10	h	160	8	-	763	os
SH_10_0_527_20260911T233953.m	10	s	527	0	-	1265	os
SH_10_2_577_20260911T234010.m	10	s	577	2	-	1266	os
SH_15_0_11131_20260911T234016.m	15	s	11131	0	-	9	os
HH_10_6_106_20260911T234016.m	10	h	106	6	-	764	os
SH_10_0_99_20260911T234024.m	10	s	99	0	-	1267	os
SH_10_0_349_20260911T234041.m	10	s	349	0	-	1268	os
SH_15_0_11131_20260911T234051.m	15	s	11131	0	-	10	os
SH_10_2_577_20260911T234052.m	10	s	577	2	-	1269	os
HH_10_8_160_20260911T234053.m	10	h	160	8	-	765	os
SH_10_0_283_20260911T234108.m	10	s	283	0	-	1270	os
HH_10_6_134_20260911T234109.m	10	h	134	6	-	766	os
SH_10_2_577_20260911T234125.m	10	s	577	2	-	1271	os
SH_15_0_11131_20260911T234130.m	15	s	11131	0	-	11	os
SH_10_4_220_20260911T234141.m	10	s	220	4	-	1272	os
HH_10_12_1002_20260911T234151.m	10	h	1002	12	-	767	os
SH_10_0_2071_20260911T234155.m	10	s	2071	0	-	1273	os
SH_15_0_11131_20260911T234205.m	15	s	11131	0	-	12	os
SH_10_2_577_20260911T234209.m	10	s	577	2	-	1274	os
HH_10_8_160_20260911T234215.m	10	h	160	8	-	768	os
SH_10_4_490_20260911T234222.m	10	s	490	4	-	1275	os
HH_10_6_134_20260911T234229.m	10	h	134	6	-	769	os
SH_10_0_967_20260911T234235.m	10	s	967	0	-	1276	os
SH_15_0_11131_20260911T234238.m	15	s	11131	0	-	13	os
HH_10_8_160_20260911T234244.m	10	h	160	8	-	770	os
SH_10_0_2071_20260911T234252.m	10	s	2071	0	-	1277	os
SH_10_4_490_20260911T234309.m	10	s	490	4	-	1278	os
HH_10_6_134_20260911T234316.m	10	h	134	6	-	771	os
SH_15_0_11131_20260911T234317.m	15	s	11131	0	-	14	os
SH_10_0_1007_20260911T234324.m	10	s	1007	0	-	1279	os
HH_10_6_134_20260911T234333.m	10	h	134	6	-	772	os
SH_10_0_2071_20260911T234343.m	10	s	2071	0	-	1280	os
HH_10_8_160_20260911T234349.m	10	h	160	8	-	773	os
SH_10_0_1007_20260911T234355.m	10	s	1007	0	-	1281	os
SH_15_0_11131_20260911T234356.m	15	s	11131	0	-	15	os
HH_10_12_1002_20260911T234404.m	10	h	1002	12	-	774	os
SH_10_0_499_20260911T234412.m	10	s	499	0	-	1282	os
SH_10_0_1007_20260911T234427.m	10	s	1007	0	-	1283	os
HH_10_6_134_20260911T234428.m	10	h	134	6	-	775	os
SH_15_0_11131_20260911T234436.m	15	s	11131	0	-	16	os
SH_10_0_2071_20260911T234443.m	10	s	2071	0	-	1284	os
HH_10_6_134_20260911T234444.m	10	h	134	6	-	776	os
SH_10_0_349_20260911T234500.m	10	s	349	0	-	1285	os
SH_15_0_11131_20260911T234516.m	15	s	11131	0	-	17	os
SH_10_0_349_20260911T234516.m	10	s	349	0	-	1286	os
SH_10_0_2071_20260911T234535.m	10	s	2071	0	-	1287	os
HH_10_6_134_20260911T234544.m	10	h	134	6	-	777	os
SH_10_0_349_20260911T234552.m	10	s	349	0	-	1288	os
SH_15_0_11131_20260911T234557.m	15	s	11131	0	-	18	os
SH_10_2_577_20260911T234605.m	10	s	577	2	-	1289	os
SH_10_0_2071_20260911T234620.m	10	s	2071	0	-	1290	os
HH_10_6_134_20260911T234625.m	10	h	134	6	-	778	os
SH_15_0_11131_20260911T234633.m	15	s	11131	0	-	19	os
SH_10_0_349_20260911T234633.m	10	s	349	0	-	1291	os
HH_10_6_134_20260911T234639.m	10	h	134	6	-	779	os
SH_10_2_577_20260911T234650.m	10	s	577	2	-	1292	os
HH_10_8_160_20260911T234703.m	10	h	160	8	-	780	os
SH_10_0_2071_20260911T234703.m	10	s	2071	0	-	1293	os
SH_15_0_11131_20260911T234709.m	15	s	11131	0	-	20	os
SH_10_0_967_20260911T234717.m	10	s	967	0	-	1294	os
HH_10_6_134_20260911T234720.m	10	h	134	6	-	781	os
SH_10_0_9_20260911T234734.m	10	s	9	0	-	1295	os
SH_15_0_11131_20260911T234746.m	15	s	11131	0	-	21	os
SH_10_2_577_20260911T234750.m	10	s	577	2	-	1296	os
SH_10_0_134_20260911T234806.m	10	s	134	0	-	1297	os
SH_10_0_251_20260911T234821.m	10	s	251	0	-	1298	os
SH_15_0_11131_20260911T234824.m	15	s	11131	0	-	22	os
HH_10_8_160_20260911T234829.m	10	h	160	8	-	782	os
SH_10_0_1007_20260911T234836.m	10	s	1007	0	-	1299	os
HH_10_8_160_20260911T234847.m	10	h	160	8	-	783	os
SH_10_0_2071_20260911T234852.m	10	s	2071	0	-	1300	os
SH_15_0_11131_20260911T234903.m	15	s	11131	0	-	23	os
SH_10_0_1007_20260911T234910.m	10	s	1007	0	-	1301	os
SH_10_2_577_20260911T234926.m	10	s	577	2	-	1302	os
HH_10_8_160_20260911T234929.m	10	h	160	8	-	784	os
SH_15_0_11131_20260911T234939.m	15	s	11131	0	-	24	os
SH_10_0_499_20260911T234943.m	10	s	499	0	-	1303	os
SH_10_0_2071_20260911T235002.m	10	s	2071	0	-	1304	os
HH_10_8_160_20260911T235003.m	10	h	160	8	-	785	os
SH_10_0_349_20260911T235016.m	10	s	349	0	-	1305	os
HH_10_6_134_20260911T235017.m	10	h	134	6	-	786	os
SH_15_0_11131_20260911T235020.m	15	s	11131	0	-	25	os
SH_10_0_2071_20260911T235033.m	10	s	2071	0	-	1306	os
HH_10_6_134_20260911T235046.m	10	h	134	6	-	787	os
SH_10_2_577_20260911T235047.m	10	s	577	2	-	1307	os
SH_15_0_11131_20260911T235059.m	15	s	11131	0	-	26	os
HH_10_8_160_20260911T235059.m	10	h	160	8	-	788	os
SH_10_0_2071_20260911T235101.m	10	s	2071	0	-	1308	os
HH_10_8_160_20260911T235116.m	10	h	160	8	-	789	os
SH_10_0_349_20260911T235119.m	10	s	349	0	-	1309	os
HH_10_6_134_20260911T235131.m	10	h	134	6	-	790	os
SH_10_4_220_20260911T235132.m	10	s	220	4	-	1310	os
SH_15_0_11129_20260911T235139.m	15	s	11129	0	-	27	os
SH_10_2_577_20260911T235148.m	10	s	577	2	-	1311	os
HH_10_8_160_20260911T235156.m	10	h	160	8	-	791	os
SH_10_0_2071_20260911T235203.m	10	s	2071	0	-	1312	os
SH_10_2_577_20260911T235216.m	10	s	577	2	-	1313	os
SH_15_0_11131_20260911T235218.m	15	s	11131	0	-	28	os
HH_10_6_134_20260911T235225.m	10	h	134	6	-	792	os
SH_10_0_967_20260911T235233.m	10	s	967	0	-	1314	os
HH_10_6_134_20260911T235242.m	10	h	134	6	-	793	os
SH_10_0_499_20260911T235251.m	10	s	499	0	-	1315	os
SH_15_0_11131_20260911T235256.m	15	s	11131	0	-	29	os
SH_10_0_2071_20260911T235307.m	10	s	2071	0	-	1316	os
HH_10_6_134_20260911T235311.m	10	h	134	6	-	794	os
SH_10_2_577_20260911T235324.m	10	s	577	2	-	1317	os
SH_15_0_11131_20260911T235333.m	15	s	11131	0	-	30	os
HH_10_6_134_20260911T235335.m	10	h	134	6	-	795	os
SH_10_0_2071_20260911T235351.m	10	s	2071	0	-	1319	os
HH_10_6_134_20260911T235352.m	10	h	134	6	-	796	os
SH_10_0_349_20260911T235406.m	10	s	349	0	-	1320	os
SH_15_0_11131_20260911T235409.m	15	s	11131	0	-	31	os
HH_10_8_160_20260911T235417.m	10	h	160	8	-	797	os
SH_10_0_143_20260911T235420.m	10	s	143	0	-	1321	os
HH_10_6_134_20260911T235433.m	10	h	134	6	-	798	os
SH_10_4_108_20260911T235435.m	10	s	108	4	-	1322	os
SH_15_0_11131_20260911T235446.m	15	s	11131	0	-	32	os
HH_10_6_134_20260911T235448.m	10	h	134	6	-	799	os
SH_10_0_2071_20260911T235451.m	10	s	2071	0	-	1323	os
HH_10_6_134_20260911T235506.m	10	h	134	6	-	800	os
SH_10_0_349_20260911T235509.m	10	s	349	0	-	1324	os
HH_10_8_160_20260911T235519.m	10	h	160	8	-	801	os
SH_15_0_11131_20260911T235520.m	15	s	11131	0	-	33	os
SH_10_0_967_20260911T235523.m	10	s	967	0	-	1325	os
SH_10_2_577_20260911T235538.m	10	s	577	2	-	1326	os
HH_10_8_160_20260911T235543.m	10	h	160	8	-	802	os
SH_10_0_349_20260911T235550.m	10	s	349	0	-	1327	os
SH_15_0_11131_20260911T235553.m	15	s	11131	0	-	34	os
HH_10_8_160_20260911T235557.m	10	h	160	8	-	803	os
SH_10_2_577_20260911T235607.m	10	s	577	2	-	1328	os
HH_10_8_160_20260911T235613.m	10	h	160	8	-	804	os
SH_10_0_1007_20260911T235623.m	10	s	1007	0	-	1329	os
HH_10_6_134_20260911T235631.m	10	h	134	6	-	805	os
SH_10_0_500_20260911T235640.m	10	s	500	0	-	1330	os
HH_10_8_160_20260911T235649.m	10	h	160	8	-	806	os
SH_10_0_349_20260911T235655.m	10	s	349	0	-	1331	os
HH_10_8_160_20260911T235703.m	10	h	160	8	-	807	os
SH_10_2_577_20260911T235712.m	10	s	577	2	-	1332	os
HH_10_8_160_20260911T235719.m	10	h	160	8	-	808	os
SH_10_0_1007_20260911T235726.m	10	s	1007	0	-	1333	os
HH_10_8_160_20260911T235729.m	10	h	160	8	-	809	os
SH_10_0_349_20260911T235737.m	10	s	349	0	-	1334	os
HH_10_6_134_20260911T235740.m	10	h	134	6	-	810	os
SH_10_0_5_20260911T235748.m	10	s	5	0	5	1335	os
SH_10_0_143_20260911T235801.m	10	s	143	0	-	1336	os
HH_10_4_108_20260911T235809.m	10	h	108	4	-	811	os
SH_10_0_134_20260911T235810.m	10	s	134	0	-	1337	os
HH_10_6_106_20260911T235818.m	10	h	106	6	-	812	os
SH_10_0_2071_20260911T235819.m	10	s	2071	0	-	1338	os
HH_10_8_160_20260911T235828.m	10	h	160	8	-	813	os
SH_10_0_1007_20260911T235829.m	10	s	1007	0	-	1339	os
HH_10_12_1002_20260911T235838.m	10	h	1002	12	-	814	os
SH_10_0_1007_20260911T235840.m	10	s	1007	0	-	1340	os
HH_10_6_134_20260911T235848.m	10	h	134	6	-	815	os
SH_10_2_577_20260911T235849.m	10	s	577	2	-	1341	os
HH_10_4_108_20260911T235857.m	10	h	108	4	-	816	os
SH_10_4_220_20260911T235859.m	10	s	220	4	-	1342	os
HH_10_6_134_20260911T235909.m	10	h	134	6	-	817	os
SH_10_0_2071_20260911T235912.m	10	s	2071	0	-	1343	os
SH_10_0_99_20260911T235922.m	10	s	99	0	-	1344	os
HH_10_6_134_20260911T235927.m	10	h	134	6	-	818	os
SH_10_0_500_20260911T235933.m	10	s	500	0	-	1345	os
SH_10_0_134_20260911T235945.m	10	s	134	0	-	1346	os
HH_10_8_160_20260911T235947.m	10	h	160	8	-	819	os
SH_10_0_1071_20260911T235955.m	10	s	1071	0	-	1347	os
SH_10_0_349_20260912T000008.m	10	s	349	0	-	1348	os
SH_10_0_1007_20260912T000020.m	10	s	1007	0	-	1349	os
HH_10_6_134_20260912T000025.m	10	h	134	6	-	820	os
SH_10_0_349_20260912T000029.m	10	s	349	0	-	1350	os
HH_10_6_106_20260912T000035.m	10	h	106	6	-	821	os
SH_10_0_349_20260912T000040.m	10	s	349	0	-	1351	os
HH_10_6_134_20260912T000045.m	10	h	134	6	-	822	os
SH_10_0_1007_20260912T000050.m	10	s	1007	0	-	1352	os
HH_10_6_134_20260912T000056.m	10	h	134	6	-	823	os
SH_10_0_143_20260912T000103.m	10	s	143	0	-	1353	os
SH_10_0_349_20260912T000115.m	10	s	349	0	-	1354	os
HH_10_8_160_20260912T000117.m	10	h	160	8	-	824	os
SH_10_0_1007_20260912T000126.m	10	s	1007	0	-	1355	os
HH_10_8_160_20260912T000130.m	10	h	160	8	-	825	os
SH_10_2_577_20260912T000132.m	10	s	577	2	-	1356	os
SH_10_2_577_20260912T000145.m	10	s	577	2	-	1357	os
SH_10_0_2071_20260912T000153.m	10	s	2071	0	-	1358	os
HH_10_6_134_20260912T000155.m	10	h	134	6	-	826	os
SH_10_0_499_20260912T000205.m	10	s	499	0	-	1359	os
SH_10_0_143_20260912T000219.m	10	s	143	0	-	1360	os
SH_10_0_2071_20260912T000229.m	10	s	2071	0	-	1361	os
HH_10_8_160_20260912T000232.m	10	h	160	8	-	827	os
SH_10_0_1007_20260912T000240.m	10	s	1007	0	-	1362	os
HH_10_6_106_20260912T000242.m	10	h	106	6	-	828	os
SH_10_2_577_20260912T000250.m	10	s	577	2	-	1363	os
HH_10_6_134_20260912T000253.m	10	h	134	6	-	829	os
SH_10_0_1007_20260912T000301.m	10	s	1007	0	-	1364	os
HH_10_4_108_20260912T000302.m	10	h	108	4	-	830	os
SH_10_0_349_20260912T000312.m	10	s	349	0	-	1365	os
SH_10_2_577_20260912T000324.m	10	s	577	2	-	1366	os
SH_10_0_500_20260912T000333.m	10	s	500	0	-	1367	os
HH_10_8_160_20260912T000340.m	10	h	160	8	-	831	os
SH_10_0_2071_20260912T000341.m	10	s	2071	0	-	1368	os
HH_10_6_134_20260912T000351.m	10	h	134	6	-	832	os
SH_10_2_577_20260912T000351.m	10	s	577	2	-	1369	os
SH_10_0_2071_20260912T000404.m	10	s	2071	0	-	1370	os
HH_10_6_134_20260912T000413.m	10	h	134	6	-	833	os
SH_10_0_1071_20260912T000414.m	10	s	1071	0	-	1371	os
HH_10_6_134_20260912T000424.m	10	h	134	6	-	834	os
SH_10_0_283_20260912T000425.m	10	s	283	0	-	1372	os
HH_10_8_160_20260912T000435.m	10	h	160	8	-	835	os
SH_10_0_499_20260912T000435.m	10	s	499	0	-	1373	os
HH_10_8_160_20260912T000444.m	10	h	160	8	-	836	os
SH_10_0_349_20260912T000446.m	10	s	349	0	-	1374	os
SH_10_0_2071_20260912T000458.m	10	s	2071	0	-	1375	os
HH_10_8_160_20260912T000505.m	10	h	160	8	-	837	os
SH_10_0_527_20260912T000507.m	10	s	527	0	-	1376	os
HH_10_6_134_20260912T000516.m	10	h	134	6	-	838	os
SH_10_4_220_20260912T000518.m	10	s	220	4	-	1377	os
SH_10_4_220_20260912T000529.m	10	s	220	4	-	1378	os
HH_10_8_160_20260912T000534.m	10	h	160	8	-	839	os
SH_10_0_2071_20260912T000538.m	10	s	2071	0	-	1379	os
HH_10_6_134_20260912T000545.m	10	h	134	6	-	840	os
SH_10_0_1007_20260912T000550.m	10	s	1007	0	-	1380	os
HH_10_8_160_20260912T000556.m	10	h	160	8	-	841	os
SH_10_0_2071_20260912T000601.m	10	s	2071	0	-	1381	os
HH_10_12_1002_20260912T000609.m	10	h	1002	12	-	842	os
SH_10_0_1007_20260912T000611.m	10	s	1007	0	-	1382	os
SH_10_2_577_20260912T000624.m	10	s	577	2	-	1383	os
HH_10_8_160_20260912T000627.m	10	h	160	8	-	843	os
SH_10_0_1007_20260912T000635.m	10	s	1007	0	-	1384	os
HH_10_6_134_20260912T000639.m	10	h	134	6	-	844	os
SH_10_4_108_20260912T000648.m	10	s	108	4	-	1385	os
HH_10_6_134_20260912T000651.m	10	h	134	6	-	845	os
SH_10_0_2071_20260912T000700.m	10	s	2071	0	-	1386	os
HH_10_6_134_20260912T000703.m	10	h	134	6	-	846	os
SH_10_0_1071_20260912T000712.m	10	s	1071	0	-	1387	os
SH_10_0_2071_20260912T000726.m	10	s	2071	0	-	1388	os
SH_10_4_490_20260912T000740.m	10	s	490	4	-	1389	os
HH_10_8_160_20260912T000744.m	10	h	160	8	-	847	os
SH_10_0_2071_20260912T000750.m	10	s	2071	0	-	1390	os
SH_10_0_2071_20260912T000805.m	10	s	2071	0	-	1391	os
SH_10_4_490_20260912T000817.m	10	s	490	4	-	1392	os
HH_10_12_1002_20260912T000826.m	10	h	1002	12	-	848	os
SH_10_0_1007_20260912T000827.m	10	s	1007	0	-	1393	os
HH_10_8_160_20260912T000838.m	10	h	160	8	-	849	os
SH_10_0_1007_20260912T000839.m	10	s	1007	0	-	1394	os
HH_10_6_134_20260912T000851.m	10	h	134	6	-	850	os
SH_10_0_349_20260912T000852.m	10	s	349	0	-	1395	os
HH_10_6_106_20260912T000902.m	10	h	106	6	-	851	os
SH_10_0_1007_20260912T000902.m	10	s	1007	0	-	1396	os
SH_10_2_577_20260912T000914.m	10	s	577	2	-	1397	os
HH_10_6_134_20260912T000920.m	10	h	134	6	-	852	os
SH_10_0_5_20260912T000922.m	10	s	5	0	5	1398	os
SH_10_0_134_20260912T000933.m	10	s	134	0	-	1399	os
HH_10_8_160_20260912T000938.m	10	h	160	8	-	853	os
SH_10_0_1007_20260912T000943.m	10	s	1007	0	-	1400	os
HH_10_8_160_20260912T000949.m	10	h	160	8	-	854	os
SH_10_0_1007_20260912T000953.m	10	s	1007	0	-	1401	os
HH_10_12_1002_20260912T001000.m	10	h	1002	12	-	855	os
SH_10_0_283_20260912T001005.m	10	s	283	0	-	1402	os
HH_10_8_160_20260912T001011.m	10	h	160	8	-	856	os
SH_10_0_349_20260912T001017.m	10	s	349	0	-	1403	os
HH_10_8_160_20260912T001023.m	10	h	160	8	-	857	os
SH_10_2_577_20260912T001029.m	10	s	577	2	-	1404	os
HH_10_8_160_20260912T001035.m	10	h	160	8	-	858	os
SH_10_0_1071_20260912T001040.m	10	s	1071	0	-	1405	os
HH_10_8_160_20260912T001048.m	10	h	160	8	-	859	os
SH_10_0_349_20260912T001048.m	10	s	349	0	-	1406	os
HH_10_4_108_20260912T001058.m	10	h	108	4	-	860	os
SH_10_0_2071_20260912T001059.m	10	s	2071	0	-	1407	os
SH_10_0_1007_20260912T001110.m	10	s	1007	0	-	1408	os
HH_10_6_134_20260912T001111.m	10	h	134	6	-	861	os
SH_10_0_2071_20260912T001122.m	10	s	2071	0	-	1409	os
HH_10_6_134_20260912T001128.m	10	h	134	6	-	862	os
SH_10_0_99_20260912T001132.m	10	s	99	0	-	1410	os
HH_10_8_160_20260912T001139.m	10	h	160	8	-	863	os
SH_10_0_967_20260912T001144.m	10	s	967	0	-	1411	os
SH_10_0_527_20260912T001153.m	10	s	527	0	-	1412	os
HH_10_6_134_20260912T001154.m	10	h	134	6	-	864	os
SH_10_0_5_20260912T001203.m	10	s	5	0	5	1413	os
HH_10_8_160_20260912T001209.m	10	h	160	8	-	865	os
SH_10_0_99_20260912T001209.m	10	s	99	0	-	1414	os
SH_10_2_577_20260912T001219.m	10	s	577	2	-	1415	os
HH_10_4_108_20260912T001220.m	10	h	108	4	-	866	os
SH_10_0_2071_20260912T001230.m	10	s	2071	0	-	1416	os
HH_10_8_160_20260912T001231.m	10	h	160	8	-	867	os
SH_10_0_527_20260912T001240.m	10	s	527	0	-	1417	os
HH_10_8_160_20260912T001241.m	10	h	160	8	-	868	os
SH_10_0_251_20260912T001250.m	10	s	251	0	-	1418	os
HH_10_8_160_20260912T001252.m	10	h	160	8	-	869	os
SH_10_0_1007_20260912T001301.m	10	s	1007	0	-	1419	os
HH_10_12_1002_20260912T001304.m	10	h	1002	12	-	870	os
SH_10_0_2071_20260912T001312.m	10	s	2071	0	-	1420	os
HH_10_6_134_20260912T001318.m	10	h	134	6	-	871	os
SH_10_0_349_20260912T001320.m	10	s	349	0	-	1421	os
SH_10_0_349_20260912T001334.m	10	s	349	0	-	1422	os
HH_10_6_134_20260912T001340.m	10	h	134	6	-	872	os
SH_10_0_349_20260912T001343.m	10	s	349	0	-	1423	os
HH_10_8_160_20260912T001351.m	10	h	160	8	-	873	os
SH_10_0_283_20260912T001354.m	10	s	283	0	-	1424	os
HH_10_4_108_20260912T001402.m	10	h	108	4	-	874	os
SH_10_4_490_20260912T001406.m	10	s	490	4	-	1425	os
HH_10_8_160_20260912T001412.m	10	h	160	8	-	875	os
SH_10_0_2071_20260912T001416.m	10	s	2071	0	-	1426	os
HH_10_8_160_20260912T001423.m	10	h	160	8	-	876	os
SH_10_0_2071_20260912T001425.m	10	s	2071	0	-	1427	os
HH_10_8_160_20260912T001433.m	10	h	160	8	-	877	os
SH_10_2_577_20260912T001438.m	10	s	577	2	-	1428	os
HH_10_8_160_20260912T001447.m	10	h	160	8	-	878	os
SH_10_0_1007_20260912T001447.m	10	s	1007	0	-	1429	os
SH_10_0_2071_20260912T001457.m	10	s	2071	0	-	1430	os
HH_10_8_160_20260912T001459.m	10	h	160	8	-	879	os
SH_10_0_1007_20260912T001508.m	10	s	1007	0	-	1431	os
HH_10_6_134_20260912T001509.m	10	h	134	6	-	880	os
SH_10_0_2071_20260912T001521.m	10	s	2071	0	-	1432	os
HH_10_6_106_20260912T001526.m	10	h	106	6	-	881	os
SH_10_2_289_20260912T001529.m	10	s	289	2	-	1433	os
HH_10_6_134_20260912T001539.m	10	h	134	6	-	882	os
SH_10_2_577_20260912T001551.m	10	s	577	2	-	1434	os
HH_10_6_134_20260912T001555.m	10	h	134	6	-	883	os
SH_10_2_577_20260912T001558.m	10	s	577	2	-	1435	os
HH_10_6_134_20260912T001606.m	10	h	134	6	-	884	os
SH_10_0_2071_20260912T001608.m	10	s	2071	0	-	1436	os
HH_10_8_160_20260912T001617.m	10	h	160	8	-	885	os
SH_10_0_349_20260912T001618.m	10	s	349	0	-	1437	os
HH_10_6_134_20260912T001628.m	10	h	134	6	-	886	os
SH_10_0_1007_20260912T001629.m	10	s	1007	0	-	1438	os
HH_10_8_160_20260912T001638.m	10	h	160	8	-	887	os
SH_10_0_99_20260912T001639.m	10	s	99	0	-	1439	os
HH_10_6_134_20260912T001650.m	10	h	134	6	-	888	os
SH_10_0_2071_20260912T001650.m	10	s	2071	0	-	1440	os
HH_10_8_160_20260912T001701.m	10	h	160	8	-	889	os
SH_10_0_2071_20260912T001702.m	10	s	2071	0	-	1441	os
SH_10_0_11_20260912T001715.m	10	s	11	0	-	1442	os
HH_10_8_160_20260912T001722.m	10	h	160	8	-	890	os
SH_10_0_2071_20260912T001724.m	10	s	2071	0	-	1443	os
HH_10_8_160_20260912T001732.m	10	h	160	8	-	891	os
SH_10_2_577_20260912T001736.m	10	s	577	2	-	1444	os
HH_10_6_134_20260912T001744.m	10	h	134	6	-	892	os
SH_10_2_577_20260912T001747.m	10	s	577	2	-	1445	os
SH_10_0_5_20260912T001802.m	10	s	5	0	5	1446	os
HH_10_8_160_20260912T001808.m	10	h	160	8	-	893	os
SH_10_0_251_20260912T001814.m	10	s	251	0	-	1447	os
HH_10_6_134_20260912T001819.m	10	h	134	6	-	894	os
SH_10_0_2071_20260912T001824.m	10	s	2071	0	-	1448	os
SH_10_0_1007_20260912T001837.m	10	s	1007	0	-	1449	os
HH_10_8_160_20260912T001840.m	10	h	160	8	-	895	os
SH_10_0_2071_20260912T001847.m	10	s	2071	0	-	1450	os
HH_10_8_160_20260912T001849.m	10	h	160	8	-	896	os
SH_10_0_134_20260912T001858.m	10	s	134	0	-	1451	os
HH_10_6_134_20260912T001900.m	10	h	134	6	-	897	os
SH_10_0_1007_20260912T001908.m	10	s	1007	0	-	1452	os
HH_10_8_160_20260912T001911.m	10	h	160	8	-	898	os
SH_10_0_271_20260912T001919.m	10	s	271	0	-	1453	os
HH_10_8_160_20260912T001922.m	10	h	160	8	-	899	os
SH_10_0_2071_20260912T001930.m	10	s	2071	0	-	1454	os
HH_10_8_160_20260912T001933.m	10	h	160	8	-	900	os
SH_10_0_2071_20260912T001940.m	10	s	2071	0	-	1455	os
HH_10_8_160_20260912T001944.m	10	h	160	8	-	901	os
SH_10_0_349_20260912T001954.m	10	s	349	0	-	1456	os
HH_10_6_134_20260912T001956.m	10	h	134	6	-	902	os
SH_10_0_2071_20260912T002003.m	10	s	2071	0	-	1457	os
HH_10_8_160_20260912T002006.m	10	h	160	8	-	903	os
SH_10_0_533_20260912T002016.m	10	s	533	0	-	1458	os
SH_10_0_2071_20260912T002031.m	10	s	2071	0	-	1459	os
HH_10_8_160_20260912T002038.m	10	h	160	8	-	904	os
SH_10_0_1007_20260912T002041.m	10	s	1007	0	-	1460	os
HH_10_6_134_20260912T002048.m	10	h	134	6	-	905	os
SH_10_0_1007_20260912T002050.m	10	s	1007	0	-	1461	os
HH_10_8_160_20260912T002101.m	10	h	160	8	-	906	os
SH_10_0_349_20260912T002103.m	10	s	349	0	-	1462	os
HH_10_6_134_20260912T002112.m	10	h	134	6	-	907	os
SH_10_0_1071_20260912T002114.m	10	s	1071	0	-	1463	os
SH_10_2_577_20260912T002128.m	10	s	577	2	-	1464	os
HH_10_6_134_20260912T002133.m	10	h	134	6	-	908	os
SH_10_0_2071_20260912T002138.m	10	s	2071	0	-	1465	os
SH_10_0_143_20260912T002147.m	10	s	143	0	-	1466	os
HH_10_6_134_20260912T002150.m	10	h	134	6	-	909	os
SH_10_2_577_20260912T002200.m	10	s	577	2	-	1467	os
SH_10_4_220_20260912T002211.m	10	s	220	4	-	1468	os
HH_10_6_134_20260912T002212.m	10	h	134	6	-	910	os
SH_10_0_2071_20260912T002223.m	10	s	2071	0	-	1469	os
HH_10_6_134_20260912T002234.m	10	h	134	6	-	911	os
SH_10_0_349_20260912T002234.m	10	s	349	0	-	1470	os
HH_10_8_160_20260912T002244.m	10	h	160	8	-	912	os
SH_10_0_134_20260912T002246.m	10	s	134	0	-	1471	os
HH_10_6_134_20260912T002256.m	10	h	134	6	-	913	os
SH_10_0_349_20260912T002257.m	10	s	349	0	-	1472	os
HH_10_6_134_20260912T002306.m	10	h	134	6	-	914	os
SH_10_0_9_20260912T002307.m	10	s	9	0	-	1473	os
SH_10_0_2071_20260912T002319.m	10	s	2071	0	-	1474	os
HH_10_8_160_20260912T002325.m	10	h	160	8	-	915	os
SH_10_0_527_20260912T002330.m	10	s	527	0	-	1475	os
HH_10_8_160_20260912T002336.m	10	h	160	8	-	916	os
SH_10_4_490_20260912T002341.m	10	s	490	4	-	1476	os
HH_10_8_160_20260912T002347.m	10	h	160	8	-	917	os
SH_10_0_349_20260912T002352.m	10	s	349	0	-	1477	os
HH_10_8_160_20260912T002358.m	10	h	160	8	-	918	os
SH_10_0_2071_20260912T002403.m	10	s	2071	0	-	1478	os
HH_10_8_160_20260912T002408.m	10	h	160	8	-	919	os
SH_10_0_500_20260912T002415.m	10	s	500	0	-	1479	os
HH_10_6_134_20260912T002419.m	10	h	134	6	-	920	os
SH_10_0_2071_20260912T002426.m	10	s	2071	0	-	1480	os
SH_10_0_349_20260912T002437.m	10	s	349	0	-	1481	os
HH_10_12_1002_20260912T002439.m	10	h	1002	12	-	921	os
SH_10_0_349_20260912T002448.m	10	s	349	0	-	1482	os
HH_10_8_160_20260912T002451.m	10	h	160	8	-	922	os
SH_10_0_1007_20260912T002501.m	10	s	1007	0	-	1483	os
HH_10_6_134_20260912T002503.m	10	h	134	6	-	923	os
SH_10_0_283_20260912T002514.m	10	s	283	0	-	1484	os
HH_10_8_160_20260912T002519.m	10	h	160	8	-	924	os
SH_10_0_143_20260912T002523.m	10	s	143	0	-	1485	os
SH_10_0_349_20260912T002535.m	10	s	349	0	-	1486	os
HH_10_8_160_20260912T002539.m	10	h	160	8	-	925	os
SH_10_0_2071_20260912T002546.m	10	s	2071	0	-	1487	os
SH_10_2_577_20260912T002600.m	10	s	577	2	-	1488	os
HH_10_6_134_20260912T002606.m	10	h	134	6	-	926	os
SH_10_0_2071_20260912T002610.m	10	s	2071	0	-	1489	os
SH_10_4_490_20260912T002622.m	10	s	490	4	-	1490	os
HH_10_8_160_20260912T002632.m	10	h	160	8	-	927	os
SH_10_0_2071_20260912T002633.m	10	s	2071	0	-	1491	os
SH_10_0_349_20260912T002644.m	10	s	349	0	-	1492	os
HH_10_6_134_20260912T002645.m	10	h	134	6	-	928	os
SH_10_0_967_20260912T002656.m	10	s	967	0	-	1493	os
HH_10_6_134_20260912T002657.m	10	h	134	6	-	929	os
SH_10_0_2071_20260912T002707.m	10	s	2071	0	-	1494	os
HH_10_6_106_20260912T002708.m	10	h	106	6	-	930	os
SH_10_0_2071_20260912T002721.m	10	s	2071	0	-	1495	os
SH_10_0_349_20260912T002737.m	10	s	349	0	-	1496	os
SH_10_0_527_20260912T002751.m	10	s	527	0	-	1497	os
HH_10_6_134_20260912T002755.m	10	h	134	6	-	931	os
SH_10_0_349_20260912T002802.m	10	s	349	0	-	1498	os
HH_10_6_134_20260912T002807.m	10	h	134	6	-	932	os
SH_10_0_1007_20260912T002813.m	10	s	1007	0	-	1499	os
HH_10_8_160_20260912T002819.m	10	h	160	8	-	933	os
SH_10_0_349_20260912T002824.m	10	s	349	0	-	1500	os
HH_10_8_160_20260912T002831.m	10	h	160	8	-	934	os
SH_10_0_349_20260912T002835.m	10	s	349	0	-	1501	os
HH_10_6_134_20260912T002841.m	10	h	134	6	-	935	os
SH_10_0_143_20260912T002846.m	10	s	143	0	-	1502	os
SH_10_2_577_20260912T002858.m	10	s	577	2	-	1503	os
HH_10_6_134_20260912T002901.m	10	h	134	6	-	936	os
SH_10_2_577_20260912T002910.m	10	s	577	2	-	1504	os
SH_10_0_2071_20260912T002924.m	10	s	2071	0	-	1505	os
SH_10_0_1007_20260912T002938.m	10	s	1007	0	-	1506	os
HH_10_8_160_20260912T002943.m	10	h	160	8	-	937	os
SH_10_0_1007_20260912T002948.m	10	s	1007	0	-	1507	os
HH_10_12_1002_20260912T002954.m	10	h	1002	12	-	938	os
SH_10_0_499_20260912T002958.m	10	s	499	0	-	1508	os
HH_10_8_160_20260912T003003.m	10	h	160	8	-	939	os
SH_10_0_967_20260912T003009.m	10	s	967	0	-	1509	os
HH_10_6_134_20260912T003016.m	10	h	134	6	-	940	os
SH_10_0_349_20260912T003021.m	10	s	349	0	-	1510	os
SH_10_0_349_20260912T003035.m	10	s	349	0	-	1511	os
SH_10_0_349_20260912T003049.m	10	s	349	0	-	1512	os
HH_10_8_160_20260912T003050.m	10	h	160	8	-	941	os
SH_10_0_2071_20260912T003101.m	10	s	2071	0	-	1513	os
HH_10_8_160_20260912T003102.m	10	h	160	8	-	942	os
SH_10_0_527_20260912T003112.m	10	s	527	0	-	1514	os
SH_10_0_499_20260912T003124.m	10	s	499	0	-	1515	os
HH_10_6_134_20260912T003127.m	10	h	134	6	-	943	os
SH_10_0_2071_20260912T003135.m	10	s	2071	0	-	1516	os
HH_10_8_160_20260912T003138.m	10	h	160	8	-	944	os
SH_10_0_2071_20260912T003145.m	10	s	2071	0	-	1517	os
HH_10_8_160_20260912T003149.m	10	h	160	8	-	945	os
SH_10_0_1007_20260912T003156.m	10	s	1007	0	-	1518	os
HH_10_8_160_20260912T003200.m	10	h	160	8	-	946	os
SH_10_0_349_20260912T003207.m	10	s	349	0	-	1519	os
HH_10_6_134_20260912T003211.m	10	h	134	6	-	947	os
SH_10_0_2071_20260912T003218.m	10	s	2071	0	-	1520	os
HH_10_6_134_20260912T003222.m	10	h	134	6	-	948	os
SH_10_2_577_20260912T003230.m	10	s	577	2	-	1521	os
HH_10_8_160_20260912T003234.m	10	h	160	8	-	949	os
SH_10_0_134_20260912T003242.m	10	s	134	0	-	1522	os
HH_10_12_1002_20260912T003246.m	10	h	1002	12	-	950	os
SH_10_0_1007_20260912T003253.m	10	s	1007	0	-	1523	os
SH_10_0_9_20260912T003305.m	10	s	9	0	-	1524	os
HH_10_8_160_20260912T003306.m	10	h	160	8	-	951	os
SH_10_0_2071_20260912T003317.m	10	s	2071	0	-	1525	os
HH_10_6_134_20260912T003318.m	10	h	134	6	-	952	os
SH_10_0_1071_20260912T003327.m	10	s	1071	0	-	1526	os
HH_10_8_160_20260912T003328.m	10	h	160	8	-	953	os
SH_10_4_490_20260912T003339.m	10	s	490	4	-	1527	os
HH_10_8_160_20260912T003344.m	10	h	160	8	-	954	os
SH_10_0_2071_20260912T003348.m	10	s	2071	0	-	1528	os
HH_10_12_1002_20260912T003355.m	10	h	1002	12	-	955	os
SH_10_2_577_20260912T003400.m	10	s	577	2	-	1529	os
SH_10_0_134_20260912T003410.m	10	s	134	0	-	1530	os
HH_10_8_160_20260912T003412.m	10	h	160	8	-	956	os
SH_10_0_175_20260912T003420.m	10	s	175	0	-	1531	os
HH_10_8_160_20260912T003423.m	10	h	160	8	-	957	os
SH_10_0_349_20260912T003431.m	10	s	349	0	-	1532	os
HH_10_6_134_20260912T003433.m	10	h	134	6	-	958	os
SH_10_0_533_20260912T003441.m	10	s	533	0	-	1533	os
SH_10_2_577_20260912T003456.m	10	s	577	2	-	1534	os
HH_10_6_134_20260912T003503.m	10	h	134	6	-	959	os
SH_10_0_2071_20260912T003505.m	10	s	2071	0	-	1535	os
SH_10_0_283_20260912T003518.m	10	s	283	0	-	1536	os
HH_10_8_160_20260912T003522.m	10	h	160	8	-	960	os
SH_10_0_349_20260912T003529.m	10	s	349	0	-	1537	os
SH_10_2_577_20260912T003540.m	10	s	577	2	-	1538	os
HH_10_8_160_20260912T003541.m	10	h	160	8	-	961	os
SH_10_0_2071_20260912T003551.m	10	s	2071	0	-	1539	os
HH_10_6_134_20260912T003554.m	10	h	134	6	-	962	os
SH_10_0_2071_20260912T003605.m	10	s	2071	0	-	1540	os
HH_10_8_160_20260912T003615.m	10	h	160	8	-	963	os
SH_10_4_220_20260912T003616.m	10	s	220	4	-	1541	os
HH_10_8_160_20260912T003627.m	10	h	160	8	-	964	os
SH_10_4_220_20260912T003627.m	10	s	220	4	-	1542	os
SH_10_0_1071_20260912T003636.m	10	s	1071	0	-	1543	os
HH_10_6_106_20260912T003637.m	10	h	106	6	-	965	os
HH_10_6_134_20260912T003648.m	10	h	134	6	-	966	os
SH_10_0_134_20260912T003648.m	10	s	134	0	-	1544	os
SH_10_0_527_20260912T003701.m	10	s	527	0	-	1545	os
SH_10_0_134_20260912T003714.m	10	s	134	0	-	1546	os
HH_10_6_134_20260912T003719.m	10	h	134	6	-	967	os
SH_10_0_1007_20260912T003723.m	10	s	1007	0	-	1547	os
HH_10_6_134_20260912T003732.m	10	h	134	6	-	968	os
SH_10_0_349_20260912T003735.m	10	s	349	0	-	1548	os
HH_10_6_134_20260912T003743.m	10	h	134	6	-	969	os
SH_10_0_1007_20260912T003747.m	10	s	1007	0	-	1549	os
HH_10_8_160_20260912T003754.m	10	h	160	8	-	970	os
SH_10_0_349_20260912T003757.m	10	s	349	0	-	1550	os
HH_10_6_134_20260912T003805.m	10	h	134	6	-	971	os
SH_10_0_1007_20260912T003807.m	10	s	1007	0	-	1551	os
SH_10_2_577_20260912T003820.m	10	s	577	2	-	1552	os
HH_10_8_160_20260912T003828.m	10	h	160	8	-	972	os
SH_10_0_1007_20260912T003830.m	10	s	1007	0	-	1553	os
HH_10_12_1002_20260912T003841.m	10	h	1002	12	-	973	os
SH_10_0_143_20260912T003844.m	10	s	143	0	-	1554	os
HH_10_8_160_20260912T003857.m	10	h	160	8	-	974	os
SH_10_0_1007_20260912T003902.m	10	s	1007	0	-	1555	os
HH_10_6_134_20260912T003915.m	10	h	134	6	-	975	os
SH_10_0_500_20260912T003920.m	10	s	500	0	-	1556	os
SH_10_0_1007_20260912T003937.m	10	s	1007	0	-	1557	os
HH_10_8_160_20260912T003950.m	10	h	160	8	-	976	os
SH_10_0_349_20260912T003955.m	10	s	349	0	-	1558	os
SH_10_0_2071_20260912T004013.m	10	s	2071	0	-	1559	os
HH_10_12_1002_20260912T004020.m	10	h	1002	12	-	977	os
SH_10_0_2071_20260912T004031.m	10	s	2071	0	-	1560	os
HH_10_8_160_20260912T004038.m	10	h	160	8	-	978	os
SH_10_0_2071_20260912T004048.m	10	s	2071	0	-	1561	os
HH_10_8_160_20260912T004058.m	10	h	160	8	-	979	os
SH_10_4_490_20260912T004107.m	10	s	490	4	-	1562	os
SH_10_0_1007_20260912T004127.m	10	s	1007	0	-	1563	os
HH_10_8_160_20260912T004135.m	10	h	160	8	-	980	os
SH_10_2_577_20260912T004147.m	10	s	577	2	-	1564	os
HH_10_6_106_20260912T004203.m	10	h	106	6	-	981	os
SH_10_2_577_20260912T004204.m	10	s	577	2	-	1565	os
SH_10_0_1007_20260912T004222.m	10	s	1007	0	-	1566	os
SH_10_0_134_20260912T004240.m	10	s	134	0	-	1567	os
HH_10_8_160_20260912T004243.m	10	h	160	8	-	982	os
SH_10_0_349_20260912T004300.m	10	s	349	0	-	1568	os
HH_10_8_160_20260912T004303.m	10	h	160	8	-	983	os
HH_10_6_134_20260912T004319.m	10	h	134	6	-	984	os
SH_10_0_1007_20260912T004319.m	10	s	1007	0	-	1569	os
HH_10_8_160_20260912T004337.m	10	h	160	8	-	985	os
SH_10_0_2071_20260912T004338.m	10	s	2071	0	-	1570	os
HH_10_8_160_20260912T004354.m	10	h	160	8	-	986	os
SH_10_0_349_20260912T004354.m	10	s	349	0	-	1571	os
HH_10_8_160_20260912T004411.m	10	h	160	8	-	987	os
SH_10_0_349_20260912T004413.m	10	s	349	0	-	1572	os
SH_10_0_1007_20260912T004436.m	10	s	1007	0	-	1573	os
HH_10_8_160_20260912T004451.m	10	h	160	8	-	988	os
SH_10_0_2071_20260912T004457.m	10	s	2071	0	-	1574	os
HH_10_8_160_20260912T004516.m	10	h	160	8	-	989	os
SH_10_0_2071_20260912T004521.m	10	s	2071	0	-	1575	os
HH_10_8_160_20260912T004538.m	10	h	160	8	-	990	os
SH_10_2_577_20260912T004544.m	10	s	577	2	-	1576	os
HH_10_6_134_20260912T004559.m	10	h	134	6	-	991	os
SH_10_0_293_20260912T004603.m	10	s	293	0	-	1577	os
HH_10_6_134_20260912T004617.m	10	h	134	6	-	992	os
SH_10_0_2071_20260912T004618.m	10	s	2071	0	-	1578	os
SH_10_0_2071_20260912T004634.m	10	s	2071	0	-	1579	os
SH_10_0_2071_20260912T004656.m	10	s	2071	0	-	1580	os
SH_10_2_577_20260912T004720.m	10	s	577	2	-	1581	os
SH_10_0_2071_20260912T004743.m	10	s	2071	0	-	1582	os
HH_10_8_160_20260912T004756.m	10	h	160	8	-	993	os
SH_10_0_1007_20260912T004803.m	10	s	1007	0	-	1583	os
HH_10_6_134_20260912T004820.m	10	h	134	6	-	994	os
SH_10_0_1007_20260912T004824.m	10	s	1007	0	-	1584	os
HH_10_12_1002_20260912T004839.m	10	h	1002	12	-	995	os
SH_10_0_349_20260912T004842.m	10	s	349	0	-	1585	os
HH_10_8_160_20260912T004858.m	10	h	160	8	-	996	os
SH_10_4_490_20260912T004859.m	10	s	490	4	-	1586	os
SH_10_0_349_20260912T004919.m	10	s	349	0	-	1587	os
HH_10_4_108_20260912T004928.m	10	h	108	4	-	997	os
SH_10_0_349_20260912T004934.m	10	s	349	0	-	1588	os
HH_10_6_134_20260912T004949.m	10	h	134	6	-	998	os
SH_10_0_2071_20260912T004949.m	10	s	2071	0	-	1589	os
HH_10_6_134_20260912T005005.m	10	h	134	6	-	999	os
SH_10_0_2071_20260912T005006.m	10	s	2071	0	-	1590	os
HH_10_6_134_20260912T005029.m	10	h	134	6	-	1000	os
SH_10_0_1007_20260912T005029.m	10	s	1007	0	-	1591	os
SH_10_0_134_20260912T005055.m	10	s	134	0	-	1592	os
SH_10_2_577_20260912T005117.m	10	s	577	2	-	1593	os
HH_10_8_160_20260912T005129.m	10	h	160	8	-	1001	os
SH_10_0_2071_20260912T005139.m	10	s	2071	0	-	1594	os
HH_10_6_134_20260912T005151.m	10	h	134	6	-	1002	os
SH_10_0_1007_20260912T005203.m	10	s	1007	0	-	1595	os
HH_10_6_106_20260912T005214.m	10	h	106	6	-	1003	os
SH_10_0_2071_20260912T005225.m	10	s	2071	0	-	1596	os
HH_10_8_160_20260912T005235.m	10	h	160	8	-	1004	os
SH_10_0_533_20260912T005248.m	10	s	533	0	-	1597	os
SH_10_0_2071_20260912T005313.m	10	s	2071	0	-	1598	os
HH_10_6_130_20260912T005326.m	10	h	130	6	-	1005	os
SH_10_0_2071_20260912T005334.m	10	s	2071	0	-	1599	os
SH_10_2_577_20260912T005359.m	10	s	577	2	-	1600	os
HH_10_6_134_20260912T005420.m	10	h	134	6	-	1006	os
SH_10_0_134_20260912T005420.m	10	s	134	0	-	1601	os
SH_10_2_577_20260912T005445.m	10	s	577	2	-	1602	os
HH_10_8_160_20260912T005506.m	10	h	160	8	-	1007	os
SH_10_0_2071_20260912T005507.m	10	s	2071	0	-	1603	os
HH_10_8_160_20260912T005529.m	10	h	160	8	-	1008	os
SH_10_0_2071_20260912T005530.m	10	s	2071	0	-	1604	os
SH_10_0_349_20260912T005558.m	10	s	349	0	-	1605	os
SH_10_2_577_20260912T005621.m	10	s	577	2	-	1606	os
HH_10_8_160_20260912T005630.m	10	h	160	8	-	1009	os
SH_10_0_500_20260912T005644.m	10	s	500	0	-	1607	os
SH_10_0_349_20260912T005705.m	10	s	349	0	-	1608	os
HH_10_8_160_20260912T005706.m	10	h	160	8	-	1010	os
SH_10_0_1007_20260912T005725.m	10	s	1007	0	-	1609	os
HH_10_6_134_20260912T005726.m	10	h	134	6	-	1011	os
SH_10_2_577_20260912T005747.m	10	s	577	2	-	1610	os
HH_10_8_160_20260912T005748.m	10	h	160	8	-	1012	os
SH_10_0_283_20260912T005810.m	10	s	283	0	-	1611	os
HH_10_6_134_20260912T005812.m	10	h	134	6	-	1013	os
SH_10_0_2071_20260912T005835.m	10	s	2071	0	-	1612	os
HH_10_8_160_20260912T005851.m	10	h	160	8	-	1014	os
SH_10_2_577_20260912T005855.m	10	s	577	2	-	1613	os
HH_10_6_134_20260912T005913.m	10	h	134	6	-	1015	os
SH_10_2_577_20260912T005917.m	10	s	577	2	-	1614	os
SH_10_0_2071_20260912T005940.m	10	s	2071	0	-	1615	os
SH_10_4_490_20260912T010004.m	10	s	490	4	-	1616	os
SH_10_0_1007_20260912T010028.m	10	s	1007	0	-	1617	os
HH_10_8_160_20260912T010046.m	10	h	160	8	-	1016	os
SH_10_0_2071_20260912T010051.m	10	s	2071	0	-	1618	os
HH_10_6_134_20260912T010109.m	10	h	134	6	-	1017	os
SH_10_0_2071_20260912T010112.m	10	s	2071	0	-	1619	os
SH_10_0_2071_20260912T010137.m	10	s	2071	0	-	1620	os
HH_10_6_134_20260912T010156.m	10	h	134	6	-	1018	os
SH_10_0_2071_20260912T010159.m	10	s	2071	0	-	1621	os
HH_10_6_134_20260912T010218.m	10	h	134	6	-	1019	os
SH_10_2_577_20260912T010223.m	10	s	577	2	-	1622	os
SH_10_0_2071_20260912T010245.m	10	s	2071	0	-	1623	os
SH_10_0_2071_20260912T010307.m	10	s	2071	0	-	1624	os
HH_10_6_134_20260912T010309.m	10	h	134	6	-	1020	os
SH_10_0_349_20260912T010331.m	10	s	349	0	-	1625	os
SH_10_0_2071_20260912T010354.m	10	s	2071	0	-	1626	os
HH_10_8_160_20260912T010412.m	10	h	160	8	-	1021	os
SH_10_0_1007_20260912T010413.m	10	s	1007	0	-	1627	os
HH_10_6_134_20260912T010434.m	10	h	134	6	-	1022	os
SH_10_2_577_20260912T010434.m	10	s	577	2	-	1628	os
SH_10_0_1007_20260912T010459.m	10	s	1007	0	-	1629	os
SH_10_0_1007_20260912T010522.m	10	s	1007	0	-	1630	os
SH_10_0_2071_20260912T010542.m	10	s	2071	0	-	1631	os
HH_10_4_108_20260912T010547.m	10	h	108	4	-	1023	os
SH_10_0_1071_20260912T010603.m	10	s	1071	0	-	1632	os
HH_10_8_160_20260912T010612.m	10	h	160	8	-	1024	os
SH_10_0_134_20260912T010626.m	10	s	134	0	-	1633	os
HH_10_8_160_20260912T010635.m	10	h	160	8	-	1025	os
SH_10_2_577_20260912T010649.m	10	s	577	2	-	1634	os
HH_10_12_1002_20260912T010659.m	10	h	1002	12	-	1026	os
SH_10_0_1071_20260912T010711.m	10	s	1071	0	-	1635	os
SH_10_2_577_20260912T010737.m	10	s	577	2	-	1636	os
HH_10_8_160_20260912T010755.m	10	h	160	8	-	1027	os
SH_10_0_2071_20260912T010759.m	10	s	2071	0	-	1637	os
HH_10_6_134_20260912T010819.m	10	h	134	6	-	1028	os
SH_10_0_1007_20260912T010823.m	10	s	1007	0	-	1638	os
HH_10_8_160_20260912T010846.m	10	h	160	8	-	1029	os
SH_10_0_1071_20260912T010917.m	10	s	1071	0	-	1639	os
HH_10_6_134_20260912T010937.m	10	h	134	6	-	1030	os
SH_10_0_1007_20260912T010943.m	10	s	1007	0	-	1640	os
SH_10_0_143_20260912T011009.m	10	s	143	0	-	1641	os
HH_10_8_160_20260912T011021.m	10	h	160	8	-	1031	os
SH_10_0_2071_20260912T011028.m	10	s	2071	0	-	1642	os
HH_10_8_160_20260912T011040.m	10	h	160	8	-	1032	os
SH_10_0_2071_20260912T011049.m	10	s	2071	0	-	1643	os
SH_10_0_9_20260912T011106.m	10	s	9	0	-	1644	os
HH_10_8_160_20260912T011110.m	10	h	160	8	-	1033	os
SH_10_0_527_20260912T011129.m	10	s	527	0	-	1645	os
SH_10_2_577_20260912T011153.m	10	s	577	2	-	1646	os
SH_10_0_499_20260912T011216.m	10	s	499	0	-	1647	os
SH_10_2_577_20260912T011238.m	10	s	577	2	-	1648	os
HH_10_8_160_20260912T011242.m	10	h	160	8	-	1034	os
SH_10_0_349_20260912T011254.m	10	s	349	0	-	1649	os
HH_10_8_160_20260912T011259.m	10	h	160	8	-	1035	os
SH_10_0_349_20260912T011312.m	10	s	349	0	-	1650	os
HH_10_6_134_20260912T011318.m	10	h	134	6	-	1036	os
SH_10_2_577_20260912T011331.m	10	s	577	2	-	1651	os
HH_10_4_108_20260912T011337.m	10	h	108	4	-	1037	os
SH_10_0_967_20260912T011348.m	10	s	967	0	-	1652	os
HH_10_6_134_20260912T011359.m	10	h	134	6	-	1038	os
SH_10_2_577_20260912T011404.m	10	s	577	2	-	1653	os
SH_10_0_1007_20260912T011424.m	10	s	1007	0	-	1654	os
HH_10_8_160_20260912T011432.m	10	h	160	8	-	1039	os
SH_10_0_2071_20260912T011444.m	10	s	2071	0	-	1655	os
HH_10_6_134_20260912T011451.m	10	h	134	6	-	1040	os
SH_10_0_349_20260912T011502.m	10	s	349	0	-	1656	os
SH_10_2_577_20260912T011520.m	10	s	577	2	-	1657	os
HH_10_8_160_20260912T011523.m	10	h	160	8	-	1041	os
SH_10_0_349_20260912T011531.m	10	s	349	0	-	1658	os
SH_10_0_349_20260912T011545.m	10	s	349	0	-	1659	os
HH_10_8_160_20260912T011557.m	10	h	160	8	-	1042	os
SH_10_0_283_20260912T011558.m	10	s	283	0	-	1660	os
HH_10_8_160_20260912T011609.m	10	h	160	8	-	1043	os
SH_10_2_577_20260912T011611.m	10	s	577	2	-	1661	os
HH_10_12_1002_20260912T011621.m	10	h	1002	12	-	1044	os
SH_10_0_2071_20260912T011623.m	10	s	2071	0	-	1662	os
HH_10_6_106_20260912T011634.m	10	h	106	6	-	1045	os
HH_10_12_1002_20260912T011643.m	10	h	1002	12	-	1046	os
SH_10_0_1007_20260912T011643.m	10	s	1007	0	-	1663	os
SH_10_0_2071_20260912T011657.m	10	s	2071	0	-	1664	os
SH_10_0_1007_20260912T011710.m	10	s	1007	0	-	1665	os
HH_10_8_160_20260912T011712.m	10	h	160	8	-	1047	os
SH_10_2_577_20260912T011720.m	10	s	577	2	-	1666	os
SH_10_0_500_20260912T011733.m	10	s	500	0	-	1667	os
SH_10_0_283_20260912T011745.m	10	s	283	0	-	1668	os
HH_10_8_160_20260912T011749.m	10	h	160	8	-	1048	os
SH_10_0_1071_20260912T011755.m	10	s	1071	0	-	1669	os
SH_10_0_1007_20260912T011806.m	10	s	1007	0	-	1670	os
HH_10_6_134_20260912T011809.m	10	h	134	6	-	1049	os
SH_10_2_577_20260912T011816.m	10	s	577	2	-	1671	os
HH_10_8_160_20260912T011822.m	10	h	160	8	-	1050	os
SH_10_0_349_20260912T011824.m	10	s	349	0	-	1672	os
HH_10_6_134_20260912T011831.m	10	h	134	6	-	1051	os
SH_10_0_2071_20260912T011834.m	10	s	2071	0	-	1673	os
SH_10_0_134_20260912T011846.m	10	s	134	0	-	1674	os
HH_10_8_160_20260912T011853.m	10	h	160	8	-	1052	os
SH_10_0_2071_20260912T011856.m	10	s	2071	0	-	1675	os
HH_10_6_134_20260912T011905.m	10	h	134	6	-	1053	os
SH_10_0_143_20260912T011917.m	10	s	143	0	-	1676	os
HH_10_8_160_20260912T011921.m	10	h	160	8	-	1054	os
SH_10_0_2071_20260912T011927.m	10	s	2071	0	-	1677	os
HH_10_6_134_20260912T011932.m	10	h	134	6	-	1055	os
SH_10_0_175_20260912T011938.m	10	s	175	0	-	1678	os
HH_10_8_160_20260912T011942.m	10	h	160	8	-	1056	os
SH_10_2_577_20260912T011947.m	10	s	577	2	-	1679	os
HH_10_6_134_20260912T011951.m	10	h	134	6	-	1057	os
SH_10_0_99_20260912T011955.m	10	s	99	0	-	1680	os
HH_10_8_160_20260912T012000.m	10	h	160	8	-	1058	os
SH_10_0_349_20260912T012005.m	10	s	349	0	-	1681	os
HH_10_6_134_20260912T012009.m	10	h	134	6	-	1059	os
SH_10_0_2071_20260912T012016.m	10	s	2071	0	-	1682	os
HH_10_8_160_20260912T012023.m	10	h	160	8	-	1060	os
SH_10_0_2071_20260912T012023.m	10	s	2071	0	-	1683	os
SH_10_0_2071_20260912T012034.m	10	s	2071	0	-	1684	os
HH_10_6_134_20260912T012037.m	10	h	134	6	-	1061	os
SH_10_0_349_20260912T012043.m	10	s	349	0	-	1685	os
HH_10_12_1002_20260912T012047.m	10	h	1002	12	-	1062	os
SH_10_2_577_20260912T012054.m	10	s	577	2	-	1686	os
HH_10_6_134_20260912T012056.m	10	h	134	6	-	1063	os
SH_10_0_134_20260912T012105.m	10	s	134	0	-	1687	os
SH_10_0_2071_20260912T012118.m	10	s	2071	0	-	1688	os
HH_10_8_160_20260912T012124.m	10	h	160	8	-	1064	os
SH_10_0_1071_20260912T012125.m	10	s	1071	0	-	1689	os
HH_10_8_160_20260912T012134.m	10	h	160	8	-	1065	os
SH_10_0_2071_20260912T012135.m	10	s	2071	0	-	1690	os
HH_10_8_160_20260912T012145.m	10	h	160	8	-	1066	os
SH_10_0_143_20260912T012145.m	10	s	143	0	-	1691	os
SH_10_0_1007_20260912T012156.m	10	s	1007	0	-	1692	os
HH_10_8_160_20260912T012157.m	10	h	160	8	-	1067	os
SH_10_0_134_20260912T012207.m	10	s	134	0	-	1693	os
HH_10_6_134_20260912T012208.m	10	h	134	6	-	1068	os
SH_10_0_967_20260912T012218.m	10	s	967	0	-	1694	os
HH_10_6_134_20260912T012219.m	10	h	134	6	-	1069	os
SH_10_0_1007_20260912T012229.m	10	s	1007	0	-	1695	os
HH_10_6_134_20260912T012230.m	10	h	134	6	-	1070	os
SH_10_0_349_20260912T012241.m	10	s	349	0	-	1696	os
HH_10_8_160_20260912T012246.m	10	h	160	8	-	1071	os
SH_10_0_349_20260912T012249.m	10	s	349	0	-	1697	os
HH_10_8_160_20260912T012256.m	10	h	160	8	-	1072	os
SH_10_0_349_20260912T012259.m	10	s	349	0	-	1698	os
HH_10_6_134_20260912T012307.m	10	h	134	6	-	1073	os
SH_10_0_1071_20260912T012311.m	10	s	1071	0	-	1699	os
HH_10_8_160_20260912T012317.m	10	h	160	8	-	1074	os
SH_10_0_2071_20260912T012320.m	10	s	2071	0	-	1700	os
HH_10_8_160_20260912T012326.m	10	h	160	8	-	1075	os
SH_10_4_220_20260912T012329.m	10	s	220	4	-	1701	os
SH_10_0_2071_20260912T012341.m	10	s	2071	0	-	1702	os
SH_10_0_2071_20260912T012349.m	10	s	2071	0	-	1703	os
HH_10_6_134_20260912T012351.m	10	h	134	6	-	1076	os
SH_10_0_349_20260912T012401.m	10	s	349	0	-	1704	os
SH_10_0_1007_20260912T012414.m	10	s	1007	0	-	1705	os
SH_10_4_490_20260912T012427.m	10	s	490	4	-	1706	os
HH_10_6_134_20260912T012434.m	10	h	134	6	-	1077	os
SH_10_0_1071_20260912T012435.m	10	s	1071	0	-	1707	os
SH_10_0_251_20260912T012448.m	10	s	251	0	-	1708	os
HH_10_8_160_20260912T012453.m	10	h	160	8	-	1078	os
SH_10_0_349_20260912T012457.m	10	s	349	0	-	1709	os
HH_10_6_130_20260912T012503.m	10	h	130	6	-	1079	os
SH_10_0_134_20260912T012507.m	10	s	134	0	-	1710	os
HH_10_8_160_20260912T012513.m	10	h	160	8	-	1080	os
SH_10_0_2071_20260912T012518.m	10	s	2071	0	-	1711	os
HH_10_6_134_20260912T012524.m	10	h	134	6	-	1081	os
SH_10_4_220_20260912T012529.m	10	s	220	4	-	1712	os
HH_10_6_134_20260912T012534.m	10	h	134	6	-	1082	os
SH_10_0_134_20260912T012539.m	10	s	134	0	-	1713	os
HH_10_6_134_20260912T012544.m	10	h	134	6	-	1083	os
SH_10_2_577_20260912T012550.m	10	s	577	2	-	1714	os
SH_10_0_2071_20260912T012601.m	10	s	2071	0	-	1715	os
SH_10_0_2071_20260912T012613.m	10	s	2071	0	-	1716	os
HH_10_6_134_20260912T012618.m	10	h	134	6	-	1084	os
SH_10_2_577_20260912T012624.m	10	s	577	2	-	1717	os
SH_10_0_2071_20260912T012636.m	10	s	2071	0	-	1718	os
SH_10_0_349_20260912T012647.m	10	s	349	0	-	1719	os
HH_10_6_106_20260912T012648.m	10	h	106	6	-	1085	os
SH_10_0_2071_20260912T012657.m	10	s	2071	0	-	1720	os
HH_10_4_108_20260912T012702.m	10	h	108	4	-	1086	os
SH_10_0_349_20260912T012704.m	10	s	349	0	-	1721	os
HH_10_4_108_20260912T012711.m	10	h	108	4	-	1087	os
SH_10_2_577_20260912T012713.m	10	s	577	2	-	1722	os
HH_10_8_160_20260912T012722.m	10	h	160	8	-	1088	os
SH_10_0_1071_20260912T012725.m	10	s	1071	0	-	1723	os
SH_10_0_349_20260912T012738.m	10	s	349	0	-	1724	os
SH_10_0_2071_20260912T012750.m	10	s	2071	0	-	1725	os
HH_10_6_134_20260912T012759.m	10	h	134	6	-	1089	os
SH_10_0_2071_20260912T012759.m	10	s	2071	0	-	1726	os
SH_10_0_527_20260912T012811.m	10	s	527	0	-	1727	os
HH_10_12_1002_20260912T012820.m	10	h	1002	12	-	1090	os
SH_10_0_1007_20260912T012822.m	10	s	1007	0	-	1728	os
HH_10_8_160_20260912T012830.m	10	h	160	8	-	1091	os
SH_10_0_1007_20260912T012833.m	10	s	1007	0	-	1729	os
HH_10_6_134_20260912T012842.m	10	h	134	6	-	1092	os
SH_10_0_1007_20260912T012846.m	10	s	1007	0	-	1730	os
HH_10_6_134_20260912T012852.m	10	h	134	6	-	1093	os
SH_10_0_9_20260912T012855.m	10	s	9	0	-	1731	os
HH_10_8_160_20260912T012901.m	10	h	160	8	-	1094	os
SH_10_0_283_20260912T012904.m	10	s	283	0	-	1732	os
HH_10_12_1002_20260912T012912.m	10	h	1002	12	-	1095	os
SH_10_0_1007_20260912T012915.m	10	s	1007	0	-	1733	os
HH_10_6_106_20260912T012922.m	10	h	106	6	-	1096	os
SH_10_0_2071_20260912T012925.m	10	s	2071	0	-	1734	os
SH_10_4_108_20260912T012936.m	10	s	108	4	-	1735	os
HH_10_8_160_20260912T012939.m	10	h	160	8	-	1097	os
SH_10_0_2071_20260912T012945.m	10	s	2071	0	-	1736	os
HH_10_8_160_20260912T012949.m	10	h	160	8	-	1098	os
SH_10_2_577_20260912T012956.m	10	s	577	2	-	1737	os
HH_10_8_160_20260912T013000.m	10	h	160	8	-	1099	os
SH_10_0_527_20260912T013007.m	10	s	527	0	-	1738	os
HH_10_6_134_20260912T013010.m	10	h	134	6	-	1100	os
SH_10_0_1071_20260912T013017.m	10	s	1071	0	-	1739	os
SH_10_0_2071_20260912T013028.m	10	s	2071	0	-	1740	os
HH_10_8_160_20260912T013029.m	10	h	160	8	-	1101	os
SH_10_0_9_20260912T013038.m	10	s	9	0	-	1741	os
HH_10_6_134_20260912T013039.m	10	h	134	6	-	1102	os
SH_10_2_577_20260912T013050.m	10	s	577	2	-	1742	os
HH_10_8_160_20260912T013051.m	10	h	160	8	-	1103	os
SH_10_2_577_20260912T013100.m	10	s	577	2	-	1743	os
HH_10_8_160_20260912T013101.m	10	h	160	8	-	1104	os
SH_10_0_2071_20260912T013110.m	10	s	2071	0	-	1744	os
HH_10_8_160_20260912T013112.m	10	h	160	8	-	1105	os
SH_10_0_2071_20260912T013119.m	10	s	2071	0	-	1745	os
HH_10_8_160_20260912T013123.m	10	h	160	8	-	1106	os
SH_10_2_577_20260912T013130.m	10	s	577	2	-	1746	os
HH_10_6_134_20260912T013133.m	10	h	134	6	-	1107	os
SH_10_4_490_20260912T013140.m	10	s	490	4	-	1747	os
HH_10_12_1002_20260912T013143.m	10	h	1002	12	-	1108	os
SH_10_0_967_20260912T013151.m	10	s	967	0	-	1748	os
HH_10_8_160_20260912T013153.m	10	h	160	8	-	1109	os
SH_10_0_2071_20260912T013200.m	10	s	2071	0	-	1749	os
HH_10_6_134_20260912T013204.m	10	h	134	6	-	1110	os
SH_10_0_1071_20260912T013212.m	10	s	1071	0	-	1750	os
HH_10_6_134_20260912T013225.m	10	h	134	6	-	1111	os
SH_10_0_2071_20260912T013225.m	10	s	2071	0	-	1751	os
SH_10_0_967_20260912T013236.m	10	s	967	0	-	1752	os
HH_10_4_108_20260912T013241.m	10	h	108	4	-	1112	os
SH_10_0_349_20260912T013245.m	10	s	349	0	-	1753	os
HH_10_6_134_20260912T013253.m	10	h	134	6	-	1113	os
SH_10_0_2071_20260912T013257.m	10	s	2071	0	-	1754	os
HH_10_6_134_20260912T013305.m	10	h	134	6	-	1114	os
SH_10_0_1007_20260912T013310.m	10	s	1007	0	-	1755	os
SH_10_0_175_20260912T013323.m	10	s	175	0	-	1756	os
HH_10_8_160_20260912T013328.m	10	h	160	8	-	1115	os
SH_10_0_99_20260912T013334.m	10	s	99	0	-	1757	os
HH_10_6_134_20260912T013338.m	10	h	134	6	-	1116	os
SH_10_0_349_20260912T013344.m	10	s	349	0	-	1758	os
HH_10_6_134_20260912T013349.m	10	h	134	6	-	1117	os
SH_10_0_2071_20260912T013355.m	10	s	2071	0	-	1759	os
HH_10_8_160_20260912T013359.m	10	h	160	8	-	1118	os
SH_10_0_2071_20260912T013405.m	10	s	2071	0	-	1760	os
HH_10_6_134_20260912T013410.m	10	h	134	6	-	1119	os
SH_10_4_490_20260912T013416.m	10	s	490	4	-	1761	os
HH_10_8_160_20260912T013420.m	10	h	160	8	-	1120	os
SH_10_0_349_20260912T013428.m	10	s	349	0	-	1762	os
SH_10_0_2071_20260912T013441.m	10	s	2071	0	-	1763	os
SH_10_0_349_20260912T013454.m	10	s	349	0	-	1764	os
HH_10_6_134_20260912T013458.m	10	h	134	6	-	1121	os
SH_10_0_2071_20260912T013503.m	10	s	2071	0	-	1765	os
HH_10_6_134_20260912T013510.m	10	h	134	6	-	1122	os
SH_10_0_251_20260912T013515.m	10	s	251	0	-	1766	os
SH_10_2_577_20260912T013528.m	10	s	577	2	-	1767	os
SH_10_0_143_20260912T013537.m	10	s	143	0	-	1768	os
HH_10_4_108_20260912T013538.m	10	h	108	4	-	1123	os
SH_10_0_349_20260912T013548.m	10	s	349	0	-	1769	os
SH_10_0_1007_20260912T013559.m	10	s	1007	0	-	1770	os
HH_10_12_1002_20260912T013608.m	10	h	1002	12	-	1124	os
SH_10_0_6_20260912T013609.m	10	s	6	0	6	1771	os
HH_10_6_134_20260912T013617.m	10	h	134	6	-	1125	os
SH_10_0_175_20260912T013618.m	10	s	175	0	-	1772	os
SH_10_4_490_20260912T013630.m	10	s	490	4	-	1773	os
SH_10_0_2071_20260912T013642.m	10	s	2071	0	-	1774	os
HH_10_6_134_20260912T013649.m	10	h	134	6	-	1126	os
SH_10_0_134_20260912T013652.m	10	s	134	0	-	1775	os
SH_10_0_134_20260912T013702.m	10	s	134	0	-	1776	os
SH_10_0_283_20260912T013714.m	10	s	283	0	-	1777	os
HH_10_8_160_20260912T013717.m	10	h	160	8	-	1127	os
SH_10_4_220_20260912T013723.m	10	s	220	4	-	1778	os
HH_10_8_160_20260912T013727.m	10	h	160	8	-	1128	os
SH_10_2_577_20260912T013732.m	10	s	577	2	-	1779	os
HH_10_8_160_20260912T013736.m	10	h	160	8	-	1129	os
SH_10_0_349_20260912T013743.m	10	s	349	0	-	1780	os
SH_10_0_1071_20260912T013753.m	10	s	1071	0	-	1781	os
HH_10_8_160_20260912T013754.m	10	h	160	8	-	1130	os
SH_10_0_2071_20260912T013802.m	10	s	2071	0	-	1782	os
HH_10_8_160_20260912T013804.m	10	h	160	8	-	1131	os
SH_10_0_2071_20260912T013813.m	10	s	2071	0	-	1783	os
HH_10_6_106_20260912T013820.m	10	h	106	6	-	1132	os
SH_10_0_1007_20260912T013820.m	10	s	1007	0	-	1784	os
HH_10_8_160_20260912T013830.m	10	h	160	8	-	1133	os
SH_10_0_1007_20260912T013830.m	10	s	1007	0	-	1785	os
HH_10_6_134_20260912T013840.m	10	h	134	6	-	1134	os
SH_10_0_2071_20260912T013841.m	10	s	2071	0	-	1786	os
HH_10_6_134_20260912T013850.m	10	h	134	6	-	1135	os
SH_10_0_2071_20260912T013851.m	10	s	2071	0	-	1787	os
HH_10_8_160_20260912T013901.m	10	h	160	8	-	1136	os
SH_10_0_283_20260912T013903.m	10	s	283	0	-	1788	os
HH_10_12_1002_20260912T013911.m	10	h	1002	12	-	1137	os
SH_10_4_490_20260912T013913.m	10	s	490	4	-	1789	os
HH_10_8_160_20260912T013920.m	10	h	160	8	-	1138	os
SH_10_2_577_20260912T013923.m	10	s	577	2	-	1790	os
SH_10_4_490_20260912T013934.m	10	s	490	4	-	1791	os
SH_10_0_143_20260912T013945.m	10	s	143	0	-	1792	os
SH_10_0_271_20260912T013954.m	10	s	271	0	-	1793	os
HH_10_6_106_20260912T013957.m	10	h	106	6	-	1139	os
SH_10_0_1007_20260912T014003.m	10	s	1007	0	-	1794	os
HH_10_6_106_20260912T014006.m	10	h	106	6	-	1140	os
SH_10_0_134_20260912T014014.m	10	s	134	0	-	1795	os
HH_10_6_134_20260912T014015.m	10	h	134	6	-	1141	os
SH_10_0_2071_20260912T014022.m	10	s	2071	0	-	1796	os
HH_10_8_160_20260912T014033.m	10	h	160	8	-	1142	os
SH_10_0_2071_20260912T014033.m	10	s	2071	0	-	1797	os
SH_10_0_2071_20260912T014042.m	10	s	2071	0	-	1798	os
HH_10_8_160_20260912T014043.m	10	h	160	8	-	1143	os
SH_10_0_349_20260912T014052.m	10	s	349	0	-	1799	os
HH_10_8_160_20260912T014053.m	10	h	160	8	-	1144	os
SH_10_0_1007_20260912T014102.m	10	s	1007	0	-	1800	os
HH_10_8_160_20260912T014103.m	10	h	160	8	-	1145	os
HH_10_8_160_20260912T014113.m	10	h	160	8	-	1146	os
SH_10_2_577_20260912T014113.m	10	s	577	2	-	1801	os
HH_10_6_106_20260912T014123.m	10	h	106	6	-	1147	os
SH_10_0_11_20260912T014123.m	10	s	11	0	-	1802	os
HH_10_6_134_20260912T014133.m	10	h	134	6	-	1148	os
SH_10_0_1007_20260912T014133.m	10	s	1007	0	-	1803	os
SH_10_0_134_20260912T014146.m	10	s	134	0	-	1804	os
HH_10_8_160_20260912T014152.m	10	h	160	8	-	1149	os
SH_10_2_577_20260912T014155.m	10	s	577	2	-	1805	os
HH_10_8_160_20260912T014202.m	10	h	160	8	-	1150	os
SH_10_0_2071_20260912T014206.m	10	s	2071	0	-	1806	os
HH_10_6_106_20260912T014213.m	10	h	106	6	-	1151	os
SH_10_0_1007_20260912T014217.m	10	s	1007	0	-	1807	os
SH_10_0_2071_20260912T014229.m	10	s	2071	0	-	1808	os
SH_10_4_490_20260912T014242.m	10	s	490	4	-	1809	os
HH_10_12_1002_20260912T014249.m	10	h	1002	12	-	1152	os
SH_10_0_283_20260912T014250.m	10	s	283	0	-	1810	os
HH_10_6_134_20260912T014259.m	10	h	134	6	-	1153	os
SH_10_0_2071_20260912T014300.m	10	s	2071	0	-	1811	os
SH_10_0_2071_20260912T014312.m	10	s	2071	0	-	1812	os
SH_10_0_500_20260912T014321.m	10	s	500	0	-	1813	os
HH_10_8_160_20260912T014323.m	10	h	160	8	-	1154	os
SH_10_0_1007_20260912T014332.m	10	s	1007	0	-	1814	os
HH_10_6_134_20260912T014333.m	10	h	134	6	-	1155	os
SH_10_0_134_20260912T014342.m	10	s	134	0	-	1815	os
HH_10_8_160_20260912T014350.m	10	h	160	8	-	1156	os
SH_10_0_527_20260912T014351.m	10	s	527	0	-	1816	os
SH_10_0_2071_20260912T014401.m	10	s	2071	0	-	1817	os
HH_10_8_160_20260912T014405.m	10	h	160	8	-	1157	os
SH_10_0_2071_20260912T014410.m	10	s	2071	0	-	1818	os
HH_10_6_134_20260912T014415.m	10	h	134	6	-	1158	os
SH_10_0_2071_20260912T014422.m	10	s	2071	0	-	1819	os
HH_10_6_134_20260912T014425.m	10	h	134	6	-	1159	os
SH_10_2_577_20260912T014433.m	10	s	577	2	-	1820	os
SH_10_4_220_20260912T014443.m	10	s	220	4	-	1821	os
HH_10_6_134_20260912T014444.m	10	h	134	6	-	1160	os
SH_10_4_490_20260912T014455.m	10	s	490	4	-	1822	os
SH_10_0_2071_20260912T014507.m	10	s	2071	0	-	1823	os
SH_10_0_2071_20260912T014528.m	10	s	2071	0	-	1824	os
SH_10_4_220_20260912T014541.m	10	s	220	4	-	1825	os
SH_10_0_2071_20260912T014554.m	10	s	2071	0	-	1826	os
SH_10_0_349_20260912T014606.m	10	s	349	0	-	1827	os
HH_10_8_160_20260912T014610.m	10	h	160	8	-	1161	os
SH_10_0_2071_20260912T014615.m	10	s	2071	0	-	1828	os
HH_10_6_134_20260912T014619.m	10	h	134	6	-	1162	os
SH_10_2_577_20260912T014625.m	10	s	577	2	-	1829	os
SH_10_0_1007_20260912T014634.m	10	s	1007	0	-	1830	os
HH_10_6_134_20260912T014635.m	10	h	134	6	-	1163	os
SH_10_0_1007_20260912T014645.m	10	s	1007	0	-	1831	os
HH_10_4_108_20260912T014646.m	10	h	108	4	-	1164	os
SH_10_4_490_20260912T014656.m	10	s	490	4	-	1832	os
HH_10_6_134_20260912T014657.m	10	h	134	6	-	1165	os
SH_10_0_349_20260912T014708.m	10	s	349	0	-	1833	os
HH_10_8_160_20260912T014714.m	10	h	160	8	-	1166	os
SH_10_0_2071_20260912T014715.m	10	s	2071	0	-	1834	os
SH_10_4_220_20260912T014726.m	10	s	220	4	-	1835	os
HH_10_6_134_20260912T014730.m	10	h	134	6	-	1167	os
SH_10_0_1007_20260912T014736.m	10	s	1007	0	-	1836	os
HH_10_8_160_20260912T014739.m	10	h	160	8	-	1168	os
SH_10_0_134_20260912T014746.m	10	s	134	0	-	1837	os
HH_10_8_160_20260912T014749.m	10	h	160	8	-	1169	os
SH_10_0_283_20260912T014757.m	10	s	283	0	-	1838	os
HH_10_6_134_20260912T014800.m	10	h	134	6	-	1170	os
SH_10_0_1071_20260912T014807.m	10	s	1071	0	-	1839	os
SH_10_0_349_20260912T014819.m	10	s	349	0	-	1840	os
SH_10_0_1007_20260912T014828.m	10	s	1007	0	-	1841	os
HH_10_8_160_20260912T014829.m	10	h	160	8	-	1171	os
SH_10_0_283_20260912T014840.m	10	s	283	0	-	1842	os
SH_10_0_533_20260912T014852.m	10	s	533	0	-	1843	os
SH_10_0_134_20260912T014904.m	10	s	134	0	-	1844	os
HH_10_12_1002_20260912T014907.m	10	h	1002	12	-	1172	os
SH_10_0_499_20260912T014915.m	10	s	499	0	-	1845	os
SH_10_0_500_20260912T014926.m	10	s	500	0	-	1846	os
SH_10_2_577_20260912T014938.m	10	s	577	2	-	1847	os
HH_10_6_134_20260912T014942.m	10	h	134	6	-	1173	os
SH_10_0_349_20260912T014947.m	10	s	349	0	-	1848	os
HH_10_6_134_20260912T014951.m	10	h	134	6	-	1174	os
SH_10_0_11_20260912T014956.m	10	s	11	0	-	1849	os
SH_10_0_1007_20260912T015009.m	10	s	1007	0	-	1850	os
HH_10_8_160_20260912T015011.m	10	h	160	8	-	1175	os
SH_10_0_134_20260912T015019.m	10	s	134	0	-	1851	os
HH_10_8_160_20260912T015021.m	10	h	160	8	-	1176	os
SH_10_0_283_20260912T015028.m	10	s	283	0	-	1852	os
SH_10_0_2071_20260912T015038.m	10	s	2071	0	-	1853	os
HH_10_8_160_20260912T015039.m	10	h	160	8	-	1177	os
HH_10_6_134_20260912T015049.m	10	h	134	6	-	1178	os
SH_10_0_1007_20260912T015049.m	10	s	1007	0	-	1854	os
SH_10_0_2071_20260912T015058.m	10	s	2071	0	-	1855	os
HH_10_6_106_20260912T015100.m	10	h	106	6	-	1179	os
SH_10_2_577_20260912T015108.m	10	s	577	2	-	1856	os
HH_10_6_134_20260912T015110.m	10	h	134	6	-	1180	os
SH_10_0_175_20260912T015119.m	10	s	175	0	-	1857	os
HH_10_8_160_20260912T015120.m	10	h	160	8	-	1181	os
SH_10_2_577_20260912T015129.m	10	s	577	2	-	1858	os
SH_10_0_2071_20260912T015140.m	10	s	2071	0	-	1859	os
SH_10_0_1007_20260912T015153.m	10	s	1007	0	-	1860	os
SH_10_2_577_20260912T015205.m	10	s	577	2	-	1861	os
HH_10_8_160_20260912T015213.m	10	h	160	8	-	1182	os
SH_10_0_2071_20260912T015213.m	10	s	2071	0	-	1862	os
HH_10_6_134_20260912T015223.m	10	h	134	6	-	1183	os
SH_10_0_283_20260912T015223.m	10	s	283	0	-	1863	os
SH_10_4_220_20260912T015234.m	10	s	220	4	-	1864	os
SH_10_0_1007_20260912T015247.m	10	s	1007	0	-	1865	os
HH_10_8_160_20260912T015253.m	10	h	160	8	-	1184	os
SH_10_0_1007_20260912T015256.m	10	s	1007	0	-	1866	os
SH_10_0_967_20260912T015308.m	10	s	967	0	-	1867	os
SH_10_2_577_20260912T015320.m	10	s	577	2	-	1868	os
HH_10_6_134_20260912T015329.m	10	h	134	6	-	1185	os
SH_10_0_499_20260912T015329.m	10	s	499	0	-	1869	os
HH_10_8_160_20260912T015340.m	10	h	160	8	-	1186	os
SH_10_0_1071_20260912T015340.m	10	s	1071	0	-	1870	os
SH_10_0_349_20260912T015348.m	10	s	349	0	-	1871	os
HH_10_8_160_20260912T015349.m	10	h	160	8	-	1187	os
HH_10_8_160_20260912T015357.m	10	h	160	8	-	1188	os
SH_10_0_1007_20260912T015357.m	10	s	1007	0	-	1872	os
SH_10_2_577_20260912T015408.m	10	s	577	2	-	1873	os
HH_10_8_160_20260912T015411.m	10	h	160	8	-	1189	os
SH_10_0_1007_20260912T015417.m	10	s	1007	0	-	1874	os
SH_10_0_2071_20260912T015425.m	10	s	2071	0	-	1875	os
HH_10_8_160_20260912T015427.m	10	h	160	8	-	1190	os
HH_10_12_1002_20260912T015435.m	10	h	1002	12	-	1191	os
SH_10_0_967_20260912T015435.m	10	s	967	0	-	1876	os
SH_10_2_289_20260912T015444.m	10	s	289	2	-	1877	os
HH_10_12_1002_20260912T015445.m	10	h	1002	12	-	1192	os
SH_10_0_1007_20260912T015453.m	10	s	1007	0	-	1878	os
HH_10_8_160_20260912T015454.m	10	h	160	8	-	1193	os
SH_10_0_2071_20260912T015504.m	10	s	2071	0	-	1879	os
HH_10_6_134_20260912T015510.m	10	h	134	6	-	1194	os
SH_10_0_2071_20260912T015512.m	10	s	2071	0	-	1880	os
SH_10_0_1071_20260912T015524.m	10	s	1071	0	-	1881	os
HH_10_6_134_20260912T015528.m	10	h	134	6	-	1195	os
SH_10_0_1007_20260912T015532.m	10	s	1007	0	-	1882	os
HH_10_8_160_20260912T015538.m	10	h	160	8	-	1196	os
SH_10_4_220_20260912T015543.m	10	s	220	4	-	1883	os
HH_10_8_160_20260912T015547.m	10	h	160	8	-	1197	os
SH_10_2_577_20260912T015551.m	10	s	577	2	-	1884	os
HH_10_6_134_20260912T015557.m	10	h	134	6	-	1198	os
SH_10_0_2071_20260912T015601.m	10	s	2071	0	-	1885	os
SH_10_0_9_20260912T015613.m	10	s	9	0	-	1886	os
HH_10_8_160_20260912T015614.m	10	h	160	8	-	1199	os
SH_10_2_577_20260912T015622.m	10	s	577	2	-	1887	os
HH_10_12_1002_20260912T015624.m	10	h	1002	12	-	1200	os
HH_10_6_134_20260912T015633.m	10	h	134	6	-	1201	os
SH_10_0_967_20260912T015633.m	10	s	967	0	-	1888	os
SH_10_0_1007_20260912T015643.m	10	s	1007	0	-	1889	os
HH_10_8_160_20260912T015644.m	10	h	160	8	-	1202	os
SH_10_0_1071_20260912T015655.m	10	s	1071	0	-	1890	os
HH_10_6_134_20260912T015700.m	10	h	134	6	-	1203	os
SH_10_0_1007_20260912T015701.m	10	s	1007	0	-	1891	os
HH_10_6_134_20260912T015711.m	10	h	134	6	-	1204	os
SH_10_0_349_20260912T015712.m	10	s	349	0	-	1892	os
HH_10_8_160_20260912T015720.m	10	h	160	8	-	1205	os
SH_10_0_349_20260912T015722.m	10	s	349	0	-	1893	os
HH_10_6_134_20260912T015731.m	10	h	134	6	-	1206	os
SH_10_0_2071_20260912T015732.m	10	s	2071	0	-	1894	os
HH_10_8_160_20260912T015740.m	10	h	160	8	-	1207	os
SH_10_0_349_20260912T015742.m	10	s	349	0	-	1895	os
HH_10_6_134_20260912T015750.m	10	h	134	6	-	1208	os
SH_10_0_349_20260912T015751.m	10	s	349	0	-	1896	os
SH_10_0_2071_20260912T015802.m	10	s	2071	0	-	1897	os
HH_10_4_108_20260912T015806.m	10	h	108	4	-	1209	os
SH_10_0_1007_20260912T015811.m	10	s	1007	0	-	1898	os
HH_10_6_134_20260912T015817.m	10	h	134	6	-	1210	os
SH_10_0_1007_20260912T015821.m	10	s	1007	0	-	1899	os
HH_10_6_134_20260912T015828.m	10	h	134	6	-	1211	os
SH_10_0_134_20260912T015830.m	10	s	134	0	-	1900	os
HH_10_8_160_20260912T015837.m	10	h	160	8	-	1212	os
SH_10_0_143_20260912T015841.m	10	s	143	0	-	1901	os
HH_10_8_160_20260912T015847.m	10	h	160	8	-	1213	os
SH_10_0_2071_20260912T015850.m	10	s	2071	0	-	1902	os
HH_10_8_160_20260912T015856.m	10	h	160	8	-	1214	os
SH_10_2_577_20260912T015900.m	10	s	577	2	-	1903	os
HH_10_12_1002_20260912T015906.m	10	h	1002	12	-	1215	os
SH_10_0_2071_20260912T015911.m	10	s	2071	0	-	1904	os
HH_10_6_134_20260912T015916.m	10	h	134	6	-	1216	os
SH_10_0_283_20260912T015920.m	10	s	283	0	-	1905	os
HH_10_8_160_20260912T015925.m	10	h	160	8	-	1217	os
SH_10_0_283_20260912T015929.m	10	s	283	0	-	1906	os
HH_10_12_1002_20260912T015935.m	10	h	1002	12	-	1218	os
SH_10_0_2071_20260912T015939.m	10	s	2071	0	-	1907	os
SH_10_0_1007_20260912T015948.m	10	s	1007	0	-	1908	os
HH_10_12_1002_20260912T015950.m	10	h	1002	12	-	1219	os
SH_10_0_2071_20260912T015957.m	10	s	2071	0	-	1909	os
HH_10_6_134_20260912T020001.m	10	h	134	6	-	1220	os
SH_10_0_2071_20260912T020007.m	10	s	2071	0	-	1910	os
HH_10_6_134_20260912T020011.m	10	h	134	6	-	1221	os
SH_10_0_499_20260912T020016.m	10	s	499	0	-	1911	os
HH_10_8_160_20260912T020020.m	10	h	160	8	-	1222	os
SH_10_0_2071_20260912T020024.m	10	s	2071	0	-	1912	os
HH_10_8_160_20260912T020029.m	10	h	160	8	-	1223	os
SH_10_0_1007_20260912T020034.m	10	s	1007	0	-	1913	os
HH_10_6_134_20260912T020040.m	10	h	134	6	-	1224	os
SH_10_0_500_20260912T020044.m	10	s	500	0	-	1914	os
SH_10_2_577_20260912T020053.m	10	s	577	2	-	1915	os
HH_10_6_134_20260912T020055.m	10	h	134	6	-	1225	os
SH_10_0_349_20260912T020102.m	10	s	349	0	-	1916	os
HH_10_6_134_20260912T020104.m	10	h	134	6	-	1226	os
SH_10_0_2071_20260912T020111.m	10	s	2071	0	-	1917	os
HH_10_6_134_20260912T020113.m	10	h	134	6	-	1227	os
SH_10_0_1007_20260912T020122.m	10	s	1007	0	-	1918	os
HH_10_6_134_20260912T020124.m	10	h	134	6	-	1228	os
SH_10_0_2071_20260912T020132.m	10	s	2071	0	-	1919	os
SH_10_0_527_20260912T020143.m	10	s	527	0	-	1920	os
HH_10_6_106_20260912T020146.m	10	h	106	6	-	1229	os
SH_10_0_283_20260912T020151.m	10	s	283	0	-	1921	os
HH_10_8_160_20260912T020155.m	10	h	160	8	-	1230	os
SH_10_0_1071_20260912T020201.m	10	s	1071	0	-	1922	os
HH_10_6_134_20260912T020206.m	10	h	134	6	-	1231	os
SH_10_0_349_20260912T020212.m	10	s	349	0	-	1923	os
HH_10_6_134_20260912T020215.m	10	h	134	6	-	1232	os
SH_10_2_577_20260912T020222.m	10	s	577	2	-	1924	os
HH_10_8_160_20260912T020226.m	10	h	160	8	-	1233	os
SH_10_2_577_20260912T020232.m	10	s	577	2	-	1925	os
HH_10_6_134_20260912T020236.m	10	h	134	6	-	1234	os
SH_10_0_2071_20260912T020242.m	10	s	2071	0	-	1926	os
HH_10_8_160_20260912T020246.m	10	h	160	8	-	1235	os
SH_10_2_577_20260912T020252.m	10	s	577	2	-	1927	os
SH_10_0_1007_20260912T020304.m	10	s	1007	0	-	1928	os
HH_10_6_134_20260912T020311.m	10	h	134	6	-	1236	os
SH_10_0_9_20260912T020311.m	10	s	9	0	-	1929	os
HH_10_8_160_20260912T020322.m	10	h	160	8	-	1237	os
SH_10_0_143_20260912T020322.m	10	s	143	0	-	1930	os
SH_10_0_499_20260912T020330.m	10	s	499	0	-	1931	os
HH_10_8_160_20260912T020331.m	10	h	160	8	-	1238	os
HH_10_6_134_20260912T020341.m	10	h	134	6	-	1239	os
SH_10_0_349_20260912T020341.m	10	s	349	0	-	1932	os
SH_10_0_2071_20260912T020352.m	10	s	2071	0	-	1933	os
SH_10_0_99_20260912T020402.m	10	s	99	0	-	1934	os
HH_10_6_134_20260912T020409.m	10	h	134	6	-	1240	os
SH_10_2_577_20260912T020411.m	10	s	577	2	-	1935	os
HH_10_12_1002_20260912T020418.m	10	h	1002	12	-	1241	os
SH_10_2_577_20260912T020420.m	10	s	577	2	-	1936	os
HH_10_8_160_20260912T020427.m	10	h	160	8	-	1242	os
SH_10_0_349_20260912T020429.m	10	s	349	0	-	1937	os
HH_10_12_1002_20260912T020437.m	10	h	1002	12	-	1243	os
SH_10_0_2071_20260912T020439.m	10	s	2071	0	-	1938	os
HH_10_12_1002_20260912T020447.m	10	h	1002	12	-	1244	os
SH_10_0_2071_20260912T020447.m	10	s	2071	0	-	1939	os
SH_10_0_2071_20260912T020458.m	10	s	2071	0	-	1940	os
HH_10_8_160_20260912T020502.m	10	h	160	8	-	1245	os
SH_10_4_220_20260912T020506.m	10	s	220	4	-	1941	os
HH_10_6_134_20260912T020511.m	10	h	134	6	-	1246	os
SH_10_0_99_20260912T020514.m	10	s	99	0	-	1942	os
HH_10_4_108_20260912T020520.m	10	h	108	4	-	1247	os
SH_10_0_1007_20260912T020524.m	10	s	1007	0	-	1943	os
SH_10_0_349_20260912T020536.m	10	s	349	0	-	1944	os
SH_10_4_220_20260912T020547.m	10	s	220	4	-	1945	os
HH_10_8_160_20260912T020549.m	10	h	160	8	-	1248	os
SH_10_0_2071_20260912T020556.m	10	s	2071	0	-	1946	os
SH_10_0_1007_20260912T020609.m	10	s	1007	0	-	1947	os
SH_10_0_2071_20260912T020621.m	10	s	2071	0	-	1948	os
SH_10_0_2071_20260912T020632.m	10	s	2071	0	-	1949	os
HH_10_8_160_20260912T020634.m	10	h	160	8	-	1249	os
SH_10_0_2071_20260912T020641.m	10	s	2071	0	-	1950	os
HH_10_8_160_20260912T020644.m	10	h	160	8	-	1250	os
SH_10_0_1071_20260912T020651.m	10	s	1071	0	-	1951	os
HH_10_6_134_20260912T020654.m	10	h	134	6	-	1251	os
SH_10_4_490_20260912T020702.m	10	s	490	4	-	1952	os
SH_10_0_349_20260912T020712.m	10	s	349	0	-	1953	os
HH_10_8_160_20260912T020713.m	10	h	160	8	-	1252	os
SH_10_0_2071_20260912T020724.m	10	s	2071	0	-	1954	os
HH_10_6_134_20260912T020730.m	10	h	134	6	-	1253	os
SH_10_0_2071_20260912T020732.m	10	s	2071	0	-	1955	os
HH_10_8_160_20260912T020740.m	10	h	160	8	-	1254	os
SH_10_0_2071_20260912T020743.m	10	s	2071	0	-	1956	os
HH_10_8_160_20260912T020751.m	10	h	160	8	-	1255	os
SH_10_0_99_20260912T020752.m	10	s	99	0	-	1957	os
HH_10_6_134_20260912T020801.m	10	h	134	6	-	1256	os
SH_10_0_2071_20260912T020803.m	10	s	2071	0	-	1958	os
SH_10_4_490_20260912T020811.m	10	s	490	4	-	1959	os
HH_10_8_160_20260912T020814.m	10	h	160	8	-	1257	os
SH_10_0_134_20260912T020819.m	10	s	134	0	-	1960	os
HH_10_8_160_20260912T020824.m	10	h	160	8	-	1258	os
SH_10_0_499_20260912T020827.m	10	s	499	0	-	1961	os
HH_10_6_134_20260912T020833.m	10	h	134	6	-	1259	os
SH_10_2_577_20260912T020837.m	10	s	577	2	-	1962	os
HH_10_8_160_20260912T020842.m	10	h	160	8	-	1260	os
SH_10_0_349_20260912T020847.m	10	s	349	0	-	1963	os
HH_10_6_134_20260912T020850.m	10	h	134	6	-	1261	os
SH_10_2_577_20260912T020855.m	10	s	577	2	-	1964	os
HH_10_6_134_20260912T020859.m	10	h	134	6	-	1262	os
SH_10_0_1007_20260912T020905.m	10	s	1007	0	-	1965	os
HH_10_6_134_20260912T020908.m	10	h	134	6	-	1263	os
SH_10_0_2071_20260912T020914.m	10	s	2071	0	-	1966	os
HH_10_8_160_20260912T020919.m	10	h	160	8	-	1264	os
SH_10_0_283_20260912T020925.m	10	s	283	0	-	1967	os
HH_10_8_160_20260912T020930.m	10	h	160	8	-	1265	os
SH_10_0_1071_20260912T020934.m	10	s	1071	0	-	1968	os
SH_10_0_283_20260912T020940.m	10	s	283	0	-	1969	os
HH_10_6_134_20260912T020942.m	10	h	134	6	-	1266	os
SH_10_2_577_20260912T020950.m	10	s	577	2	-	1970	os
HH_10_8_160_20260912T020953.m	10	h	160	8	-	1267	os
SH_10_0_2071_20260912T020959.m	10	s	2071	0	-	1971	os
HH_10_6_134_20260912T021001.m	10	h	134	6	-	1268	os
SH_10_2_577_20260912T021010.m	10	s	577	2	-	1972	os
SH_10_0_2071_20260912T021018.m	10	s	2071	0	-	1973	os
HH_10_8_160_20260912T021019.m	10	h	160	8	-	1269	os
SH_10_0_175_20260912T021028.m	10	s	175	0	-	1974	os
HH_10_6_134_20260912T021030.m	10	h	134	6	-	1270	os
SH_10_0_11_20260912T021038.m	10	s	11	0	-	1975	os
HH_10_12_1002_20260912T021041.m	10	h	1002	12	-	1271	os
SH_10_0_2071_20260912T021056.m	10	s	2071	0	-	1976	os
HH_10_8_160_20260912T021059.m	10	h	160	8	-	1272	os
SH_10_0_499_20260912T021105.m	10	s	499	0	-	1977	os
SH_10_0_134_20260912T021115.m	10	s	134	0	-	1978	os
HH_10_8_160_20260912T021116.m	10	h	160	8	-	1273	os
SH_10_0_134_20260912T021124.m	10	s	134	0	-	1979	os
HH_10_8_160_20260912T021125.m	10	h	160	8	-	1274	os
SH_10_0_251_20260912T021133.m	10	s	251	0	-	1980	os
HH_10_6_134_20260912T021134.m	10	h	134	6	-	1275	os
SH_10_2_577_20260912T021143.m	10	s	577	2	-	1981	os
HH_10_6_134_20260912T021145.m	10	h	134	6	-	1276	os
SH_10_0_349_20260912T021152.m	10	s	349	0	-	1982	os
HH_10_6_134_20260912T021154.m	10	h	134	6	-	1277	os
SH_10_0_2071_20260912T021200.m	10	s	2071	0	-	1983	os
HH_10_8_160_20260912T021203.m	10	h	160	8	-	1278	os
SH_10_0_2071_20260912T021211.m	10	s	2071	0	-	1984	os
SH_10_0_1007_20260912T021223.m	10	s	1007	0	-	1985	os
HH_10_6_134_20260912T021224.m	10	h	134	6	-	1279	os
SH_10_2_577_20260912T021232.m	10	s	577	2	-	1986	os
HH_10_6_134_20260912T021234.m	10	h	134	6	-	1280	os
SH_10_0_2071_20260912T021242.m	10	s	2071	0	-	1987	os
HH_10_8_160_20260912T021248.m	10	h	160	8	-	1281	os
SH_10_0_2071_20260912T021249.m	10	s	2071	0	-	1988	os
HH_10_8_160_20260912T021256.m	10	h	160	8	-	1282	os
SH_10_0_175_20260912T021257.m	10	s	175	0	-	1989	os
HH_10_8_160_20260912T021306.m	10	h	160	8	-	1283	os
SH_10_0_967_20260912T021308.m	10	s	967	0	-	1990	os
SH_10_0_2071_20260912T021319.m	10	s	2071	0	-	1991	os
SH_10_2_577_20260912T021328.m	10	s	577	2	-	1992	os
HH_10_6_134_20260912T021329.m	10	h	134	6	-	1284	os
SH_10_4_490_20260912T021337.m	10	s	490	4	-	1993	os
HH_10_8_160_20260912T021338.m	10	h	160	8	-	1285	os
SH_10_0_2071_20260912T021347.m	10	s	2071	0	-	1994	os
SH_10_0_2071_20260912T021357.m	10	s	2071	0	-	1995	os
HH_10_6_134_20260912T021358.m	10	h	134	6	-	1286	os
SH_10_0_2071_20260912T021409.m	10	s	2071	0	-	1996	os
HH_10_6_134_20260912T021413.m	10	h	134	6	-	1287	os
SH_10_0_2071_20260912T021418.m	10	s	2071	0	-	1997	os
SH_10_0_2071_20260912T021426.m	10	s	2071	0	-	1998	os
HH_10_6_134_20260912T021427.m	10	h	134	6	-	1288	os
SH_10_0_143_20260912T021435.m	10	s	143	0	-	1999	os
HH_10_8_160_20260912T021437.m	10	h	160	8	-	1289	os
SH_10_0_2071_20260912T021445.m	10	s	2071	0	-	2000	os
SH_10_0_9_20260912T021454.m	10	s	9	0	-	2001	os
HH_10_8_160_20260912T021455.m	10	h	160	8	-	1290	os
HH_10_8_160_20260912T021505.m	10	h	160	8	-	1291	os
SH_10_2_577_20260912T021505.m	10	s	577	2	-	2002	os
SH_10_0_1071_20260912T021517.m	10	s	1071	0	-	2003	os
HH_10_8_160_20260912T021522.m	10	h	160	8	-	1292	os
SH_10_2_577_20260912T021523.m	10	s	577	2	-	2004	os
HH_10_6_134_20260912T021531.m	10	h	134	6	-	1293	os
SH_10_2_577_20260912T021532.m	10	s	577	2	-	2005	os
HH_10_8_160_20260912T021539.m	10	h	160	8	-	1294	os
SH_10_0_2071_20260912T021540.m	10	s	2071	0	-	2006	os
HH_10_8_160_20260912T021550.m	10	h	160	8	-	1295	os
SH_10_0_1007_20260912T021550.m	10	s	1007	0	-	2007	os
HH_10_8_160_20260912T021559.m	10	h	160	8	-	1296	os
SH_10_0_349_20260912T021559.m	10	s	349	0	-	2008	os
SH_10_0_2071_20260912T021610.m	10	s	2071	0	-	2009	os
SH_10_0_2071_20260912T021623.m	10	s	2071	0	-	2010	os
SH_10_0_2071_20260912T021632.m	10	s	2071	0	-	2011	os
HH_10_6_134_20260912T021633.m	10	h	134	6	-	1297	os
SH_10_0_1007_20260912T021641.m	10	s	1007	0	-	2012	os
HH_10_6_134_20260912T021651.m	10	h	134	6	-	1298	os
SH_10_0_500_20260912T021651.m	10	s	500	0	-	2013	os
HH_10_8_160_20260912T021700.m	10	h	160	8	-	1299	os
SH_10_0_143_20260912T021701.m	10	s	143	0	-	2014	os
HH_10_6_134_20260912T021710.m	10	h	134	6	-	1300	os
HH_10_8_160_20260912T021719.m	10	h	160	8	-	1301	os
SH_10_2_577_20260912T021719.m	10	s	577	2	-	2016	os
HH_10_6_134_20260912T021729.m	10	h	134	6	-	1302	os
SH_10_2_577_20260912T021729.m	10	s	577	2	-	2017	os
SH_10_0_2071_20260912T021739.m	10	s	2071	0	-	2018	os
SH_10_2_577_20260912T021751.m	10	s	577	2	-	2019	os
HH_10_6_134_20260912T021755.m	10	h	134	6	-	1303	os
SH_10_0_1007_20260912T091442.m	10	s	1007	0	-	2020	os
SH_10_0_1007_20260912T091457.m	10	s	1007	0	-	2021	os
SH_10_0_2071_20260912T091506.m	10	s	2071	0	-	2022	os
HH_10_6_134_20260912T091510.m	10	h	134	6	-	1304	os
SH_10_2_577_20260912T091514.m	10	s	577	2	-	2023	os
HH_10_6_134_20260912T091519.m	10	h	134	6	-	1305	os
SH_10_0_2071_20260912T091524.m	10	s	2071	0	-	2024	os
SH_10_2_577_20260912T091534.m	10	s	577	2	-	2025	os
SH_10_2_577_20260912T091544.m	10	s	577	2	-	2026	os
HH_10_8_160_20260912T091549.m	10	h	160	8	-	1306	os
SH_10_0_2071_20260912T091550.m	10	s	2071	0	-	2027	os
HH_10_6_134_20260912T091558.m	10	h	134	6	-	1307	os
SH_10_0_2071_20260912T091600.m	10	s	2071	0	-	2028	os
HH_10_8_160_20260912T091607.m	10	h	160	8	-	1308	os
SH_10_0_2071_20260912T091610.m	10	s	2071	0	-	2029	os
HH_10_12_1002_20260912T091616.m	10	h	1002	12	-	1309	os
SH_10_4_490_20260912T091619.m	10	s	490	4	-	2030	os
HH_10_6_134_20260912T091626.m	10	h	134	6	-	1310	os
SH_10_0_1007_20260912T091628.m	10	s	1007	0	-	2031	os
HH_10_8_160_20260912T091635.m	10	h	160	8	-	1311	os
SH_10_0_1071_20260912T091638.m	10	s	1071	0	-	2032	os
HH_10_6_134_20260912T091643.m	10	h	134	6	-	1312	os
SH_10_0_1007_20260912T091646.m	10	s	1007	0	-	2033	os
HH_10_4_108_20260912T091652.m	10	h	108	4	-	1313	os
SH_10_0_2071_20260912T091655.m	10	s	2071	0	-	2034	os
HH_10_8_160_20260912T091702.m	10	h	160	8	-	1314	os
SH_10_0_1007_20260912T091705.m	10	s	1007	0	-	2035	os
HH_10_8_160_20260912T091712.m	10	h	160	8	-	1315	os
SH_10_0_1007_20260912T091715.m	10	s	1007	0	-	2036	os
SH_10_0_1007_20260912T091725.m	10	s	1007	0	-	2037	os
SH_10_2_577_20260912T091736.m	10	s	577	2	-	2038	os
SH_10_0_1007_20260912T091745.m	10	s	1007	0	-	2039	os
HH_10_6_134_20260912T091747.m	10	h	134	6	-	1316	os
SH_10_0_2071_20260912T091753.m	10	s	2071	0	-	2040	os
HH_10_6_134_20260912T091755.m	10	h	134	6	-	1317	os
SH_10_0_175_20260912T091802.m	10	s	175	0	-	2041	os
HH_10_6_134_20260912T091803.m	10	h	134	6	-	1318	os
SH_10_0_2071_20260912T091809.m	10	s	2071	0	-	2042	os
HH_10_12_1002_20260912T091811.m	10	h	1002	12	-	1319	os
SH_10_0_1007_20260912T091818.m	10	s	1007	0	-	2043	os
HH_10_8_160_20260912T091820.m	10	h	160	8	-	1320	os
SH_10_0_2071_20260912T091827.m	10	s	2071	0	-	2044	os
HH_10_6_134_20260912T091829.m	10	h	134	6	-	1321	os
SH_10_0_2071_20260912T091836.m	10	s	2071	0	-	2045	os
HH_10_8_160_20260912T091837.m	10	h	160	8	-	1322	os
SH_10_0_1007_20260912T091846.m	10	s	1007	0	-	2046	os
HH_10_6_106_20260912T091853.m	10	h	106	6	-	1323	os
SH_10_0_499_20260912T091854.m	10	s	499	0	-	2047	os
HH_10_12_1002_20260912T091902.m	10	h	1002	12	-	1324	os
SH_10_2_577_20260912T091903.m	10	s	577	2	-	2048	os
HH_10_8_160_20260912T091910.m	10	h	160	8	-	1325	os
SH_10_0_500_20260912T091911.m	10	s	500	0	-	2049	os
HH_10_6_134_20260912T091919.m	10	h	134	6	-	1326	os
SH_10_2_577_20260912T091921.m	10	s	577	2	-	2050	os
HH_10_8_160_20260912T091927.m	10	h	160	8	-	1327	os
SH_10_0_2071_20260912T091930.m	10	s	2071	0	-	2051	os
HH_10_8_160_20260912T091936.m	10	h	160	8	-	1328	os
SH_10_0_283_20260912T091939.m	10	s	283	0	-	2052	os
SH_10_2_577_20260912T091950.m	10	s	577	2	-	2053	os
SH_10_0_2071_20260912T092001.m	10	s	2071	0	-	2054	os
HH_10_8_160_20260912T092005.m	10	h	160	8	-	1329	os
SH_10_0_2071_20260912T092008.m	10	s	2071	0	-	2055	os
HH_10_6_134_20260912T092015.m	10	h	134	6	-	1330	os
SH_10_0_349_20260912T092018.m	10	s	349	0	-	2056	os
HH_10_8_160_20260912T092023.m	10	h	160	8	-	1331	os
SH_10_0_349_20260912T092025.m	10	s	349	0	-	2057	os
SH_10_2_577_20260912T092034.m	10	s	577	2	-	2058	os
HH_10_8_160_20260912T092038.m	10	h	160	8	-	1332	os
SH_10_0_500_20260912T092042.m	10	s	500	0	-	2059	os
HH_10_6_134_20260912T092047.m	10	h	134	6	-	1333	os
SH_10_0_499_20260912T092052.m	10	s	499	0	-	2060	os
SH_10_2_289_20260912T092059.m	10	s	289	2	-	2061	os
HH_10_6_134_20260912T092101.m	10	h	134	6	-	1334	os
SH_10_0_1007_20260912T092108.m	10	s	1007	0	-	2062	os
HH_10_8_160_20260912T092110.m	10	h	160	8	-	1335	os
SH_10_0_6_20260912T092116.m	10	s	6	0	6	2063	os
HH_10_8_160_20260912T092119.m	10	h	160	8	-	1336	os
SH_10_0_967_20260912T092125.m	10	s	967	0	-	2064	os
HH_10_4_108_20260912T092128.m	10	h	108	4	-	1337	os
SH_10_4_490_20260912T092134.m	10	s	490	4	-	2065	os
HH_10_6_106_20260912T092137.m	10	h	106	6	-	1338	os
SH_10_2_577_20260912T092144.m	10	s	577	2	-	2066	os
SH_10_4_220_20260912T092155.m	10	s	220	4	-	2067	os
HH_10_6_134_20260912T092157.m	10	h	134	6	-	1339	os
SH_10_0_1007_20260912T092204.m	10	s	1007	0	-	2068	os
SH_10_2_577_20260912T092215.m	10	s	577	2	-	2069	os
SH_10_2_577_20260912T092225.m	10	s	577	2	-	2070	os
HH_10_8_160_20260912T092230.m	10	h	160	8	-	1340	os
SH_10_2_577_20260912T092233.m	10	s	577	2	-	2071	os
HH_10_8_160_20260912T092239.m	10	h	160	8	-	1341	os
SH_10_2_577_20260912T092241.m	10	s	577	2	-	2072	os
HH_10_6_134_20260912T092248.m	10	h	134	6	-	1342	os
SH_10_0_1007_20260912T092251.m	10	s	1007	0	-	2073	os
HH_10_6_134_20260912T092257.m	10	h	134	6	-	1343	os
SH_10_0_2071_20260912T092300.m	10	s	2071	0	-	2074	os
HH_10_8_160_20260912T092306.m	10	h	160	8	-	1344	os
SH_10_0_1071_20260912T092309.m	10	s	1071	0	-	2075	os
SH_10_0_1007_20260912T092319.m	10	s	1007	0	-	2076	os
HH_10_6_134_20260912T092322.m	10	h	134	6	-	1345	os
SH_10_0_349_20260912T092327.m	10	s	349	0	-	2077	os
HH_10_6_134_20260912T092330.m	10	h	134	6	-	1346	os
SH_10_0_5_20260912T092337.m	10	s	5	0	5	2078	os
HH_10_12_1002_20260912T092340.m	10	h	1002	12	-	1347	os
SH_10_0_2071_20260912T092345.m	10	s	2071	0	-	2079	os
HH_10_6_134_20260912T092349.m	10	h	134	6	-	1348	os
SH_10_0_134_20260912T092355.m	10	s	134	0	-	2080	os
HH_10_4_108_20260912T092359.m	10	h	108	4	-	1349	os
SH_10_2_577_20260912T092405.m	10	s	577	2	-	2081	os
HH_10_8_160_20260912T092408.m	10	h	160	8	-	1350	os
SH_10_0_2071_20260912T092414.m	10	s	2071	0	-	2082	os
HH_10_6_134_20260912T092417.m	10	h	134	6	-	1351	os
SH_10_0_99_20260912T092422.m	10	s	99	0	-	2083	os
HH_10_8_160_20260912T092426.m	10	h	160	8	-	1352	os
SH_10_0_143_20260912T092433.m	10	s	143	0	-	2084	os
HH_10_8_160_20260912T092435.m	10	h	160	8	-	1353	os
SH_10_0_1007_20260912T092443.m	10	s	1007	0	-	2085	os
HH_10_6_134_20260912T092445.m	10	h	134	6	-	1354	os
SH_10_0_2071_20260912T092453.m	10	s	2071	0	-	2086	os
HH_10_8_160_20260912T092455.m	10	h	160	8	-	1355	os
SH_10_0_2071_20260912T092501.m	10	s	2071	0	-	2087	os
HH_10_6_134_20260912T092503.m	10	h	134	6	-	1356	os
SH_10_0_349_20260912T092511.m	10	s	349	0	-	2088	os
HH_10_6_134_20260912T092513.m	10	h	134	6	-	1357	os
SH_10_2_577_20260912T092520.m	10	s	577	2	-	2089	os
SH_10_0_271_20260912T092530.m	10	s	271	0	-	2090	os
HH_10_12_1002_20260912T092531.m	10	h	1002	12	-	1358	os
SH_10_0_349_20260912T092541.m	10	s	349	0	-	2091	os
HH_10_8_160_20260912T092542.m	10	h	160	8	-	1359	os
SH_10_0_349_20260912T092550.m	10	s	349	0	-	2092	os
HH_10_8_160_20260912T092552.m	10	h	160	8	-	1360	os
SH_10_2_577_20260912T092558.m	10	s	577	2	-	2093	os
HH_10_6_134_20260912T092600.m	10	h	134	6	-	1361	os
SH_10_0_1071_20260912T092607.m	10	s	1071	0	-	2094	os
HH_10_8_160_20260912T092610.m	10	h	160	8	-	1362	os
SH_10_0_2071_20260912T092615.m	10	s	2071	0	-	2095	os
HH_10_8_160_20260912T092619.m	10	h	160	8	-	1363	os
SH_10_0_1007_20260912T092625.m	10	s	1007	0	-	2096	os
HH_10_8_160_20260912T092633.m	10	h	160	8	-	1364	os
SH_10_0_349_20260912T092633.m	10	s	349	0	-	2097	os
SH_10_0_2071_20260912T092643.m	10	s	2071	0	-	2098	os
SH_10_0_1007_20260912T092653.m	10	s	1007	0	-	2099	os
HH_10_8_160_20260912T092659.m	10	h	160	8	-	1365	os
SH_10_0_349_20260912T092702.m	10	s	349	0	-	2100	os
HH_10_6_134_20260912T092708.m	10	h	134	6	-	1366	os
SH_10_0_527_20260912T092713.m	10	s	527	0	-	2101	os
HH_10_6_106_20260912T092718.m	10	h	106	6	-	1367	os
SH_10_0_2071_20260912T092723.m	10	s	2071	0	-	2102	os
HH_10_8_160_20260912T092729.m	10	h	160	8	-	1368	os
SH_10_0_2071_20260912T092732.m	10	s	2071	0	-	2103	os
HH_10_8_160_20260912T092738.m	10	h	160	8	-	1369	os
SH_10_0_134_20260912T092740.m	10	s	134	0	-	2104	os
HH_10_8_160_20260912T092747.m	10	h	160	8	-	1370	os
SH_10_4_490_20260912T092749.m	10	s	490	4	-	2105	os
HH_10_6_134_20260912T092756.m	10	h	134	6	-	1371	os
SH_10_4_490_20260912T092758.m	10	s	490	4	-	2106	os
HH_10_12_1002_20260912T092806.m	10	h	1002	12	-	1372	os
SH_10_0_2071_20260912T092807.m	10	s	2071	0	-	2107	os
HH_10_6_134_20260912T092816.m	10	h	134	6	-	1373	os
SH_10_2_577_20260912T092817.m	10	s	577	2	-	2108	os
HH_10_12_1002_20260912T092824.m	10	h	1002	12	-	1374	os
SH_10_0_2071_20260912T092826.m	10	s	2071	0	-	2109	os
HH_10_8_160_20260912T092833.m	10	h	160	8	-	1375	os
SH_10_0_2071_20260912T092834.m	10	s	2071	0	-	2110	os
HH_10_12_1002_20260912T092843.m	10	h	1002	12	-	1376	os
SH_10_2_577_20260912T092844.m	10	s	577	2	-	2111	os
SH_10_0_1007_20260912T092854.m	10	s	1007	0	-	2112	os
HH_10_8_160_20260912T092858.m	10	h	160	8	-	1377	os
SH_10_4_220_20260912T092902.m	10	s	220	4	-	2113	os
SH_10_0_2071_20260912T092910.m	10	s	2071	0	-	2114	os
HH_10_8_160_20260912T092911.m	10	h	160	8	-	1378	os
SH_10_0_2071_20260912T092918.m	10	s	2071	0	-	2115	os
HH_10_6_134_20260912T092921.m	10	h	134	6	-	1379	os
SH_10_0_967_20260912T092929.m	10	s	967	0	-	2116	os
HH_10_8_160_20260912T092931.m	10	h	160	8	-	1380	os
SH_10_0_143_20260912T092937.m	10	s	143	0	-	2117	os
SH_10_0_2071_20260912T092949.m	10	s	2071	0	-	2118	os
HH_10_8_160_20260912T092957.m	10	h	160	8	-	1381	os
SH_10_0_349_20260912T092959.m	10	s	349	0	-	2119	os
SH_10_0_349_20260912T093007.m	10	s	349	0	-	2120	os
HH_10_8_160_20260912T093010.m	10	h	160	8	-	1382	os
SH_10_0_143_20260912T093014.m	10	s	143	0	-	2121	os
HH_10_8_160_20260912T093018.m	10	h	160	8	-	1383	os
SH_10_0_1007_20260912T093023.m	10	s	1007	0	-	2122	os
HH_10_8_160_20260912T093027.m	10	h	160	8	-	1384	os
SH_10_0_2071_20260912T093033.m	10	s	2071	0	-	2123	os
HH_10_8_160_20260912T093035.m	10	h	160	8	-	1385	os
SH_10_2_577_20260912T093042.m	10	s	577	2	-	2124	os
SH_10_0_349_20260912T093052.m	10	s	349	0	-	2125	os
HH_10_8_160_20260912T093102.m	10	h	160	8	-	1386	os
SH_10_0_134_20260912T093102.m	10	s	134	0	-	2126	os
HH_10_8_160_20260912T093111.m	10	h	160	8	-	1387	os
SH_10_2_577_20260912T093111.m	10	s	577	2	-	2127	os
SH_10_0_2071_20260912T093120.m	10	s	2071	0	-	2128	os
HH_10_6_134_20260912T093121.m	10	h	134	6	-	1388	os
SH_10_0_1007_20260912T093131.m	10	s	1007	0	-	2129	os
HH_10_6_134_20260912T093138.m	10	h	134	6	-	1389	os
SH_10_0_527_20260912T093140.m	10	s	527	0	-	2130	os
HH_10_4_108_20260912T093146.m	10	h	108	4	-	1390	os
SH_10_0_1007_20260912T093149.m	10	s	1007	0	-	2131	os
HH_10_8_160_20260912T093156.m	10	h	160	8	-	1391	os
SH_10_2_577_20260912T093159.m	10	s	577	2	-	2132	os
SH_10_0_533_20260912T093210.m	10	s	533	0	-	2133	os
SH_10_0_99_20260912T093217.m	10	s	99	0	-	2134	os
HH_10_6_134_20260912T093218.m	10	h	134	6	-	1392	os
SH_10_0_271_20260912T093228.m	10	s	271	0	-	2135	os
HH_10_6_134_20260912T093236.m	10	h	134	6	-	1393	os
SH_10_0_349_20260912T093237.m	10	s	349	0	-	2136	os
SH_10_2_577_20260912T093247.m	10	s	577	2	-	2137	os
HH_10_12_1002_20260912T093251.m	10	h	1002	12	-	1394	os
SH_10_0_2071_20260912T093254.m	10	s	2071	0	-	2138	os
SH_10_0_2071_20260912T093304.m	10	s	2071	0	-	2139	os
HH_10_8_160_20260912T093306.m	10	h	160	8	-	1395	os
SH_10_2_577_20260912T093313.m	10	s	577	2	-	2140	os
HH_10_8_160_20260912T093315.m	10	h	160	8	-	1396	os
SH_10_2_577_20260912T093322.m	10	s	577	2	-	2141	os
HH_10_8_160_20260912T093329.m	10	h	160	8	-	1397	os
SH_10_0_99_20260912T093329.m	10	s	99	0	-	2142	os
HH_10_6_134_20260912T093339.m	10	h	134	6	-	1398	os
SH_10_0_500_20260912T093339.m	10	s	500	0	-	2143	os
SH_10_0_349_20260912T093350.m	10	s	349	0	-	2144	os
SH_10_0_1007_20260912T093402.m	10	s	1007	0	-	2145	os
HH_10_6_134_20260912T093407.m	10	h	134	6	-	1399	os
SH_10_2_577_20260912T093412.m	10	s	577	2	-	2146	os
SH_10_0_134_20260912T093420.m	10	s	134	0	-	2147	os
HH_10_6_134_20260912T093421.m	10	h	134	6	-	1400	os
SH_10_0_2071_20260912T093428.m	10	s	2071	0	-	2148	os
HH_10_12_1002_20260912T093430.m	10	h	1002	12	-	1401	os
SH_10_0_349_20260912T093437.m	10	s	349	0	-	2149	os
HH_10_8_160_20260912T093438.m	10	h	160	8	-	1402	os
SH_10_0_2071_20260912T093445.m	10	s	2071	0	-	2150	os
HH_10_8_160_20260912T093448.m	10	h	160	8	-	1403	os
SH_10_0_1007_20260912T093454.m	10	s	1007	0	-	2151	os
HH_10_6_134_20260912T093457.m	10	h	134	6	-	1404	os
SH_10_4_490_20260912T093502.m	10	s	490	4	-	2152	os
SH_10_0_349_20260912T093511.m	10	s	349	0	-	2153	os
HH_10_8_160_20260912T093512.m	10	h	160	8	-	1405	os
SH_10_0_967_20260912T093519.m	10	s	967	0	-	2154	os
HH_10_6_134_20260912T093520.m	10	h	134	6	-	1406	os
SH_10_0_99_20260912T093528.m	10	s	99	0	-	2155	os
HH_10_12_1002_20260912T093529.m	10	h	1002	12	-	1407	os
SH_10_0_349_20260912T093539.m	10	s	349	0	-	2156	os
HH_10_6_134_20260912T093548.m	10	h	134	6	-	1408	os
SH_10_2_577_20260912T093548.m	10	s	577	2	-	2157	os
HH_10_6_134_20260912T093558.m	10	h	134	6	-	1409	os
SH_10_2_577_20260912T093558.m	10	s	577	2	-	2158	os
SH_10_0_2071_20260912T093607.m	10	s	2071	0	-	2159	os
SH_10_0_2071_20260912T093619.m	10	s	2071	0	-	2160	os
SH_10_0_2071_20260912T093629.m	10	s	2071	0	-	2161	os
HH_10_12_1002_20260912T093631.m	10	h	1002	12	-	1410	os
SH_10_2_577_20260912T093638.m	10	s	577	2	-	2162	os
SH_10_0_349_20260912T093649.m	10	s	349	0	-	2163	os
SH_10_0_134_20260912T093701.m	10	s	134	0	-	2164	os
HH_10_6_134_20260912T093705.m	10	h	134	6	-	1411	os
SH_10_0_2071_20260912T093710.m	10	s	2071	0	-	2165	os
HH_10_8_160_20260912T093716.m	10	h	160	8	-	1412	os
SH_10_0_349_20260912T093719.m	10	s	349	0	-	2166	os
HH_10_8_160_20260912T093725.m	10	h	160	8	-	1413	os
SH_10_0_6_20260912T093729.m	10	s	6	0	6	2167	os
SH_10_0_1007_20260912T093738.m	10	s	1007	0	-	2168	os
HH_10_6_134_20260912T093740.m	10	h	134	6	-	1414	os
SH_10_0_1007_20260912T093747.m	10	s	1007	0	-	2169	os
HH_10_6_134_20260912T093749.m	10	h	134	6	-	1415	os
SH_10_0_1007_20260912T093757.m	10	s	1007	0	-	2170	os
HH_10_8_160_20260912T093759.m	10	h	160	8	-	1416	os
SH_10_0_2071_20260912T093806.m	10	s	2071	0	-	2171	os
HH_10_8_160_20260912T093809.m	10	h	160	8	-	1417	os
SH_10_0_1007_20260912T093815.m	10	s	1007	0	-	2172	os
HH_10_8_160_20260912T093819.m	10	h	160	8	-	1418	os
SH_10_0_1007_20260912T093824.m	10	s	1007	0	-	2173	os
HH_10_6_120_20260912T093829.m	10	h	120	6	-	1419	os
SH_10_0_349_20260912T093833.m	10	s	349	0	-	2174	os
HH_10_8_160_20260912T093838.m	10	h	160	8	-	1420	os
SH_10_2_577_20260912T093842.m	10	s	577	2	-	2175	os
HH_10_8_160_20260912T093847.m	10	h	160	8	-	1421	os
SH_10_4_490_20260912T093851.m	10	s	490	4	-	2176	os
HH_10_8_160_20260912T093856.m	10	h	160	8	-	1422	os
SH_10_0_2071_20260912T093901.m	10	s	2071	0	-	2177	os
HH_10_8_160_20260912T093905.m	10	h	160	8	-	1423	os
SH_10_0_499_20260912T093911.m	10	s	499	0	-	2178	os
HH_10_8_160_20260912T093915.m	10	h	160	8	-	1424	os
SH_10_0_1007_20260912T093919.m	10	s	1007	0	-	2179	os
HH_10_6_134_20260912T093925.m	10	h	134	6	-	1425	os
SH_10_2_577_20260912T093930.m	10	s	577	2	-	2180	os
SH_10_0_251_20260912T093941.m	10	s	251	0	-	2181	os
SH_10_0_500_20260912T093951.m	10	s	500	0	-	2182	os
HH_10_6_134_20260912T093952.m	10	h	134	6	-	1426	os
SH_10_2_577_20260912T093958.m	10	s	577	2	-	2183	os
HH_10_8_160_20260912T094001.m	10	h	160	8	-	1427	os
SH_10_0_2071_20260912T094007.m	10	s	2071	0	-	2184	os
HH_10_8_160_20260912T094010.m	10	h	160	8	-	1428	os
SH_10_0_349_20260912T094017.m	10	s	349	0	-	2185	os
SH_10_0_499_20260912T094028.m	10	s	499	0	-	2186	os
HH_10_6_134_20260912T094029.m	10	h	134	6	-	1429	os
SH_10_0_349_20260912T094040.m	10	s	349	0	-	2187	os
SH_10_0_349_20260912T094049.m	10	s	349	0	-	2188	os
SH_10_2_577_20260912T094100.m	10	s	577	2	-	2189	os
HH_10_8_160_20260912T094104.m	10	h	160	8	-	1430	os
SH_10_0_134_20260912T094108.m	10	s	134	0	-	2190	os
HH_10_6_134_20260912T094113.m	10	h	134	6	-	1431	os
SH_10_0_134_20260912T094116.m	10	s	134	0	-	2191	os
HH_10_6_134_20260912T094121.m	10	h	134	6	-	1432	os
SH_10_0_9_20260912T094125.m	10	s	9	0	-	2192	os
HH_10_8_160_20260912T094129.m	10	h	160	8	-	1433	os
SH_10_0_2071_20260912T094132.m	10	s	2071	0	-	2193	os
SH_10_2_577_20260912T094145.m	10	s	577	2	-	2194	os
SH_10_0_500_20260912T094151.m	10	s	500	0	-	2195	os
HH_10_12_1002_20260912T094152.m	10	h	1002	12	-	1434	os
SH_10_0_2071_20260912T094202.m	10	s	2071	0	-	2196	os
SH_10_0_2071_20260912T094214.m	10	s	2071	0	-	2197	os
SH_10_0_2071_20260912T094225.m	10	s	2071	0	-	2198	os
HH_10_6_134_20260912T094228.m	10	h	134	6	-	1435	os
SH_10_4_490_20260912T094234.m	10	s	490	4	-	2199	os
HH_10_12_1002_20260912T094237.m	10	h	1002	12	-	1436	os
SH_10_0_349_20260912T094242.m	10	s	349	0	-	2200	os
HH_10_8_160_20260912T094246.m	10	h	160	8	-	1437	os
SH_10_2_577_20260912T094250.m	10	s	577	2	-	2201	os
HH_10_8_160_20260912T094256.m	10	h	160	8	-	1438	os
SH_10_0_2071_20260912T094300.m	10	s	2071	0	-	2202	os
HH_10_8_160_20260912T094306.m	10	h	160	8	-	1439	os
SH_10_0_6_20260912T094310.m	10	s	6	0	6	2203	os
HH_10_6_134_20260912T094316.m	10	h	134	6	-	1440	os
SH_10_0_143_20260912T094321.m	10	s	143	0	-	2204	os
HH_10_6_134_20260912T094326.m	10	h	134	6	-	1441	os
SH_10_2_577_20260912T094332.m	10	s	577	2	-	2205	os
HH_10_6_134_20260912T094336.m	10	h	134	6	-	1442	os
SH_10_0_2071_20260912T094342.m	10	s	2071	0	-	2206	os
SH_10_0_967_20260912T094354.m	10	s	967	0	-	2207	os
HH_10_6_134_20260912T094403.m	10	h	134	6	-	1443	os
SH_10_2_577_20260912T094403.m	10	s	577	2	-	2208	os
HH_10_12_1002_20260912T094412.m	10	h	1002	12	-	1444	os
SH_10_0_2071_20260912T094412.m	10	s	2071	0	-	2209	os
HH_10_6_106_20260912T094421.m	10	h	106	6	-	1445	os
SH_10_0_2071_20260912T094423.m	10	s	2071	0	-	2210	os
HH_10_8_160_20260912T094430.m	10	h	160	8	-	1446	os
SH_10_0_533_20260912T094430.m	10	s	533	0	-	2211	os
HH_10_8_160_20260912T094439.m	10	h	160	8	-	1447	os
SH_10_0_349_20260912T094440.m	10	s	349	0	-	2212	os
HH_10_8_160_20260912T094449.m	10	h	160	8	-	1448	os
SH_10_0_349_20260912T094450.m	10	s	349	0	-	2213	os
HH_10_8_160_20260912T094459.m	10	h	160	8	-	1449	os
SH_10_2_577_20260912T094501.m	10	s	577	2	-	2214	os
HH_10_8_160_20260912T094509.m	10	h	160	8	-	1450	os
SH_10_0_283_20260912T094511.m	10	s	283	0	-	2215	os
SH_10_0_134_20260912T094522.m	10	s	134	0	-	2216	os
SH_10_2_577_20260912T094534.m	10	s	577	2	-	2217	os
SH_10_0_349_20260912T094544.m	10	s	349	0	-	2218	os
HH_10_6_106_20260912T094546.m	10	h	106	6	-	1451	os
SH_10_0_2071_20260912T094553.m	10	s	2071	0	-	2219	os
HH_10_6_134_20260912T094555.m	10	h	134	6	-	1452	os
SH_10_0_143_20260912T094603.m	10	s	143	0	-	2220	os
HH_10_8_160_20260912T094605.m	10	h	160	8	-	1453	os
SH_10_0_2071_20260912T094612.m	10	s	2071	0	-	2221	os
HH_10_8_160_20260912T094615.m	10	h	160	8	-	1454	os
SH_10_0_349_20260912T094621.m	10	s	349	0	-	2222	os
HH_10_8_160_20260912T094624.m	10	h	160	8	-	1455	os
SH_10_0_2071_20260912T094630.m	10	s	2071	0	-	2223	os
HH_10_8_160_20260912T094634.m	10	h	160	8	-	1456	os
SH_10_0_349_20260912T094641.m	10	s	349	0	-	2224	os
HH_10_8_160_20260912T094643.m	10	h	160	8	-	1457	os
SH_10_0_175_20260912T094651.m	10	s	175	0	-	2225	os
HH_10_6_134_20260912T094653.m	10	h	134	6	-	1458	os
SH_10_2_577_20260912T094700.m	10	s	577	2	-	2226	os
HH_10_6_134_20260912T094703.m	10	h	134	6	-	1459	os
SH_10_4_220_20260912T094708.m	10	s	220	4	-	2227	os
HH_10_8_160_20260912T094712.m	10	h	160	8	-	1460	os
SH_10_0_2071_20260912T094716.m	10	s	2071	0	-	2228	os
HH_10_6_134_20260912T094721.m	10	h	134	6	-	1461	os
SH_10_0_143_20260912T094726.m	10	s	143	0	-	2229	os
SH_10_0_283_20260912T094735.m	10	s	283	0	-	2230	os
HH_10_8_160_20260912T094736.m	10	h	160	8	-	1462	os
SH_10_0_2071_20260912T094744.m	10	s	2071	0	-	2231	os
SH_10_0_1071_20260912T094755.m	10	s	1071	0	-	2232	os
HH_10_8_160_20260912T094801.m	10	h	160	8	-	1463	os
SH_10_0_1007_20260912T094803.m	10	s	1007	0	-	2233	os
SH_10_0_2071_20260912T094811.m	10	s	2071	0	-	2234	os
HH_10_6_134_20260912T094816.m	10	h	134	6	-	1464	os
SH_10_0_1071_20260912T094820.m	10	s	1071	0	-	2235	os
HH_10_8_160_20260912T094826.m	10	h	160	8	-	1465	os
SH_10_0_2071_20260912T094830.m	10	s	2071	0	-	2236	os
HH_10_6_134_20260912T094836.m	10	h	134	6	-	1466	os
SH_10_0_500_20260912T094839.m	10	s	500	0	-	2237	os
HH_10_12_1002_20260912T094846.m	10	h	1002	12	-	1467	os
SH_10_0_143_20260912T094848.m	10	s	143	0	-	2238	os
HH_10_6_106_20260912T094856.m	10	h	106	6	-	1468	os
SH_10_0_1007_20260912T094859.m	10	s	1007	0	-	2239	os
SH_10_2_577_20260912T094911.m	10	s	577	2	-	2240	os
SH_10_0_2071_20260912T094920.m	10	s	2071	0	-	2241	os
HH_10_8_160_20260912T094921.m	10	h	160	8	-	1469	os
SH_10_0_2071_20260912T094930.m	10	s	2071	0	-	2242	os
HH_10_8_160_20260912T094932.m	10	h	160	8	-	1470	os
SH_10_2_577_20260912T094953.m	10	s	577	2	-	2243	os
SH_10_0_1007_20260912T095004.m	10	s	1007	0	-	2244	os
SH_10_0_349_20260912T095015.m	10	s	349	0	-	2245	os
HH_10_8_160_20260912T095019.m	10	h	160	8	-	1471	os
SH_10_2_577_20260912T095023.m	10	s	577	2	-	2246	os
HH_10_8_160_20260912T095028.m	10	h	160	8	-	1472	os
SH_10_0_1071_20260912T095033.m	10	s	1071	0	-	2247	os
HH_10_6_134_20260912T095037.m	10	h	134	6	-	1473	os
SH_10_0_349_20260912T095044.m	10	s	349	0	-	2248	os
SH_10_2_577_20260912T095056.m	10	s	577	2	-	2249	os
SH_10_0_1007_20260912T095107.m	10	s	1007	0	-	2250	os
HH_10_8_160_20260912T095112.m	10	h	160	8	-	1474	os
SH_10_0_2071_20260912T095115.m	10	s	2071	0	-	2251	os
HH_10_6_106_20260912T095123.m	10	h	106	6	-	1475	os
SH_10_4_490_20260912T095124.m	10	s	490	4	-	2252	os
SH_10_0_1007_20260912T095137.m	10	s	1007	0	-	2253	os
SH_10_0_1007_20260912T095145.m	10	s	1007	0	-	2254	os
HH_10_8_160_20260912T095147.m	10	h	160	8	-	1476	os
SH_10_2_577_20260912T095154.m	10	s	577	2	-	2255	os
HH_10_6_134_20260912T095157.m	10	h	134	6	-	1477	os
SH_10_0_533_20260912T095203.m	10	s	533	0	-	2256	os
HH_10_12_1002_20260912T095206.m	10	h	1002	12	-	1478	os
SH_10_0_349_20260912T095213.m	10	s	349	0	-	2257	os
HH_10_8_160_20260912T095218.m	10	h	160	8	-	1479	os
SH_10_0_1007_20260912T095220.m	10	s	1007	0	-	2258	os
HH_10_8_160_20260912T095226.m	10	h	160	8	-	1480	os
SH_10_0_499_20260912T095229.m	10	s	499	0	-	2259	os
HH_10_6_106_20260912T095236.m	10	h	106	6	-	1481	os
SH_10_0_349_20260912T095238.m	10	s	349	0	-	2260	os
SH_10_0_500_20260912T095249.m	10	s	500	0	-	2261	os
HH_10_6_134_20260912T095253.m	10	h	134	6	-	1482	os
SH_10_0_134_20260912T095259.m	10	s	134	0	-	2262	os
SH_10_0_134_20260912T095308.m	10	s	134	0	-	2263	os
HH_10_8_160_20260912T095310.m	10	h	160	8	-	1483	os
SH_10_0_527_20260912T095318.m	10	s	527	0	-	2264	os
SH_10_0_1007_20260912T095325.m	10	s	1007	0	-	2265	os
HH_10_6_134_20260912T095326.m	10	h	134	6	-	1484	os
SH_10_0_349_20260912T095335.m	10	s	349	0	-	2266	os
HH_10_6_134_20260912T095337.m	10	h	134	6	-	1485	os
SH_10_0_251_20260912T095347.m	10	s	251	0	-	2267	os
HH_10_6_134_20260912T095354.m	10	h	134	6	-	1486	os
SH_10_0_2071_20260912T095355.m	10	s	2071	0	-	2268	os
HH_10_8_160_20260912T095403.m	10	h	160	8	-	1487	os
SH_10_2_577_20260912T095404.m	10	s	577	2	-	2269	os
SH_10_0_500_20260912T095414.m	10	s	500	0	-	2270	os
HH_10_8_160_20260912T095417.m	10	h	160	8	-	1488	os
SH_10_0_143_20260912T095422.m	10	s	143	0	-	2271	os
HH_10_6_134_20260912T095426.m	10	h	134	6	-	1489	os
SH_10_0_349_20260912T095431.m	10	s	349	0	-	2272	os
HH_10_6_134_20260912T095436.m	10	h	134	6	-	1490	os
SH_10_0_2071_20260912T095441.m	10	s	2071	0	-	2273	os
SH_10_0_2071_20260912T095452.m	10	s	2071	0	-	2274	os
HH_10_6_134_20260912T095454.m	10	h	134	6	-	1491	os
SH_10_0_2071_20260912T095503.m	10	s	2071	0	-	2275	os
HH_10_8_160_20260912T095504.m	10	h	160	8	-	1492	os
SH_10_0_99_20260912T095512.m	10	s	99	0	-	2276	os
HH_10_8_160_20260912T095515.m	10	h	160	8	-	1493	os
SH_10_0_2071_20260912T095522.m	10	s	2071	0	-	2277	os
HH_10_8_160_20260912T095524.m	10	h	160	8	-	1494	os
SH_10_0_2071_20260912T095532.m	10	s	2071	0	-	2278	os
HH_10_6_134_20260912T095534.m	10	h	134	6	-	1495	os
SH_10_0_175_20260912T095542.m	10	s	175	0	-	2279	os
HH_10_8_160_20260912T095544.m	10	h	160	8	-	1496	os
SH_10_0_1007_20260912T095551.m	10	s	1007	0	-	2280	os
HH_10_6_134_20260912T095553.m	10	h	134	6	-	1497	os
SH_10_2_577_20260912T095601.m	10	s	577	2	-	2281	os
HH_10_12_1002_20260912T095603.m	10	h	1002	12	-	1498	os
SH_10_0_499_20260912T095610.m	10	s	499	0	-	2282	os
HH_10_12_1002_20260912T095612.m	10	h	1002	12	-	1499	os
SH_10_0_1007_20260912T095622.m	10	s	1007	0	-	2283	os
HH_10_8_160_20260912T095628.m	10	h	160	8	-	1500	os
SH_10_0_349_20260912T095629.m	10	s	349	0	-	2284	os
HH_10_12_1002_20260912T095637.m	10	h	1002	12	-	1501	os
SH_10_0_2071_20260912T095638.m	10	s	2071	0	-	2285	os
HH_10_6_134_20260912T095646.m	10	h	134	6	-	1502	os
SH_10_2_577_20260912T095647.m	10	s	577	2	-	2286	os
SH_10_0_2071_20260912T095658.m	10	s	2071	0	-	2287	os
HH_10_6_134_20260912T095702.m	10	h	134	6	-	1503	os
SH_10_0_2071_20260912T095706.m	10	s	2071	0	-	2288	os
HH_10_8_160_20260912T095712.m	10	h	160	8	-	1504	os
SH_10_0_2071_20260912T095716.m	10	s	2071	0	-	2289	os
SH_10_0_251_20260912T095728.m	10	s	251	0	-	2290	os
HH_10_8_160_20260912T095732.m	10	h	160	8	-	1505	os
SH_10_0_2071_20260912T095739.m	10	s	2071	0	-	2291	os
HH_10_6_134_20260912T095742.m	10	h	134	6	-	1506	os
SH_10_0_2071_20260912T095750.m	10	s	2071	0	-	2292	os
HH_10_6_134_20260912T095752.m	10	h	134	6	-	1507	os
SH_10_0_2071_20260912T095800.m	10	s	2071	0	-	2293	os
HH_10_8_160_20260912T095806.m	10	h	160	8	-	1508	os
SH_10_0_533_20260912T095807.m	10	s	533	0	-	2294	os
SH_10_0_349_20260912T095819.m	10	s	349	0	-	2295	os
SH_10_0_283_20260912T095829.m	10	s	283	0	-	2296	os
SH_10_0_533_20260912T095838.m	10	s	533	0	-	2297	os
HH_10_4_108_20260912T095841.m	10	h	108	4	-	1509	os
SH_10_4_490_20260912T095848.m	10	s	490	4	-	2298	os
HH_10_6_106_20260912T095850.m	10	h	106	6	-	1510	os
SH_10_0_2071_20260912T095858.m	10	s	2071	0	-	2299	os
HH_10_6_134_20260912T095901.m	10	h	134	6	-	1511	os
SH_10_0_2071_20260912T095907.m	10	s	2071	0	-	2300	os
HH_10_4_108_20260912T095911.m	10	h	108	4	-	1512	os
SH_10_0_499_20260912T095917.m	10	s	499	0	-	2301	os
SH_10_0_5_20260912T095926.m	10	s	5	0	5	2302	os
HH_10_6_134_20260912T095930.m	10	h	134	6	-	1513	os
SH_10_2_577_20260912T095935.m	10	s	577	2	-	2303	os
SH_10_2_577_20260912T095945.m	10	s	577	2	-	2304	os
HH_10_8_160_20260912T095948.m	10	h	160	8	-	1514	os
SH_10_0_2071_20260912T095955.m	10	s	2071	0	-	2305	os
HH_10_6_134_20260912T095957.m	10	h	134	6	-	1515	os
SH_10_0_134_20260912T100004.m	10	s	134	0	-	2306	os
HH_10_6_134_20260912T100008.m	10	h	134	6	-	1516	os
SH_10_0_2071_20260912T100014.m	10	s	2071	0	-	2307	os
HH_10_6_134_20260912T100018.m	10	h	134	6	-	1517	os
SH_10_0_2071_20260912T100023.m	10	s	2071	0	-	2308	os
HH_10_6_130_20260912T100028.m	10	h	130	6	-	1518	os
SH_10_0_1007_20260912T100033.m	10	s	1007	0	-	2309	os
SH_10_0_1007_20260912T100039.m	10	s	1007	0	-	2310	os
HH_10_8_160_20260912T100040.m	10	h	160	8	-	1519	os
HH_10_6_134_20260912T100049.m	10	h	134	6	-	1520	os
SH_10_0_1007_20260912T100049.m	10	s	1007	0	-	2311	os
HH_10_6_134_20260912T100059.m	10	h	134	6	-	1521	os
SH_10_0_499_20260912T100059.m	10	s	499	0	-	2312	os
SH_10_0_2071_20260912T100109.m	10	s	2071	0	-	2313	os
SH_10_0_2071_20260912T100120.m	10	s	2071	0	-	2314	os
HH_10_8_160_20260912T100126.m	10	h	160	8	-	1522	os
SH_10_0_1007_20260912T100129.m	10	s	1007	0	-	2315	os
HH_10_8_160_20260912T100136.m	10	h	160	8	-	1523	os
SH_10_2_577_20260912T100138.m	10	s	577	2	-	2316	os
HH_10_6_106_20260912T100145.m	10	h	106	6	-	1524	os
SH_10_0_143_20260912T100147.m	10	s	143	0	-	2317	os
SH_10_0_1007_20260912T100157.m	10	s	1007	0	-	2318	os
HH_10_6_106_20260912T100159.m	10	h	106	6	-	1525	os
SH_10_2_577_20260912T100205.m	10	s	577	2	-	2319	os
HH_10_6_134_20260912T100207.m	10	h	134	6	-	1526	os
SH_10_0_349_20260912T100214.m	10	s	349	0	-	2320	os
HH_10_8_160_20260912T100216.m	10	h	160	8	-	1527	os
SH_10_0_2071_20260912T100222.m	10	s	2071	0	-	2321	os
HH_10_6_134_20260912T100225.m	10	h	134	6	-	1528	os
SH_10_4_490_20260912T100232.m	10	s	490	4	-	2322	os
SH_10_0_2071_20260912T100243.m	10	s	2071	0	-	2323	os
HH_10_8_160_20260912T100249.m	10	h	160	8	-	1529	os
SH_10_0_2071_20260912T100251.m	10	s	2071	0	-	2324	os
HH_10_8_160_20260912T100259.m	10	h	160	8	-	1530	os
SH_10_0_9_20260912T100301.m	10	s	9	0	-	2325	os
HH_10_6_134_20260912T100308.m	10	h	134	6	-	1531	os
SH_10_0_1007_20260912T100310.m	10	s	1007	0	-	2326	os
SH_10_0_1007_20260912T100320.m	10	s	1007	0	-	2327	os
HH_10_8_160_20260912T100324.m	10	h	160	8	-	1532	os
SH_10_0_1007_20260912T100329.m	10	s	1007	0	-	2328	os
HH_10_6_106_20260912T100334.m	10	h	106	6	-	1533	os
SH_10_0_2071_20260912T100338.m	10	s	2071	0	-	2329	os
HH_10_6_106_20260912T100344.m	10	h	106	6	-	1534	os
SH_10_0_1007_20260912T100346.m	10	s	1007	0	-	2330	os
HH_10_6_134_20260912T100353.m	10	h	134	6	-	1535	os
SH_10_0_143_20260912T100356.m	10	s	143	0	-	2331	os
SH_10_0_2071_20260912T100406.m	10	s	2071	0	-	2332	os
HH_10_8_160_20260912T100410.m	10	h	160	8	-	1536	os
SH_10_0_349_20260912T100416.m	10	s	349	0	-	2333	os
HH_10_4_108_20260912T100419.m	10	h	108	4	-	1537	os
SH_10_0_499_20260912T100426.m	10	s	499	0	-	2334	os
HH_10_6_134_20260912T100429.m	10	h	134	6	-	1538	os
SH_10_0_2071_20260912T100437.m	10	s	2071	0	-	2335	os
HH_10_8_160_20260912T100439.m	10	h	160	8	-	1539	os
SH_10_0_349_20260912T100447.m	10	s	349	0	-	2336	os
HH_10_12_1002_20260912T100449.m	10	h	1002	12	-	1540	os
SH_10_2_577_20260912T100457.m	10	s	577	2	-	2337	os
SH_10_0_1071_20260912T100509.m	10	s	1071	0	-	2338	os
SH_10_0_1071_20260912T100519.m	10	s	1071	0	-	2339	os
HH_10_8_160_20260912T100520.m	10	h	160	8	-	1541	os
SH_10_0_5_20260912T100527.m	10	s	5	0	5	2340	os
HH_10_8_160_20260912T100529.m	10	h	160	8	-	1542	os
SH_10_0_349_20260912T100535.m	10	s	349	0	-	2341	os
HH_10_8_160_20260912T100537.m	10	h	160	8	-	1543	os
SH_10_0_134_20260912T100545.m	10	s	134	0	-	2342	os
HH_10_6_134_20260912T100552.m	10	h	134	6	-	1544	os
SH_10_2_577_20260912T100553.m	10	s	577	2	-	2343	os
SH_10_0_2071_20260912T100605.m	10	s	2071	0	-	2344	os
HH_10_8_160_20260912T100613.m	10	h	160	8	-	1545	os
SH_10_4_108_20260912T100615.m	10	s	108	4	-	2345	os
HH_10_6_106_20260912T100623.m	10	h	106	6	-	1546	os
SH_10_2_577_20260912T100625.m	10	s	577	2	-	2346	os
HH_10_8_160_20260912T100632.m	10	h	160	8	-	1547	os
SH_10_2_577_20260912T100634.m	10	s	577	2	-	2347	os
HH_10_12_1002_20260912T100640.m	10	h	1002	12	-	1548	os
SH_10_4_490_20260912T100643.m	10	s	490	4	-	2348	os
SH_10_2_577_20260912T100654.m	10	s	577	2	-	2349	os
SH_10_0_1007_20260912T100707.m	10	s	1007	0	-	2350	os
HH_10_6_134_20260912T100711.m	10	h	134	6	-	1549	os
SH_10_0_1007_20260912T100715.m	10	s	1007	0	-	2351	os
SH_10_1_208_20260912T100726.m	10	s	208	1	-	2352	os
HH_10_6_134_20260912T100731.m	10	h	134	6	-	1550	os
SH_10_0_1007_20260912T100737.m	10	s	1007	0	-	2353	os
HH_10_6_134_20260912T100742.m	10	h	134	6	-	1551	os
SH_10_0_2071_20260912T100746.m	10	s	2071	0	-	2354	os
HH_10_12_1002_20260912T100752.m	10	h	1002	12	-	1552	os
SH_10_2_577_20260912T100755.m	10	s	577	2	-	2355	os
HH_10_8_160_20260912T100801.m	10	h	160	8	-	1553	os
SH_10_0_1071_20260912T100804.m	10	s	1071	0	-	2356	os
HH_10_8_160_20260912T100811.m	10	h	160	8	-	1554	os
SH_10_0_500_20260912T100813.m	10	s	500	0	-	2357	os
SH_10_0_99_20260912T100824.m	10	s	99	0	-	2358	os
HH_10_6_134_20260912T100830.m	10	h	134	6	-	1555	os
SH_10_0_1007_20260912T100834.m	10	s	1007	0	-	2359	os
HH_10_6_130_20260912T100840.m	10	h	130	6	-	1556	os
SH_10_0_1007_20260912T100843.m	10	s	1007	0	-	2360	os
SH_10_0_134_20260912T100853.m	10	s	134	0	-	2361	os
HH_10_6_134_20260912T100856.m	10	h	134	6	-	1557	os
SH_10_2_577_20260912T100901.m	10	s	577	2	-	2362	os
HH_10_8_160_20260912T100906.m	10	h	160	8	-	1558	os
SH_10_0_1007_20260912T100911.m	10	s	1007	0	-	2363	os
HH_10_6_134_20260912T100915.m	10	h	134	6	-	1559	os
SH_10_0_349_20260912T100920.m	10	s	349	0	-	2364	os
HH_10_8_160_20260912T100926.m	10	h	160	8	-	1560	os
SH_10_0_527_20260912T100932.m	10	s	527	0	-	2365	os
SH_10_0_349_20260912T100940.m	10	s	349	0	-	2366	os
HH_10_8_160_20260912T100942.m	10	h	160	8	-	1561	os
SH_10_2_577_20260912T100949.m	10	s	577	2	-	2367	os
HH_10_12_1002_20260912T100951.m	10	h	1002	12	-	1562	os
SH_10_2_577_20260912T100958.m	10	s	577	2	-	2368	os
HH_10_6_134_20260912T100959.m	10	h	134	6	-	1563	os
SH_10_2_577_20260912T101006.m	10	s	577	2	-	2369	os
SH_10_2_577_20260912T101019.m	10	s	577	2	-	2370	os
SH_10_0_2071_20260912T101031.m	10	s	2071	0	-	2371	os
SH_10_0_1071_20260912T101042.m	10	s	1071	0	-	2372	os
HH_10_8_160_20260912T101043.m	10	h	160	8	-	1564	os
SH_10_0_499_20260912T101051.m	10	s	499	0	-	2373	os
HH_10_8_160_20260912T101053.m	10	h	160	8	-	1565	os
SH_10_0_1007_20260912T101101.m	10	s	1007	0	-	2374	os
SH_10_0_349_20260912T101112.m	10	s	349	0	-	2375	os
HH_10_8_160_20260912T101116.m	10	h	160	8	-	1566	os
SH_10_1_208_20260912T101119.m	10	s	208	1	-	2376	os
HH_10_6_106_20260912T101126.m	10	h	106	6	-	1567	os
SH_10_4_220_20260912T101129.m	10	s	220	4	-	2377	os
HH_10_6_106_20260912T101135.m	10	h	106	6	-	1568	os
SH_10_0_1007_20260912T101139.m	10	s	1007	0	-	2378	os
SH_10_0_349_20260912T101148.m	10	s	349	0	-	2379	os
HH_10_6_134_20260912T101150.m	10	h	134	6	-	1569	os
SH_10_0_349_20260912T101158.m	10	s	349	0	-	2380	os
HH_10_6_134_20260912T101159.m	10	h	134	6	-	1570	os
HH_10_8_160_20260912T101207.m	10	h	160	8	-	1571	os
SH_10_0_1071_20260912T101207.m	10	s	1071	0	-	2381	os
SH_10_0_1007_20260912T101219.m	10	s	1007	0	-	2382	os
HH_10_8_160_20260912T101226.m	10	h	160	8	-	1572	os
SH_10_0_1071_20260912T101228.m	10	s	1071	0	-	2383	os
HH_10_8_160_20260912T101237.m	10	h	160	8	-	1573	os
SH_10_4_220_20260912T101238.m	10	s	220	4	-	2384	os
HH_10_8_160_20260912T101246.m	10	h	160	8	-	1574	os
SH_10_0_2071_20260912T101249.m	10	s	2071	0	-	2385	os
SH_10_0_2071_20260912T101301.m	10	s	2071	0	-	2386	os
SH_10_0_2071_20260912T101313.m	10	s	2071	0	-	2387	os
HH_10_8_160_20260912T101320.m	10	h	160	8	-	1575	os
SH_10_0_2071_20260912T101321.m	10	s	2071	0	-	2388	os
HH_10_6_134_20260912T101329.m	10	h	134	6	-	1576	os
SH_10_0_2071_20260912T101330.m	10	s	2071	0	-	2389	os
HH_10_8_160_20260912T101337.m	10	h	160	8	-	1577	os
SH_10_0_2071_20260912T101339.m	10	s	2071	0	-	2390	os
SH_10_0_500_20260912T101348.m	10	s	500	0	-	2391	os
HH_10_6_134_20260912T101350.m	10	h	134	6	-	1578	os
SH_10_0_349_20260912T101357.m	10	s	349	0	-	2392	os
HH_10_6_134_20260912T101401.m	10	h	134	6	-	1579	os
SH_10_0_2071_20260912T101407.m	10	s	2071	0	-	2393	os
HH_10_6_134_20260912T101411.m	10	h	134	6	-	1580	os
SH_10_0_283_20260912T101417.m	10	s	283	0	-	2394	os
HH_10_8_160_20260912T101422.m	10	h	160	8	-	1581	os
SH_10_0_499_20260912T101428.m	10	s	499	0	-	2395	os
HH_10_8_160_20260912T101432.m	10	h	160	8	-	1582	os
SH_10_0_143_20260912T101438.m	10	s	143	0	-	2396	os
SH_10_0_349_20260912T101447.m	10	s	349	0	-	2397	os
HH_10_12_1002_20260912T101449.m	10	h	1002	12	-	1583	os
SH_10_0_2071_20260912T101457.m	10	s	2071	0	-	2398	os
HH_10_8_160_20260912T101459.m	10	h	160	8	-	1584	os
SH_10_0_1007_20260912T101504.m	10	s	1007	0	-	2399	os
SH_10_2_577_20260912T101516.m	10	s	577	2	-	2400	os
HH_10_6_134_20260912T101521.m	10	h	134	6	-	1585	os
SH_10_0_1007_20260912T101524.m	10	s	1007	0	-	2401	os
HH_10_8_160_20260912T101531.m	10	h	160	8	-	1586	os
SH_10_0_2071_20260912T101534.m	10	s	2071	0	-	2402	os
HH_10_8_160_20260912T101540.m	10	h	160	8	-	1587	os
SH_10_0_175_20260912T101542.m	10	s	175	0	-	2403	os
HH_10_8_160_20260912T101550.m	10	h	160	8	-	1588	os
SH_10_0_2071_20260912T101552.m	10	s	2071	0	-	2404	os
HH_10_6_134_20260912T101559.m	10	h	134	6	-	1589	os
SH_10_0_349_20260912T101601.m	10	s	349	0	-	2405	os
HH_10_6_134_20260912T101608.m	10	h	134	6	-	1590	os
SH_10_0_2071_20260912T101610.m	10	s	2071	0	-	2406	os
SH_10_0_533_20260912T101621.m	10	s	533	0	-	2407	os
SH_10_0_1007_20260912T101630.m	10	s	1007	0	-	2408	os
HH_10_6_106_20260912T101632.m	10	h	106	6	-	1591	os
SH_10_0_349_20260912T101642.m	10	s	349	0	-	2409	os
HH_10_6_134_20260912T101650.m	10	h	134	6	-	1592	os
SH_10_0_1007_20260912T101651.m	10	s	1007	0	-	2410	os
HH_10_6_134_20260912T101659.m	10	h	134	6	-	1593	os
SH_10_0_99_20260912T101701.m	10	s	99	0	-	2411	os
HH_10_8_160_20260912T101708.m	10	h	160	8	-	1594	os
SH_10_2_577_20260912T101712.m	10	s	577	2	-	2412	os
HH_10_6_134_20260912T101719.m	10	h	134	6	-	1595	os
SH_10_2_577_20260912T101721.m	10	s	577	2	-	2413	os
SH_10_0_1007_20260912T101733.m	10	s	1007	0	-	2414	os
SH_10_0_2071_20260912T101743.m	10	s	2071	0	-	2415	os
HH_10_8_160_20260912T101744.m	10	h	160	8	-	1596	os
SH_10_0_2071_20260912T101751.m	10	s	2071	0	-	2416	os
HH_10_6_134_20260912T101753.m	10	h	134	6	-	1597	os
SH_10_4_490_20260912T101801.m	10	s	490	4	-	2417	os
SH_10_0_2071_20260912T101811.m	10	s	2071	0	-	2418	os
HH_10_6_134_20260912T101813.m	10	h	134	6	-	1598	os
SH_10_2_577_20260912T101821.m	10	s	577	2	-	2419	os
HH_10_6_106_20260912T101823.m	10	h	106	6	-	1599	os
SH_10_0_99_20260912T101831.m	10	s	99	0	-	2420	os
HH_10_8_160_20260912T101832.m	10	h	160	8	-	1600	os
SH_10_4_490_20260912T101839.m	10	s	490	4	-	2421	os
HH_10_8_160_20260912T101841.m	10	h	160	8	-	1601	os
SH_10_0_1007_20260912T101849.m	10	s	1007	0	-	2422	os
HH_10_8_160_20260912T101851.m	10	h	160	8	-	1602	os
SH_10_0_2071_20260912T101900.m	10	s	2071	0	-	2423	os
HH_10_8_160_20260912T101901.m	10	h	160	8	-	1603	os
SH_10_0_500_20260912T101909.m	10	s	500	0	-	2424	os
HH_10_8_160_20260912T101910.m	10	h	160	8	-	1604	os
SH_10_0_2071_20260912T101919.m	10	s	2071	0	-	2425	os
HH_10_12_1002_20260912T101925.m	10	h	1002	12	-	1605	os
SH_10_0_500_20260912T101926.m	10	s	500	0	-	2426	os
HH_10_8_160_20260912T101936.m	10	h	160	8	-	1606	os
SH_10_0_2071_20260912T101937.m	10	s	2071	0	-	2427	os
HH_10_8_160_20260912T101946.m	10	h	160	8	-	1607	os
SH_10_4_490_20260912T101946.m	10	s	490	4	-	2428	os
HH_10_8_160_20260912T101954.m	10	h	160	8	-	1608	os
SH_10_0_1007_20260912T101955.m	10	s	1007	0	-	2429	os
HH_10_6_134_20260912T102003.m	10	h	134	6	-	1609	os
SH_10_0_1007_20260912T102006.m	10	s	1007	0	-	2430	os
SH_10_0_271_20260912T102017.m	10	s	271	0	-	2431	os
HH_10_8_160_20260912T102021.m	10	h	160	8	-	1610	os
SH_10_0_251_20260912T102028.m	10	s	251	0	-	2432	os
HH_10_8_160_20260912T102031.m	10	h	160	8	-	1611	os
SH_10_4_220_20260912T102037.m	10	s	220	4	-	2433	os
HH_10_6_134_20260912T102039.m	10	h	134	6	-	1612	os
SH_10_0_527_20260912T102048.m	10	s	527	0	-	2434	os
SH_10_0_1007_20260912T102057.m	10	s	1007	0	-	2435	os
HH_10_8_160_20260912T102102.m	10	h	160	8	-	1613	os
SH_10_0_500_20260912T102105.m	10	s	500	0	-	2436	os
HH_10_6_134_20260912T102112.m	10	h	134	6	-	1614	os
SH_10_4_490_20260912T102116.m	10	s	490	4	-	2437	os
HH_10_6_134_20260912T102121.m	10	h	134	6	-	1615	os
SH_10_0_2071_20260912T102124.m	10	s	2071	0	-	2438	os
HH_10_6_134_20260912T102131.m	10	h	134	6	-	1616	os
SH_10_0_2071_20260912T102133.m	10	s	2071	0	-	2439	os
HH_10_8_160_20260912T102141.m	10	h	160	8	-	1617	os
SH_10_0_2071_20260912T102142.m	10	s	2071	0	-	2440	os
SH_10_0_349_20260912T102153.m	10	s	349	0	-	2441	os
HH_10_12_1002_20260912T102156.m	10	h	1002	12	-	1618	os
SH_10_0_349_20260912T102200.m	10	s	349	0	-	2442	os
HH_10_8_160_20260912T102205.m	10	h	160	8	-	1619	os
SH_10_0_349_20260912T102211.m	10	s	349	0	-	2443	os
HH_10_8_160_20260912T102215.m	10	h	160	8	-	1620	os
SH_10_2_577_20260912T102220.m	10	s	577	2	-	2444	os
HH_10_8_160_20260912T102224.m	10	h	160	8	-	1621	os
SH_10_4_220_20260912T102230.m	10	s	220	4	-	2445	os
HH_10_12_1002_20260912T102234.m	10	h	1002	12	-	1622	os
SH_10_2_577_20260912T102239.m	10	s	577	2	-	2446	os
HH_10_12_1002_20260912T102243.m	10	h	1002	12	-	1623	os
SH_10_0_2071_20260912T102250.m	10	s	2071	0	-	2447	os
HH_10_6_134_20260912T102252.m	10	h	134	6	-	1624	os
SH_10_2_577_20260912T102259.m	10	s	577	2	-	2448	os
HH_10_8_160_20260912T102310.m	10	h	160	8	-	1625	os
SH_10_0_1071_20260912T102310.m	10	s	1071	0	-	2449	os
SH_10_4_220_20260912T102319.m	10	s	220	4	-	2450	os
HH_10_6_134_20260912T102320.m	10	h	134	6	-	1626	os
SH_10_0_349_20260912T102330.m	10	s	349	0	-	2451	os
HH_10_8_160_20260912T102335.m	10	h	160	8	-	1627	os
SH_10_2_577_20260912T102338.m	10	s	577	2	-	2452	os
SH_10_0_2071_20260912T102347.m	10	s	2071	0	-	2453	os
SH_10_2_577_20260912T102352.m	10	s	577	2	-	2454	os
SH_10_0_143_20260912T102404.m	10	s	143	0	-	2455	os
SH_10_0_1007_20260912T102415.m	10	s	1007	0	-	2456	os
SH_10_0_11_20260912T102427.m	10	s	11	0	-	2457	os
SH_10_0_2071_20260912T102440.m	10	s	2071	0	-	2458	os
SH_10_4_108_20260912T102453.m	10	s	108	4	-	2459	os
SH_10_2_577_20260912T102505.m	10	s	577	2	-	2460	os
SH_10_0_2071_20260912T102516.m	10	s	2071	0	-	2461	os
SH_10_0_99_20260912T102528.m	10	s	99	0	-	2462	os
SH_10_0_1007_20260912T102539.m	10	s	1007	0	-	2463	os
SH_10_0_2071_20260912T102551.m	10	s	2071	0	-	2464	os
SH_10_0_99_20260912T102602.m	10	s	99	0	-	2465	os
SH_10_0_2071_20260912T102614.m	10	s	2071	0	-	2466	os
SH_10_0_1007_20260912T102626.m	10	s	1007	0	-	2467	os
SH_10_0_1007_20260912T102638.m	10	s	1007	0	-	2468	os
SH_10_0_251_20260912T102651.m	10	s	251	0	-	2469	os
SH_10_2_577_20260912T102712.m	10	s	577	2	-	2470	os
SH_10_0_349_20260912T102723.m	10	s	349	0	-	2471	os
SH_10_2_577_20260912T102737.m	10	s	577	2	-	2472	os
SH_10_0_1007_20260912T102752.m	10	s	1007	0	-	2473	os
SH_10_0_1007_20260912T102807.m	10	s	1007	0	-	2474	os
SH_10_0_2071_20260912T102817.m	10	s	2071	0	-	2475	os
SH_10_0_134_20260912T102832.m	10	s	134	0	-	2476	os
SH_10_0_349_20260912T102847.m	10	s	349	0	-	2477	os
SH_10_2_577_20260912T102902.m	10	s	577	2	-	2478	os
SH_10_2_577_20260912T102914.m	10	s	577	2	-	2479	os
SH_10_0_283_20260912T102927.m	10	s	283	0	-	2480	os
SH_10_2_577_20260912T102941.m	10	s	577	2	-	2481	os
SH_10_0_349_20260912T102956.m	10	s	349	0	-	2482	os
SH_10_0_2071_20260912T103010.m	10	s	2071	0	-	2483	os
SH_10_0_99_20260912T103021.m	10	s	99	0	-	2484	os
SH_10_2_577_20260912T103034.m	10	s	577	2	-	2485	os
SH_10_0_2071_20260912T103049.m	10	s	2071	0	-	2486	os
SH_10_0_2071_20260912T103101.m	10	s	2071	0	-	2487	os
SH_10_0_283_20260912T103114.m	10	s	283	0	-	2488	os
SH_10_0_1007_20260912T103128.m	10	s	1007	0	-	2489	os
SH_10_0_1071_20260912T103143.m	10	s	1071	0	-	2490	os
SH_10_0_2071_20260912T103157.m	10	s	2071	0	-	2491	os
SH_10_0_283_20260912T103212.m	10	s	283	0	-	2492	os
SH_10_0_283_20260912T103227.m	10	s	283	0	-	2493	os
SH_10_0_1071_20260912T103240.m	10	s	1071	0	-	2494	os
SH_10_0_1071_20260912T103253.m	10	s	1071	0	-	2495	os
SH_10_0_1007_20260912T103306.m	10	s	1007	0	-	2496	os
SH_10_0_2071_20260912T103320.m	10	s	2071	0	-	2497	os
SH_10_0_1007_20260912T103332.m	10	s	1007	0	-	2498	os
SH_10_0_2071_20260912T103346.m	10	s	2071	0	-	2499	os
SH_10_0_2071_20260912T103359.m	10	s	2071	0	-	2500	os
SH_10_0_349_20260912T103412.m	10	s	349	0	-	2501	os
SH_10_0_349_20260912T103425.m	10	s	349	0	-	2502	os
SH_10_0_1007_20260912T103437.m	10	s	1007	0	-	2503	os
SH_10_0_500_20260912T103450.m	10	s	500	0	-	2504	os
SH_10_0_1007_20260912T103503.m	10	s	1007	0	-	2505	os
SH_10_0_2071_20260912T103517.m	10	s	2071	0	-	2506	os
SH_10_2_577_20260912T103529.m	10	s	577	2	-	2507	os
SH_10_0_349_20260912T103542.m	10	s	349	0	-	2508	os
SH_10_0_1007_20260912T103553.m	10	s	1007	0	-	2509	os
SH_10_0_1007_20260912T103604.m	10	s	1007	0	-	2510	os
SH_10_0_2071_20260912T103616.m	10	s	2071	0	-	2511	os
SH_10_2_577_20260912T103628.m	10	s	577	2	-	2512	os
SH_10_0_283_20260912T103640.m	10	s	283	0	-	2513	os
SH_10_0_1007_20260912T103654.m	10	s	1007	0	-	2514	os
SH_10_0_967_20260912T103707.m	10	s	967	0	-	2515	os
SH_10_0_349_20260912T103721.m	10	s	349	0	-	2516	os
SH_10_0_1007_20260912T103735.m	10	s	1007	0	-	2517	os
SH_10_0_500_20260912T103747.m	10	s	500	0	-	2518	os
SH_10_0_1007_20260912T103759.m	10	s	1007	0	-	2519	os
SH_10_0_349_20260912T103813.m	10	s	349	0	-	2520	os
SH_10_0_349_20260912T103826.m	10	s	349	0	-	2521	os
SH_10_0_2071_20260912T103840.m	10	s	2071	0	-	2522	os
SH_10_0_2071_20260912T103853.m	10	s	2071	0	-	2523	os
SH_10_2_289_20260912T103905.m	10	s	289	2	-	2524	os
SH_10_0_1071_20260912T103918.m	10	s	1071	0	-	2525	os
SH_10_2_577_20260912T103932.m	10	s	577	2	-	2526	os
SH_10_0_967_20260912T103945.m	10	s	967	0	-	2527	os
SH_10_0_283_20260912T103958.m	10	s	283	0	-	2528	os
SH_10_0_499_20260912T104010.m	10	s	499	0	-	2529	os
SH_10_0_1007_20260912T104024.m	10	s	1007	0	-	2530	os
SH_10_2_577_20260912T104037.m	10	s	577	2	-	2531	os
SH_10_0_2071_20260912T104049.m	10	s	2071	0	-	2532	os
SH_10_0_2071_20260912T104102.m	10	s	2071	0	-	2533	os
SH_10_0_2071_20260912T104115.m	10	s	2071	0	-	2534	os
SH_10_0_2071_20260912T104128.m	10	s	2071	0	-	2535	os
SH_10_0_283_20260912T104153.m	10	s	283	0	-	2536	os
SH_10_4_490_20260912T104206.m	10	s	490	4	-	2537	os
SH_10_0_2071_20260912T104218.m	10	s	2071	0	-	2538	os
SH_10_0_349_20260912T104231.m	10	s	349	0	-	2539	os
SH_10_0_134_20260912T104242.m	10	s	134	0	-	2540	os
SH_10_0_134_20260912T104253.m	10	s	134	0	-	2541	os
SH_10_0_2071_20260912T104305.m	10	s	2071	0	-	2542	os
SH_10_0_2071_20260912T104317.m	10	s	2071	0	-	2543	os
SH_10_0_1071_20260912T104331.m	10	s	1071	0	-	2544	os
SH_10_2_577_20260912T104343.m	10	s	577	2	-	2545	os
SH_10_0_2071_20260912T104355.m	10	s	2071	0	-	2546	os
SH_10_2_577_20260912T104407.m	10	s	577	2	-	2547	os
SH_10_2_577_20260912T104418.m	10	s	577	2	-	2548	os
SH_10_0_2071_20260912T104431.m	10	s	2071	0	-	2549	os
SH_10_0_1007_20260912T104444.m	10	s	1007	0	-	2550	os
SH_10_0_349_20260912T104458.m	10	s	349	0	-	2551	os
SH_10_0_1007_20260912T104510.m	10	s	1007	0	-	2552	os
SH_10_0_1007_20260912T104523.m	10	s	1007	0	-	2553	os
SH_10_0_2071_20260912T104537.m	10	s	2071	0	-	2554	os
SH_10_0_500_20260912T104552.m	10	s	500	0	-	2555	os
SH_10_0_967_20260912T104605.m	10	s	967	0	-	2556	os
SH_10_2_577_20260912T104619.m	10	s	577	2	-	2557	os
SH_10_0_1007_20260912T104631.m	10	s	1007	0	-	2558	os
SH_10_2_577_20260912T104645.m	10	s	577	2	-	2559	os
SH_10_0_1007_20260912T104658.m	10	s	1007	0	-	2560	os
SH_10_0_1007_20260912T104711.m	10	s	1007	0	-	2561	os
SH_10_4_490_20260912T104724.m	10	s	490	4	-	2562	os
SH_10_0_349_20260912T104737.m	10	s	349	0	-	2563	os
SH_10_0_2071_20260912T104750.m	10	s	2071	0	-	2564	os
SH_10_0_5_20260912T104804.m	10	s	5	0	5	2565	os
SH_10_0_500_20260912T104818.m	10	s	500	0	-	2566	os
SH_10_0_2071_20260912T104832.m	10	s	2071	0	-	2567	os
SH_10_4_490_20260912T104846.m	10	s	490	4	-	2568	os
SH_10_0_2071_20260912T104900.m	10	s	2071	0	-	2569	os
SH_10_0_1007_20260912T104914.m	10	s	1007	0	-	2570	os
SH_10_0_1007_20260912T104928.m	10	s	1007	0	-	2571	os
SH_10_0_1007_20260912T104940.m	10	s	1007	0	-	2572	os
SH_10_2_577_20260912T104954.m	10	s	577	2	-	2573	os
SH_10_0_349_20260912T105007.m	10	s	349	0	-	2574	os
SH_10_0_2071_20260912T105021.m	10	s	2071	0	-	2575	os
SH_10_0_134_20260912T105035.m	10	s	134	0	-	2576	os
SH_10_0_967_20260912T105048.m	10	s	967	0	-	2577	os
SH_10_0_6_20260912T105100.m	10	s	6	0	6	2578	os
SH_10_0_1007_20260912T105111.m	10	s	1007	0	-	2579	os
SH_10_2_577_20260912T105123.m	10	s	577	2	-	2580	os
SH_10_0_1007_20260912T105137.m	10	s	1007	0	-	2581	os
SH_10_2_577_20260912T105152.m	10	s	577	2	-	2582	os
SH_10_0_2071_20260912T105206.m	10	s	2071	0	-	2583	os
SH_10_0_349_20260912T105219.m	10	s	349	0	-	2584	os
SH_10_0_2071_20260912T105232.m	10	s	2071	0	-	2585	os
SH_10_0_134_20260912T105246.m	10	s	134	0	-	2586	os
SH_10_0_99_20260912T105300.m	10	s	99	0	-	2587	os
SH_10_0_5_20260912T105314.m	10	s	5	0	5	2588	os
SH_10_0_143_20260912T105326.m	10	s	143	0	-	2589	os
SH_10_0_99_20260912T105338.m	10	s	99	0	-	2590	os
SH_10_2_577_20260912T105352.m	10	s	577	2	-	2591	os
SH_10_0_2071_20260912T105403.m	10	s	2071	0	-	2592	os
SH_10_0_1007_20260912T105417.m	10	s	1007	0	-	2593	os
SH_10_4_220_20260912T105429.m	10	s	220	4	-	2594	os
SH_10_2_577_20260912T105441.m	10	s	577	2	-	2595	os
SH_10_0_349_20260912T105453.m	10	s	349	0	-	2596	os
SH_10_0_143_20260912T105506.m	10	s	143	0	-	2597	os
SH_10_2_577_20260912T105519.m	10	s	577	2	-	2598	os
SH_10_0_2071_20260912T105534.m	10	s	2071	0	-	2599	os
SH_10_0_2071_20260912T105547.m	10	s	2071	0	-	2600	os
SH_10_2_577_20260912T105601.m	10	s	577	2	-	2601	os
SH_10_0_2071_20260912T105614.m	10	s	2071	0	-	2602	os
SH_10_0_1071_20260912T105626.m	10	s	1071	0	-	2603	os
SH_10_0_2071_20260912T105638.m	10	s	2071	0	-	2604	os
SH_10_0_2071_20260912T105651.m	10	s	2071	0	-	2605	os
SH_10_0_99_20260912T105705.m	10	s	99	0	-	2606	os
SH_10_0_499_20260912T105720.m	10	s	499	0	-	2607	os
SH_10_0_349_20260912T105732.m	10	s	349	0	-	2608	os
SH_10_0_349_20260912T105744.m	10	s	349	0	-	2609	os
SH_10_0_143_20260912T105755.m	10	s	143	0	-	2610	os
SH_10_0_1007_20260912T105811.m	10	s	1007	0	-	2611	os
SH_10_0_143_20260912T105822.m	10	s	143	0	-	2612	os
SH_10_0_99_20260912T105835.m	10	s	99	0	-	2613	os
SH_10_2_577_20260912T105850.m	10	s	577	2	-	2614	os
SH_10_0_349_20260912T105902.m	10	s	349	0	-	2615	os
SH_10_0_251_20260912T105916.m	10	s	251	0	-	2616	os
SH_10_0_349_20260912T105930.m	10	s	349	0	-	2617	os
SH_10_0_1007_20260912T105942.m	10	s	1007	0	-	2618	os
SH_10_0_1071_20260912T105955.m	10	s	1071	0	-	2619	os
SH_10_0_2071_20260912T110007.m	10	s	2071	0	-	2620	os
SH_10_0_349_20260912T110021.m	10	s	349	0	-	2621	os
SH_10_0_500_20260912T110036.m	10	s	500	0	-	2622	os
SH_10_0_1007_20260912T110048.m	10	s	1007	0	-	2623	os
SH_10_0_967_20260912T110103.m	10	s	967	0	-	2624	os
SH_10_0_99_20260912T110118.m	10	s	99	0	-	2625	os
SH_10_0_2071_20260912T110130.m	10	s	2071	0	-	2626	os
SH_10_0_349_20260912T110144.m	10	s	349	0	-	2627	os
SH_10_0_2071_20260912T110156.m	10	s	2071	0	-	2628	os
SH_10_0_2071_20260912T110209.m	10	s	2071	0	-	2629	os
SH_10_0_349_20260912T110223.m	10	s	349	0	-	2630	os
SH_10_2_577_20260912T110234.m	10	s	577	2	-	2631	os
SH_10_0_2071_20260912T110245.m	10	s	2071	0	-	2632	os
SH_10_0_2071_20260912T110258.m	10	s	2071	0	-	2633	os
SH_10_0_349_20260912T110312.m	10	s	349	0	-	2634	os
SH_10_0_2071_20260912T110326.m	10	s	2071	0	-	2635	os
SH_10_4_490_20260912T110339.m	10	s	490	4	-	2636	os
SH_10_2_577_20260912T110351.m	10	s	577	2	-	2637	os
SH_10_0_349_20260912T110403.m	10	s	349	0	-	2638	os
SH_10_0_283_20260912T110416.m	10	s	283	0	-	2639	os
SH_10_0_349_20260912T110428.m	10	s	349	0	-	2640	os
SH_10_0_1007_20260912T110440.m	10	s	1007	0	-	2641	os
SH_10_0_11_20260912T110450.m	10	s	11	0	-	2642	os
SH_10_2_577_20260912T110502.m	10	s	577	2	-	2643	os
SH_10_0_283_20260912T110515.m	10	s	283	0	-	2644	os
SH_10_0_1007_20260912T110525.m	10	s	1007	0	-	2645	os
SH_10_0_2071_20260912T110536.m	10	s	2071	0	-	2646	os
SH_10_0_349_20260912T110551.m	10	s	349	0	-	2647	os
SH_10_2_577_20260912T110605.m	10	s	577	2	-	2648	os
SH_10_0_2071_20260912T110617.m	10	s	2071	0	-	2649	os
SH_10_0_143_20260912T110629.m	10	s	143	0	-	2650	os
SH_10_0_2071_20260912T110642.m	10	s	2071	0	-	2651	os
SH_10_2_577_20260912T110655.m	10	s	577	2	-	2652	os
SH_10_0_2071_20260912T110709.m	10	s	2071	0	-	2653	os
SH_10_0_1007_20260912T110721.m	10	s	1007	0	-	2654	os
SH_10_0_2071_20260912T110734.m	10	s	2071	0	-	2655	os
SH_10_2_577_20260912T110746.m	10	s	577	2	-	2656	os
SH_10_0_349_20260912T110800.m	10	s	349	0	-	2657	os
SH_10_0_1007_20260912T110813.m	10	s	1007	0	-	2658	os
SH_10_2_577_20260912T110829.m	10	s	577	2	-	2659	os
SH_10_2_577_20260912T110843.m	10	s	577	2	-	2660	os
SH_10_4_490_20260912T110857.m	10	s	490	4	-	2661	os
SH_10_0_2071_20260912T110912.m	10	s	2071	0	-	2662	os
SH_10_0_134_20260912T110926.m	10	s	134	0	-	2663	os
SH_10_0_1007_20260912T110939.m	10	s	1007	0	-	2664	os
SH_10_2_577_20260912T110952.m	10	s	577	2	-	2665	os
SH_10_0_1007_20260912T111006.m	10	s	1007	0	-	2666	os
SH_10_0_533_20260912T111020.m	10	s	533	0	-	2667	os
SH_10_0_2071_20260912T111035.m	10	s	2071	0	-	2668	os
SH_10_0_2071_20260912T111048.m	10	s	2071	0	-	2669	os
SH_10_0_134_20260912T111102.m	10	s	134	0	-	2670	os
SH_10_2_289_20260912T111116.m	10	s	289	2	-	2671	os
SH_10_0_134_20260912T111127.m	10	s	134	0	-	2672	os
SH_10_0_1007_20260912T111139.m	10	s	1007	0	-	2673	os
SH_10_0_349_20260912T111149.m	10	s	349	0	-	2674	os
SH_10_0_1007_20260912T111201.m	10	s	1007	0	-	2675	os
SH_10_0_499_20260912T111213.m	10	s	499	0	-	2676	os
SH_10_0_2071_20260912T111225.m	10	s	2071	0	-	2677	os
SH_10_0_2071_20260912T111237.m	10	s	2071	0	-	2678	os
SH_10_0_349_20260912T111249.m	10	s	349	0	-	2679	os
SH_10_0_134_20260912T111259.m	10	s	134	0	-	2680	os
SH_10_2_577_20260912T111310.m	10	s	577	2	-	2681	os
SH_10_0_1071_20260912T111323.m	10	s	1071	0	-	2682	os
SH_10_2_577_20260912T111334.m	10	s	577	2	-	2683	os
SH_10_0_349_20260912T111346.m	10	s	349	0	-	2684	os
SH_10_0_1007_20260912T111359.m	10	s	1007	0	-	2685	os
SH_10_0_2071_20260912T111413.m	10	s	2071	0	-	2686	os
SH_10_0_1007_20260912T111427.m	10	s	1007	0	-	2687	os
SH_10_0_134_20260912T111441.m	10	s	134	0	-	2688	os
SH_10_0_2071_20260912T111452.m	10	s	2071	0	-	2689	os
SH_10_0_2071_20260912T111506.m	10	s	2071	0	-	2690	os
SH_10_0_500_20260912T111518.m	10	s	500	0	-	2691	os
SH_10_0_175_20260912T111531.m	10	s	175	0	-	2692	os
SH_10_0_533_20260912T111542.m	10	s	533	0	-	2693	os
SH_10_2_577_20260912T111555.m	10	s	577	2	-	2694	os
SH_10_0_1007_20260912T111607.m	10	s	1007	0	-	2695	os
SH_10_0_2071_20260912T111618.m	10	s	2071	0	-	2696	os
SH_10_0_1007_20260912T111630.m	10	s	1007	0	-	2697	os
SH_10_0_500_20260912T111643.m	10	s	500	0	-	2698	os
SH_10_0_2071_20260912T111656.m	10	s	2071	0	-	2699	os
SH_10_0_134_20260912T111710.m	10	s	134	0	-	2700	os
SH_10_0_349_20260912T111722.m	10	s	349	0	-	2701	os
SH_10_0_2071_20260912T111735.m	10	s	2071	0	-	2702	os
SH_10_0_2071_20260912T111749.m	10	s	2071	0	-	2703	os
SH_10_0_2071_20260912T111800.m	10	s	2071	0	-	2704	os
SH_10_2_577_20260912T111812.m	10	s	577	2	-	2705	os
SH_10_0_349_20260912T111824.m	10	s	349	0	-	2706	os
SH_10_0_1071_20260912T111836.m	10	s	1071	0	-	2707	os
SH_10_0_2071_20260912T111846.m	10	s	2071	0	-	2708	os
SH_10_0_2071_20260912T111859.m	10	s	2071	0	-	2709	os
SH_10_2_577_20260912T111912.m	10	s	577	2	-	2710	os
SH_10_0_134_20260912T111926.m	10	s	134	0	-	2711	os
SH_10_0_2071_20260912T111936.m	10	s	2071	0	-	2712	os
SH_10_0_349_20260912T111949.m	10	s	349	0	-	2713	os
SH_10_2_577_20260912T112003.m	10	s	577	2	-	2714	os
SH_10_0_2071_20260912T112016.m	10	s	2071	0	-	2715	os
SH_10_0_2071_20260912T112028.m	10	s	2071	0	-	2716	os
SH_10_0_1007_20260912T112041.m	10	s	1007	0	-	2717	os
SH_10_0_271_20260912T112052.m	10	s	271	0	-	2718	os
SH_10_0_2071_20260912T112106.m	10	s	2071	0	-	2719	os
SH_10_0_175_20260912T112117.m	10	s	175	0	-	2720	os
SH_10_4_216_20260912T112129.m	10	s	216	4	-	2721	os
SH_10_0_2071_20260912T112142.m	10	s	2071	0	-	2722	os
SH_10_2_577_20260912T112154.m	10	s	577	2	-	2723	os
SH_10_0_1007_20260912T112207.m	10	s	1007	0	-	2724	os
SH_10_0_2071_20260912T112220.m	10	s	2071	0	-	2725	os
SH_10_0_2071_20260912T112231.m	10	s	2071	0	-	2726	os
SH_10_0_2071_20260912T112244.m	10	s	2071	0	-	2727	os
SH_10_0_1007_20260912T112258.m	10	s	1007	0	-	2728	os
SH_10_0_527_20260912T112310.m	10	s	527	0	-	2729	os
SH_10_4_220_20260912T112322.m	10	s	220	4	-	2730	os
SH_10_0_500_20260912T112335.m	10	s	500	0	-	2731	os
SH_10_0_134_20260912T112347.m	10	s	134	0	-	2732	os
SH_10_10_4_20260912T112359.m	10	s	4	10	4	2733	os
SH_10_0_1007_20260912T112410.m	10	s	1007	0	-	2734	os
SH_10_0_2071_20260912T112422.m	10	s	2071	0	-	2735	os
SH_10_0_1071_20260912T112434.m	10	s	1071	0	-	2736	os
SH_10_0_2071_20260912T112448.m	10	s	2071	0	-	2737	os
SH_10_2_577_20260912T112500.m	10	s	577	2	-	2738	os
SH_10_0_1007_20260912T112513.m	10	s	1007	0	-	2739	os
SH_10_0_1007_20260912T112526.m	10	s	1007	0	-	2740	os
SH_10_0_349_20260912T112538.m	10	s	349	0	-	2741	os
SH_10_0_2071_20260912T112551.m	10	s	2071	0	-	2742	os
SH_10_0_349_20260912T112604.m	10	s	349	0	-	2743	os
SH_10_4_490_20260912T112618.m	10	s	490	4	-	2744	os
SH_10_0_349_20260912T112630.m	10	s	349	0	-	2745	os
SH_10_2_577_20260912T112643.m	10	s	577	2	-	2746	os
SH_10_0_2071_20260912T112654.m	10	s	2071	0	-	2747	os
SH_10_2_577_20260912T112706.m	10	s	577	2	-	2748	os
SH_10_0_1007_20260912T112718.m	10	s	1007	0	-	2749	os
SH_10_0_2071_20260912T112730.m	10	s	2071	0	-	2750	os
SH_10_0_527_20260912T112743.m	10	s	527	0	-	2751	os
SH_10_0_349_20260912T112754.m	10	s	349	0	-	2752	os
SH_10_0_2071_20260912T112806.m	10	s	2071	0	-	2753	os
SH_10_4_490_20260912T112819.m	10	s	490	4	-	2754	os
SH_10_0_500_20260912T112832.m	10	s	500	0	-	2755	os
SH_10_0_283_20260912T112845.m	10	s	283	0	-	2756	os
SH_10_0_271_20260912T112857.m	10	s	271	0	-	2757	os
SH_10_0_349_20260912T112911.m	10	s	349	0	-	2758	os
SH_10_0_1007_20260912T112922.m	10	s	1007	0	-	2759	os
SH_10_0_1007_20260912T112934.m	10	s	1007	0	-	2760	os
SH_10_0_349_20260912T112946.m	10	s	349	0	-	2761	os
SH_10_0_2071_20260912T113000.m	10	s	2071	0	-	2762	os
SH_10_0_349_20260912T113013.m	10	s	349	0	-	2763	os
SH_10_0_2071_20260912T113025.m	10	s	2071	0	-	2764	os
SH_10_0_2071_20260912T113038.m	10	s	2071	0	-	2765	os
SH_10_0_2071_20260912T113050.m	10	s	2071	0	-	2766	os
SH_10_0_1007_20260912T113103.m	10	s	1007	0	-	2767	os
SH_10_0_349_20260912T113116.m	10	s	349	0	-	2768	os
SH_10_4_490_20260912T113129.m	10	s	490	4	-	2769	os
SH_10_0_1007_20260912T113142.m	10	s	1007	0	-	2770	os
SH_10_0_349_20260912T113154.m	10	s	349	0	-	2771	os
SH_10_0_349_20260912T113207.m	10	s	349	0	-	2772	os
SH_10_2_577_20260912T113221.m	10	s	577	2	-	2773	os
SH_10_0_99_20260912T113232.m	10	s	99	0	-	2774	os
SH_10_4_220_20260912T113244.m	10	s	220	4	-	2775	os
SH_10_2_577_20260912T113257.m	10	s	577	2	-	2776	os
SH_10_0_349_20260912T113310.m	10	s	349	0	-	2777	os
SH_10_0_1007_20260912T113322.m	10	s	1007	0	-	2778	os
SH_10_0_533_20260912T113336.m	10	s	533	0	-	2779	os
SH_10_2_577_20260912T113349.m	10	s	577	2	-	2780	os
SH_10_0_1007_20260912T113401.m	10	s	1007	0	-	2781	os
SH_10_0_283_20260912T113413.m	10	s	283	0	-	2782	os
SH_10_0_500_20260912T113423.m	10	s	500	0	-	2783	os
SH_10_0_1007_20260912T113435.m	10	s	1007	0	-	2784	os
SH_10_0_349_20260912T113447.m	10	s	349	0	-	2785	os
SH_10_0_2071_20260912T113459.m	10	s	2071	0	-	2786	os
SH_10_0_1007_20260912T113513.m	10	s	1007	0	-	2787	os
SH_10_0_349_20260912T113526.m	10	s	349	0	-	2788	os
SH_10_0_2071_20260912T113538.m	10	s	2071	0	-	2789	os
SH_10_4_220_20260912T113552.m	10	s	220	4	-	2790	os
SH_10_0_2071_20260912T113605.m	10	s	2071	0	-	2791	os
SH_10_0_1007_20260912T113616.m	10	s	1007	0	-	2792	os
SH_10_4_220_20260912T113628.m	10	s	220	4	-	2793	os
SH_10_0_2071_20260912T113641.m	10	s	2071	0	-	2794	os
SH_10_0_1071_20260912T113653.m	10	s	1071	0	-	2795	os
SH_10_0_99_20260912T113705.m	10	s	99	0	-	2796	os
SH_10_2_577_20260912T113716.m	10	s	577	2	-	2797	os
SH_10_0_349_20260912T113726.m	10	s	349	0	-	2798	os
SH_10_0_283_20260912T113739.m	10	s	283	0	-	2799	os
SH_10_0_2071_20260912T113752.m	10	s	2071	0	-	2800	os
SH_10_0_1007_20260912T113805.m	10	s	1007	0	-	2801	os
SH_10_0_1007_20260912T113815.m	10	s	1007	0	-	2802	os
SH_10_0_9_20260912T113826.m	10	s	9	0	-	2803	os
SH_10_0_2071_20260912T113838.m	10	s	2071	0	-	2804	os
SH_10_0_2071_20260912T113849.m	10	s	2071	0	-	2805	os
SH_10_0_499_20260912T113902.m	10	s	499	0	-	2806	os
SH_10_0_283_20260912T113913.m	10	s	283	0	-	2807	os
SH_10_2_577_20260912T113925.m	10	s	577	2	-	2808	os
SH_10_0_1007_20260912T113937.m	10	s	1007	0	-	2809	os
SH_10_0_1071_20260912T113950.m	10	s	1071	0	-	2810	os
SH_10_0_2071_20260912T114002.m	10	s	2071	0	-	2811	os
SH_10_0_143_20260912T114014.m	10	s	143	0	-	2812	os
SH_10_2_577_20260912T114026.m	10	s	577	2	-	2813	os
SH_10_0_349_20260912T114039.m	10	s	349	0	-	2814	os
SH_10_0_2071_20260912T114051.m	10	s	2071	0	-	2815	os
SH_10_0_349_20260912T114104.m	10	s	349	0	-	2816	os
SH_10_0_2071_20260912T114114.m	10	s	2071	0	-	2817	os
SH_10_2_577_20260912T114126.m	10	s	577	2	-	2818	os
SH_10_0_2071_20260912T114139.m	10	s	2071	0	-	2819	os
SH_10_0_2071_20260912T114151.m	10	s	2071	0	-	2820	os
SH_10_4_220_20260912T114204.m	10	s	220	4	-	2821	os
SH_10_0_1007_20260912T114214.m	10	s	1007	0	-	2822	os
SH_10_0_1007_20260912T114227.m	10	s	1007	0	-	2823	os
SH_10_0_134_20260912T114239.m	10	s	134	0	-	2824	os
SH_10_0_283_20260912T114250.m	10	s	283	0	-	2825	os
SH_10_4_220_20260912T114301.m	10	s	220	4	-	2826	os
SH_10_2_577_20260912T114313.m	10	s	577	2	-	2827	os
SH_10_2_577_20260912T114324.m	10	s	577	2	-	2828	os
SH_10_0_1007_20260912T114335.m	10	s	1007	0	-	2829	os
SH_10_0_2071_20260912T114348.m	10	s	2071	0	-	2830	os
SH_10_4_216_20260912T114400.m	10	s	216	4	-	2831	os
SH_10_0_2071_20260912T114412.m	10	s	2071	0	-	2832	os
SH_10_0_349_20260912T114423.m	10	s	349	0	-	2833	os
SH_10_0_2071_20260912T114435.m	10	s	2071	0	-	2834	os
SH_10_0_283_20260912T114447.m	10	s	283	0	-	2835	os
SH_10_0_2071_20260912T114458.m	10	s	2071	0	-	2836	os
SH_10_0_2071_20260912T114511.m	10	s	2071	0	-	2837	os
SH_10_0_2071_20260912T114522.m	10	s	2071	0	-	2838	os
SH_10_0_349_20260912T114534.m	10	s	349	0	-	2839	os
SH_10_2_577_20260912T114544.m	10	s	577	2	-	2840	os
SH_10_0_2071_20260912T114556.m	10	s	2071	0	-	2841	os
SH_10_0_1007_20260912T114606.m	10	s	1007	0	-	2842	os
SH_10_0_11_20260912T114617.m	10	s	11	0	-	2843	os
SH_10_0_6_20260912T114629.m	10	s	6	0	6	2844	os
SH_10_0_967_20260912T114640.m	10	s	967	0	-	2845	os
SH_10_0_2071_20260912T114651.m	10	s	2071	0	-	2846	os
SH_10_0_143_20260912T114703.m	10	s	143	0	-	2847	os
SH_10_0_2071_20260912T114715.m	10	s	2071	0	-	2848	os
SH_10_0_2071_20260912T114727.m	10	s	2071	0	-	2849	os
SH_10_2_577_20260912T114740.m	10	s	577	2	-	2850	os
SH_10_0_134_20260912T114752.m	10	s	134	0	-	2851	os
SH_10_0_2071_20260912T114804.m	10	s	2071	0	-	2852	os
SH_10_0_1007_20260912T114816.m	10	s	1007	0	-	2853	os
SH_10_2_577_20260912T114827.m	10	s	577	2	-	2854	os
SH_10_0_349_20260912T114838.m	10	s	349	0	-	2855	os
SH_10_0_1007_20260912T114850.m	10	s	1007	0	-	2856	os
SH_10_0_2071_20260912T114903.m	10	s	2071	0	-	2857	os
SH_10_0_2071_20260912T114914.m	10	s	2071	0	-	2858	os
SH_10_0_283_20260912T114925.m	10	s	283	0	-	2859	os
SH_10_0_2071_20260912T114937.m	10	s	2071	0	-	2860	os
SH_10_0_349_20260912T114948.m	10	s	349	0	-	2861	os
SH_10_4_108_20260912T115000.m	10	s	108	4	-	2862	os
SH_10_2_577_20260912T115012.m	10	s	577	2	-	2863	os
SH_10_0_134_20260912T115023.m	10	s	134	0	-	2864	os
SH_10_2_577_20260912T115037.m	10	s	577	2	-	2865	os
SH_10_0_349_20260912T115050.m	10	s	349	0	-	2866	os
SH_10_0_2071_20260912T115102.m	10	s	2071	0	-	2867	os
SH_10_2_577_20260912T115114.m	10	s	577	2	-	2868	os
SH_10_0_499_20260912T115126.m	10	s	499	0	-	2869	os
SH_10_0_500_20260912T115137.m	10	s	500	0	-	2870	os
SH_10_0_2071_20260912T115150.m	10	s	2071	0	-	2871	os
SH_10_4_490_20260912T115201.m	10	s	490	4	-	2872	os
SH_10_0_1007_20260912T115215.m	10	s	1007	0	-	2873	os
SH_10_0_5_20260912T115227.m	10	s	5	0	5	2874	os
SH_10_0_1071_20260912T115239.m	10	s	1071	0	-	2875	os
SH_10_0_2071_20260912T115250.m	10	s	2071	0	-	2876	os
SH_10_2_577_20260912T115303.m	10	s	577	2	-	2877	os
SH_10_0_2071_20260912T115316.m	10	s	2071	0	-	2878	os
SH_10_0_2071_20260912T115328.m	10	s	2071	0	-	2879	os
SH_10_0_11_20260912T115342.m	10	s	11	0	-	2880	os
SH_10_2_577_20260912T115353.m	10	s	577	2	-	2881	os
SH_10_0_2071_20260912T115404.m	10	s	2071	0	-	2882	os
SH_10_0_2071_20260912T115417.m	10	s	2071	0	-	2883	os
SH_10_0_499_20260912T115428.m	10	s	499	0	-	2884	os
SH_10_0_2071_20260912T115439.m	10	s	2071	0	-	2885	os
SH_10_0_1071_20260912T115451.m	10	s	1071	0	-	2886	os
SH_10_0_1007_20260912T115501.m	10	s	1007	0	-	2887	os
SH_10_0_1071_20260912T115513.m	10	s	1071	0	-	2888	os
SH_10_2_577_20260912T115525.m	10	s	577	2	-	2889	os
SH_10_0_2071_20260912T115535.m	10	s	2071	0	-	2890	os
SH_10_0_2071_20260912T115546.m	10	s	2071	0	-	2891	os
SH_10_2_577_20260912T115557.m	10	s	577	2	-	2892	os
SH_10_0_2071_20260912T115608.m	10	s	2071	0	-	2893	os
SH_10_0_1071_20260912T115620.m	10	s	1071	0	-	2894	os
SH_10_0_283_20260912T115631.m	10	s	283	0	-	2895	os
SH_10_0_2071_20260912T115643.m	10	s	2071	0	-	2896	os
SH_10_0_349_20260912T115653.m	10	s	349	0	-	2897	os
SH_10_0_283_20260912T115706.m	10	s	283	0	-	2898	os
SH_10_0_251_20260912T115717.m	10	s	251	0	-	2899	os
SH_10_2_577_20260912T115730.m	10	s	577	2	-	2900	os
SH_10_0_143_20260912T115743.m	10	s	143	0	-	2901	os
SH_10_0_143_20260912T115756.m	10	s	143	0	-	2902	os
SH_10_0_283_20260912T115809.m	10	s	283	0	-	2903	os
SH_10_0_2071_20260912T115822.m	10	s	2071	0	-	2904	os
SH_10_0_349_20260912T115834.m	10	s	349	0	-	2905	os
SH_10_0_2071_20260912T115848.m	10	s	2071	0	-	2906	os
SH_10_0_1007_20260912T115904.m	10	s	1007	0	-	2907	os
SH_10_0_1007_20260912T115917.m	10	s	1007	0	-	2908	os
SH_10_4_220_20260912T115928.m	10	s	220	4	-	2909	os
SH_10_0_1071_20260912T115941.m	10	s	1071	0	-	2910	os
SH_10_2_577_20260912T115954.m	10	s	577	2	-	2911	os
SH_10_2_577_20260912T120007.m	10	s	577	2	-	2912	os
SH_10_0_251_20260912T120018.m	10	s	251	0	-	2913	os
SH_10_0_2071_20260912T120030.m	10	s	2071	0	-	2914	os
SH_10_0_251_20260912T120043.m	10	s	251	0	-	2915	os
SH_10_0_2071_20260912T120055.m	10	s	2071	0	-	2916	os
SH_10_0_349_20260912T120108.m	10	s	349	0	-	2917	os
SH_10_0_2071_20260912T120119.m	10	s	2071	0	-	2918	os
SH_10_4_220_20260912T120132.m	10	s	220	4	-	2919	os
SH_10_0_967_20260912T120145.m	10	s	967	0	-	2920	os
SH_10_0_2071_20260912T120157.m	10	s	2071	0	-	2921	os
SH_10_0_349_20260912T120210.m	10	s	349	0	-	2922	os
SH_10_0_2071_20260912T120222.m	10	s	2071	0	-	2923	os
SH_10_4_220_20260912T120235.m	10	s	220	4	-	2924	os
SH_10_0_349_20260912T120247.m	10	s	349	0	-	2925	os
SH_10_0_1007_20260912T120258.m	10	s	1007	0	-	2926	os
SH_10_0_2071_20260912T120309.m	10	s	2071	0	-	2927	os
SH_10_0_1007_20260912T120322.m	10	s	1007	0	-	2928	os
SH_10_0_1007_20260912T120333.m	10	s	1007	0	-	2929	os
SH_10_0_1007_20260912T120346.m	10	s	1007	0	-	2930	os
SH_10_0_283_20260912T120359.m	10	s	283	0	-	2931	os
SH_10_0_99_20260912T120413.m	10	s	99	0	-	2932	os
SH_10_0_283_20260912T120425.m	10	s	283	0	-	2933	os
SH_10_0_1007_20260912T120438.m	10	s	1007	0	-	2934	os
SH_10_0_283_20260912T120447.m	10	s	283	0	-	2935	os
SH_10_0_283_20260912T120501.m	10	s	283	0	-	2936	os
SH_10_0_2071_20260912T120512.m	10	s	2071	0	-	2937	os
SH_10_2_289_20260912T120525.m	10	s	289	2	-	2938	os
SH_10_0_1071_20260912T120538.m	10	s	1071	0	-	2939	os
SH_10_0_1071_20260912T120551.m	10	s	1071	0	-	2940	os
SH_10_0_2071_20260912T120604.m	10	s	2071	0	-	2941	os
SH_10_2_577_20260912T120618.m	10	s	577	2	-	2942	os
SH_10_0_2071_20260912T120629.m	10	s	2071	0	-	2943	os
SH_10_2_577_20260912T120643.m	10	s	577	2	-	2944	os
SH_10_0_1071_20260912T120655.m	10	s	1071	0	-	2945	os
SH_10_2_577_20260912T120707.m	10	s	577	2	-	2946	os
SH_10_0_349_20260912T120719.m	10	s	349	0	-	2947	os
SH_10_0_349_20260912T120731.m	10	s	349	0	-	2948	os
SH_10_0_2071_20260912T120741.m	10	s	2071	0	-	2949	os
SH_10_0_1007_20260912T120754.m	10	s	1007	0	-	2950	os
SH_10_2_577_20260912T120806.m	10	s	577	2	-	2951	os
SH_10_0_349_20260912T120818.m	10	s	349	0	-	2952	os
SH_10_0_1071_20260912T120830.m	10	s	1071	0	-	2953	os
SH_10_0_500_20260912T120842.m	10	s	500	0	-	2954	os
SH_10_0_2071_20260912T120857.m	10	s	2071	0	-	2955	os
SH_10_0_1007_20260912T120909.m	10	s	1007	0	-	2956	os
SH_10_4_490_20260912T120919.m	10	s	490	4	-	2957	os
SH_10_4_490_20260912T120931.m	10	s	490	4	-	2958	os
SH_10_0_2071_20260912T120943.m	10	s	2071	0	-	2959	os
SH_10_0_5_20260912T120956.m	10	s	5	0	5	2960	os
SH_10_0_134_20260912T121007.m	10	s	134	0	-	2961	os
SH_10_0_143_20260912T121018.m	10	s	143	0	-	2962	os
SH_10_0_2071_20260912T121030.m	10	s	2071	0	-	2963	os
SH_10_0_499_20260912T121043.m	10	s	499	0	-	2964	os
SH_10_4_220_20260912T121056.m	10	s	220	4	-	2965	os
SH_10_0_283_20260912T121110.m	10	s	283	0	-	2966	os
SH_10_0_99_20260912T121122.m	10	s	99	0	-	2967	os
SH_10_0_6_20260912T121136.m	10	s	6	0	6	2968	os
SH_10_0_271_20260912T121148.m	10	s	271	0	-	2969	os
SH_10_0_1007_20260912T121201.m	10	s	1007	0	-	2970	os
SH_10_0_2071_20260912T121212.m	10	s	2071	0	-	2971	os
SH_10_4_490_20260912T121226.m	10	s	490	4	-	2972	os
SH_10_0_11_20260912T121237.m	10	s	11	0	-	2973	os
SH_10_0_2071_20260912T121250.m	10	s	2071	0	-	2974	os
SH_10_0_2071_20260912T121300.m	10	s	2071	0	-	2975	os
SH_10_0_1007_20260912T121313.m	10	s	1007	0	-	2976	os
SH_10_0_2071_20260912T121324.m	10	s	2071	0	-	2977	os
SH_10_2_577_20260912T121337.m	10	s	577	2	-	2978	os
SH_10_0_283_20260912T121349.m	10	s	283	0	-	2979	os
SH_10_0_2071_20260912T121401.m	10	s	2071	0	-	2980	os
SH_10_4_490_20260912T121414.m	10	s	490	4	-	2981	os
SH_10_0_500_20260912T121425.m	10	s	500	0	-	2982	os
SH_10_0_349_20260912T121439.m	10	s	349	0	-	2983	os
SH_10_0_2071_20260912T121451.m	10	s	2071	0	-	2984	os
SH_10_0_2071_20260912T121503.m	10	s	2071	0	-	2985	os
SH_10_0_2071_20260912T121517.m	10	s	2071	0	-	2986	os
SH_10_4_220_20260912T121529.m	10	s	220	4	-	2987	os
SH_10_0_143_20260912T121541.m	10	s	143	0	-	2988	os
SH_10_0_1007_20260912T121555.m	10	s	1007	0	-	2989	os
SH_10_0_2071_20260912T121607.m	10	s	2071	0	-	2990	os
SH_10_2_577_20260912T121621.m	10	s	577	2	-	2991	os
SH_10_0_499_20260912T121634.m	10	s	499	0	-	2992	os
SH_10_2_577_20260912T121647.m	10	s	577	2	-	2993	os
SH_10_0_2071_20260912T121658.m	10	s	2071	0	-	2994	os
SH_10_0_2071_20260912T121710.m	10	s	2071	0	-	2995	os
SH_10_0_349_20260912T121721.m	10	s	349	0	-	2996	os
SH_10_0_134_20260912T121734.m	10	s	134	0	-	2997	os
SH_10_0_175_20260912T121747.m	10	s	175	0	-	2998	os
SH_10_4_490_20260912T121800.m	10	s	490	4	-	2999	os
SH_10_4_490_20260912T121812.m	10	s	490	4	-	3000	os
SH_10_0_2071_20260912T121826.m	10	s	2071	0	-	3001	os
SH_10_0_500_20260912T121838.m	10	s	500	0	-	3002	os
SH_10_0_2071_20260912T121851.m	10	s	2071	0	-	3003	os
SH_10_0_349_20260912T121905.m	10	s	349	0	-	3004	os
SH_10_0_1007_20260912T121918.m	10	s	1007	0	-	3005	os
SH_10_0_6_20260912T121930.m	10	s	6	0	6	3006	os
SH_10_0_2071_20260912T121942.m	10	s	2071	0	-	3007	os
SH_10_0_1007_20260912T121955.m	10	s	1007	0	-	3008	os
SH_10_0_134_20260912T122009.m	10	s	134	0	-	3009	os
SH_10_0_2071_20260912T122021.m	10	s	2071	0	-	3010	os
SH_10_0_2071_20260912T122033.m	10	s	2071	0	-	3011	os
SH_10_0_2071_20260912T122046.m	10	s	2071	0	-	3012	os
SH_10_0_2071_20260912T122100.m	10	s	2071	0	-	3013	os
SH_10_0_349_20260912T122113.m	10	s	349	0	-	3014	os
SH_10_4_490_20260912T122124.m	10	s	490	4	-	3015	os
SH_10_2_577_20260912T122136.m	10	s	577	2	-	3016	os
SH_10_0_283_20260912T122148.m	10	s	283	0	-	3017	os
SH_10_0_2071_20260912T122201.m	10	s	2071	0	-	3018	os
SH_10_0_349_20260912T122213.m	10	s	349	0	-	3019	os
SH_10_0_2071_20260912T122224.m	10	s	2071	0	-	3020	os
SH_10_0_349_20260912T122235.m	10	s	349	0	-	3021	os
SH_10_0_2071_20260912T122248.m	10	s	2071	0	-	3022	os
SH_10_2_577_20260912T122259.m	10	s	577	2	-	3023	os
SH_10_0_11_20260912T122312.m	10	s	11	0	-	3024	os
SH_10_0_499_20260912T122322.m	10	s	499	0	-	3025	os
SH_10_0_500_20260912T122335.m	10	s	500	0	-	3026	os
SH_10_0_2071_20260912T122348.m	10	s	2071	0	-	3027	os
SH_10_2_577_20260912T122403.m	10	s	577	2	-	3028	os
SH_10_0_349_20260912T122416.m	10	s	349	0	-	3029	os
SH_10_0_1007_20260912T122429.m	10	s	1007	0	-	3030	os
SH_10_2_577_20260912T122441.m	10	s	577	2	-	3031	os
SH_10_0_1007_20260912T122455.m	10	s	1007	0	-	3032	os
SH_10_0_134_20260912T122508.m	10	s	134	0	-	3033	os
SH_10_0_1007_20260912T122521.m	10	s	1007	0	-	3034	os
SH_10_0_2071_20260912T122533.m	10	s	2071	0	-	3035	os
SH_10_0_134_20260912T122544.m	10	s	134	0	-	3036	os
SH_10_0_2071_20260912T122557.m	10	s	2071	0	-	3037	os
SH_10_0_143_20260912T122611.m	10	s	143	0	-	3038	os
SH_10_0_2071_20260912T122627.m	10	s	2071	0	-	3039	os
SH_10_0_349_20260912T122642.m	10	s	349	0	-	3040	os
SH_10_0_143_20260912T122653.m	10	s	143	0	-	3041	os
SH_10_0_134_20260912T122708.m	10	s	134	0	-	3042	os
SH_10_0_2071_20260912T122720.m	10	s	2071	0	-	3043	os
SH_10_0_349_20260912T122732.m	10	s	349	0	-	3044	os
SH_10_0_1007_20260912T122746.m	10	s	1007	0	-	3045	os
SH_10_2_577_20260912T122759.m	10	s	577	2	-	3046	os
SH_10_0_2071_20260912T122811.m	10	s	2071	0	-	3047	os
SH_10_0_2071_20260912T122824.m	10	s	2071	0	-	3048	os
SH_10_0_1007_20260912T122835.m	10	s	1007	0	-	3049	os
SH_10_0_5_20260912T122847.m	10	s	5	0	5	3050	os
SH_10_0_1007_20260912T122859.m	10	s	1007	0	-	3051	os
SH_10_0_20_20260912T122911.m	10	s	20	0	-	3052	os
SH_10_0_2071_20260912T122925.m	10	s	2071	0	-	3053	os
SH_10_0_1007_20260912T122937.m	10	s	1007	0	-	3054	os
SH_10_0_349_20260912T122950.m	10	s	349	0	-	3055	os
SH_10_0_2071_20260912T123004.m	10	s	2071	0	-	3056	os
SH_10_0_2071_20260912T123017.m	10	s	2071	0	-	3057	os
SH_10_0_1007_20260912T123030.m	10	s	1007	0	-	3058	os
SH_10_0_499_20260912T123040.m	10	s	499	0	-	3059	os
SH_10_0_5_20260912T123054.m	10	s	5	0	5	3060	os
SH_10_2_577_20260912T123105.m	10	s	577	2	-	3061	os
SH_10_0_2071_20260912T123117.m	10	s	2071	0	-	3062	os
SH_10_0_1007_20260912T123129.m	10	s	1007	0	-	3063	os
SH_10_2_577_20260912T123141.m	10	s	577	2	-	3064	os
SH_10_0_2071_20260912T123153.m	10	s	2071	0	-	3065	os
SH_10_0_2071_20260912T123206.m	10	s	2071	0	-	3066	os
SH_10_0_2071_20260912T123218.m	10	s	2071	0	-	3067	os
SH_10_0_1007_20260912T123229.m	10	s	1007	0	-	3068	os
SH_10_0_1007_20260912T123240.m	10	s	1007	0	-	3069	os
SH_10_0_251_20260912T123252.m	10	s	251	0	-	3070	os
SH_10_2_577_20260912T123303.m	10	s	577	2	-	3071	os
SH_10_0_499_20260912T123315.m	10	s	499	0	-	3072	os
SH_10_0_2071_20260912T123325.m	10	s	2071	0	-	3073	os
SH_10_0_2071_20260912T123339.m	10	s	2071	0	-	3074	os
SH_10_0_2071_20260912T123353.m	10	s	2071	0	-	3075	os
SH_10_0_134_20260912T123406.m	10	s	134	0	-	3076	os
SH_10_0_2071_20260912T123421.m	10	s	2071	0	-	3077	os
SH_10_0_1007_20260912T123433.m	10	s	1007	0	-	3078	os
SH_10_0_2071_20260912T123446.m	10	s	2071	0	-	3079	os
SH_10_0_349_20260912T123458.m	10	s	349	0	-	3080	os
SH_10_0_2071_20260912T123509.m	10	s	2071	0	-	3081	os
SH_10_0_99_20260912T123522.m	10	s	99	0	-	3082	os
SH_10_0_349_20260912T123534.m	10	s	349	0	-	3083	os
SH_10_0_1007_20260912T123546.m	10	s	1007	0	-	3084	os
SH_10_0_967_20260912T123556.m	10	s	967	0	-	3085	os
SH_10_0_349_20260912T123608.m	10	s	349	0	-	3086	os
SH_10_0_533_20260912T123618.m	10	s	533	0	-	3087	os
SH_10_0_703_20260912T123629.m	10	s	703	0	-	3088	os
SH_10_4_490_20260912T123641.m	10	s	490	4	-	3089	os
SH_10_0_349_20260912T123654.m	10	s	349	0	-	3090	os
SH_10_2_577_20260912T123707.m	10	s	577	2	-	3091	os
SH_10_0_1007_20260912T123719.m	10	s	1007	0	-	3092	os
SH_10_0_2071_20260912T123732.m	10	s	2071	0	-	3093	os
SH_10_0_349_20260912T123746.m	10	s	349	0	-	3094	os
SH_10_2_577_20260912T123759.m	10	s	577	2	-	3095	os
SH_10_0_1007_20260912T123811.m	10	s	1007	0	-	3096	os
SH_10_0_2071_20260912T123823.m	10	s	2071	0	-	3097	os
SH_10_0_1007_20260912T123836.m	10	s	1007	0	-	3098	os
SH_10_0_583_20260912T123849.m	10	s	583	0	-	3099	os
SH_10_0_349_20260912T123901.m	10	s	349	0	-	3100	os
SH_10_0_2071_20260912T123912.m	10	s	2071	0	-	3101	os
SH_10_0_1071_20260912T123924.m	10	s	1071	0	-	3102	os
SH_10_0_2071_20260912T123937.m	10	s	2071	0	-	3103	os
SH_10_0_1007_20260912T123950.m	10	s	1007	0	-	3104	os
SH_10_2_577_20260912T124004.m	10	s	577	2	-	3105	os
SH_10_0_9_20260912T124016.m	10	s	9	0	-	3106	os
SH_10_0_283_20260912T124030.m	10	s	283	0	-	3107	os
SH_10_0_2071_20260912T124041.m	10	s	2071	0	-	3108	os
SH_10_0_1007_20260912T124054.m	10	s	1007	0	-	3109	os
SH_10_0_2071_20260912T124104.m	10	s	2071	0	-	3110	os
SH_10_0_1071_20260912T124117.m	10	s	1071	0	-	3111	os
SH_10_0_2071_20260912T124130.m	10	s	2071	0	-	3112	os
SH_10_0_533_20260912T124142.m	10	s	533	0	-	3113	os
SH_10_2_577_20260912T124155.m	10	s	577	2	-	3114	os
SH_10_0_1007_20260912T124207.m	10	s	1007	0	-	3115	os
SH_10_0_283_20260912T124221.m	10	s	283	0	-	3116	os
SH_10_2_577_20260912T124233.m	10	s	577	2	-	3117	os
SH_10_0_349_20260912T124246.m	10	s	349	0	-	3118	os
SH_10_0_349_20260912T124259.m	10	s	349	0	-	3119	os
SH_10_0_2071_20260912T124310.m	10	s	2071	0	-	3120	os
SH_10_0_1007_20260912T124323.m	10	s	1007	0	-	3121	os
SH_10_0_134_20260912T124336.m	10	s	134	0	-	3122	os
SH_10_2_577_20260912T124347.m	10	s	577	2	-	3123	os
SH_10_0_143_20260912T124358.m	10	s	143	0	-	3124	os
SH_10_0_2071_20260912T124411.m	10	s	2071	0	-	3125	os
SH_10_0_2071_20260912T124423.m	10	s	2071	0	-	3126	os
SH_10_4_490_20260912T124436.m	10	s	490	4	-	3127	os
SH_10_2_577_20260912T124449.m	10	s	577	2	-	3128	os
SH_10_2_577_20260912T124503.m	10	s	577	2	-	3129	os
SH_10_0_1071_20260912T124514.m	10	s	1071	0	-	3130	os
SH_10_2_577_20260912T124526.m	10	s	577	2	-	3131	os
SH_10_0_1007_20260912T124537.m	10	s	1007	0	-	3132	os
SH_10_0_134_20260912T124549.m	10	s	134	0	-	3133	os
SH_10_0_1007_20260912T124602.m	10	s	1007	0	-	3134	os
SH_10_0_2071_20260912T124614.m	10	s	2071	0	-	3135	os
SH_10_0_143_20260912T124626.m	10	s	143	0	-	3136	os
SH_10_2_577_20260912T124637.m	10	s	577	2	-	3137	os
SH_10_0_283_20260912T124649.m	10	s	283	0	-	3138	os
SH_10_0_2071_20260912T124701.m	10	s	2071	0	-	3139	os
SH_10_0_349_20260912T124714.m	10	s	349	0	-	3140	os
SH_10_0_134_20260912T124725.m	10	s	134	0	-	3141	os
SH_10_4_220_20260912T124738.m	10	s	220	4	-	3142	os
SH_10_0_349_20260912T124751.m	10	s	349	0	-	3143	os
SH_10_0_2071_20260912T124804.m	10	s	2071	0	-	3144	os
SH_10_0_134_20260912T124816.m	10	s	134	0	-	3145	os
SH_10_2_577_20260912T124831.m	10	s	577	2	-	3146	os
SH_10_0_349_20260912T124845.m	10	s	349	0	-	3147	os
SH_10_0_2071_20260912T124858.m	10	s	2071	0	-	3148	os
SH_10_0_143_20260912T124910.m	10	s	143	0	-	3149	os
SH_10_0_2071_20260912T124923.m	10	s	2071	0	-	3150	os
SH_10_0_1007_20260912T124936.m	10	s	1007	0	-	3151	os
SH_10_0_2071_20260912T124951.m	10	s	2071	0	-	3152	os
SH_10_0_2071_20260912T125004.m	10	s	2071	0	-	3153	os
SH_10_0_2071_20260912T125016.m	10	s	2071	0	-	3154	os
SH_10_0_143_20260912T125028.m	10	s	143	0	-	3155	os
SH_10_0_527_20260912T125040.m	10	s	527	0	-	3156	os
SH_10_0_2071_20260912T125052.m	10	s	2071	0	-	3157	os
SH_10_4_220_20260912T125104.m	10	s	220	4	-	3158	os
SH_10_2_577_20260912T125117.m	10	s	577	2	-	3159	os
SH_10_0_349_20260912T125129.m	10	s	349	0	-	3160	os
SH_10_4_108_20260912T125142.m	10	s	108	4	-	3161	os
SH_10_0_2071_20260912T125155.m	10	s	2071	0	-	3162	os
SH_10_0_1007_20260912T125206.m	10	s	1007	0	-	3163	os
SH_10_0_2071_20260912T125218.m	10	s	2071	0	-	3164	os
SH_10_0_2071_20260912T125229.m	10	s	2071	0	-	3165	os
SH_10_0_2071_20260912T125241.m	10	s	2071	0	-	3166	os
SH_10_2_577_20260912T125254.m	10	s	577	2	-	3167	os
SH_10_0_967_20260912T125306.m	10	s	967	0	-	3168	os
SH_10_0_2071_20260912T125320.m	10	s	2071	0	-	3169	os
SH_10_0_703_20260912T125334.m	10	s	703	0	-	3170	os
SH_10_0_2071_20260912T125347.m	10	s	2071	0	-	3171	os
SH_10_0_2071_20260912T125400.m	10	s	2071	0	-	3172	os
SH_10_0_2071_20260912T125412.m	10	s	2071	0	-	3173	os
SH_10_0_1007_20260912T125424.m	10	s	1007	0	-	3174	os
SH_10_0_1007_20260912T125438.m	10	s	1007	0	-	3175	os
SH_10_0_2071_20260912T125451.m	10	s	2071	0	-	3176	os
SH_10_4_216_20260912T125504.m	10	s	216	4	-	3177	os
SH_10_0_2071_20260912T125518.m	10	s	2071	0	-	3178	os
SH_10_0_134_20260912T125533.m	10	s	134	0	-	3179	os
SH_10_0_2071_20260912T125544.m	10	s	2071	0	-	3180	os
SH_10_0_1007_20260912T125558.m	10	s	1007	0	-	3181	os
SH_10_0_2071_20260912T125611.m	10	s	2071	0	-	3182	os
SH_10_0_349_20260912T125622.m	10	s	349	0	-	3183	os
SH_10_0_2071_20260912T125635.m	10	s	2071	0	-	3184	os
SH_10_0_349_20260912T125647.m	10	s	349	0	-	3185	os
SH_10_0_2071_20260912T125700.m	10	s	2071	0	-	3186	os
SH_10_0_349_20260912T125711.m	10	s	349	0	-	3187	os
SH_10_0_143_20260912T125723.m	10	s	143	0	-	3188	os
SH_10_0_2071_20260912T125736.m	10	s	2071	0	-	3189	os
SH_10_2_577_20260912T125747.m	10	s	577	2	-	3190	os
SH_10_0_500_20260912T125800.m	10	s	500	0	-	3191	os
SH_10_0_349_20260912T125813.m	10	s	349	0	-	3192	os
SH_10_0_5_20260912T125824.m	10	s	5	0	5	3193	os
SH_10_0_967_20260912T125836.m	10	s	967	0	-	3194	os
SH_10_0_349_20260912T125848.m	10	s	349	0	-	3195	os
SH_10_0_9_20260912T125901.m	10	s	9	0	-	3196	os
SH_10_0_2071_20260912T125915.m	10	s	2071	0	-	3197	os
SH_10_0_526_20260912T125927.m	10	s	526	0	-	3198	os
SH_10_0_349_20260912T125940.m	10	s	349	0	-	3199	os
SH_10_0_175_20260912T125953.m	10	s	175	0	-	3200	os
SH_10_0_283_20260912T130005.m	10	s	283	0	-	3201	os
SH_10_0_533_20260912T130017.m	10	s	533	0	-	3202	os
SH_10_0_1007_20260912T130028.m	10	s	1007	0	-	3203	os
SH_10_0_500_20260912T130040.m	10	s	500	0	-	3204	os
SH_10_0_527_20260912T130050.m	10	s	527	0	-	3205	os
SH_10_2_577_20260912T130102.m	10	s	577	2	-	3206	os
SH_10_0_2071_20260912T130115.m	10	s	2071	0	-	3207	os
SH_10_0_527_20260912T130129.m	10	s	527	0	-	3208	os
SH_10_0_2071_20260912T130139.m	10	s	2071	0	-	3209	os
SH_10_0_2071_20260912T130152.m	10	s	2071	0	-	3210	os
SH_10_0_2071_20260912T130205.m	10	s	2071	0	-	3211	os
SH_10_0_271_20260912T130220.m	10	s	271	0	-	3212	os
SH_10_0_500_20260912T130232.m	10	s	500	0	-	3213	os
SH_10_0_1007_20260912T130245.m	10	s	1007	0	-	3214	os
SH_10_0_1071_20260912T130300.m	10	s	1071	0	-	3215	os
SH_10_0_2071_20260912T130313.m	10	s	2071	0	-	3216	os
SH_10_0_11_20260912T130326.m	10	s	11	0	-	3217	os
SH_10_2_577_20260912T130338.m	10	s	577	2	-	3218	os
SH_10_2_577_20260912T130349.m	10	s	577	2	-	3219	os
SH_10_0_1007_20260912T130400.m	10	s	1007	0	-	3220	os
SH_10_0_2071_20260912T130414.m	10	s	2071	0	-	3221	os
SH_10_0_143_20260912T130427.m	10	s	143	0	-	3222	os
SH_10_0_1007_20260912T130439.m	10	s	1007	0	-	3223	os
SH_10_2_577_20260912T130449.m	10	s	577	2	-	3224	os
SH_10_0_2071_20260912T130500.m	10	s	2071	0	-	3225	os
SH_10_0_1007_20260912T130514.m	10	s	1007	0	-	3226	os
SH_10_0_349_20260912T130527.m	10	s	349	0	-	3227	os
SH_10_0_1007_20260912T130539.m	10	s	1007	0	-	3228	os
SH_10_0_349_20260912T130553.m	10	s	349	0	-	3229	os
SH_10_0_1071_20260912T130605.m	10	s	1071	0	-	3230	os
SH_10_0_143_20260912T130617.m	10	s	143	0	-	3231	os
SH_10_0_283_20260912T130630.m	10	s	283	0	-	3232	os
SH_10_0_134_20260912T130643.m	10	s	134	0	-	3233	os
SH_10_0_1071_20260912T130656.m	10	s	1071	0	-	3234	os
SH_10_0_2071_20260912T130708.m	10	s	2071	0	-	3235	os
SH_10_0_349_20260912T130721.m	10	s	349	0	-	3236	os
SH_10_0_2071_20260912T130735.m	10	s	2071	0	-	3237	os
SH_10_0_2071_20260912T130748.m	10	s	2071	0	-	3238	os
SH_10_0_349_20260912T130802.m	10	s	349	0	-	3239	os
SH_10_0_349_20260912T130814.m	10	s	349	0	-	3240	os
SH_10_0_9_20260912T130825.m	10	s	9	0	-	3241	os
SH_10_0_134_20260912T130837.m	10	s	134	0	-	3242	os
SH_10_0_1007_20260912T130847.m	10	s	1007	0	-	3243	os
SH_10_0_134_20260912T130900.m	10	s	134	0	-	3244	os
SH_10_0_967_20260912T130911.m	10	s	967	0	-	3245	os
SH_10_4_220_20260912T130924.m	10	s	220	4	-	3246	os
SH_10_0_283_20260912T130935.m	10	s	283	0	-	3247	os
SH_10_0_1007_20260912T130947.m	10	s	1007	0	-	3248	os
SH_10_0_251_20260912T131000.m	10	s	251	0	-	3249	os
SH_10_1_208_20260912T131012.m	10	s	208	1	-	3250	os
SH_10_0_967_20260912T131027.m	10	s	967	0	-	3251	os
SH_10_0_283_20260912T131038.m	10	s	283	0	-	3252	os
SH_10_2_577_20260912T131053.m	10	s	577	2	-	3253	os
SH_10_0_499_20260912T131104.m	10	s	499	0	-	3254	os
SH_10_0_2071_20260912T131118.m	10	s	2071	0	-	3255	os
SH_10_4_490_20260912T131132.m	10	s	490	4	-	3256	os
SH_10_0_1007_20260912T131155.m	10	s	1007	0	-	3257	os
SH_10_0_1007_20260912T131206.m	10	s	1007	0	-	3258	os
SH_10_0_175_20260912T131218.m	10	s	175	0	-	3259	os
SH_10_0_11_20260912T131231.m	10	s	11	0	-	3260	os
SH_10_0_2071_20260912T131245.m	10	s	2071	0	-	3261	os
SH_10_0_349_20260912T131257.m	10	s	349	0	-	3262	os
SH_10_0_293_20260912T131311.m	10	s	293	0	-	3263	os
SH_10_2_577_20260912T131322.m	10	s	577	2	-	3264	os
SH_10_0_499_20260912T131335.m	10	s	499	0	-	3265	os
SH_10_0_2071_20260912T131348.m	10	s	2071	0	-	3266	os
SH_10_2_577_20260912T131359.m	10	s	577	2	-	3267	os
SH_10_2_577_20260912T131413.m	10	s	577	2	-	3268	os
SH_10_0_2071_20260912T131426.m	10	s	2071	0	-	3269	os
SH_10_0_349_20260912T131440.m	10	s	349	0	-	3270	os
SH_10_0_1007_20260912T131451.m	10	s	1007	0	-	3271	os
SH_10_0_349_20260912T131506.m	10	s	349	0	-	3272	os
SH_10_0_1007_20260912T131519.m	10	s	1007	0	-	3273	os
SH_10_0_1007_20260912T131532.m	10	s	1007	0	-	3274	os
SH_10_0_1007_20260912T131544.m	10	s	1007	0	-	3275	os
SH_10_0_349_20260912T131555.m	10	s	349	0	-	3276	os
SH_10_0_527_20260912T131608.m	10	s	527	0	-	3277	os
SH_10_2_577_20260912T131620.m	10	s	577	2	-	3278	os
SH_10_4_490_20260912T131632.m	10	s	490	4	-	3279	os
SH_10_0_283_20260912T131644.m	10	s	283	0	-	3280	os
SH_10_0_1007_20260912T131657.m	10	s	1007	0	-	3281	os
SH_10_2_577_20260912T131711.m	10	s	577	2	-	3282	os
SH_10_0_2071_20260912T131724.m	10	s	2071	0	-	3283	os
SH_10_0_1007_20260912T131736.m	10	s	1007	0	-	3284	os
SH_10_0_143_20260912T131747.m	10	s	143	0	-	3285	os
SH_10_0_2071_20260912T131759.m	10	s	2071	0	-	3286	os
SH_10_2_577_20260912T131811.m	10	s	577	2	-	3287	os
SH_10_0_499_20260912T131822.m	10	s	499	0	-	3288	os
SH_10_0_1007_20260912T131835.m	10	s	1007	0	-	3289	os
SH_10_0_2071_20260912T131848.m	10	s	2071	0	-	3290	os
SH_10_0_2071_20260912T131902.m	10	s	2071	0	-	3291	os
SH_10_0_2071_20260912T131916.m	10	s	2071	0	-	3292	os
SH_10_0_527_20260912T131929.m	10	s	527	0	-	3293	os
SH_10_4_220_20260912T131943.m	10	s	220	4	-	3294	os
SH_10_0_1007_20260912T131956.m	10	s	1007	0	-	3295	os
SH_10_0_349_20260912T132010.m	10	s	349	0	-	3296	os
SH_10_0_283_20260912T132022.m	10	s	283	0	-	3297	os
SH_10_0_1007_20260912T132035.m	10	s	1007	0	-	3298	os
SH_10_2_577_20260912T132048.m	10	s	577	2	-	3299	os
SH_10_0_2071_20260912T132100.m	10	s	2071	0	-	3300	os
SH_10_0_2071_20260912T132113.m	10	s	2071	0	-	3301	os
SH_10_2_577_20260912T132126.m	10	s	577	2	-	3302	os
SH_10_0_251_20260912T132137.m	10	s	251	0	-	3303	os
SH_10_0_1071_20260912T132152.m	10	s	1071	0	-	3304	os
SH_10_0_134_20260912T132203.m	10	s	134	0	-	3305	os
SH_10_4_490_20260912T132216.m	10	s	490	4	-	3306	os
SH_10_2_577_20260912T132229.m	10	s	577	2	-	3307	os
SH_10_0_2071_20260912T132242.m	10	s	2071	0	-	3308	os
SH_10_0_1007_20260912T132255.m	10	s	1007	0	-	3309	os
SH_10_0_1071_20260912T132306.m	10	s	1071	0	-	3310	os
SH_10_0_349_20260912T132319.m	10	s	349	0	-	3311	os
SH_10_0_143_20260912T132332.m	10	s	143	0	-	3312	os
SH_10_0_349_20260912T132343.m	10	s	349	0	-	3313	os
SH_10_0_2071_20260912T132356.m	10	s	2071	0	-	3314	os
SH_10_2_577_20260912T132408.m	10	s	577	2	-	3315	os
SH_10_0_2071_20260912T132420.m	10	s	2071	0	-	3316	os
SH_10_0_2071_20260912T132433.m	10	s	2071	0	-	3317	os
SH_10_0_1007_20260912T132444.m	10	s	1007	0	-	3318	os
SH_10_0_143_20260912T132456.m	10	s	143	0	-	3319	os
SH_10_0_283_20260912T132509.m	10	s	283	0	-	3320	os
SH_10_0_349_20260912T132520.m	10	s	349	0	-	3321	os
SH_10_0_1007_20260912T132532.m	10	s	1007	0	-	3322	os
SH_10_0_251_20260912T132547.m	10	s	251	0	-	3323	os
SH_10_0_134_20260912T132600.m	10	s	134	0	-	3324	os
SH_10_0_349_20260912T132613.m	10	s	349	0	-	3325	os
SH_10_0_2071_20260912T132625.m	10	s	2071	0	-	3326	os
SH_10_0_2071_20260912T132639.m	10	s	2071	0	-	3327	os
SH_10_0_2071_20260912T132651.m	10	s	2071	0	-	3328	os
SH_10_0_527_20260912T132703.m	10	s	527	0	-	3329	os
SH_10_0_99_20260912T132712.m	10	s	99	0	-	3330	os
SH_10_0_1007_20260912T132724.m	10	s	1007	0	-	3331	os
SH_10_0_2071_20260912T132736.m	10	s	2071	0	-	3332	os
SH_10_0_1071_20260912T132749.m	10	s	1071	0	-	3333	os
SH_10_0_500_20260912T132800.m	10	s	500	0	-	3334	os
SH_10_0_1007_20260912T132812.m	10	s	1007	0	-	3335	os
SH_10_4_490_20260912T132822.m	10	s	490	4	-	3336	os
SH_10_0_349_20260912T132835.m	10	s	349	0	-	3337	os
SH_10_2_577_20260912T132845.m	10	s	577	2	-	3338	os
SH_10_0_283_20260912T132856.m	10	s	283	0	-	3339	os
SH_10_0_2071_20260912T132907.m	10	s	2071	0	-	3340	os
SH_10_0_349_20260912T132919.m	10	s	349	0	-	3341	os
SH_10_0_2071_20260912T132933.m	10	s	2071	0	-	3342	os
SH_10_2_577_20260912T132946.m	10	s	577	2	-	3343	os
SH_10_0_533_20260912T132959.m	10	s	533	0	-	3344	os
SH_10_0_2071_20260912T133012.m	10	s	2071	0	-	3345	os
SH_10_0_2071_20260912T133024.m	10	s	2071	0	-	3346	os
SH_10_0_499_20260912T133036.m	10	s	499	0	-	3347	os
SH_10_0_134_20260912T133048.m	10	s	134	0	-	3348	os
SH_10_0_1071_20260912T133110.m	10	s	1071	0	-	3349	os
SH_10_0_99_20260912T133123.m	10	s	99	0	-	3350	os
SH_10_0_500_20260912T133136.m	10	s	500	0	-	3351	os
SH_10_0_134_20260912T133148.m	10	s	134	0	-	3352	os
SH_10_2_577_20260912T133203.m	10	s	577	2	-	3353	os
SH_10_0_527_20260912T133220.m	10	s	527	0	-	3354	os
SH_10_0_1007_20260912T133234.m	10	s	1007	0	-	3355	os
SH_10_2_577_20260912T133248.m	10	s	577	2	-	3356	os
SH_10_0_271_20260912T133300.m	10	s	271	0	-	3357	os
SH_10_0_134_20260912T133314.m	10	s	134	0	-	3358	os
SH_10_4_490_20260912T133326.m	10	s	490	4	-	3359	os
SH_10_0_9_20260912T133339.m	10	s	9	0	-	3360	os
SH_10_0_349_20260912T133351.m	10	s	349	0	-	3361	os
SH_10_0_499_20260912T133403.m	10	s	499	0	-	3362	os
SH_10_0_175_20260912T133416.m	10	s	175	0	-	3363	os
SH_10_2_577_20260912T133429.m	10	s	577	2	-	3364	os
SH_10_0_2071_20260912T133442.m	10	s	2071	0	-	3365	os
SH_10_0_2071_20260912T133454.m	10	s	2071	0	-	3366	os
SH_10_0_349_20260912T133505.m	10	s	349	0	-	3367	os
SH_10_0_109_20260912T133517.m	10	s	109	0	-	3368	os
SH_10_0_271_20260912T133531.m	10	s	271	0	-	3369	os
SH_10_0_283_20260912T133543.m	10	s	283	0	-	3370	os
SH_10_4_490_20260912T133558.m	10	s	490	4	-	3371	os
SH_10_0_349_20260912T133612.m	10	s	349	0	-	3372	os
SH_10_0_967_20260912T133623.m	10	s	967	0	-	3373	os
SH_10_4_490_20260912T133638.m	10	s	490	4	-	3374	os
SH_10_0_349_20260912T133650.m	10	s	349	0	-	3375	os
SH_10_0_2071_20260912T133701.m	10	s	2071	0	-	3376	os
SH_10_0_1007_20260912T133716.m	10	s	1007	0	-	3377	os
SH_10_0_1007_20260912T133728.m	10	s	1007	0	-	3378	os
SH_10_0_2071_20260912T133742.m	10	s	2071	0	-	3379	os
SH_10_0_349_20260912T133753.m	10	s	349	0	-	3380	os
SH_10_2_577_20260912T133807.m	10	s	577	2	-	3381	os
SH_10_0_1007_20260912T133820.m	10	s	1007	0	-	3382	os
SH_10_0_99_20260912T133832.m	10	s	99	0	-	3383	os
SH_10_2_577_20260912T133844.m	10	s	577	2	-	3384	os
SH_10_0_1007_20260912T133857.m	10	s	1007	0	-	3385	os
SH_10_2_577_20260912T133912.m	10	s	577	2	-	3386	os
SH_10_0_5_20260912T133925.m	10	s	5	0	5	3387	os
SH_10_0_134_20260912T133938.m	10	s	134	0	-	3388	os
SH_10_0_349_20260912T133951.m	10	s	349	0	-	3389	os
SH_10_0_5_20260912T134005.m	10	s	5	0	5	3390	os
SH_10_0_6_20260912T134017.m	10	s	6	0	6	3391	os
SH_10_0_583_20260912T134031.m	10	s	583	0	-	3392	os
SH_10_0_2071_20260912T134044.m	10	s	2071	0	-	3393	os
SH_10_0_2071_20260912T134056.m	10	s	2071	0	-	3394	os
SH_10_0_499_20260912T134108.m	10	s	499	0	-	3395	os
SH_10_0_99_20260912T134121.m	10	s	99	0	-	3396	os
SH_10_0_143_20260912T134134.m	10	s	143	0	-	3397	os
SH_10_2_577_20260912T134147.m	10	s	577	2	-	3398	os
SH_10_0_2071_20260912T134158.m	10	s	2071	0	-	3399	os
SH_10_0_533_20260912T134211.m	10	s	533	0	-	3400	os
SH_10_0_349_20260912T134224.m	10	s	349	0	-	3401	os
SH_10_0_1007_20260912T134236.m	10	s	1007	0	-	3402	os
SH_10_0_143_20260912T134249.m	10	s	143	0	-	3403	os
SH_10_0_349_20260912T134301.m	10	s	349	0	-	3404	os
SH_10_0_349_20260912T134313.m	10	s	349	0	-	3405	os
SH_10_2_577_20260912T134324.m	10	s	577	2	-	3406	os
SH_10_0_1007_20260912T134337.m	10	s	1007	0	-	3407	os
SH_10_0_2071_20260912T134350.m	10	s	2071	0	-	3408	os
SH_10_2_577_20260912T134404.m	10	s	577	2	-	3409	os
SH_10_0_1007_20260912T134415.m	10	s	1007	0	-	3410	os
SH_10_4_490_20260912T134428.m	10	s	490	4	-	3411	os
SH_10_0_2071_20260912T134439.m	10	s	2071	0	-	3412	os
SH_10_0_1007_20260912T134454.m	10	s	1007	0	-	3413	os
SH_10_0_99_20260912T134509.m	10	s	99	0	-	3414	os
SH_10_0_251_20260912T134522.m	10	s	251	0	-	3415	os
SH_10_0_2071_20260912T134536.m	10	s	2071	0	-	3416	os
SH_10_0_2071_20260912T134548.m	10	s	2071	0	-	3417	os
SH_10_0_1007_20260912T134559.m	10	s	1007	0	-	3418	os
SH_10_0_2071_20260912T134611.m	10	s	2071	0	-	3419	os
SH_10_0_143_20260912T134623.m	10	s	143	0	-	3420	os
SH_10_4_490_20260912T134636.m	10	s	490	4	-	3421	os
SH_10_0_1007_20260912T134645.m	10	s	1007	0	-	3422	os
SH_10_0_1007_20260912T134656.m	10	s	1007	0	-	3423	os
SH_10_2_577_20260912T134708.m	10	s	577	2	-	3424	os
SH_10_0_99_20260912T134721.m	10	s	99	0	-	3425	os
SH_10_0_1071_20260912T134731.m	10	s	1071	0	-	3426	os
SH_10_0_1007_20260912T134741.m	10	s	1007	0	-	3427	os
SH_10_0_349_20260912T134755.m	10	s	349	0	-	3428	os
SH_10_0_1071_20260912T134806.m	10	s	1071	0	-	3429	os
SH_10_0_349_20260912T134819.m	10	s	349	0	-	3430	os
SH_10_0_349_20260912T134832.m	10	s	349	0	-	3431	os
SH_10_0_2071_20260912T134846.m	10	s	2071	0	-	3432	os
SH_10_0_2071_20260912T134857.m	10	s	2071	0	-	3433	os
SH_10_0_349_20260912T134910.m	10	s	349	0	-	3434	os
SH_10_0_349_20260912T134923.m	10	s	349	0	-	3435	os
SH_10_2_577_20260912T134937.m	10	s	577	2	-	3436	os
SH_10_4_220_20260912T134948.m	10	s	220	4	-	3437	os
SH_10_0_1007_20260912T135000.m	10	s	1007	0	-	3438	os
SH_10_0_2071_20260912T135015.m	10	s	2071	0	-	3439	os
SH_10_0_967_20260912T135030.m	10	s	967	0	-	3440	os
SH_10_4_490_20260912T135046.m	10	s	490	4	-	3441	os
SH_10_0_2071_20260912T135102.m	10	s	2071	0	-	3442	os
SH_10_0_1007_20260912T135116.m	10	s	1007	0	-	3443	os
SH_10_0_2071_20260912T135128.m	10	s	2071	0	-	3444	os
SH_10_0_9_20260912T135144.m	10	s	9	0	-	3445	os
SH_10_0_2071_20260912T135158.m	10	s	2071	0	-	3446	os
SH_10_0_2071_20260912T135213.m	10	s	2071	0	-	3447	os
SH_10_0_349_20260912T135228.m	10	s	349	0	-	3448	os
SH_10_0_134_20260912T135244.m	10	s	134	0	-	3449	os
SH_10_0_2071_20260912T135300.m	10	s	2071	0	-	3450	os
SH_10_0_2071_20260912T135314.m	10	s	2071	0	-	3451	os
SH_10_0_349_20260912T135328.m	10	s	349	0	-	3452	os
SH_10_4_490_20260912T135340.m	10	s	490	4	-	3453	os
SH_10_0_134_20260912T135353.m	10	s	134	0	-	3454	os
SH_10_0_2071_20260912T135407.m	10	s	2071	0	-	3455	os
SH_10_0_500_20260912T135422.m	10	s	500	0	-	3456	os
SH_10_2_577_20260912T135432.m	10	s	577	2	-	3457	os
SH_10_0_349_20260912T135446.m	10	s	349	0	-	3458	os
SH_10_0_143_20260912T135459.m	10	s	143	0	-	3459	os
SH_10_0_2071_20260912T135513.m	10	s	2071	0	-	3460	os
SH_10_0_349_20260912T135524.m	10	s	349	0	-	3461	os
SH_10_0_2071_20260912T135539.m	10	s	2071	0	-	3462	os
SH_10_0_134_20260912T135551.m	10	s	134	0	-	3463	os
SH_10_0_2071_20260912T135603.m	10	s	2071	0	-	3464	os
SH_10_0_271_20260912T135615.m	10	s	271	0	-	3465	os
SH_10_0_143_20260912T135627.m	10	s	143	0	-	3466	os
SH_10_0_99_20260912T135641.m	10	s	99	0	-	3467	os
SH_10_0_349_20260912T135654.m	10	s	349	0	-	3468	os
SH_10_0_2071_20260912T135706.m	10	s	2071	0	-	3469	os
SH_10_0_349_20260912T135719.m	10	s	349	0	-	3470	os
SH_10_0_2071_20260912T135731.m	10	s	2071	0	-	3471	os
SH_10_2_577_20260912T135745.m	10	s	577	2	-	3472	os
SH_10_0_2071_20260912T135757.m	10	s	2071	0	-	3473	os
SH_10_0_2071_20260912T135810.m	10	s	2071	0	-	3474	os
SH_10_2_577_20260912T135824.m	10	s	577	2	-	3475	os
SH_10_0_967_20260912T135837.m	10	s	967	0	-	3476	os
SH_10_0_349_20260912T135849.m	10	s	349	0	-	3477	os
SH_10_0_1007_20260912T135903.m	10	s	1007	0	-	3478	os
SH_10_0_533_20260912T135915.m	10	s	533	0	-	3479	os
SH_10_0_1007_20260912T135928.m	10	s	1007	0	-	3480	os
SH_10_0_2071_20260912T135942.m	10	s	2071	0	-	3481	os
SH_10_0_2071_20260912T135957.m	10	s	2071	0	-	3482	os
SH_10_0_2071_20260912T140011.m	10	s	2071	0	-	3483	os
SH_10_0_2071_20260912T140024.m	10	s	2071	0	-	3484	os
SH_10_2_577_20260912T140040.m	10	s	577	2	-	3485	os
SH_10_0_1007_20260912T140056.m	10	s	1007	0	-	3486	os
SH_10_0_2071_20260912T140111.m	10	s	2071	0	-	3487	os
SH_10_0_99_20260912T140126.m	10	s	99	0	-	3488	os
SH_10_0_143_20260912T140138.m	10	s	143	0	-	3489	os
SH_10_0_5_20260912T140152.m	10	s	5	0	5	3490	os
SH_10_0_349_20260912T140204.m	10	s	349	0	-	3491	os
SH_10_0_1007_20260912T140218.m	10	s	1007	0	-	3492	os
SH_10_0_2071_20260912T140231.m	10	s	2071	0	-	3493	os
SH_10_0_2071_20260912T140245.m	10	s	2071	0	-	3494	os
SH_10_0_2071_20260912T140301.m	10	s	2071	0	-	3495	os
SH_10_0_1007_20260912T140315.m	10	s	1007	0	-	3496	os
SH_10_0_349_20260912T140328.m	10	s	349	0	-	3497	os
SH_10_0_99_20260912T140342.m	10	s	99	0	-	3498	os
SH_10_0_2071_20260912T140355.m	10	s	2071	0	-	3499	os
SH_10_0_2071_20260912T140408.m	10	s	2071	0	-	3500	os
SH_10_0_2071_20260912T140420.m	10	s	2071	0	-	3501	os
SH_10_0_1007_20260912T140432.m	10	s	1007	0	-	3502	os
SH_10_0_9_20260912T140446.m	10	s	9	0	-	3503	os
SH_10_0_2071_20260912T140458.m	10	s	2071	0	-	3504	os
SH_10_4_490_20260912T140512.m	10	s	490	4	-	3505	os
SH_10_2_577_20260912T140524.m	10	s	577	2	-	3506	os
SH_10_4_490_20260912T140538.m	10	s	490	4	-	3507	os
SH_10_4_490_20260912T140551.m	10	s	490	4	-	3508	os
SH_10_0_283_20260912T140607.m	10	s	283	0	-	3509	os
SH_10_0_99_20260912T140621.m	10	s	99	0	-	3510	os
SH_10_0_2071_20260912T140636.m	10	s	2071	0	-	3511	os
SH_10_0_2071_20260912T140649.m	10	s	2071	0	-	3512	os
SH_10_0_1007_20260912T140701.m	10	s	1007	0	-	3513	os
SH_10_2_577_20260912T140714.m	10	s	577	2	-	3514	os
SH_10_0_967_20260912T140727.m	10	s	967	0	-	3515	os
SH_10_0_2071_20260912T140740.m	10	s	2071	0	-	3516	os
SH_10_0_1071_20260912T140752.m	10	s	1071	0	-	3517	os
SH_10_0_134_20260912T140805.m	10	s	134	0	-	3518	os
SH_10_0_2071_20260912T140818.m	10	s	2071	0	-	3519	os
SH_10_0_1007_20260912T140831.m	10	s	1007	0	-	3520	os
SH_10_0_99_20260912T140845.m	10	s	99	0	-	3521	os
SH_10_2_577_20260912T140859.m	10	s	577	2	-	3522	os
SH_10_0_349_20260912T140912.m	10	s	349	0	-	3523	os
SH_10_0_1071_20260912T140922.m	10	s	1071	0	-	3524	os
SH_10_0_134_20260912T140936.m	10	s	134	0	-	3525	os
SH_10_0_2071_20260912T140951.m	10	s	2071	0	-	3526	os
SH_10_0_5_20260912T141006.m	10	s	5	0	5	3527	os
SH_10_0_283_20260912T141017.m	10	s	283	0	-	3528	os
SH_10_0_533_20260912T141030.m	10	s	533	0	-	3529	os
SH_10_2_577_20260912T141043.m	10	s	577	2	-	3530	os
SH_10_0_349_20260912T141056.m	10	s	349	0	-	3531	os
SH_10_0_1071_20260912T141110.m	10	s	1071	0	-	3532	os
SH_10_0_2071_20260912T141125.m	10	s	2071	0	-	3533	os
SH_10_0_349_20260912T141139.m	10	s	349	0	-	3534	os
SH_10_2_577_20260912T141152.m	10	s	577	2	-	3535	os
SH_10_0_1007_20260912T141206.m	10	s	1007	0	-	3536	os
SH_10_0_1071_20260912T141221.m	10	s	1071	0	-	3537	os
SH_10_0_349_20260912T141235.m	10	s	349	0	-	3538	os
SH_10_0_499_20260912T141248.m	10	s	499	0	-	3539	os
SH_10_0_283_20260912T141302.m	10	s	283	0	-	3540	os
SH_10_0_2071_20260912T141315.m	10	s	2071	0	-	3541	os
SH_10_0_2071_20260912T141329.m	10	s	2071	0	-	3542	os
SH_10_0_349_20260912T141345.m	10	s	349	0	-	3543	os
SH_10_0_1007_20260912T141356.m	10	s	1007	0	-	3544	os
SH_10_0_2071_20260912T141410.m	10	s	2071	0	-	3545	os
SH_10_0_5_20260912T141425.m	10	s	5	0	5	3546	os
SH_10_0_1071_20260912T141440.m	10	s	1071	0	-	3547	os
SH_10_0_1007_20260912T141453.m	10	s	1007	0	-	3548	os
SH_10_0_134_20260912T141507.m	10	s	134	0	-	3549	os
SH_10_0_349_20260912T141520.m	10	s	349	0	-	3550	os
SH_10_0_1007_20260912T141533.m	10	s	1007	0	-	3551	os
SH_10_4_490_20260912T141548.m	10	s	490	4	-	3552	os
SH_10_0_349_20260912T141600.m	10	s	349	0	-	3553	os
SH_10_4_490_20260912T141615.m	10	s	490	4	-	3554	os
SH_10_0_500_20260912T141630.m	10	s	500	0	-	3555	os
SH_10_0_1007_20260912T141644.m	10	s	1007	0	-	3556	os
SH_10_0_2071_20260912T141659.m	10	s	2071	0	-	3557	os
SH_10_0_2071_20260912T141713.m	10	s	2071	0	-	3558	os
SH_10_2_577_20260912T141731.m	10	s	577	2	-	3559	os
SH_10_2_577_20260912T141743.m	10	s	577	2	-	3560	os
SH_10_0_2071_20260912T141757.m	10	s	2071	0	-	3561	os
SH_10_0_134_20260912T141814.m	10	s	134	0	-	3562	os
SH_10_0_500_20260912T141829.m	10	s	500	0	-	3563	os
SH_10_0_283_20260912T141845.m	10	s	283	0	-	3564	os
SH_10_0_2071_20260912T141858.m	10	s	2071	0	-	3565	os
SH_10_4_108_20260912T141912.m	10	s	108	4	-	3566	os
SH_10_0_2071_20260912T141924.m	10	s	2071	0	-	3567	os
SH_10_0_2071_20260912T141937.m	10	s	2071	0	-	3568	os
SH_10_0_1007_20260912T141952.m	10	s	1007	0	-	3569	os
SH_10_0_2071_20260912T142005.m	10	s	2071	0	-	3570	os
SH_10_2_577_20260912T142020.m	10	s	577	2	-	3571	os
SH_10_0_2071_20260912T142033.m	10	s	2071	0	-	3572	os
SH_10_0_1071_20260912T142048.m	10	s	1071	0	-	3573	os
SH_10_0_2071_20260912T142102.m	10	s	2071	0	-	3574	os
SH_10_0_143_20260912T142115.m	10	s	143	0	-	3575	os
SH_10_0_1007_20260912T142128.m	10	s	1007	0	-	3576	os
SH_10_0_349_20260912T142141.m	10	s	349	0	-	3577	os
SH_10_0_2071_20260912T142155.m	10	s	2071	0	-	3578	os
SH_10_0_967_20260912T142208.m	10	s	967	0	-	3579	os
SH_10_0_349_20260912T142222.m	10	s	349	0	-	3580	os
SH_10_0_134_20260912T142237.m	10	s	134	0	-	3581	os
SH_10_0_349_20260912T142252.m	10	s	349	0	-	3582	os
SH_10_0_2071_20260912T142307.m	10	s	2071	0	-	3583	os
SH_10_0_1007_20260912T142321.m	10	s	1007	0	-	3584	os
SH_10_0_2071_20260912T142335.m	10	s	2071	0	-	3585	os
SH_10_0_134_20260912T142348.m	10	s	134	0	-	3586	os
SH_10_2_577_20260912T142400.m	10	s	577	2	-	3587	os
SH_10_0_2071_20260912T142414.m	10	s	2071	0	-	3588	os
SH_10_0_1007_20260912T142428.m	10	s	1007	0	-	3589	os
SH_10_0_2071_20260912T142440.m	10	s	2071	0	-	3590	os
SH_10_0_500_20260912T142455.m	10	s	500	0	-	3591	os
SH_10_0_20_20260912T142508.m	10	s	20	0	-	3592	os
SH_10_0_2071_20260912T142520.m	10	s	2071	0	-	3593	os
SH_10_0_349_20260912T142534.m	10	s	349	0	-	3594	os
SH_10_2_577_20260912T142545.m	10	s	577	2	-	3595	os
SH_10_0_349_20260912T142559.m	10	s	349	0	-	3596	os
SH_10_0_1071_20260912T142613.m	10	s	1071	0	-	3597	os
SH_10_0_1071_20260912T142625.m	10	s	1071	0	-	3598	os
SH_10_0_2071_20260912T142637.m	10	s	2071	0	-	3599	os
SH_10_0_2071_20260912T142650.m	10	s	2071	0	-	3600	os
SH_10_0_283_20260912T142704.m	10	s	283	0	-	3601	os
SH_10_0_2071_20260912T142716.m	10	s	2071	0	-	3602	os
SH_10_0_2071_20260912T142729.m	10	s	2071	0	-	3603	os
SH_10_2_577_20260912T142742.m	10	s	577	2	-	3604	os
SH_10_2_577_20260912T142755.m	10	s	577	2	-	3605	os
SH_10_2_577_20260912T142805.m	10	s	577	2	-	3606	os
SH_10_0_500_20260912T142817.m	10	s	500	0	-	3607	os
SH_10_4_108_20260912T142831.m	10	s	108	4	-	3608	os
SH_10_2_577_20260912T142843.m	10	s	577	2	-	3609	os
SH_10_0_967_20260912T142906.m	10	s	967	0	-	3610	os
SH_10_0_251_20260912T142920.m	10	s	251	0	-	3611	os
SH_10_0_1007_20260912T142932.m	10	s	1007	0	-	3612	os
SH_10_0_1007_20260912T142944.m	10	s	1007	0	-	3613	os
SH_10_0_1007_20260912T142956.m	10	s	1007	0	-	3614	os
SH_10_0_703_20260912T143009.m	10	s	703	0	-	3615	os
SH_10_2_577_20260912T143023.m	10	s	577	2	-	3616	os
SH_10_0_1007_20260912T143035.m	10	s	1007	0	-	3617	os
SH_10_2_577_20260912T143048.m	10	s	577	2	-	3618	os
SH_10_0_1007_20260912T143101.m	10	s	1007	0	-	3619	os
SH_10_2_577_20260912T143111.m	10	s	577	2	-	3620	os
SH_10_0_2071_20260912T143122.m	10	s	2071	0	-	3621	os
SH_10_0_349_20260912T143133.m	10	s	349	0	-	3622	os
SH_10_0_143_20260912T143146.m	10	s	143	0	-	3623	os
SH_10_0_134_20260912T143159.m	10	s	134	0	-	3624	os
SH_10_0_1007_20260912T143210.m	10	s	1007	0	-	3625	os
SH_10_0_2071_20260912T143223.m	10	s	2071	0	-	3626	os
SH_10_0_2071_20260912T143236.m	10	s	2071	0	-	3627	os
SH_10_2_577_20260912T143249.m	10	s	577	2	-	3628	os
SH_10_0_5_20260912T143300.m	10	s	5	0	5	3629	os
SH_10_0_349_20260912T143311.m	10	s	349	0	-	3630	os
SH_10_0_349_20260912T143322.m	10	s	349	0	-	3631	os
SH_10_0_349_20260912T143333.m	10	s	349	0	-	3632	os
SH_10_0_349_20260912T143344.m	10	s	349	0	-	3633	os
SH_10_2_577_20260912T143357.m	10	s	577	2	-	3634	os
SH_10_0_1007_20260912T143408.m	10	s	1007	0	-	3635	os
SH_10_2_577_20260912T143421.m	10	s	577	2	-	3636	os
SH_10_0_1007_20260912T143432.m	10	s	1007	0	-	3637	os
SH_10_0_2071_20260912T143444.m	10	s	2071	0	-	3638	os
SH_10_0_349_20260912T143456.m	10	s	349	0	-	3639	os
SH_10_0_143_20260912T143508.m	10	s	143	0	-	3640	os
SH_10_0_2071_20260912T143521.m	10	s	2071	0	-	3641	os
SH_10_0_1007_20260912T143533.m	10	s	1007	0	-	3642	os
SH_10_0_499_20260912T143545.m	10	s	499	0	-	3643	os
SH_10_0_175_20260912T143557.m	10	s	175	0	-	3644	os
SH_10_4_220_20260912T143610.m	10	s	220	4	-	3645	os
SH_10_0_533_20260912T143623.m	10	s	533	0	-	3646	os
SH_10_0_2071_20260912T143639.m	10	s	2071	0	-	3647	os
SH_10_2_577_20260912T143650.m	10	s	577	2	-	3648	os
SH_10_0_99_20260912T143701.m	10	s	99	0	-	3649	os
SH_10_0_2071_20260912T143714.m	10	s	2071	0	-	3650	os
SH_10_0_1007_20260912T143726.m	10	s	1007	0	-	3651	os
SH_10_0_1007_20260912T143739.m	10	s	1007	0	-	3652	os
SH_10_0_2071_20260912T143753.m	10	s	2071	0	-	3653	os
SH_10_0_349_20260912T143808.m	10	s	349	0	-	3654	os
SH_10_0_1007_20260912T143822.m	10	s	1007	0	-	3655	os
SH_10_0_500_20260912T143836.m	10	s	500	0	-	3656	os
SH_10_0_349_20260912T143849.m	10	s	349	0	-	3657	os
SH_10_0_2071_20260912T143901.m	10	s	2071	0	-	3658	os
SH_10_0_500_20260912T143912.m	10	s	500	0	-	3659	os
SH_10_0_283_20260912T143925.m	10	s	283	0	-	3660	os
SH_10_0_533_20260912T143939.m	10	s	533	0	-	3661	os
SH_10_0_703_20260912T143952.m	10	s	703	0	-	3662	os
SH_10_0_6_20260912T144007.m	10	s	6	0	6	3663	os
SH_10_0_2071_20260912T144018.m	10	s	2071	0	-	3664	os
SH_10_0_2071_20260912T144032.m	10	s	2071	0	-	3665	os
SH_10_2_577_20260912T144046.m	10	s	577	2	-	3666	os
SH_10_0_349_20260912T144058.m	10	s	349	0	-	3667	os
SH_10_0_2071_20260912T144111.m	10	s	2071	0	-	3668	os
SH_10_0_349_20260912T144123.m	10	s	349	0	-	3669	os
SH_10_0_175_20260912T144135.m	10	s	175	0	-	3670	os
SH_10_0_283_20260912T144148.m	10	s	283	0	-	3671	os
SH_10_0_2071_20260912T144202.m	10	s	2071	0	-	3672	os
SH_10_0_1007_20260912T144217.m	10	s	1007	0	-	3673	os
SH_10_4_220_20260912T144229.m	10	s	220	4	-	3674	os
SH_10_0_9_20260912T144240.m	10	s	9	0	-	3675	os
SH_10_0_349_20260912T144252.m	10	s	349	0	-	3676	os
SH_10_0_2071_20260912T144303.m	10	s	2071	0	-	3677	os
SH_10_0_283_20260912T144317.m	10	s	283	0	-	3678	os
SH_10_0_2071_20260912T144329.m	10	s	2071	0	-	3679	os
SH_10_0_134_20260912T144344.m	10	s	134	0	-	3680	os
SH_10_0_2071_20260912T144356.m	10	s	2071	0	-	3681	os
SH_10_0_2071_20260912T144410.m	10	s	2071	0	-	3682	os
SH_10_2_577_20260912T144423.m	10	s	577	2	-	3683	os
SH_10_0_349_20260912T144438.m	10	s	349	0	-	3684	os
SH_10_2_577_20260912T144451.m	10	s	577	2	-	3685	os
SH_10_2_577_20260912T144506.m	10	s	577	2	-	3686	os
SH_10_2_577_20260912T144520.m	10	s	577	2	-	3687	os
SH_10_4_490_20260912T144534.m	10	s	490	4	-	3688	os
SH_10_0_2071_20260912T144549.m	10	s	2071	0	-	3689	os
SH_10_0_2071_20260912T144602.m	10	s	2071	0	-	3690	os
SH_10_0_2071_20260912T144615.m	10	s	2071	0	-	3691	os
SH_10_2_577_20260912T144629.m	10	s	577	2	-	3692	os
SH_10_2_577_20260912T144646.m	10	s	577	2	-	3693	os
SH_10_2_577_20260912T144658.m	10	s	577	2	-	3694	os
SH_10_2_577_20260912T144711.m	10	s	577	2	-	3695	os
SH_10_2_577_20260912T144726.m	10	s	577	2	-	3696	os
SH_10_0_1007_20260912T144739.m	10	s	1007	0	-	3697	os
SH_10_0_1007_20260912T144752.m	10	s	1007	0	-	3698	os
SH_10_0_349_20260912T144806.m	10	s	349	0	-	3699	os
SH_10_0_1007_20260912T144819.m	10	s	1007	0	-	3700	os
SH_10_0_500_20260912T144832.m	10	s	500	0	-	3701	os
SH_10_0_1007_20260912T144845.m	10	s	1007	0	-	3702	os
SH_10_2_577_20260912T144858.m	10	s	577	2	-	3703	os
SH_10_2_577_20260912T144912.m	10	s	577	2	-	3704	os
SH_10_0_1007_20260912T144924.m	10	s	1007	0	-	3705	os
SH_10_0_134_20260912T144939.m	10	s	134	0	-	3706	os
SH_10_0_271_20260912T144950.m	10	s	271	0	-	3707	os
SH_10_2_577_20260912T145003.m	10	s	577	2	-	3708	os
SH_10_0_2071_20260912T145017.m	10	s	2071	0	-	3709	os
SH_10_0_1007_20260912T145028.m	10	s	1007	0	-	3710	os
SH_10_0_1071_20260912T145041.m	10	s	1071	0	-	3711	os
SH_10_2_577_20260912T145053.m	10	s	577	2	-	3712	os
SH_10_0_271_20260912T145107.m	10	s	271	0	-	3713	os
SH_10_2_577_20260912T145121.m	10	s	577	2	-	3714	os
SH_10_0_2071_20260912T145134.m	10	s	2071	0	-	3715	os
SH_10_0_1007_20260912T145148.m	10	s	1007	0	-	3716	os
SH_10_0_2071_20260912T145200.m	10	s	2071	0	-	3717	os
SH_10_0_143_20260912T145213.m	10	s	143	0	-	3718	os
SH_10_0_143_20260912T145228.m	10	s	143	0	-	3719	os
SH_10_0_1007_20260912T145241.m	10	s	1007	0	-	3720	os
SH_10_0_349_20260912T145255.m	10	s	349	0	-	3721	os
SH_10_0_1007_20260912T145308.m	10	s	1007	0	-	3722	os
SH_10_0_1071_20260912T145321.m	10	s	1071	0	-	3723	os
SH_10_0_6_20260912T145332.m	10	s	6	0	6	3724	os
SH_10_0_1007_20260912T145344.m	10	s	1007	0	-	3725	os
SH_10_0_2071_20260912T145357.m	10	s	2071	0	-	3726	os
SH_10_4_220_20260912T145413.m	10	s	220	4	-	3727	os
SH_10_0_1007_20260912T145427.m	10	s	1007	0	-	3728	os
SH_10_2_577_20260912T145441.m	10	s	577	2	-	3729	os
SH_10_0_349_20260912T145454.m	10	s	349	0	-	3730	os
SH_10_4_220_20260912T145508.m	10	s	220	4	-	3731	os
SH_10_0_349_20260912T145517.m	10	s	349	0	-	3732	os
SH_10_4_490_20260912T145530.m	10	s	490	4	-	3733	os
SH_10_0_2071_20260912T145541.m	10	s	2071	0	-	3734	os
SH_10_0_2071_20260912T145555.m	10	s	2071	0	-	3735	os
SH_10_2_577_20260912T145608.m	10	s	577	2	-	3736	os
SH_10_0_2071_20260912T145620.m	10	s	2071	0	-	3737	os
SH_10_0_9_20260912T145631.m	10	s	9	0	-	3738	os
SH_10_0_533_20260912T145645.m	10	s	533	0	-	3739	os
SH_10_0_2071_20260912T145659.m	10	s	2071	0	-	3740	os
SH_10_0_349_20260912T145713.m	10	s	349	0	-	3741	os
SH_10_0_349_20260912T145725.m	10	s	349	0	-	3742	os
SH_10_0_1007_20260912T145737.m	10	s	1007	0	-	3743	os
SH_10_0_500_20260912T145750.m	10	s	500	0	-	3744	os
SH_10_0_2071_20260912T145803.m	10	s	2071	0	-	3745	os
SH_10_0_143_20260912T145816.m	10	s	143	0	-	3746	os
SH_10_2_577_20260912T145828.m	10	s	577	2	-	3747	os
SH_10_0_2071_20260912T145840.m	10	s	2071	0	-	3748	os
SH_10_0_1007_20260912T145855.m	10	s	1007	0	-	3749	os
SH_10_0_2071_20260912T145907.m	10	s	2071	0	-	3750	os
SH_10_2_577_20260912T145922.m	10	s	577	2	-	3751	os
SH_10_4_490_20260912T145935.m	10	s	490	4	-	3752	os
SH_10_0_2071_20260912T145948.m	10	s	2071	0	-	3753	os
SH_10_0_2071_20260912T150003.m	10	s	2071	0	-	3754	os
SH_10_2_577_20260912T150016.m	10	s	577	2	-	3755	os
SH_10_0_1007_20260912T150031.m	10	s	1007	0	-	3756	os
SH_10_0_1007_20260912T150043.m	10	s	1007	0	-	3757	os
SH_10_0_2071_20260912T150057.m	10	s	2071	0	-	3758	os
SH_10_0_500_20260912T150110.m	10	s	500	0	-	3759	os
SH_10_0_175_20260912T150122.m	10	s	175	0	-	3760	os
SH_10_0_134_20260912T150132.m	10	s	134	0	-	3761	os
SH_10_0_2071_20260912T150145.m	10	s	2071	0	-	3762	os
SH_10_2_577_20260912T150200.m	10	s	577	2	-	3763	os
SH_10_0_2071_20260912T150210.m	10	s	2071	0	-	3764	os
SH_10_2_577_20260912T150224.m	10	s	577	2	-	3765	os
SH_10_0_2071_20260912T150237.m	10	s	2071	0	-	3766	os
SH_10_0_2071_20260912T150249.m	10	s	2071	0	-	3767	os
SH_10_0_2071_20260912T150301.m	10	s	2071	0	-	3768	os
SH_10_0_1007_20260912T150316.m	10	s	1007	0	-	3769	os
SH_10_0_2071_20260912T150329.m	10	s	2071	0	-	3770	os
SH_10_0_349_20260912T150341.m	10	s	349	0	-	3771	os
SH_10_0_2071_20260912T150353.m	10	s	2071	0	-	3772	os
SH_10_0_271_20260912T150406.m	10	s	271	0	-	3773	os
SH_10_0_283_20260912T150421.m	10	s	283	0	-	3774	os
SH_10_0_1007_20260912T150434.m	10	s	1007	0	-	3775	os
SH_10_2_577_20260912T150448.m	10	s	577	2	-	3776	os
SH_10_0_349_20260912T150503.m	10	s	349	0	-	3777	os
SH_10_0_2071_20260912T150516.m	10	s	2071	0	-	3778	os
SH_10_0_349_20260912T150531.m	10	s	349	0	-	3779	os
SH_10_2_577_20260912T150544.m	10	s	577	2	-	3780	os
SH_10_0_349_20260912T150556.m	10	s	349	0	-	3781	os
SH_10_2_577_20260912T150609.m	10	s	577	2	-	3782	os
SH_10_0_349_20260912T150623.m	10	s	349	0	-	3783	os
SH_10_4_220_20260912T150637.m	10	s	220	4	-	3784	os
SH_10_2_577_20260912T150648.m	10	s	577	2	-	3785	os
SH_10_0_2071_20260912T150701.m	10	s	2071	0	-	3786	os
SH_10_0_349_20260912T150715.m	10	s	349	0	-	3787	os
SH_10_0_1007_20260912T150727.m	10	s	1007	0	-	3788	os
SH_10_0_2071_20260912T150741.m	10	s	2071	0	-	3789	os
SH_10_0_134_20260912T150755.m	10	s	134	0	-	3790	os
SH_10_0_143_20260912T150810.m	10	s	143	0	-	3791	os
SH_10_0_349_20260912T150824.m	10	s	349	0	-	3792	os
SH_10_0_349_20260912T150837.m	10	s	349	0	-	3793	os
SH_10_0_2071_20260912T150849.m	10	s	2071	0	-	3794	os
SH_10_0_349_20260912T150901.m	10	s	349	0	-	3795	os
SH_10_0_283_20260912T150913.m	10	s	283	0	-	3796	os
SH_10_0_1007_20260912T150926.m	10	s	1007	0	-	3797	os
SH_10_0_349_20260912T150940.m	10	s	349	0	-	3798	os
SH_10_0_499_20260912T150954.m	10	s	499	0	-	3799	os
SH_10_0_527_20260912T151008.m	10	s	527	0	-	3800	os
SH_10_2_577_20260912T151021.m	10	s	577	2	-	3801	os
SH_10_0_967_20260912T151035.m	10	s	967	0	-	3802	os
SH_10_2_289_20260912T151047.m	10	s	289	2	-	3803	os
SH_10_0_134_20260912T151100.m	10	s	134	0	-	3804	os
SH_10_0_1007_20260912T151114.m	10	s	1007	0	-	3805	os
SH_10_2_577_20260912T151129.m	10	s	577	2	-	3806	os
SH_10_2_577_20260912T151142.m	10	s	577	2	-	3807	os
SH_10_0_2071_20260912T151155.m	10	s	2071	0	-	3808	os
SH_10_0_349_20260912T151210.m	10	s	349	0	-	3809	os
SH_10_0_349_20260912T151223.m	10	s	349	0	-	3810	os
SH_10_0_2071_20260912T151237.m	10	s	2071	0	-	3811	os
SH_10_2_577_20260912T151249.m	10	s	577	2	-	3812	os
SH_10_0_1007_20260912T151259.m	10	s	1007	0	-	3813	os
SH_10_0_2071_20260912T151312.m	10	s	2071	0	-	3814	os
SH_10_0_9_20260912T151324.m	10	s	9	0	-	3815	os
SH_10_0_2071_20260912T151336.m	10	s	2071	0	-	3816	os
SH_10_0_500_20260912T151348.m	10	s	500	0	-	3817	os
SH_10_0_134_20260912T151359.m	10	s	134	0	-	3818	os
SH_10_0_1007_20260912T151410.m	10	s	1007	0	-	3819	os
SH_10_4_220_20260912T151423.m	10	s	220	4	-	3820	os
SH_10_2_577_20260912T151435.m	10	s	577	2	-	3821	os
SH_10_0_143_20260912T151446.m	10	s	143	0	-	3822	os
SH_10_0_1007_20260912T151458.m	10	s	1007	0	-	3823	os
SH_10_0_2071_20260912T151511.m	10	s	2071	0	-	3824	os
SH_10_0_349_20260912T151522.m	10	s	349	0	-	3825	os
SH_10_2_577_20260912T151534.m	10	s	577	2	-	3826	os
SH_10_0_527_20260912T151549.m	10	s	527	0	-	3827	os
SH_10_0_533_20260912T151601.m	10	s	533	0	-	3828	os
SH_10_0_2071_20260912T151615.m	10	s	2071	0	-	3829	os
SH_10_0_283_20260912T151628.m	10	s	283	0	-	3830	os
SH_10_0_2071_20260912T151642.m	10	s	2071	0	-	3831	os
SH_10_0_1007_20260912T151655.m	10	s	1007	0	-	3832	os
SH_10_0_2071_20260912T151708.m	10	s	2071	0	-	3833	os
SH_10_0_1007_20260912T151722.m	10	s	1007	0	-	3834	os
SH_10_2_577_20260912T151732.m	10	s	577	2	-	3835	os
SH_10_0_2071_20260912T151744.m	10	s	2071	0	-	3836	os
SH_10_0_143_20260912T151757.m	10	s	143	0	-	3837	os
SH_10_0_1007_20260912T151811.m	10	s	1007	0	-	3838	os
SH_10_0_134_20260912T151825.m	10	s	134	0	-	3839	os
SH_10_0_500_20260912T151837.m	10	s	500	0	-	3840	os
SH_10_0_2071_20260912T151847.m	10	s	2071	0	-	3841	os
SH_10_0_967_20260912T151900.m	10	s	967	0	-	3842	os
SH_10_0_143_20260912T151911.m	10	s	143	0	-	3843	os
SH_10_0_349_20260912T151924.m	10	s	349	0	-	3844	os
SH_10_0_1007_20260912T151937.m	10	s	1007	0	-	3845	os
SH_10_0_1007_20260912T151950.m	10	s	1007	0	-	3846	os
SH_10_0_2071_20260912T152004.m	10	s	2071	0	-	3847	os
SH_10_0_11_20260912T152017.m	10	s	11	0	-	3848	os
SH_10_0_99_20260912T152030.m	10	s	99	0	-	3849	os
SH_10_2_577_20260912T152042.m	10	s	577	2	-	3850	os
SH_10_0_1007_20260912T152055.m	10	s	1007	0	-	3851	os
SH_10_0_349_20260912T152106.m	10	s	349	0	-	3852	os
SH_10_0_134_20260912T152119.m	10	s	134	0	-	3853	os
SH_10_4_220_20260912T152131.m	10	s	220	4	-	3854	os
SH_10_0_349_20260912T152144.m	10	s	349	0	-	3855	os
SH_10_0_1071_20260912T152155.m	10	s	1071	0	-	3856	os
SH_10_0_349_20260912T152209.m	10	s	349	0	-	3857	os
SH_10_2_577_20260912T152222.m	10	s	577	2	-	3858	os
SH_10_0_349_20260912T152237.m	10	s	349	0	-	3859	os
SH_10_2_577_20260912T152251.m	10	s	577	2	-	3860	os
SH_10_0_1071_20260912T152304.m	10	s	1071	0	-	3861	os
SH_10_0_1007_20260912T152315.m	10	s	1007	0	-	3862	os
SH_10_0_349_20260912T152329.m	10	s	349	0	-	3863	os
SH_10_0_134_20260912T152344.m	10	s	134	0	-	3864	os
SH_10_2_577_20260912T152357.m	10	s	577	2	-	3865	os
SH_10_0_500_20260912T152410.m	10	s	500	0	-	3866	os
SH_10_0_2071_20260912T152422.m	10	s	2071	0	-	3867	os
SH_10_0_134_20260912T152433.m	10	s	134	0	-	3868	os
SH_10_0_349_20260912T152445.m	10	s	349	0	-	3869	os
SH_10_0_2071_20260912T152456.m	10	s	2071	0	-	3870	os
SH_10_0_99_20260912T152507.m	10	s	99	0	-	3871	os
SH_10_0_283_20260912T152519.m	10	s	283	0	-	3872	os
SH_10_2_577_20260912T152531.m	10	s	577	2	-	3873	os
SH_10_2_577_20260912T152543.m	10	s	577	2	-	3874	os
SH_10_0_533_20260912T152555.m	10	s	533	0	-	3875	os
SH_10_0_99_20260912T152607.m	10	s	99	0	-	3876	os
SH_10_0_99_20260912T152621.m	10	s	99	0	-	3877	os
SH_10_0_2071_20260912T152635.m	10	s	2071	0	-	3878	os
SH_10_4_490_20260912T152647.m	10	s	490	4	-	3879	os
SH_10_0_2071_20260912T152700.m	10	s	2071	0	-	3880	os
SH_10_0_2071_20260912T152713.m	10	s	2071	0	-	3881	os
SH_10_0_134_20260912T152725.m	10	s	134	0	-	3882	os
SH_10_0_2071_20260912T152736.m	10	s	2071	0	-	3883	os
SH_10_2_577_20260912T152749.m	10	s	577	2	-	3884	os
SH_10_2_577_20260912T152802.m	10	s	577	2	-	3885	os
SH_10_0_1007_20260912T152814.m	10	s	1007	0	-	3886	os
SH_10_0_2071_20260912T152826.m	10	s	2071	0	-	3887	os
SH_10_0_2071_20260912T152839.m	10	s	2071	0	-	3888	os
SH_10_0_2071_20260912T152853.m	10	s	2071	0	-	3889	os
SH_10_4_490_20260912T152906.m	10	s	490	4	-	3890	os
SH_10_0_2071_20260912T152919.m	10	s	2071	0	-	3891	os
SH_10_0_134_20260912T152931.m	10	s	134	0	-	3892	os
SH_10_2_577_20260912T152943.m	10	s	577	2	-	3893	os
SH_10_0_1007_20260912T152956.m	10	s	1007	0	-	3894	os
SH_10_0_533_20260912T153009.m	10	s	533	0	-	3895	os
SH_10_0_349_20260912T153023.m	10	s	349	0	-	3896	os
SH_10_0_283_20260912T153036.m	10	s	283	0	-	3897	os
SH_10_0_2071_20260912T153050.m	10	s	2071	0	-	3898	os
SH_10_0_349_20260912T153105.m	10	s	349	0	-	3899	os
SH_10_0_283_20260912T153119.m	10	s	283	0	-	3900	os
SH_10_0_349_20260912T153133.m	10	s	349	0	-	3901	os
SH_10_0_1007_20260912T153144.m	10	s	1007	0	-	3902	os
SH_10_0_11_20260912T153157.m	10	s	11	0	-	3903	os
SH_10_2_577_20260912T153211.m	10	s	577	2	-	3904	os
SH_10_0_1071_20260912T153223.m	10	s	1071	0	-	3905	os
SH_10_0_251_20260912T153237.m	10	s	251	0	-	3906	os
SH_10_0_1007_20260912T153249.m	10	s	1007	0	-	3907	os
SH_10_2_577_20260912T153303.m	10	s	577	2	-	3908	os
SH_10_4_220_20260912T153316.m	10	s	220	4	-	3909	os
SH_10_0_1007_20260912T153327.m	10	s	1007	0	-	3910	os
SH_10_0_134_20260912T153339.m	10	s	134	0	-	3911	os
SH_10_0_2071_20260912T153352.m	10	s	2071	0	-	3912	os
SH_10_0_349_20260912T153403.m	10	s	349	0	-	3913	os
SH_10_0_99_20260912T153416.m	10	s	99	0	-	3914	os
SH_10_0_1007_20260912T153430.m	10	s	1007	0	-	3915	os
SH_10_0_2071_20260912T153443.m	10	s	2071	0	-	3916	os
SH_10_0_349_20260912T153455.m	10	s	349	0	-	3917	os
SH_10_4_220_20260912T153509.m	10	s	220	4	-	3918	os
SH_10_0_2071_20260912T153520.m	10	s	2071	0	-	3919	os
SH_10_0_2071_20260912T153533.m	10	s	2071	0	-	3920	os
SH_10_0_134_20260912T153545.m	10	s	134	0	-	3921	os
SH_10_0_2071_20260912T153557.m	10	s	2071	0	-	3922	os
SH_10_0_134_20260912T153609.m	10	s	134	0	-	3923	os
SH_10_0_1007_20260912T153622.m	10	s	1007	0	-	3924	os
SH_10_0_2071_20260912T153634.m	10	s	2071	0	-	3925	os
SH_10_2_577_20260912T153648.m	10	s	577	2	-	3926	os
SH_10_0_1007_20260912T153701.m	10	s	1007	0	-	3927	os
SH_10_0_2071_20260912T153715.m	10	s	2071	0	-	3928	os
SH_10_0_2071_20260912T153729.m	10	s	2071	0	-	3929	os
SH_10_0_1007_20260912T153743.m	10	s	1007	0	-	3930	os
SH_10_0_1007_20260912T153755.m	10	s	1007	0	-	3931	os
SH_10_0_175_20260912T153808.m	10	s	175	0	-	3932	os
SH_10_0_349_20260912T153821.m	10	s	349	0	-	3933	os
SH_10_0_1007_20260912T153835.m	10	s	1007	0	-	3934	os
SH_10_0_499_20260912T153847.m	10	s	499	0	-	3935	os
SH_10_0_2071_20260912T153859.m	10	s	2071	0	-	3936	os
SH_10_0_1071_20260912T153912.m	10	s	1071	0	-	3937	os
SH_10_0_99_20260912T153924.m	10	s	99	0	-	3938	os
SH_10_0_2071_20260912T153939.m	10	s	2071	0	-	3939	os
SH_10_0_349_20260912T153954.m	10	s	349	0	-	3940	os
SH_10_0_349_20260912T154006.m	10	s	349	0	-	3941	os
SH_10_0_1007_20260912T154019.m	10	s	1007	0	-	3942	os
SH_10_0_967_20260912T154030.m	10	s	967	0	-	3943	os
SH_10_0_1007_20260912T154042.m	10	s	1007	0	-	3944	os
SH_10_0_11_20260912T154054.m	10	s	11	0	-	3945	os
SH_10_0_1007_20260912T154108.m	10	s	1007	0	-	3946	os
SH_10_0_499_20260912T154120.m	10	s	499	0	-	3947	os
SH_10_0_2071_20260912T154129.m	10	s	2071	0	-	3948	os
SH_10_0_2071_20260912T154141.m	10	s	2071	0	-	3949	os
SH_10_0_2071_20260912T154153.m	10	s	2071	0	-	3950	os
SH_10_0_2071_20260912T154204.m	10	s	2071	0	-	3951	os
SH_10_2_577_20260912T154216.m	10	s	577	2	-	3952	os
SH_10_0_2071_20260912T154228.m	10	s	2071	0	-	3953	os
SH_10_0_1007_20260912T154241.m	10	s	1007	0	-	3954	os
SH_10_2_577_20260912T154252.m	10	s	577	2	-	3955	os
SH_10_0_2071_20260912T154303.m	10	s	2071	0	-	3956	os
SH_10_0_349_20260912T154315.m	10	s	349	0	-	3957	os
SH_10_0_2071_20260912T154327.m	10	s	2071	0	-	3958	os
SH_10_0_1071_20260912T154338.m	10	s	1071	0	-	3959	os
SH_10_0_134_20260912T154350.m	10	s	134	0	-	3960	os
SH_10_0_99_20260912T154401.m	10	s	99	0	-	3961	os
SH_10_0_1071_20260912T154411.m	10	s	1071	0	-	3962	os
SH_10_0_2071_20260912T154424.m	10	s	2071	0	-	3963	os
SH_10_0_2071_20260912T154433.m	10	s	2071	0	-	3964	os
SH_10_0_1071_20260912T154445.m	10	s	1071	0	-	3965	os
SH_10_0_2071_20260912T154458.m	10	s	2071	0	-	3966	os
SH_10_0_2071_20260912T154511.m	10	s	2071	0	-	3967	os
SH_10_0_967_20260912T154524.m	10	s	967	0	-	3968	os
SH_10_0_533_20260912T154536.m	10	s	533	0	-	3969	os
SH_10_0_2071_20260912T154549.m	10	s	2071	0	-	3970	os
SH_10_0_1071_20260912T154602.m	10	s	1071	0	-	3971	os
SH_10_0_283_20260912T154615.m	10	s	283	0	-	3972	os
SH_10_0_2071_20260912T154627.m	10	s	2071	0	-	3973	os
SH_10_2_577_20260912T154639.m	10	s	577	2	-	3974	os
SH_10_0_349_20260912T154651.m	10	s	349	0	-	3975	os
SH_10_0_143_20260912T154705.m	10	s	143	0	-	3976	os
SH_10_0_533_20260912T154718.m	10	s	533	0	-	3977	os
SH_10_0_99_20260912T154732.m	10	s	99	0	-	3978	os
SH_10_0_2071_20260912T154744.m	10	s	2071	0	-	3979	os
SH_10_0_349_20260912T154757.m	10	s	349	0	-	3980	os
SH_10_0_500_20260912T154812.m	10	s	500	0	-	3981	os
SH_10_0_143_20260912T154826.m	10	s	143	0	-	3982	os
SH_10_0_2071_20260912T154837.m	10	s	2071	0	-	3983	os
SH_10_0_1007_20260912T154852.m	10	s	1007	0	-	3984	os
SH_10_0_143_20260912T154907.m	10	s	143	0	-	3985	os
SH_10_0_2071_20260912T154921.m	10	s	2071	0	-	3986	os
SH_10_0_2071_20260912T154931.m	10	s	2071	0	-	3987	os
SH_10_0_703_20260912T154946.m	10	s	703	0	-	3988	os
SH_10_0_283_20260912T155002.m	10	s	283	0	-	3989	os
SH_10_0_2071_20260912T155014.m	10	s	2071	0	-	3990	os
SH_10_0_134_20260912T155028.m	10	s	134	0	-	3991	os
SH_10_0_134_20260912T155041.m	10	s	134	0	-	3992	os
SH_10_0_134_20260912T155054.m	10	s	134	0	-	3993	os
SH_10_0_2071_20260912T155106.m	10	s	2071	0	-	3994	os
SH_10_0_2071_20260912T155118.m	10	s	2071	0	-	3995	os
SH_10_0_349_20260912T155131.m	10	s	349	0	-	3996	os
SH_10_0_703_20260912T155144.m	10	s	703	0	-	3997	os
SH_10_0_967_20260912T155159.m	10	s	967	0	-	3998	os
SH_10_0_2071_20260912T155215.m	10	s	2071	0	-	3999	os
SH_10_0_499_20260912T155230.m	10	s	499	0	-	4000	os
SH_10_2_577_20260912T155242.m	10	s	577	2	-	4001	os
SH_10_0_2071_20260912T155254.m	10	s	2071	0	-	4002	os
SH_10_0_2071_20260912T155304.m	10	s	2071	0	-	4003	os
SH_10_4_220_20260912T155319.m	10	s	220	4	-	4004	os
SH_10_0_2071_20260912T155332.m	10	s	2071	0	-	4005	os
SH_10_0_499_20260912T155347.m	10	s	499	0	-	4006	os
SH_10_4_220_20260912T155402.m	10	s	220	4	-	4007	os
SH_10_0_349_20260912T155415.m	10	s	349	0	-	4008	os
SH_10_0_2071_20260912T155427.m	10	s	2071	0	-	4009	os
SH_10_0_2071_20260912T155440.m	10	s	2071	0	-	4010	os
SH_10_0_99_20260912T155451.m	10	s	99	0	-	4011	os
SH_10_2_577_20260912T155506.m	10	s	577	2	-	4012	os
SH_10_0_500_20260912T155519.m	10	s	500	0	-	4013	os
SH_10_0_349_20260912T155532.m	10	s	349	0	-	4014	os
SH_10_0_2071_20260912T155546.m	10	s	2071	0	-	4015	os
SH_10_2_577_20260912T155558.m	10	s	577	2	-	4016	os
SH_10_0_251_20260912T155611.m	10	s	251	0	-	4017	os
SH_10_0_1007_20260912T155623.m	10	s	1007	0	-	4018	os
SH_10_0_283_20260912T155635.m	10	s	283	0	-	4019	os
SH_10_0_349_20260912T155649.m	10	s	349	0	-	4020	os
SH_10_0_283_20260912T155703.m	10	s	283	0	-	4021	os
SH_10_0_2071_20260912T155717.m	10	s	2071	0	-	4022	os
SH_10_2_577_20260912T155732.m	10	s	577	2	-	4023	os
SH_10_0_5_20260912T155744.m	10	s	5	0	5	4024	os
SH_10_0_349_20260912T155758.m	10	s	349	0	-	4025	os
SH_10_0_2071_20260912T155812.m	10	s	2071	0	-	4026	os
SH_10_0_349_20260912T155827.m	10	s	349	0	-	4027	os
SH_10_2_577_20260912T155841.m	10	s	577	2	-	4028	os
SH_10_0_349_20260912T155854.m	10	s	349	0	-	4029	os
SH_10_0_349_20260912T155907.m	10	s	349	0	-	4030	os
SH_10_0_2071_20260912T155921.m	10	s	2071	0	-	4031	os
SH_10_2_577_20260912T155935.m	10	s	577	2	-	4032	os
SH_10_0_2071_20260912T155948.m	10	s	2071	0	-	4033	os
SH_10_0_349_20260912T160000.m	10	s	349	0	-	4034	os
SH_10_0_533_20260912T160013.m	10	s	533	0	-	4035	os
SH_10_0_2071_20260912T160025.m	10	s	2071	0	-	4036	os
SH_10_0_5_20260912T160038.m	10	s	5	0	5	4037	os
SH_10_0_349_20260912T160051.m	10	s	349	0	-	4038	os
SH_10_0_349_20260912T160105.m	10	s	349	0	-	4039	os
SH_10_0_349_20260912T160118.m	10	s	349	0	-	4040	os
SH_10_0_1007_20260912T160129.m	10	s	1007	0	-	4041	os
SH_10_0_2071_20260912T160143.m	10	s	2071	0	-	4042	os
SH_10_4_490_20260912T160156.m	10	s	490	4	-	4043	os
SH_10_0_1007_20260912T160206.m	10	s	1007	0	-	4044	os
SH_10_0_527_20260912T160220.m	10	s	527	0	-	4045	os
SH_10_4_220_20260912T160235.m	10	s	220	4	-	4046	os
SH_10_0_143_20260912T160248.m	10	s	143	0	-	4047	os
SH_10_0_2071_20260912T160300.m	10	s	2071	0	-	4048	os
SH_10_0_2071_20260912T160315.m	10	s	2071	0	-	4049	os
SH_10_2_577_20260912T160329.m	10	s	577	2	-	4050	os
SH_10_2_577_20260912T160343.m	10	s	577	2	-	4051	os
SH_10_0_1007_20260912T160356.m	10	s	1007	0	-	4052	os
SH_10_0_1007_20260912T160410.m	10	s	1007	0	-	4053	os
SH_10_2_577_20260912T160423.m	10	s	577	2	-	4054	os
SH_10_0_99_20260912T160435.m	10	s	99	0	-	4055	os
SH_10_0_1007_20260912T160450.m	10	s	1007	0	-	4056	os
SH_10_4_490_20260912T160503.m	10	s	490	4	-	4057	os
SH_10_2_577_20260912T160516.m	10	s	577	2	-	4058	os
SH_10_0_1007_20260912T160528.m	10	s	1007	0	-	4059	os
SH_10_0_1071_20260912T160542.m	10	s	1071	0	-	4060	os
SH_10_0_533_20260912T160555.m	10	s	533	0	-	4061	os
SH_10_0_99_20260912T160609.m	10	s	99	0	-	4062	os
SH_10_2_577_20260912T160623.m	10	s	577	2	-	4063	os
SH_10_0_500_20260912T160636.m	10	s	500	0	-	4064	os
SH_10_0_11_20260912T160648.m	10	s	11	0	-	4065	os
SH_10_0_2071_20260912T160700.m	10	s	2071	0	-	4066	os
SH_10_2_577_20260912T160712.m	10	s	577	2	-	4067	os
SH_10_0_1007_20260912T160726.m	10	s	1007	0	-	4068	os
SH_10_0_1007_20260912T160739.m	10	s	1007	0	-	4069	os
SH_10_0_143_20260912T160753.m	10	s	143	0	-	4070	os
SH_10_0_499_20260912T160805.m	10	s	499	0	-	4071	os
SH_10_0_134_20260912T160818.m	10	s	134	0	-	4072	os
SH_10_0_283_20260912T160832.m	10	s	283	0	-	4073	os
SH_10_4_216_20260912T160845.m	10	s	216	4	-	4074	os
SH_10_0_500_20260912T160858.m	10	s	500	0	-	4075	os
SH_10_0_349_20260912T160911.m	10	s	349	0	-	4076	os
SH_10_0_533_20260912T160923.m	10	s	533	0	-	4077	os
SH_10_2_577_20260912T160936.m	10	s	577	2	-	4078	os
SH_10_0_349_20260912T160949.m	10	s	349	0	-	4079	os
SH_10_0_2071_20260912T161001.m	10	s	2071	0	-	4080	os
SH_10_0_967_20260912T161015.m	10	s	967	0	-	4081	os
SH_10_0_349_20260912T161029.m	10	s	349	0	-	4082	os
SH_10_0_2071_20260912T161041.m	10	s	2071	0	-	4083	os
SH_10_0_134_20260912T161053.m	10	s	134	0	-	4084	os
SH_10_0_349_20260912T161104.m	10	s	349	0	-	4085	os
SH_10_0_349_20260912T161116.m	10	s	349	0	-	4086	os
SH_10_2_577_20260912T161130.m	10	s	577	2	-	4087	os
SH_10_0_2071_20260912T161142.m	10	s	2071	0	-	4088	os
SH_10_0_2071_20260912T161153.m	10	s	2071	0	-	4089	os
SH_10_0_175_20260912T161206.m	10	s	175	0	-	4090	os
SH_10_0_1007_20260912T161218.m	10	s	1007	0	-	4091	os
SH_10_4_220_20260912T161229.m	10	s	220	4	-	4092	os
SH_10_0_134_20260912T161240.m	10	s	134	0	-	4093	os
SH_10_0_349_20260912T161252.m	10	s	349	0	-	4094	os
SH_10_0_134_20260912T161305.m	10	s	134	0	-	4095	os
SH_10_0_527_20260912T161318.m	10	s	527	0	-	4096	os
SH_10_0_2071_20260912T161332.m	10	s	2071	0	-	4097	os
SH_10_0_2071_20260912T161343.m	10	s	2071	0	-	4098	os
SH_10_0_1007_20260912T161356.m	10	s	1007	0	-	4099	os
SH_10_0_499_20260912T161409.m	10	s	499	0	-	4100	os
SH_10_2_577_20260912T161422.m	10	s	577	2	-	4101	os
SH_10_0_2071_20260912T161435.m	10	s	2071	0	-	4102	os
SH_10_0_2071_20260912T161449.m	10	s	2071	0	-	4103	os
SH_10_0_143_20260912T161505.m	10	s	143	0	-	4104	os
SH_10_0_349_20260912T161520.m	10	s	349	0	-	4105	os
SH_10_0_2071_20260912T161531.m	10	s	2071	0	-	4106	os
SH_10_2_577_20260912T161543.m	10	s	577	2	-	4107	os
SH_10_0_349_20260912T161556.m	10	s	349	0	-	4108	os
SH_10_2_577_20260912T161608.m	10	s	577	2	-	4109	os
SH_10_0_1007_20260912T161622.m	10	s	1007	0	-	4110	os
SH_10_0_1007_20260912T161634.m	10	s	1007	0	-	4111	os
SH_10_0_283_20260912T161646.m	10	s	283	0	-	4112	os
SH_10_0_1071_20260912T161659.m	10	s	1071	0	-	4113	os
SH_10_0_1007_20260912T161711.m	10	s	1007	0	-	4114	os
SH_10_2_577_20260912T161726.m	10	s	577	2	-	4115	os
SH_10_4_490_20260912T161740.m	10	s	490	4	-	4116	os
SH_10_2_577_20260912T161753.m	10	s	577	2	-	4117	os
SH_10_0_143_20260912T161806.m	10	s	143	0	-	4118	os
SH_10_0_2071_20260912T161819.m	10	s	2071	0	-	4119	os
SH_10_0_527_20260912T161832.m	10	s	527	0	-	4120	os
SH_10_0_1007_20260912T161846.m	10	s	1007	0	-	4121	os
SH_10_0_1007_20260912T161859.m	10	s	1007	0	-	4122	os
SH_10_0_2071_20260912T161914.m	10	s	2071	0	-	4123	os
SH_10_2_577_20260912T161925.m	10	s	577	2	-	4124	os
SH_10_0_1007_20260912T161936.m	10	s	1007	0	-	4125	os
SH_10_0_175_20260912T161948.m	10	s	175	0	-	4126	os
SH_10_0_349_20260912T162002.m	10	s	349	0	-	4127	os
SH_10_0_1007_20260912T162014.m	10	s	1007	0	-	4128	os
SH_10_0_99_20260912T162027.m	10	s	99	0	-	4129	os
SH_10_0_134_20260912T162040.m	10	s	134	0	-	4130	os
SH_10_0_1007_20260912T162056.m	10	s	1007	0	-	4131	os
SH_10_0_1007_20260912T162108.m	10	s	1007	0	-	4132	os
SH_10_0_99_20260912T162121.m	10	s	99	0	-	4133	os
SH_10_0_2071_20260912T162133.m	10	s	2071	0	-	4134	os
SH_10_0_251_20260912T162146.m	10	s	251	0	-	4135	os
SH_10_0_2071_20260912T162200.m	10	s	2071	0	-	4136	os
SH_10_2_577_20260912T162213.m	10	s	577	2	-	4137	os
SH_10_4_220_20260912T162226.m	10	s	220	4	-	4138	os
SH_10_0_2071_20260912T162239.m	10	s	2071	0	-	4139	os
SH_10_0_1071_20260912T162252.m	10	s	1071	0	-	4140	os
SH_10_0_9_20260912T162306.m	10	s	9	0	-	4141	os
SH_10_0_2071_20260912T162320.m	10	s	2071	0	-	4142	os
SH_10_0_349_20260912T162334.m	10	s	349	0	-	4143	os
SH_10_0_2071_20260912T162346.m	10	s	2071	0	-	4144	os
SH_10_0_5_20260912T162401.m	10	s	5	0	5	4145	os
SH_10_2_577_20260912T162414.m	10	s	577	2	-	4146	os
SH_10_0_349_20260912T162426.m	10	s	349	0	-	4147	os
SH_10_0_1071_20260912T162437.m	10	s	1071	0	-	4148	os
SH_10_0_967_20260912T162449.m	10	s	967	0	-	4149	os
SH_10_0_134_20260912T162502.m	10	s	134	0	-	4150	os
SH_10_0_499_20260912T162513.m	10	s	499	0	-	4151	os
SH_10_0_1007_20260912T162526.m	10	s	1007	0	-	4152	os
SH_10_4_490_20260912T162537.m	10	s	490	4	-	4153	os
SH_10_0_134_20260912T162551.m	10	s	134	0	-	4154	os
SH_10_2_577_20260912T162602.m	10	s	577	2	-	4155	os
SH_10_0_2071_20260912T162615.m	10	s	2071	0	-	4156	os
SH_10_0_349_20260912T162628.m	10	s	349	0	-	4157	os
SH_10_0_533_20260912T162638.m	10	s	533	0	-	4158	os
SH_10_0_1007_20260912T162652.m	10	s	1007	0	-	4159	os
SH_10_0_349_20260912T162704.m	10	s	349	0	-	4160	os
SH_10_2_577_20260912T162718.m	10	s	577	2	-	4161	os
SH_10_0_2071_20260912T162730.m	10	s	2071	0	-	4162	os
SH_10_0_349_20260912T162742.m	10	s	349	0	-	4163	os
SH_10_0_500_20260912T162756.m	10	s	500	0	-	4164	os
SH_10_0_143_20260912T162811.m	10	s	143	0	-	4165	os
SH_10_0_134_20260912T162825.m	10	s	134	0	-	4166	os
SH_10_0_2071_20260912T162834.m	10	s	2071	0	-	4167	os
SH_10_0_1007_20260912T162846.m	10	s	1007	0	-	4168	os
SH_10_0_349_20260912T162858.m	10	s	349	0	-	4169	os
SH_10_2_577_20260912T162910.m	10	s	577	2	-	4170	os
SH_10_0_2071_20260912T162922.m	10	s	2071	0	-	4171	os
SH_10_4_220_20260912T162936.m	10	s	220	4	-	4172	os
SH_10_0_1007_20260912T162950.m	10	s	1007	0	-	4173	os
SH_10_0_2071_20260912T163003.m	10	s	2071	0	-	4174	os
SH_10_2_577_20260912T163017.m	10	s	577	2	-	4175	os
SH_10_0_2071_20260912T163029.m	10	s	2071	0	-	4176	os
SH_10_4_2071_20260912T163042.m	10	s	2071	4	-	4177	os
SH_10_0_143_20260912T163056.m	10	s	143	0	-	4178	os
SH_10_0_499_20260912T163110.m	10	s	499	0	-	4179	os
SH_10_2_577_20260912T163122.m	10	s	577	2	-	4180	os
SH_10_0_1071_20260912T163136.m	10	s	1071	0	-	4181	os
SH_10_2_577_20260912T163148.m	10	s	577	2	-	4182	os
SH_10_0_134_20260912T163203.m	10	s	134	0	-	4183	os
SH_10_0_2071_20260912T163216.m	10	s	2071	0	-	4184	os
SH_10_0_134_20260912T163228.m	10	s	134	0	-	4185	os
SH_10_0_2071_20260912T163240.m	10	s	2071	0	-	4186	os
SH_10_0_1007_20260912T163251.m	10	s	1007	0	-	4187	os
SH_10_0_349_20260912T163303.m	10	s	349	0	-	4188	os
SH_10_0_349_20260912T163315.m	10	s	349	0	-	4189	os
SH_10_0_1071_20260912T163325.m	10	s	1071	0	-	4190	os
SH_10_0_143_20260912T163338.m	10	s	143	0	-	4191	os
SH_10_0_527_20260912T163349.m	10	s	527	0	-	4192	os
SH_10_0_2071_20260912T163400.m	10	s	2071	0	-	4193	os
SH_10_0_2071_20260912T163414.m	10	s	2071	0	-	4194	os
SH_10_0_1007_20260912T163427.m	10	s	1007	0	-	4195	os
SH_10_0_271_20260912T163441.m	10	s	271	0	-	4196	os
SH_10_0_349_20260912T163454.m	10	s	349	0	-	4197	os
SH_10_0_6_20260912T163504.m	10	s	6	0	6	4198	os
SH_10_0_2071_20260912T163514.m	10	s	2071	0	-	4199	os
SH_10_2_577_20260912T163526.m	10	s	577	2	-	4200	os
SH_10_0_2071_20260912T163536.m	10	s	2071	0	-	4201	os
SH_10_2_577_20260912T163550.m	10	s	577	2	-	4202	os
SH_10_0_527_20260912T163603.m	10	s	527	0	-	4203	os
SH_10_0_500_20260912T163615.m	10	s	500	0	-	4204	os
SH_10_0_349_20260912T163628.m	10	s	349	0	-	4205	os
SH_10_0_349_20260912T163641.m	10	s	349	0	-	4206	os
SH_10_0_134_20260912T163655.m	10	s	134	0	-	4207	os
SH_10_0_134_20260912T163707.m	10	s	134	0	-	4208	os
SH_10_0_500_20260912T163721.m	10	s	500	0	-	4209	os
SH_10_0_283_20260912T163734.m	10	s	283	0	-	4210	os
SH_10_2_577_20260912T163746.m	10	s	577	2	-	4211	os
SH_10_0_2071_20260912T163800.m	10	s	2071	0	-	4212	os
SH_10_0_1007_20260912T163813.m	10	s	1007	0	-	4213	os
SH_10_0_2071_20260912T163826.m	10	s	2071	0	-	4214	os
SH_10_0_499_20260912T163839.m	10	s	499	0	-	4215	os
SH_10_2_577_20260912T163851.m	10	s	577	2	-	4216	os
SH_10_0_349_20260912T163903.m	10	s	349	0	-	4217	os
SH_10_0_500_20260912T163917.m	10	s	500	0	-	4218	os
SH_10_0_143_20260912T163931.m	10	s	143	0	-	4219	os
SH_10_0_2071_20260912T163945.m	10	s	2071	0	-	4220	os
SH_10_0_2071_20260912T163957.m	10	s	2071	0	-	4221	os
SH_10_0_143_20260912T164009.m	10	s	143	0	-	4222	os
SH_10_4_490_20260912T164022.m	10	s	490	4	-	4223	os
SH_10_0_99_20260912T164034.m	10	s	99	0	-	4224	os
SH_10_2_577_20260912T164046.m	10	s	577	2	-	4225	os
SH_10_0_2071_20260912T164057.m	10	s	2071	0	-	4226	os
SH_10_2_577_20260912T164109.m	10	s	577	2	-	4227	os
SH_10_0_2071_20260912T164122.m	10	s	2071	0	-	4228	os
SH_10_0_2071_20260912T164134.m	10	s	2071	0	-	4229	os
SH_10_0_349_20260912T164146.m	10	s	349	0	-	4230	os
SH_10_0_283_20260912T164159.m	10	s	283	0	-	4231	os
SH_10_0_11_20260912T164210.m	10	s	11	0	-	4232	os
SH_10_0_2071_20260912T164224.m	10	s	2071	0	-	4233	os
SH_10_0_349_20260912T164238.m	10	s	349	0	-	4234	os
SH_10_0_349_20260912T164250.m	10	s	349	0	-	4235	os
SH_10_0_349_20260912T164302.m	10	s	349	0	-	4236	os
SH_10_0_2071_20260912T164311.m	10	s	2071	0	-	4237	os
SH_10_0_1071_20260912T164322.m	10	s	1071	0	-	4238	os
SH_10_0_2071_20260912T164332.m	10	s	2071	0	-	4239	os
SH_10_0_1007_20260912T164345.m	10	s	1007	0	-	4240	os
SH_10_0_2071_20260912T164359.m	10	s	2071	0	-	4241	os
SH_10_0_143_20260912T164411.m	10	s	143	0	-	4242	os
SH_10_2_577_20260912T164421.m	10	s	577	2	-	4243	os
SH_10_0_6_20260912T164434.m	10	s	6	0	6	4244	os
SH_10_0_1007_20260912T164446.m	10	s	1007	0	-	4245	os
SH_10_0_9_20260912T164458.m	10	s	9	0	-	4246	os
SH_10_0_527_20260912T164509.m	10	s	527	0	-	4247	os
SH_10_0_175_20260912T164522.m	10	s	175	0	-	4248	os
SH_10_0_703_20260912T164535.m	10	s	703	0	-	4249	os
SH_10_0_349_20260912T164548.m	10	s	349	0	-	4250	os
SH_10_4_490_20260912T164600.m	10	s	490	4	-	4251	os
SH_10_0_2071_20260912T164613.m	10	s	2071	0	-	4252	os
SH_10_0_349_20260912T164626.m	10	s	349	0	-	4253	os
SH_10_0_499_20260912T164639.m	10	s	499	0	-	4254	os
SH_10_0_349_20260912T164653.m	10	s	349	0	-	4255	os
SH_10_0_283_20260912T164705.m	10	s	283	0	-	4256	os
SH_10_0_967_20260912T164717.m	10	s	967	0	-	4257	os
SH_10_0_349_20260912T164731.m	10	s	349	0	-	4258	os
SH_10_0_2071_20260912T164743.m	10	s	2071	0	-	4259	os
SH_10_0_499_20260912T164757.m	10	s	499	0	-	4260	os
SH_10_2_577_20260912T164811.m	10	s	577	2	-	4261	os
SH_10_0_5_20260912T164825.m	10	s	5	0	5	4262	os
SH_10_0_1007_20260912T164838.m	10	s	1007	0	-	4263	os
SH_10_0_499_20260912T164850.m	10	s	499	0	-	4264	os
SH_10_0_134_20260912T164903.m	10	s	134	0	-	4265	os
SH_10_0_499_20260912T164916.m	10	s	499	0	-	4266	os
SH_10_0_134_20260912T164929.m	10	s	134	0	-	4267	os
SH_10_0_349_20260912T164941.m	10	s	349	0	-	4268	os
SH_10_0_1071_20260912T164954.m	10	s	1071	0	-	4269	os
SH_10_0_6_20260912T165003.m	10	s	6	0	6	4270	os
SH_10_4_490_20260912T165014.m	10	s	490	4	-	4271	os
SH_10_0_2071_20260912T165027.m	10	s	2071	0	-	4272	os
SH_10_2_577_20260912T165040.m	10	s	577	2	-	4273	os
SH_10_2_577_20260912T165052.m	10	s	577	2	-	4274	os
SH_10_0_349_20260912T165104.m	10	s	349	0	-	4275	os
SH_10_0_1007_20260912T165117.m	10	s	1007	0	-	4276	os
SH_10_0_527_20260912T165129.m	10	s	527	0	-	4277	os
SH_10_0_2071_20260912T165140.m	10	s	2071	0	-	4278	os
SH_10_0_2071_20260912T165152.m	10	s	2071	0	-	4279	os
SH_10_2_577_20260912T165208.m	10	s	577	2	-	4280	os
SH_10_0_2071_20260912T165219.m	10	s	2071	0	-	4281	os
SH_10_4_220_20260912T165232.m	10	s	220	4	-	4282	os
SH_10_0_2071_20260912T165244.m	10	s	2071	0	-	4283	os
SH_10_0_2071_20260912T165257.m	10	s	2071	0	-	4284	os
SH_10_0_499_20260912T165309.m	10	s	499	0	-	4285	os
SH_10_0_283_20260912T165322.m	10	s	283	0	-	4286	os
SH_10_4_490_20260912T165335.m	10	s	490	4	-	4287	os
SH_10_0_134_20260912T165347.m	10	s	134	0	-	4288	os
SH_10_0_2071_20260912T165358.m	10	s	2071	0	-	4289	os
SH_10_0_349_20260912T165413.m	10	s	349	0	-	4290	os
SH_10_0_349_20260912T165423.m	10	s	349	0	-	4291	os
SH_10_0_349_20260912T165435.m	10	s	349	0	-	4292	os
SH_10_0_2071_20260912T165449.m	10	s	2071	0	-	4293	os
SH_10_0_349_20260912T165501.m	10	s	349	0	-	4294	os
SH_10_4_490_20260912T165515.m	10	s	490	4	-	4295	os
SH_10_2_577_20260912T165528.m	10	s	577	2	-	4296	os
SH_10_0_1007_20260912T165540.m	10	s	1007	0	-	4297	os
SH_10_0_251_20260912T165552.m	10	s	251	0	-	4298	os
SH_10_0_349_20260912T165604.m	10	s	349	0	-	4299	os
SH_10_0_2071_20260912T165617.m	10	s	2071	0	-	4300	os
SH_10_0_1007_20260912T165630.m	10	s	1007	0	-	4301	os
SH_10_0_1007_20260912T165642.m	10	s	1007	0	-	4302	os
SH_10_0_1007_20260912T165653.m	10	s	1007	0	-	4303	os
SH_10_0_2071_20260912T165706.m	10	s	2071	0	-	4304	os
SH_10_0_251_20260912T165716.m	10	s	251	0	-	4305	os
SH_10_0_2071_20260912T165728.m	10	s	2071	0	-	4306	os
SH_10_0_134_20260912T165742.m	10	s	134	0	-	4307	os
SH_10_0_293_20260912T165753.m	10	s	293	0	-	4308	os
SH_10_0_2071_20260912T165805.m	10	s	2071	0	-	4309	os
SH_10_0_1007_20260912T165816.m	10	s	1007	0	-	4310	os
SH_10_0_1007_20260912T165828.m	10	s	1007	0	-	4311	os
SH_10_2_577_20260912T165841.m	10	s	577	2	-	4312	os
SH_10_0_349_20260912T165853.m	10	s	349	0	-	4313	os
SH_10_2_577_20260912T165904.m	10	s	577	2	-	4314	os
SH_10_0_99_20260912T165916.m	10	s	99	0	-	4315	os
SH_10_0_967_20260912T165929.m	10	s	967	0	-	4316	os
SH_10_0_2071_20260912T165941.m	10	s	2071	0	-	4317	os
SH_10_0_349_20260912T165953.m	10	s	349	0	-	4318	os
SH_10_0_283_20260912T170005.m	10	s	283	0	-	4319	os
SH_10_0_134_20260912T170015.m	10	s	134	0	-	4320	os
SH_10_0_1007_20260912T170027.m	10	s	1007	0	-	4321	os
SH_10_0_2071_20260912T170039.m	10	s	2071	0	-	4322	os
SH_10_0_2071_20260912T170051.m	10	s	2071	0	-	4323	os
SH_10_0_2071_20260912T170103.m	10	s	2071	0	-	4324	os
SH_10_0_1007_20260912T170116.m	10	s	1007	0	-	4325	os
SH_10_0_2071_20260912T170127.m	10	s	2071	0	-	4326	os
SH_10_0_499_20260912T170139.m	10	s	499	0	-	4327	os
SH_10_0_2071_20260912T170150.m	10	s	2071	0	-	4328	os
SH_10_0_533_20260912T170203.m	10	s	533	0	-	4329	os
SH_10_2_577_20260912T170214.m	10	s	577	2	-	4330	os
SH_10_0_1007_20260912T170227.m	10	s	1007	0	-	4331	os
SH_10_0_1007_20260912T170237.m	10	s	1007	0	-	4332	os
SH_10_0_134_20260912T170249.m	10	s	134	0	-	4333	os
SH_10_0_349_20260912T170301.m	10	s	349	0	-	4334	os
SH_10_0_500_20260912T170313.m	10	s	500	0	-	4335	os
SH_10_0_2071_20260912T170324.m	10	s	2071	0	-	4336	os
SH_10_0_527_20260912T170337.m	10	s	527	0	-	4337	os
SH_10_4_490_20260912T170348.m	10	s	490	4	-	4338	os
SH_10_0_499_20260912T170400.m	10	s	499	0	-	4339	os
SH_10_2_577_20260912T170412.m	10	s	577	2	-	4340	os
SH_10_0_2071_20260912T170426.m	10	s	2071	0	-	4341	os
SH_10_0_2071_20260912T170438.m	10	s	2071	0	-	4342	os
SH_10_0_1071_20260912T170449.m	10	s	1071	0	-	4343	os
SH_10_0_500_20260912T170502.m	10	s	500	0	-	4344	os
SH_10_0_175_20260912T170514.m	10	s	175	0	-	4345	os
SH_10_4_490_20260912T170526.m	10	s	490	4	-	4346	os
SH_10_0_5_20260912T170536.m	10	s	5	0	5	4347	os
SH_10_0_2071_20260912T170548.m	10	s	2071	0	-	4348	os
SH_10_0_1007_20260912T170559.m	10	s	1007	0	-	4349	os
SH_10_0_175_20260912T170610.m	10	s	175	0	-	4350	os
SH_10_0_349_20260912T170621.m	10	s	349	0	-	4351	os
SH_10_2_577_20260912T170633.m	10	s	577	2	-	4352	os
SH_10_4_490_20260912T170644.m	10	s	490	4	-	4353	os
SH_10_0_1007_20260912T170657.m	10	s	1007	0	-	4354	os
SH_10_0_1007_20260912T170709.m	10	s	1007	0	-	4355	os
SH_10_2_577_20260912T170730.m	10	s	577	2	-	4356	os
SH_10_2_577_20260912T170743.m	10	s	577	2	-	4357	os
SH_10_4_220_20260912T170754.m	10	s	220	4	-	4358	os
SH_10_2_577_20260912T170806.m	10	s	577	2	-	4359	os
SH_10_0_1007_20260912T170818.m	10	s	1007	0	-	4360	os
SH_10_0_2071_20260912T170830.m	10	s	2071	0	-	4361	os
SH_10_0_500_20260912T170843.m	10	s	500	0	-	4362	os
SH_10_2_577_20260912T170851.m	10	s	577	2	-	4363	os
SH_10_0_2071_20260912T170901.m	10	s	2071	0	-	4364	os
SH_10_0_1007_20260912T170914.m	10	s	1007	0	-	4365	os
SH_10_0_349_20260912T170926.m	10	s	349	0	-	4366	os
SH_10_0_500_20260912T170938.m	10	s	500	0	-	4367	os
SH_10_0_2071_20260912T170950.m	10	s	2071	0	-	4368	os
SH_10_0_527_20260912T171001.m	10	s	527	0	-	4369	os
SH_10_0_2071_20260912T171013.m	10	s	2071	0	-	4370	os
SH_10_0_533_20260912T171024.m	10	s	533	0	-	4371	os
SH_10_0_5_20260912T171048.m	10	s	5	0	5	4372	os
SH_10_0_99_20260912T171059.m	10	s	99	0	-	4373	os
SH_10_2_577_20260912T171111.m	10	s	577	2	-	4374	os
SH_10_0_2071_20260912T171122.m	10	s	2071	0	-	4375	os
SH_10_0_349_20260912T171133.m	10	s	349	0	-	4376	os
SH_10_0_2071_20260912T171145.m	10	s	2071	0	-	4377	os
SH_10_2_577_20260912T171155.m	10	s	577	2	-	4378	os
SH_10_0_2071_20260912T171206.m	10	s	2071	0	-	4379	os
SH_10_2_577_20260912T171218.m	10	s	577	2	-	4380	os
SH_10_0_1007_20260912T171229.m	10	s	1007	0	-	4381	os
SH_10_0_349_20260912T171242.m	10	s	349	0	-	4382	os
SH_10_0_2071_20260912T171253.m	10	s	2071	0	-	4383	os
SH_10_0_527_20260912T171306.m	10	s	527	0	-	4384	os
SH_10_0_2071_20260912T171319.m	10	s	2071	0	-	4385	os
SH_10_0_251_20260912T171330.m	10	s	251	0	-	4386	os
SH_10_4_220_20260912T171343.m	10	s	220	4	-	4387	os
SH_10_0_2071_20260912T171355.m	10	s	2071	0	-	4388	os
SH_10_0_251_20260912T171406.m	10	s	251	0	-	4389	os
SH_10_0_2071_20260912T171417.m	10	s	2071	0	-	4390	os
SH_10_0_499_20260912T171430.m	10	s	499	0	-	4391	os
SH_10_0_2071_20260912T171442.m	10	s	2071	0	-	4392	os
SH_10_0_527_20260912T171454.m	10	s	527	0	-	4393	os
SH_10_2_577_20260912T171506.m	10	s	577	2	-	4394	os
SH_10_0_283_20260912T171518.m	10	s	283	0	-	4395	os
SH_10_0_967_20260912T171529.m	10	s	967	0	-	4396	os
SH_10_0_1071_20260912T171542.m	10	s	1071	0	-	4397	os
SH_10_0_2071_20260912T171554.m	10	s	2071	0	-	4398	os
SH_10_0_349_20260912T171608.m	10	s	349	0	-	4399	os
SH_10_0_143_20260912T171619.m	10	s	143	0	-	4400	os
SH_10_0_1071_20260912T171631.m	10	s	1071	0	-	4401	os
SH_10_0_271_20260912T171643.m	10	s	271	0	-	4402	os
SH_10_0_2071_20260912T171655.m	10	s	2071	0	-	4403	os
SH_10_2_577_20260912T171707.m	10	s	577	2	-	4404	os
SH_10_0_500_20260912T171719.m	10	s	500	0	-	4405	os
SH_10_2_577_20260912T171732.m	10	s	577	2	-	4406	os
SH_10_0_1007_20260912T171744.m	10	s	1007	0	-	4407	os
SH_10_0_175_20260912T171756.m	10	s	175	0	-	4408	os
SH_10_0_500_20260912T171807.m	10	s	500	0	-	4409	os
SH_10_0_99_20260912T171819.m	10	s	99	0	-	4410	os
SH_10_2_577_20260912T171831.m	10	s	577	2	-	4411	os
SH_10_0_2071_20260912T171843.m	10	s	2071	0	-	4412	os
SH_10_0_2071_20260912T171855.m	10	s	2071	0	-	4413	os
SH_10_0_2071_20260912T171907.m	10	s	2071	0	-	4414	os
SH_10_0_271_20260912T171919.m	10	s	271	0	-	4415	os
SH_10_0_2071_20260912T171931.m	10	s	2071	0	-	4416	os
SH_10_0_143_20260912T171942.m	10	s	143	0	-	4417	os
SH_10_0_349_20260912T171954.m	10	s	349	0	-	4418	os
SH_10_0_1007_20260912T172005.m	10	s	1007	0	-	4419	os
SH_10_0_967_20260912T172018.m	10	s	967	0	-	4420	os
SH_10_0_349_20260912T172029.m	10	s	349	0	-	4421	os
SH_10_0_1007_20260912T172039.m	10	s	1007	0	-	4422	os
SH_10_0_967_20260912T172051.m	10	s	967	0	-	4423	os
SH_10_0_349_20260912T172102.m	10	s	349	0	-	4424	os
SH_10_0_143_20260912T172115.m	10	s	143	0	-	4425	os
SH_10_0_283_20260912T172126.m	10	s	283	0	-	4426	os
SH_10_2_577_20260912T172138.m	10	s	577	2	-	4427	os
SH_10_4_490_20260912T172149.m	10	s	490	4	-	4428	os
SH_10_0_283_20260912T172201.m	10	s	283	0	-	4429	os
SH_10_1_208_20260912T172214.m	10	s	208	1	-	4430	os
SH_10_2_577_20260912T172226.m	10	s	577	2	-	4431	os
SH_10_0_2071_20260912T172238.m	10	s	2071	0	-	4432	os
SH_10_0_1007_20260912T172250.m	10	s	1007	0	-	4433	os
SH_10_0_2071_20260912T172302.m	10	s	2071	0	-	4434	os
SH_10_0_283_20260912T172313.m	10	s	283	0	-	4435	os
SH_10_0_349_20260912T172324.m	10	s	349	0	-	4436	os
SH_10_2_577_20260912T172337.m	10	s	577	2	-	4437	os
SH_10_0_349_20260912T172349.m	10	s	349	0	-	4438	os
SH_10_0_175_20260912T172401.m	10	s	175	0	-	4439	os
SH_10_0_283_20260912T172413.m	10	s	283	0	-	4440	os
SH_10_4_490_20260912T172426.m	10	s	490	4	-	4441	os
SH_10_0_2071_20260912T172437.m	10	s	2071	0	-	4442	os
SH_10_0_349_20260912T172451.m	10	s	349	0	-	4443	os
SH_10_0_2071_20260912T172503.m	10	s	2071	0	-	4444	os
SH_10_2_577_20260912T172513.m	10	s	577	2	-	4445	os
SH_10_0_99_20260912T172524.m	10	s	99	0	-	4446	os
SH_10_0_499_20260912T172536.m	10	s	499	0	-	4447	os
SH_10_0_283_20260912T172547.m	10	s	283	0	-	4448	os
SH_10_4_490_20260912T172559.m	10	s	490	4	-	4449	os
SH_10_0_533_20260912T172611.m	10	s	533	0	-	4450	os
SH_10_0_1071_20260912T172623.m	10	s	1071	0	-	4451	os
SH_10_0_134_20260912T172635.m	10	s	134	0	-	4452	os
SH_10_0_499_20260912T172647.m	10	s	499	0	-	4453	os
SH_10_0_2071_20260912T172700.m	10	s	2071	0	-	4454	os
SH_10_0_349_20260912T172713.m	10	s	349	0	-	4455	os
SH_10_0_143_20260912T172724.m	10	s	143	0	-	4456	os
SH_10_0_143_20260912T172737.m	10	s	143	0	-	4457	os
SH_10_2_577_20260912T172746.m	10	s	577	2	-	4458	os
SH_10_0_1007_20260912T172758.m	10	s	1007	0	-	4459	os
SH_10_0_2071_20260912T172810.m	10	s	2071	0	-	4460	os
SH_10_0_1007_20260912T172823.m	10	s	1007	0	-	4461	os
SH_10_0_2071_20260912T172835.m	10	s	2071	0	-	4462	os
SH_10_0_2071_20260912T172847.m	10	s	2071	0	-	4463	os
SH_10_2_577_20260912T172859.m	10	s	577	2	-	4464	os
SH_10_0_349_20260912T172911.m	10	s	349	0	-	4465	os
SH_10_0_349_20260912T172923.m	10	s	349	0	-	4466	os
SH_10_2_577_20260912T172935.m	10	s	577	2	-	4467	os
SH_10_0_349_20260912T172947.m	10	s	349	0	-	4468	os
SH_10_0_1007_20260912T172958.m	10	s	1007	0	-	4469	os
SH_10_4_216_20260912T173008.m	10	s	216	4	-	4470	os
SH_10_0_2071_20260912T173019.m	10	s	2071	0	-	4471	os
SH_10_0_500_20260912T173031.m	10	s	500	0	-	4472	os
SH_10_0_2071_20260912T173043.m	10	s	2071	0	-	4473	os
SH_10_2_577_20260912T173056.m	10	s	577	2	-	4474	os
SH_10_0_349_20260912T173108.m	10	s	349	0	-	4475	os
SH_10_0_2071_20260912T173119.m	10	s	2071	0	-	4476	os
SH_10_0_1007_20260912T173131.m	10	s	1007	0	-	4477	os
SH_10_0_283_20260912T173142.m	10	s	283	0	-	4478	os
SH_10_0_134_20260912T173153.m	10	s	134	0	-	4479	os
SH_10_0_283_20260912T173203.m	10	s	283	0	-	4480	os
SH_10_2_577_20260912T173213.m	10	s	577	2	-	4481	os
SH_10_4_490_20260912T173222.m	10	s	490	4	-	4482	os
SH_10_4_490_20260912T173232.m	10	s	490	4	-	4483	os
SH_10_2_577_20260912T173243.m	10	s	577	2	-	4484	os
SH_10_2_577_20260912T173255.m	10	s	577	2	-	4485	os
SH_10_0_2071_20260912T173306.m	10	s	2071	0	-	4486	os
SH_10_0_9_20260912T173319.m	10	s	9	0	-	4487	os
SH_10_2_577_20260912T173331.m	10	s	577	2	-	4488	os
SH_10_0_2071_20260912T173341.m	10	s	2071	0	-	4489	os
SH_10_0_2071_20260912T173353.m	10	s	2071	0	-	4490	os
SH_10_0_349_20260912T173402.m	10	s	349	0	-	4491	os
SH_10_0_1007_20260912T173412.m	10	s	1007	0	-	4492	os
SH_10_0_99_20260912T173425.m	10	s	99	0	-	4493	os
SH_10_2_577_20260912T173438.m	10	s	577	2	-	4494	os
SH_10_0_2071_20260912T173449.m	10	s	2071	0	-	4495	os
SH_10_0_2071_20260912T173502.m	10	s	2071	0	-	4496	os
SH_10_0_134_20260912T173514.m	10	s	134	0	-	4497	os
SH_10_0_2071_20260912T173526.m	10	s	2071	0	-	4498	os
SH_10_0_2071_20260912T173539.m	10	s	2071	0	-	4499	os
SH_10_0_349_20260912T173550.m	10	s	349	0	-	4500	os
SH_10_4_220_20260912T173601.m	10	s	220	4	-	4501	os
SH_10_0_2071_20260912T173610.m	10	s	2071	0	-	4502	os
SH_10_0_283_20260912T173621.m	10	s	283	0	-	4503	os
SH_10_0_499_20260912T173632.m	10	s	499	0	-	4504	os
SH_10_2_577_20260912T173644.m	10	s	577	2	-	4505	os
SH_10_2_577_20260912T173656.m	10	s	577	2	-	4506	os
SH_10_0_2071_20260912T173709.m	10	s	2071	0	-	4507	os
SH_10_0_2071_20260912T173721.m	10	s	2071	0	-	4508	os
SH_10_0_2071_20260912T173733.m	10	s	2071	0	-	4509	os
SH_10_0_143_20260912T173744.m	10	s	143	0	-	4510	os
SH_10_0_500_20260912T173757.m	10	s	500	0	-	4511	os
SH_10_2_577_20260912T173809.m	10	s	577	2	-	4512	os
SH_10_0_2071_20260912T173821.m	10	s	2071	0	-	4513	os
SH_10_2_577_20260912T173832.m	10	s	577	2	-	4514	os
SH_10_0_99_20260912T173844.m	10	s	99	0	-	4515	os
SH_10_4_490_20260912T173857.m	10	s	490	4	-	4516	os
SH_10_0_271_20260912T173911.m	10	s	271	0	-	4517	os
SH_10_0_2071_20260912T173925.m	10	s	2071	0	-	4518	os
SH_10_2_577_20260912T173937.m	10	s	577	2	-	4519	os
SH_10_0_283_20260912T173949.m	10	s	283	0	-	4520	os
SH_10_0_1007_20260912T174002.m	10	s	1007	0	-	4521	os
SH_10_4_490_20260912T174014.m	10	s	490	4	-	4522	os
SH_10_0_143_20260912T174023.m	10	s	143	0	-	4523	os
SH_10_0_527_20260912T174035.m	10	s	527	0	-	4524	os
SH_10_0_175_20260912T174045.m	10	s	175	0	-	4525	os
SH_10_0_349_20260912T174058.m	10	s	349	0	-	4526	os
SH_10_0_143_20260912T174108.m	10	s	143	0	-	4527	os
SH_10_0_283_20260912T174119.m	10	s	283	0	-	4528	os
SH_10_0_349_20260912T174130.m	10	s	349	0	-	4529	os
SH_10_0_1007_20260912T174142.m	10	s	1007	0	-	4530	os
SH_10_0_349_20260912T174153.m	10	s	349	0	-	4531	os
SH_10_2_577_20260912T174205.m	10	s	577	2	-	4532	os
SH_10_4_490_20260912T174215.m	10	s	490	4	-	4533	os
SH_10_0_143_20260912T174226.m	10	s	143	0	-	4534	os
SH_10_0_1007_20260912T174236.m	10	s	1007	0	-	4535	os
SH_10_0_1007_20260912T174247.m	10	s	1007	0	-	4536	os
SH_10_0_134_20260912T174259.m	10	s	134	0	-	4537	os
SH_10_0_500_20260912T174311.m	10	s	500	0	-	4538	os
SH_10_0_2071_20260912T174333.m	10	s	2071	0	-	4539	os
SH_10_0_2071_20260912T174345.m	10	s	2071	0	-	4540	os
SH_10_4_490_20260912T174358.m	10	s	490	4	-	4541	os
SH_10_0_2071_20260912T174409.m	10	s	2071	0	-	4542	os
SH_10_0_1007_20260912T174422.m	10	s	1007	0	-	4543	os
SH_10_2_577_20260912T174432.m	10	s	577	2	-	4544	os
SH_10_0_500_20260912T174443.m	10	s	500	0	-	4545	os
SH_10_0_2071_20260912T174455.m	10	s	2071	0	-	4546	os
SH_10_0_967_20260912T174506.m	10	s	967	0	-	4547	os
SH_10_0_143_20260912T174519.m	10	s	143	0	-	4548	os
SH_10_2_577_20260912T174531.m	10	s	577	2	-	4549	os
SH_10_4_490_20260912T174542.m	10	s	490	4	-	4550	os
SH_10_0_2071_20260912T174552.m	10	s	2071	0	-	4551	os
SH_10_0_349_20260912T174604.m	10	s	349	0	-	4552	os
SH_10_2_577_20260912T174615.m	10	s	577	2	-	4553	os
SH_10_0_283_20260912T174626.m	10	s	283	0	-	4554	os
SH_10_0_1007_20260912T174638.m	10	s	1007	0	-	4555	os
SH_10_0_349_20260912T174650.m	10	s	349	0	-	4556	os
SH_10_0_2071_20260912T174702.m	10	s	2071	0	-	4557	os
SH_10_0_99_20260912T174713.m	10	s	99	0	-	4558	os
SH_10_4_490_20260912T174727.m	10	s	490	4	-	4559	os
SH_10_0_499_20260912T174739.m	10	s	499	0	-	4560	os
SH_10_0_2071_20260912T174751.m	10	s	2071	0	-	4561	os
SH_10_0_349_20260912T174801.m	10	s	349	0	-	4562	os
SH_10_0_1007_20260912T174812.m	10	s	1007	0	-	4563	os
SH_10_0_2071_20260912T174822.m	10	s	2071	0	-	4564	os
SH_10_0_271_20260912T174834.m	10	s	271	0	-	4565	os
SH_10_0_2071_20260912T174847.m	10	s	2071	0	-	4566	os
SH_10_0_1007_20260912T174900.m	10	s	1007	0	-	4567	os
SH_10_0_5_20260912T174911.m	10	s	5	0	5	4568	os
SH_10_0_349_20260912T174922.m	10	s	349	0	-	4569	os
SH_10_0_349_20260912T174935.m	10	s	349	0	-	4570	os
SH_10_2_577_20260912T174947.m	10	s	577	2	-	4571	os
SH_10_0_349_20260912T174959.m	10	s	349	0	-	4572	os
SH_10_2_577_20260912T175011.m	10	s	577	2	-	4573	os
SH_10_0_2071_20260912T175021.m	10	s	2071	0	-	4574	os
SH_10_0_2071_20260912T175034.m	10	s	2071	0	-	4575	os
SH_10_0_9_20260912T175046.m	10	s	9	0	-	4576	os
SH_10_0_1007_20260912T175058.m	10	s	1007	0	-	4577	os
SH_10_0_499_20260912T175110.m	10	s	499	0	-	4578	os
SH_10_2_577_20260912T175122.m	10	s	577	2	-	4579	os
SH_10_2_577_20260912T175134.m	10	s	577	2	-	4580	os
SH_10_0_2071_20260912T175146.m	10	s	2071	0	-	4581	os
SH_10_0_533_20260912T175159.m	10	s	533	0	-	4582	os
SH_10_0_99_20260912T175211.m	10	s	99	0	-	4583	os
SH_10_0_1007_20260912T175224.m	10	s	1007	0	-	4584	os
SH_10_0_533_20260912T175235.m	10	s	533	0	-	4585	os
SH_10_0_1007_20260912T175248.m	10	s	1007	0	-	4586	os
SH_10_0_134_20260912T175301.m	10	s	134	0	-	4587	os
SH_10_0_2071_20260912T175313.m	10	s	2071	0	-	4588	os
SH_10_0_143_20260912T175327.m	10	s	143	0	-	4589	os
SH_10_0_11_20260912T175339.m	10	s	11	0	-	4590	os
SH_10_0_1007_20260912T175351.m	10	s	1007	0	-	4591	os
SH_10_0_134_20260912T175401.m	10	s	134	0	-	4592	os
SH_10_0_2071_20260912T175413.m	10	s	2071	0	-	4593	os
SH_10_0_499_20260912T175424.m	10	s	499	0	-	4594	os
SH_10_4_220_20260912T175436.m	10	s	220	4	-	4595	os
SH_10_0_499_20260912T175448.m	10	s	499	0	-	4596	os
SH_10_0_2071_20260912T175502.m	10	s	2071	0	-	4597	os
SH_10_0_1007_20260912T175512.m	10	s	1007	0	-	4598	os
SH_10_0_1007_20260912T175523.m	10	s	1007	0	-	4599	os
SH_10_0_349_20260912T175535.m	10	s	349	0	-	4600	os
SH_10_0_2071_20260912T175547.m	10	s	2071	0	-	4601	os
SH_10_0_1007_20260912T175559.m	10	s	1007	0	-	4602	os
SH_10_0_349_20260912T175611.m	10	s	349	0	-	4603	os
SH_10_0_967_20260912T175621.m	10	s	967	0	-	4604	os
SH_10_0_1007_20260912T175632.m	10	s	1007	0	-	4605	os
SH_10_0_1007_20260912T175644.m	10	s	1007	0	-	4606	os
SH_10_0_349_20260912T175656.m	10	s	349	0	-	4607	os
SH_10_0_349_20260912T175706.m	10	s	349	0	-	4608	os
SH_10_0_134_20260912T175718.m	10	s	134	0	-	4609	os
SH_10_0_349_20260912T175728.m	10	s	349	0	-	4610	os
SH_10_2_577_20260912T175742.m	10	s	577	2	-	4611	os
SH_10_0_2071_20260912T175752.m	10	s	2071	0	-	4612	os
SH_10_0_527_20260912T175804.m	10	s	527	0	-	4613	os
SH_10_2_577_20260912T175816.m	10	s	577	2	-	4614	os
SH_10_0_1007_20260912T175828.m	10	s	1007	0	-	4615	os
SH_10_0_2071_20260912T175840.m	10	s	2071	0	-	4616	os
SH_10_0_2071_20260912T175852.m	10	s	2071	0	-	4617	os
SH_10_0_500_20260912T175903.m	10	s	500	0	-	4618	os
SH_10_0_349_20260912T175914.m	10	s	349	0	-	4619	os
SH_10_0_2071_20260912T175926.m	10	s	2071	0	-	4620	os
SH_10_4_2071_20260912T175938.m	10	s	2071	4	-	4621	os
SH_10_0_1007_20260912T175951.m	10	s	1007	0	-	4622	os
SH_10_0_2071_20260912T180003.m	10	s	2071	0	-	4623	os
SH_10_2_577_20260912T180014.m	10	s	577	2	-	4624	os
SH_10_0_283_20260912T180025.m	10	s	283	0	-	4625	os
SH_10_0_283_20260912T180036.m	10	s	283	0	-	4626	os
SH_10_0_2071_20260912T180048.m	10	s	2071	0	-	4627	os
SH_10_0_349_20260912T180059.m	10	s	349	0	-	4628	os
SH_10_0_349_20260912T180111.m	10	s	349	0	-	4629	os
SH_10_0_283_20260912T180124.m	10	s	283	0	-	4630	os
SH_10_2_577_20260912T180136.m	10	s	577	2	-	4631	os
SH_10_0_283_20260912T180148.m	10	s	283	0	-	4632	os
SH_10_0_349_20260912T180201.m	10	s	349	0	-	4633	os
SH_10_0_1007_20260912T180212.m	10	s	1007	0	-	4634	os
SH_10_0_349_20260912T180223.m	10	s	349	0	-	4635	os
SH_10_2_289_20260912T180235.m	10	s	289	2	-	4636	os
SH_10_2_577_20260912T180247.m	10	s	577	2	-	4637	os
SH_10_2_577_20260912T180300.m	10	s	577	2	-	4638	os
SH_10_4_490_20260912T180312.m	10	s	490	4	-	4639	os
SH_10_0_1007_20260912T180323.m	10	s	1007	0	-	4640	os
SH_10_0_6_20260912T180333.m	10	s	6	0	6	4641	os
SH_10_0_2071_20260912T180346.m	10	s	2071	0	-	4642	os
SH_10_0_499_20260912T180357.m	10	s	499	0	-	4643	os
SH_10_4_216_20260912T180410.m	10	s	216	4	-	4644	os
SH_10_0_2071_20260912T180421.m	10	s	2071	0	-	4645	os
SH_10_0_499_20260912T180433.m	10	s	499	0	-	4646	os
SH_10_0_1007_20260912T180445.m	10	s	1007	0	-	4647	os
SH_10_0_6_20260912T180457.m	10	s	6	0	6	4648	os
SH_10_4_220_20260912T180509.m	10	s	220	4	-	4649	os
SH_10_0_5_20260912T180520.m	10	s	5	0	5	4650	os
SH_10_0_283_20260912T180531.m	10	s	283	0	-	4651	os
SH_10_0_293_20260912T180542.m	10	s	293	0	-	4652	os
SH_10_0_349_20260912T180555.m	10	s	349	0	-	4653	os
SH_10_0_2071_20260912T180604.m	10	s	2071	0	-	4654	os
SH_10_0_349_20260912T180616.m	10	s	349	0	-	4655	os
SH_10_2_577_20260912T180629.m	10	s	577	2	-	4656	os
SH_10_0_9_20260912T180640.m	10	s	9	0	-	4657	os
SH_10_0_5_20260912T180653.m	10	s	5	0	5	4658	os
SH_10_0_967_20260912T180706.m	10	s	967	0	-	4659	os
SH_10_0_1007_20260912T180718.m	10	s	1007	0	-	4660	os
SH_10_2_577_20260912T180730.m	10	s	577	2	-	4661	os
SH_10_0_1007_20260912T180743.m	10	s	1007	0	-	4662	os
SH_10_0_1007_20260912T180755.m	10	s	1007	0	-	4663	os
SH_10_0_349_20260912T180807.m	10	s	349	0	-	4664	os
SH_10_0_11_20260912T180819.m	10	s	11	0	-	4665	os
SH_10_0_1007_20260912T180829.m	10	s	1007	0	-	4666	os
SH_10_0_5_20260912T180840.m	10	s	5	0	5	4667	os
SH_10_0_2071_20260912T180852.m	10	s	2071	0	-	4668	os
SH_10_0_1007_20260912T180906.m	10	s	1007	0	-	4669	os
SH_10_0_1007_20260912T180919.m	10	s	1007	0	-	4670	os
SH_10_2_577_20260912T180930.m	10	s	577	2	-	4671	os
SH_10_0_349_20260912T180940.m	10	s	349	0	-	4672	os
SH_10_0_2071_20260912T180953.m	10	s	2071	0	-	4673	os
SH_10_0_500_20260912T181005.m	10	s	500	0	-	4674	os
SH_10_4_490_20260912T181016.m	10	s	490	4	-	4675	os
SH_10_0_134_20260912T181028.m	10	s	134	0	-	4676	os
SH_10_2_577_20260912T181038.m	10	s	577	2	-	4677	os
SH_10_0_2071_20260912T181051.m	10	s	2071	0	-	4678	os
SH_10_0_349_20260912T181102.m	10	s	349	0	-	4679	os
SH_10_0_2071_20260912T181115.m	10	s	2071	0	-	4680	os
SH_10_0_134_20260912T181126.m	10	s	134	0	-	4681	os
SH_10_0_2071_20260912T181137.m	10	s	2071	0	-	4682	os
SH_10_0_134_20260912T181149.m	10	s	134	0	-	4683	os
SH_10_0_967_20260912T181201.m	10	s	967	0	-	4684	os
SH_10_4_490_20260912T181213.m	10	s	490	4	-	4685	os
SH_10_4_490_20260912T181225.m	10	s	490	4	-	4686	os
SH_10_0_1007_20260912T181237.m	10	s	1007	0	-	4687	os
SH_10_4_490_20260912T181248.m	10	s	490	4	-	4688	os
SH_10_0_349_20260912T181300.m	10	s	349	0	-	4689	os
SH_10_2_577_20260912T181313.m	10	s	577	2	-	4690	os
SH_10_0_2071_20260912T181325.m	10	s	2071	0	-	4691	os
SH_10_0_2071_20260912T181339.m	10	s	2071	0	-	4692	os
SH_10_2_577_20260912T181349.m	10	s	577	2	-	4693	os
SH_10_0_967_20260912T181359.m	10	s	967	0	-	4694	os
SH_10_2_577_20260912T181412.m	10	s	577	2	-	4695	os
SH_10_0_1007_20260912T181423.m	10	s	1007	0	-	4696	os
SH_10_0_2071_20260912T181435.m	10	s	2071	0	-	4697	os
SH_10_0_2071_20260912T181447.m	10	s	2071	0	-	4698	os
SH_10_0_1007_20260912T181501.m	10	s	1007	0	-	4699	os
SH_10_0_349_20260912T181513.m	10	s	349	0	-	4700	os
SH_10_0_2071_20260912T181525.m	10	s	2071	0	-	4701	os
SH_10_0_2071_20260912T181538.m	10	s	2071	0	-	4702	os
SH_10_0_1007_20260912T181550.m	10	s	1007	0	-	4703	os
SH_10_0_2071_20260912T181602.m	10	s	2071	0	-	4704	os
SH_10_0_2071_20260912T181613.m	10	s	2071	0	-	4705	os
SH_10_0_2071_20260912T181624.m	10	s	2071	0	-	4706	os
SH_10_0_349_20260912T181636.m	10	s	349	0	-	4707	os
SH_10_0_143_20260912T181647.m	10	s	143	0	-	4708	os
SH_10_0_1007_20260912T181700.m	10	s	1007	0	-	4709	os
SH_10_0_349_20260912T181709.m	10	s	349	0	-	4710	os
SH_10_4_220_20260912T181721.m	10	s	220	4	-	4711	os
SH_10_0_2071_20260912T181734.m	10	s	2071	0	-	4712	os
SH_10_0_2071_20260912T181743.m	10	s	2071	0	-	4713	os
SH_10_0_1007_20260912T181755.m	10	s	1007	0	-	4714	os
SH_10_0_2071_20260912T181807.m	10	s	2071	0	-	4715	os
SH_10_0_2071_20260912T181818.m	10	s	2071	0	-	4716	os
SH_10_0_2071_20260912T181831.m	10	s	2071	0	-	4717	os
SH_10_0_349_20260912T181842.m	10	s	349	0	-	4718	os
SH_10_0_2071_20260912T181855.m	10	s	2071	0	-	4719	os
SH_10_2_577_20260912T181907.m	10	s	577	2	-	4720	os
SH_10_0_499_20260912T181919.m	10	s	499	0	-	4721	os
SH_10_4_490_20260912T181930.m	10	s	490	4	-	4722	os
SH_10_0_349_20260912T181941.m	10	s	349	0	-	4723	os
SH_10_2_577_20260912T181950.m	10	s	577	2	-	4724	os
SH_10_0_283_20260912T182003.m	10	s	283	0	-	4725	os
SH_10_0_499_20260912T182016.m	10	s	499	0	-	4726	os
SH_10_0_2071_20260912T182029.m	10	s	2071	0	-	4727	os
SH_10_0_1007_20260912T182041.m	10	s	1007	0	-	4728	os
SH_10_0_349_20260912T182053.m	10	s	349	0	-	4729	os
SH_10_0_5_20260912T182105.m	10	s	5	0	5	4730	os
SH_10_0_134_20260912T182115.m	10	s	134	0	-	4731	os
SH_10_0_349_20260912T182126.m	10	s	349	0	-	4732	os
SH_10_0_2071_20260912T182138.m	10	s	2071	0	-	4733	os
SH_10_4_490_20260912T182150.m	10	s	490	4	-	4734	os
SH_10_0_1007_20260912T182203.m	10	s	1007	0	-	4735	os
SH_10_0_2071_20260912T182214.m	10	s	2071	0	-	4736	os
SH_10_0_1007_20260912T182226.m	10	s	1007	0	-	4737	os
SH_10_0_1007_20260912T182237.m	10	s	1007	0	-	4738	os
SH_10_0_2071_20260912T182247.m	10	s	2071	0	-	4739	os
SH_10_0_2071_20260912T182300.m	10	s	2071	0	-	4740	os
SH_10_0_2071_20260912T182310.m	10	s	2071	0	-	4741	os
SH_10_2_577_20260912T182322.m	10	s	577	2	-	4742	os
SH_10_0_2071_20260912T182333.m	10	s	2071	0	-	4743	os
SH_10_0_349_20260912T182346.m	10	s	349	0	-	4744	os
SH_10_0_2071_20260912T182358.m	10	s	2071	0	-	4745	os
SH_10_0_349_20260912T182411.m	10	s	349	0	-	4746	os
SH_10_0_134_20260912T182423.m	10	s	134	0	-	4747	os
SH_10_0_527_20260912T182436.m	10	s	527	0	-	4748	os
SH_10_0_2071_20260912T182446.m	10	s	2071	0	-	4749	os
SH_10_0_2071_20260912T182458.m	10	s	2071	0	-	4750	os
SH_10_0_2071_20260912T182509.m	10	s	2071	0	-	4751	os
SH_10_2_577_20260912T182519.m	10	s	577	2	-	4752	os
SH_10_0_349_20260912T182531.m	10	s	349	0	-	4753	os
SH_10_4_490_20260912T182542.m	10	s	490	4	-	4754	os
SH_10_0_175_20260912T182555.m	10	s	175	0	-	4755	os
SH_10_4_220_20260912T182607.m	10	s	220	4	-	4756	os
SH_10_0_1007_20260912T182616.m	10	s	1007	0	-	4757	os
SH_10_0_143_20260912T182629.m	10	s	143	0	-	4758	os
SH_10_0_2071_20260912T182640.m	10	s	2071	0	-	4759	os
SH_10_0_2071_20260912T182652.m	10	s	2071	0	-	4760	os
SH_10_0_1007_20260912T182704.m	10	s	1007	0	-	4761	os
SH_10_2_577_20260912T182717.m	10	s	577	2	-	4762	os
SH_10_0_2071_20260912T182730.m	10	s	2071	0	-	4763	os
SH_10_0_499_20260912T182742.m	10	s	499	0	-	4764	os
SH_10_0_134_20260912T182752.m	10	s	134	0	-	4765	os
SH_10_0_500_20260912T182803.m	10	s	500	0	-	4766	os
SH_10_0_349_20260912T182815.m	10	s	349	0	-	4767	os
SH_10_2_577_20260912T182827.m	10	s	577	2	-	4768	os
SH_10_0_349_20260912T182839.m	10	s	349	0	-	4769	os
SH_10_0_1007_20260912T182851.m	10	s	1007	0	-	4770	os
SH_10_0_6_20260912T182903.m	10	s	6	0	6	4771	os
SH_10_0_143_20260912T182914.m	10	s	143	0	-	4772	os
SH_10_0_1007_20260912T182926.m	10	s	1007	0	-	4773	os
SH_10_0_2071_20260912T182938.m	10	s	2071	0	-	4774	os
SH_10_0_1071_20260912T182949.m	10	s	1071	0	-	4775	os
SH_10_0_500_20260912T183001.m	10	s	500	0	-	4776	os
SH_10_0_1007_20260912T183013.m	10	s	1007	0	-	4777	os
SH_10_0_134_20260912T183025.m	10	s	134	0	-	4778	os
SH_10_0_2071_20260912T183037.m	10	s	2071	0	-	4779	os
SH_10_0_134_20260912T183049.m	10	s	134	0	-	4780	os
SH_10_0_134_20260912T183102.m	10	s	134	0	-	4781	os
SH_10_0_1007_20260912T183114.m	10	s	1007	0	-	4782	os
SH_10_0_2071_20260912T183126.m	10	s	2071	0	-	4783	os
SH_10_0_6_20260912T183138.m	10	s	6	0	6	4784	os
SH_10_0_2071_20260912T183150.m	10	s	2071	0	-	4785	os
SH_10_0_500_20260912T183202.m	10	s	500	0	-	4786	os
SH_10_0_2071_20260912T183215.m	10	s	2071	0	-	4787	os
SH_10_0_967_20260912T183227.m	10	s	967	0	-	4788	os
SH_10_0_2071_20260912T183238.m	10	s	2071	0	-	4789	os
SH_10_0_1007_20260912T183250.m	10	s	1007	0	-	4790	os
SH_10_0_2071_20260912T183302.m	10	s	2071	0	-	4791	os
SH_10_2_577_20260912T183314.m	10	s	577	2	-	4792	os
SH_10_0_2071_20260912T183326.m	10	s	2071	0	-	4793	os
SH_10_0_134_20260912T183337.m	10	s	134	0	-	4794	os
SH_10_0_526_20260912T183348.m	10	s	526	0	-	4795	os
SH_10_0_500_20260912T183359.m	10	s	500	0	-	4796	os
SH_10_0_349_20260912T183410.m	10	s	349	0	-	4797	os
SH_10_0_967_20260912T183422.m	10	s	967	0	-	4798	os
SH_10_0_2071_20260912T183434.m	10	s	2071	0	-	4799	os
SH_10_0_1007_20260912T183444.m	10	s	1007	0	-	4800	os
SH_10_0_1007_20260912T183455.m	10	s	1007	0	-	4801	os
SH_10_0_134_20260912T183506.m	10	s	134	0	-	4802	os
SH_10_0_99_20260912T183517.m	10	s	99	0	-	4803	os
SH_10_0_143_20260912T183529.m	10	s	143	0	-	4804	os
SH_10_0_2071_20260912T183538.m	10	s	2071	0	-	4805	os
SH_10_0_2071_20260912T183549.m	10	s	2071	0	-	4806	os
SH_10_0_2071_20260912T183601.m	10	s	2071	0	-	4807	os
SH_10_0_1007_20260912T183614.m	10	s	1007	0	-	4808	os
SH_10_0_1007_20260912T183624.m	10	s	1007	0	-	4809	os
SH_10_0_1007_20260912T183635.m	10	s	1007	0	-	4810	os
SH_10_0_2071_20260912T183644.m	10	s	2071	0	-	4811	os
SH_10_0_2071_20260912T183655.m	10	s	2071	0	-	4812	os
SH_10_0_2071_20260912T183706.m	10	s	2071	0	-	4813	os
SH_10_0_2071_20260912T183718.m	10	s	2071	0	-	4814	os
SH_10_0_2071_20260912T183731.m	10	s	2071	0	-	4815	os
SH_10_2_577_20260912T183743.m	10	s	577	2	-	4816	os
SH_10_4_220_20260912T183754.m	10	s	220	4	-	4817	os
SH_10_0_703_20260912T183807.m	10	s	703	0	-	4818	os
SH_10_0_349_20260912T183819.m	10	s	349	0	-	4819	os
SH_10_0_2071_20260912T183830.m	10	s	2071	0	-	4820	os
SH_10_2_577_20260912T183843.m	10	s	577	2	-	4821	os
SH_10_0_349_20260912T183853.m	10	s	349	0	-	4822	os
SH_10_0_134_20260912T183903.m	10	s	134	0	-	4823	os
SH_10_0_2071_20260912T183914.m	10	s	2071	0	-	4824	os
SH_10_0_2071_20260912T183934.m	10	s	2071	0	-	4825	os
SH_10_2_577_20260912T183946.m	10	s	577	2	-	4826	os
SH_10_0_6_20260912T183957.m	10	s	6	0	6	4827	os
SH_10_4_490_20260912T184009.m	10	s	490	4	-	4828	os
SH_10_0_1071_20260912T184020.m	10	s	1071	0	-	4829	os
SH_10_0_349_20260912T184031.m	10	s	349	0	-	4830	os
SH_10_0_1007_20260912T184042.m	10	s	1007	0	-	4831	os
SH_10_0_9_20260912T184052.m	10	s	9	0	-	4832	os
SH_10_0_2071_20260912T184104.m	10	s	2071	0	-	4833	os
SH_10_10_4_20260912T184122.m	10	s	4	10	4	4834	os
SH_10_0_2071_20260912T184132.m	10	s	2071	0	-	4835	os
SH_10_2_577_20260912T184144.m	10	s	577	2	-	4836	os
SH_10_0_2071_20260912T184156.m	10	s	2071	0	-	4837	os
SH_10_0_2071_20260912T184207.m	10	s	2071	0	-	4838	os
SH_10_0_1007_20260912T184219.m	10	s	1007	0	-	4839	os
SH_10_0_134_20260912T184231.m	10	s	134	0	-	4840	os
SH_10_0_349_20260912T184242.m	10	s	349	0	-	4841	os
SH_10_0_175_20260912T184253.m	10	s	175	0	-	4842	os
SH_10_0_143_20260912T184304.m	10	s	143	0	-	4843	os
SH_10_0_500_20260912T184314.m	10	s	500	0	-	4844	os
SH_10_0_349_20260912T184326.m	10	s	349	0	-	4845	os
SH_10_0_349_20260912T184338.m	10	s	349	0	-	4846	os
SH_10_0_527_20260912T184347.m	10	s	527	0	-	4847	os
SH_10_0_2071_20260912T184359.m	10	s	2071	0	-	4848	os
SH_10_0_1071_20260912T184411.m	10	s	1071	0	-	4849	os
SH_10_4_220_20260912T184423.m	10	s	220	4	-	4850	os
SH_10_2_577_20260912T184435.m	10	s	577	2	-	4851	os
SH_10_0_499_20260912T184446.m	10	s	499	0	-	4852	os
SH_10_0_500_20260912T184458.m	10	s	500	0	-	4853	os
SH_10_0_134_20260912T184508.m	10	s	134	0	-	4854	os
SH_10_0_1007_20260912T184519.m	10	s	1007	0	-	4855	os
SH_10_0_349_20260912T184531.m	10	s	349	0	-	4856	os
SH_10_4_490_20260912T184541.m	10	s	490	4	-	4857	os
SH_10_4_220_20260912T184554.m	10	s	220	4	-	4858	os
SH_10_0_2071_20260912T184606.m	10	s	2071	0	-	4859	os
SH_10_4_108_20260912T184617.m	10	s	108	4	-	4860	os
SH_10_0_2071_20260912T184628.m	10	s	2071	0	-	4861	os
SH_10_0_349_20260912T184639.m	10	s	349	0	-	4862	os
SH_10_0_527_20260912T184652.m	10	s	527	0	-	4863	os
SH_10_0_2071_20260912T184703.m	10	s	2071	0	-	4864	os
SH_10_2_577_20260912T184714.m	10	s	577	2	-	4865	os
SH_10_0_1007_20260912T184727.m	10	s	1007	0	-	4866	os
SH_10_0_500_20260912T184738.m	10	s	500	0	-	4867	os
SH_10_2_577_20260912T184750.m	10	s	577	2	-	4868	os
SH_10_0_2071_20260912T184802.m	10	s	2071	0	-	4869	os
SH_10_0_349_20260912T184813.m	10	s	349	0	-	4870	os
SH_10_0_967_20260912T184824.m	10	s	967	0	-	4871	os
SH_10_0_349_20260912T184836.m	10	s	349	0	-	4872	os
SH_10_0_251_20260912T184847.m	10	s	251	0	-	4873	os
SH_10_0_2071_20260912T184858.m	10	s	2071	0	-	4874	os
SH_10_2_577_20260912T184911.m	10	s	577	2	-	4875	os
SH_10_0_499_20260912T184922.m	10	s	499	0	-	4876	os
SH_10_0_349_20260912T184934.m	10	s	349	0	-	4877	os
SH_10_0_5_20260912T184945.m	10	s	5	0	5	4878	os
SH_10_2_577_20260912T184956.m	10	s	577	2	-	4879	os
SH_10_0_349_20260912T185008.m	10	s	349	0	-	4880	os
SH_10_2_577_20260912T185019.m	10	s	577	2	-	4881	os
SH_10_0_2071_20260912T185031.m	10	s	2071	0	-	4882	os
SH_10_0_1007_20260912T185042.m	10	s	1007	0	-	4883	os
SH_10_0_349_20260912T185054.m	10	s	349	0	-	4884	os
SH_10_0_2071_20260912T185106.m	10	s	2071	0	-	4885	os
SH_10_0_1071_20260912T185118.m	10	s	1071	0	-	4886	os
SH_10_0_349_20260912T185130.m	10	s	349	0	-	4887	os
SH_10_2_577_20260912T185142.m	10	s	577	2	-	4888	os
SH_10_0_143_20260912T185153.m	10	s	143	0	-	4889	os
SH_10_0_143_20260912T185204.m	10	s	143	0	-	4890	os
SH_10_0_1071_20260912T185214.m	10	s	1071	0	-	4891	os
SH_10_0_2071_20260912T185225.m	10	s	2071	0	-	4892	os
SH_10_0_349_20260912T185236.m	10	s	349	0	-	4893	os
SH_10_0_99_20260912T185245.m	10	s	99	0	-	4894	os
SH_10_0_2071_20260912T185257.m	10	s	2071	0	-	4895	os
SH_10_4_490_20260912T185309.m	10	s	490	4	-	4896	os
SH_10_0_2071_20260912T185321.m	10	s	2071	0	-	4897	os
SH_10_0_1007_20260912T185332.m	10	s	1007	0	-	4898	os
SH_10_0_1007_20260912T185343.m	10	s	1007	0	-	4899	os
SH_10_0_1007_20260912T185355.m	10	s	1007	0	-	4900	os
SH_10_0_499_20260912T185406.m	10	s	499	0	-	4901	os
SH_10_0_2071_20260912T185418.m	10	s	2071	0	-	4902	os
SH_10_2_577_20260912T185431.m	10	s	577	2	-	4903	os
SH_10_2_577_20260912T185441.m	10	s	577	2	-	4904	os
SH_10_0_1007_20260912T185452.m	10	s	1007	0	-	4905	os
SH_10_0_349_20260912T185503.m	10	s	349	0	-	4906	os
SH_10_0_349_20260912T185515.m	10	s	349	0	-	4907	os
SH_10_0_349_20260912T185526.m	10	s	349	0	-	4908	os
SH_10_0_283_20260912T185537.m	10	s	283	0	-	4909	os
SH_10_0_349_20260912T185549.m	10	s	349	0	-	4910	os
SH_10_0_349_20260912T185600.m	10	s	349	0	-	4911	os
SH_10_0_134_20260912T185611.m	10	s	134	0	-	4912	os
SH_10_0_349_20260912T185623.m	10	s	349	0	-	4913	os
SH_10_2_577_20260912T185635.m	10	s	577	2	-	4914	os
SH_10_4_220_20260912T185644.m	10	s	220	4	-	4915	os
SH_10_0_349_20260912T185655.m	10	s	349	0	-	4916	os
SH_10_0_1007_20260912T185707.m	10	s	1007	0	-	4917	os
SH_10_0_1071_20260912T185719.m	10	s	1071	0	-	4918	os
SH_10_0_2071_20260912T185730.m	10	s	2071	0	-	4919	os
SH_10_0_2071_20260912T185742.m	10	s	2071	0	-	4920	os
SH_10_0_1007_20260912T185754.m	10	s	1007	0	-	4921	os
SH_10_0_1071_20260912T185804.m	10	s	1071	0	-	4922	os
SH_10_0_1007_20260912T185817.m	10	s	1007	0	-	4923	os
SH_10_0_283_20260912T185828.m	10	s	283	0	-	4924	os
SH_10_2_577_20260912T185840.m	10	s	577	2	-	4925	os
SH_10_2_577_20260912T185852.m	10	s	577	2	-	4926	os
SH_10_2_577_20260912T185903.m	10	s	577	2	-	4927	os
SH_10_0_283_20260912T185916.m	10	s	283	0	-	4928	os
SH_10_0_349_20260912T185927.m	10	s	349	0	-	4929	os
SH_10_0_349_20260912T185936.m	10	s	349	0	-	4930	os
SH_10_0_2071_20260912T185948.m	10	s	2071	0	-	4931	os
SH_10_2_577_20260912T185959.m	10	s	577	2	-	4932	os
SH_10_0_967_20260912T190011.m	10	s	967	0	-	4933	os
SH_10_2_577_20260912T190022.m	10	s	577	2	-	4934	os
SH_10_0_2071_20260912T190034.m	10	s	2071	0	-	4935	os
SH_10_0_349_20260912T190045.m	10	s	349	0	-	4936	os
SH_10_0_349_20260912T190057.m	10	s	349	0	-	4937	os
SH_10_0_143_20260912T190109.m	10	s	143	0	-	4938	os
SH_10_0_2071_20260912T190120.m	10	s	2071	0	-	4939	os
SH_10_0_349_20260912T190132.m	10	s	349	0	-	4940	os
SH_10_0_349_20260912T190143.m	10	s	349	0	-	4941	os
SH_10_0_2071_20260912T190153.m	10	s	2071	0	-	4942	os
SH_10_0_499_20260912T190204.m	10	s	499	0	-	4943	os
SH_10_2_577_20260912T190215.m	10	s	577	2	-	4944	os
SH_10_0_143_20260912T190228.m	10	s	143	0	-	4945	os
SH_10_0_134_20260912T190239.m	10	s	134	0	-	4946	os
SH_10_0_2071_20260912T190249.m	10	s	2071	0	-	4947	os
SH_10_2_577_20260912T190301.m	10	s	577	2	-	4948	os
SH_10_0_349_20260912T190312.m	10	s	349	0	-	4949	os
SH_10_0_349_20260912T190323.m	10	s	349	0	-	4950	os
SH_10_2_577_20260912T190334.m	10	s	577	2	-	4951	os
SH_10_2_577_20260912T190346.m	10	s	577	2	-	4952	os
SH_10_2_577_20260912T190356.m	10	s	577	2	-	4953	os
SH_10_0_2071_20260912T190408.m	10	s	2071	0	-	4954	os
SH_10_4_220_20260912T190420.m	10	s	220	4	-	4955	os
SH_10_2_577_20260912T190431.m	10	s	577	2	-	4956	os
SH_10_2_577_20260912T190439.m	10	s	577	2	-	4957	os
SH_10_0_2071_20260912T190449.m	10	s	2071	0	-	4958	os
SH_10_0_283_20260912T190501.m	10	s	283	0	-	4959	os
SH_10_0_9_20260912T190511.m	10	s	9	0	-	4960	os
SH_10_0_2071_20260912T190520.m	10	s	2071	0	-	4961	os
SH_10_0_2071_20260912T190532.m	10	s	2071	0	-	4962	os
SH_10_0_499_20260912T190543.m	10	s	499	0	-	4963	os
SH_10_2_577_20260912T190552.m	10	s	577	2	-	4964	os
SH_10_0_349_20260912T190605.m	10	s	349	0	-	4965	os
SH_10_0_143_20260912T190612.m	10	s	143	0	-	4966	os
SH_10_2_577_20260912T190623.m	10	s	577	2	-	4967	os
SH_10_0_2071_20260912T190634.m	10	s	2071	0	-	4968	os
SH_10_0_251_20260912T190644.m	10	s	251	0	-	4969	os
SH_10_0_1007_20260912T190656.m	10	s	1007	0	-	4970	os
SH_10_0_1007_20260912T190708.m	10	s	1007	0	-	4971	os
SH_10_0_2071_20260912T190719.m	10	s	2071	0	-	4972	os
SH_10_0_2071_20260912T190732.m	10	s	2071	0	-	4973	os
SH_10_0_2071_20260912T190744.m	10	s	2071	0	-	4974	os
SH_10_2_577_20260912T190754.m	10	s	577	2	-	4975	os
SH_10_0_1007_20260912T190806.m	10	s	1007	0	-	4976	os
SH_10_0_134_20260912T190818.m	10	s	134	0	-	4977	os
SH_10_0_2071_20260912T190830.m	10	s	2071	0	-	4978	os
SH_10_0_1007_20260912T190841.m	10	s	1007	0	-	4979	os
SH_10_0_134_20260912T190854.m	10	s	134	0	-	4980	os
SH_10_0_2071_20260912T190905.m	10	s	2071	0	-	4981	os
SH_10_0_1007_20260912T190915.m	10	s	1007	0	-	4982	os
SH_10_0_2071_20260912T190927.m	10	s	2071	0	-	4983	os
SH_10_0_1071_20260912T190939.m	10	s	1071	0	-	4984	os
SH_10_0_1007_20260912T190951.m	10	s	1007	0	-	4985	os
SH_10_0_2071_20260912T191003.m	10	s	2071	0	-	4986	os
SH_10_0_499_20260912T191016.m	10	s	499	0	-	4987	os
SH_10_0_349_20260912T191027.m	10	s	349	0	-	4988	os
SH_10_0_967_20260912T191039.m	10	s	967	0	-	4989	os
SH_10_0_349_20260912T191052.m	10	s	349	0	-	4990	os
SH_10_0_1007_20260912T191104.m	10	s	1007	0	-	4991	os
SH_10_0_175_20260912T191115.m	10	s	175	0	-	4992	os
SH_10_0_2071_20260912T191127.m	10	s	2071	0	-	4993	os
SH_10_0_1007_20260912T191138.m	10	s	1007	0	-	4994	os
SH_10_0_2071_20260912T191151.m	10	s	2071	0	-	4995	os
SH_10_0_2071_20260912T191202.m	10	s	2071	0	-	4996	os
SH_10_0_2071_20260912T191214.m	10	s	2071	0	-	4997	os
SH_10_0_1007_20260912T191226.m	10	s	1007	0	-	4998	os
SH_10_0_349_20260912T191235.m	10	s	349	0	-	4999	os
SH_10_0_2071_20260912T191247.m	10	s	2071	0	-	5000	os
SH_10_4_490_20260912T191257.m	10	s	490	4	-	5001	os
SH_10_0_1071_20260912T191308.m	10	s	1071	0	-	5002	os
SH_10_0_11_20260912T191319.m	10	s	11	0	-	5003	os
SH_10_0_1007_20260912T191329.m	10	s	1007	0	-	5004	os
SH_10_0_2071_20260912T191340.m	10	s	2071	0	-	5005	os
SH_10_0_349_20260912T191351.m	10	s	349	0	-	5006	os
SH_10_0_2071_20260912T191402.m	10	s	2071	0	-	5007	os
SH_10_2_577_20260912T191415.m	10	s	577	2	-	5008	os
SH_10_0_349_20260912T191427.m	10	s	349	0	-	5009	os
SH_10_0_1007_20260912T191438.m	10	s	1007	0	-	5010	os
SH_10_0_134_20260912T191450.m	10	s	134	0	-	5011	os
SH_10_0_703_20260912T191500.m	10	s	703	0	-	5012	os
SH_10_4_220_20260912T191512.m	10	s	220	4	-	5013	os
SH_10_2_577_20260912T191525.m	10	s	577	2	-	5014	os
SH_10_0_2071_20260912T191536.m	10	s	2071	0	-	5015	os
SH_10_0_5_20260912T191548.m	10	s	5	0	5	5016	os
SH_10_0_349_20260912T191601.m	10	s	349	0	-	5017	os
SH_10_0_2071_20260912T191612.m	10	s	2071	0	-	5018	os
SH_10_0_2071_20260912T191624.m	10	s	2071	0	-	5019	os
SH_10_0_967_20260912T191637.m	10	s	967	0	-	5020	os
SH_10_0_1007_20260912T191649.m	10	s	1007	0	-	5021	os
SH_10_2_577_20260912T191700.m	10	s	577	2	-	5022	os
SH_10_0_500_20260912T191710.m	10	s	500	0	-	5023	os
SH_10_0_2071_20260912T191723.m	10	s	2071	0	-	5024	os
SH_10_0_1007_20260912T191734.m	10	s	1007	0	-	5025	os
SH_10_0_1071_20260912T191747.m	10	s	1071	0	-	5026	os
SH_10_0_2071_20260912T191758.m	10	s	2071	0	-	5027	os
SH_10_0_2071_20260912T191809.m	10	s	2071	0	-	5028	os
SH_10_2_577_20260912T191821.m	10	s	577	2	-	5029	os
SH_10_0_1071_20260912T191832.m	10	s	1071	0	-	5030	os
SH_10_0_2071_20260912T191844.m	10	s	2071	0	-	5031	os
SH_10_0_271_20260912T191856.m	10	s	271	0	-	5032	os
SH_10_4_220_20260912T191907.m	10	s	220	4	-	5033	os
SH_10_2_577_20260912T191919.m	10	s	577	2	-	5034	os
SH_10_0_5_20260912T191930.m	10	s	5	0	5	5035	os
SH_10_2_577_20260912T191942.m	10	s	577	2	-	5036	os
SH_10_2_577_20260912T191954.m	10	s	577	2	-	5037	os
SH_10_0_1007_20260912T192005.m	10	s	1007	0	-	5038	os
SH_10_0_349_20260912T192016.m	10	s	349	0	-	5039	os
SH_10_0_2071_20260912T192028.m	10	s	2071	0	-	5040	os
SH_10_0_499_20260912T192040.m	10	s	499	0	-	5041	os
SH_10_0_499_20260912T192052.m	10	s	499	0	-	5042	os
SH_10_2_577_20260912T192102.m	10	s	577	2	-	5043	os
SH_10_0_2071_20260912T192115.m	10	s	2071	0	-	5044	os
SH_10_0_1071_20260912T192126.m	10	s	1071	0	-	5045	os
SH_10_0_9_20260912T192138.m	10	s	9	0	-	5046	os
SH_10_0_143_20260912T192150.m	10	s	143	0	-	5047	os
SH_10_0_2071_20260912T192201.m	10	s	2071	0	-	5048	os
SH_10_0_134_20260912T192212.m	10	s	134	0	-	5049	os
SH_10_0_1007_20260912T192223.m	10	s	1007	0	-	5050	os
SH_10_4_490_20260912T192234.m	10	s	490	4	-	5051	os
SH_10_2_577_20260912T192245.m	10	s	577	2	-	5052	os
SH_10_0_134_20260912T192257.m	10	s	134	0	-	5053	os
SH_10_0_2071_20260912T192308.m	10	s	2071	0	-	5054	os
SH_10_0_2071_20260912T192319.m	10	s	2071	0	-	5055	os
SH_10_4_220_20260912T192331.m	10	s	220	4	-	5056	os
SH_10_0_2071_20260912T192343.m	10	s	2071	0	-	5057	os
SH_10_0_349_20260912T192354.m	10	s	349	0	-	5058	os
SH_10_4_220_20260912T192405.m	10	s	220	4	-	5059	os
SH_10_0_1007_20260912T192415.m	10	s	1007	0	-	5060	os
SH_10_0_2071_20260912T192429.m	10	s	2071	0	-	5061	os
SH_10_0_2071_20260912T192441.m	10	s	2071	0	-	5062	os
SH_10_0_99_20260912T192452.m	10	s	99	0	-	5063	os
SH_10_0_349_20260912T192504.m	10	s	349	0	-	5064	os
SH_10_0_251_20260912T192515.m	10	s	251	0	-	5065	os
SH_10_2_577_20260912T192528.m	10	s	577	2	-	5066	os
SH_10_0_134_20260912T192539.m	10	s	134	0	-	5067	os
SH_10_0_2071_20260912T192552.m	10	s	2071	0	-	5068	os
SH_10_0_500_20260912T192603.m	10	s	500	0	-	5069	os
SH_10_0_2071_20260912T192615.m	10	s	2071	0	-	5070	os
SH_10_0_349_20260912T192633.m	10	s	349	0	-	5071	os
SH_10_0_1071_20260912T192646.m	10	s	1071	0	-	5072	os
SH_10_0_283_20260912T192655.m	10	s	283	0	-	5073	os
SH_10_0_2071_20260912T192706.m	10	s	2071	0	-	5074	os
SH_10_0_1007_20260912T192718.m	10	s	1007	0	-	5075	os
SH_10_4_220_20260912T192728.m	10	s	220	4	-	5076	os
SH_10_2_577_20260912T192738.m	10	s	577	2	-	5077	os
SH_10_0_349_20260912T192751.m	10	s	349	0	-	5078	os
SH_10_0_143_20260912T192804.m	10	s	143	0	-	5079	os
SH_10_0_349_20260912T192816.m	10	s	349	0	-	5080	os
SH_10_0_349_20260912T192827.m	10	s	349	0	-	5081	os
SH_10_2_577_20260912T192838.m	10	s	577	2	-	5082	os
SH_10_0_349_20260912T192849.m	10	s	349	0	-	5083	os
SH_10_0_2071_20260912T192901.m	10	s	2071	0	-	5084	os
SH_10_0_2071_20260912T192911.m	10	s	2071	0	-	5085	os
SH_10_0_143_20260912T192922.m	10	s	143	0	-	5086	os
SH_10_0_967_20260912T192933.m	10	s	967	0	-	5087	os
SH_10_0_499_20260912T192945.m	10	s	499	0	-	5088	os
SH_10_0_2071_20260912T192954.m	10	s	2071	0	-	5089	os
SH_10_0_2071_20260912T193006.m	10	s	2071	0	-	5090	os
SH_10_0_349_20260912T193018.m	10	s	349	0	-	5091	os
SH_10_0_499_20260912T193030.m	10	s	499	0	-	5092	os
SH_10_0_2071_20260912T193039.m	10	s	2071	0	-	5093	os
SH_10_0_703_20260912T193051.m	10	s	703	0	-	5094	os
SH_10_0_2071_20260912T193103.m	10	s	2071	0	-	5095	os
SH_10_4_220_20260912T193114.m	10	s	220	4	-	5096	os
SH_10_4_108_20260912T193124.m	10	s	108	4	-	5097	os
SH_10_0_349_20260912T193136.m	10	s	349	0	-	5098	os
SH_10_0_2071_20260912T193147.m	10	s	2071	0	-	5099	os
SH_10_0_1007_20260912T193159.m	10	s	1007	0	-	5100	os
SH_10_0_2071_20260912T193210.m	10	s	2071	0	-	5101	os
SH_10_0_967_20260912T193220.m	10	s	967	0	-	5102	os
SH_10_0_2071_20260912T193233.m	10	s	2071	0	-	5103	os
SH_10_0_134_20260912T193245.m	10	s	134	0	-	5104	os
SH_10_0_349_20260912T193256.m	10	s	349	0	-	5105	os
SH_10_0_1071_20260912T193306.m	10	s	1071	0	-	5106	os
SH_10_0_1007_20260912T193317.m	10	s	1007	0	-	5107	os
SH_10_0_1007_20260912T193329.m	10	s	1007	0	-	5108	os
SH_10_0_1007_20260912T193342.m	10	s	1007	0	-	5109	os
SH_10_0_143_20260912T193353.m	10	s	143	0	-	5110	os
SH_10_0_349_20260912T193404.m	10	s	349	0	-	5111	os
SH_10_0_1007_20260912T193416.m	10	s	1007	0	-	5112	os
SH_10_0_134_20260912T193427.m	10	s	134	0	-	5113	os
SH_10_0_499_20260912T193437.m	10	s	499	0	-	5114	os
SH_10_0_1007_20260912T193450.m	10	s	1007	0	-	5115	os
SH_10_0_2071_20260912T193502.m	10	s	2071	0	-	5116	os
SH_10_0_2071_20260912T193513.m	10	s	2071	0	-	5117	os
SH_10_0_499_20260912T193525.m	10	s	499	0	-	5118	os
SH_10_0_134_20260912T193537.m	10	s	134	0	-	5119	os
SH_10_2_289_20260912T193547.m	10	s	289	2	-	5120	os
SH_10_0_500_20260912T193557.m	10	s	500	0	-	5121	os
SH_10_0_1071_20260912T193610.m	10	s	1071	0	-	5122	os
SH_10_2_577_20260912T193619.m	10	s	577	2	-	5123	os
SH_10_0_175_20260912T193630.m	10	s	175	0	-	5124	os
SH_10_0_271_20260912T193642.m	10	s	271	0	-	5125	os
SH_10_0_2071_20260912T193654.m	10	s	2071	0	-	5126	os
SH_10_0_349_20260912T193706.m	10	s	349	0	-	5127	os
SH_10_0_349_20260912T193718.m	10	s	349	0	-	5128	os
SH_10_0_533_20260912T193728.m	10	s	533	0	-	5129	os
SH_10_2_577_20260912T193742.m	10	s	577	2	-	5130	os
SH_10_0_1071_20260912T193753.m	10	s	1071	0	-	5131	os
SH_10_0_99_20260912T193804.m	10	s	99	0	-	5132	os
SH_10_0_1007_20260912T193816.m	10	s	1007	0	-	5133	os
SH_10_0_967_20260912T193827.m	10	s	967	0	-	5134	os
SH_10_0_2071_20260912T193837.m	10	s	2071	0	-	5135	os
SH_10_0_2071_20260912T193849.m	10	s	2071	0	-	5136	os
SH_10_0_1007_20260912T193901.m	10	s	1007	0	-	5137	os
SH_10_0_499_20260912T193912.m	10	s	499	0	-	5138	os
SH_10_2_577_20260912T193923.m	10	s	577	2	-	5139	os
SH_10_0_349_20260912T193935.m	10	s	349	0	-	5140	os
SH_10_0_527_20260912T193948.m	10	s	527	0	-	5141	os
SH_10_0_499_20260912T193959.m	10	s	499	0	-	5142	os
SH_10_0_143_20260912T194011.m	10	s	143	0	-	5143	os
SH_10_0_2071_20260912T194021.m	10	s	2071	0	-	5144	os
SH_10_0_2071_20260912T194034.m	10	s	2071	0	-	5145	os
SH_10_0_2071_20260912T194046.m	10	s	2071	0	-	5146	os
SH_10_0_2071_20260912T194058.m	10	s	2071	0	-	5147	os
SH_10_0_143_20260912T194110.m	10	s	143	0	-	5148	os
SH_10_4_490_20260912T194122.m	10	s	490	4	-	5149	os
SH_10_0_2071_20260912T194133.m	10	s	2071	0	-	5150	os
SH_10_0_134_20260912T194145.m	10	s	134	0	-	5151	os
SH_10_0_349_20260912T194155.m	10	s	349	0	-	5152	os
SH_10_0_1007_20260912T194205.m	10	s	1007	0	-	5153	os
SH_10_0_499_20260912T194217.m	10	s	499	0	-	5154	os
SH_10_0_2071_20260912T194228.m	10	s	2071	0	-	5155	os
SH_10_0_134_20260912T194240.m	10	s	134	0	-	5156	os
SH_10_0_349_20260912T194251.m	10	s	349	0	-	5157	os
SH_10_0_527_20260912T194301.m	10	s	527	0	-	5158	os
SH_10_4_220_20260912T194313.m	10	s	220	4	-	5159	os
SH_10_0_349_20260912T194324.m	10	s	349	0	-	5160	os
SH_10_0_2071_20260912T194334.m	10	s	2071	0	-	5161	os
SH_10_0_9_20260912T194346.m	10	s	9	0	-	5162	os
SH_10_0_2071_20260912T194357.m	10	s	2071	0	-	5163	os
SH_10_0_143_20260912T194410.m	10	s	143	0	-	5164	os
SH_10_0_1071_20260912T194421.m	10	s	1071	0	-	5165	os
SH_10_2_577_20260912T194432.m	10	s	577	2	-	5166	os
SH_10_0_2071_20260912T194442.m	10	s	2071	0	-	5167	os
SH_10_2_577_20260912T194452.m	10	s	577	2	-	5168	os
SH_10_0_500_20260912T194503.m	10	s	500	0	-	5169	os
SH_10_0_2071_20260912T194515.m	10	s	2071	0	-	5170	os
SH_10_0_349_20260912T194527.m	10	s	349	0	-	5171	os
SH_10_0_2071_20260912T194539.m	10	s	2071	0	-	5172	os
SH_10_0_283_20260912T194551.m	10	s	283	0	-	5173	os
SH_10_0_2071_20260912T194602.m	10	s	2071	0	-	5174	os
SH_10_0_2071_20260912T194613.m	10	s	2071	0	-	5175	os
SH_10_2_577_20260912T194625.m	10	s	577	2	-	5176	os
SH_10_0_1071_20260912T194635.m	10	s	1071	0	-	5177	os
SH_10_0_2071_20260912T194646.m	10	s	2071	0	-	5178	os
SH_10_0_349_20260912T194657.m	10	s	349	0	-	5179	os
SH_10_0_134_20260912T194707.m	10	s	134	0	-	5180	os
SH_10_2_577_20260912T194718.m	10	s	577	2	-	5181	os
SH_10_0_2071_20260912T194730.m	10	s	2071	0	-	5182	os
SH_10_0_2071_20260912T194739.m	10	s	2071	0	-	5183	os
SH_10_2_577_20260912T194751.m	10	s	577	2	-	5184	os
SH_10_0_349_20260912T194802.m	10	s	349	0	-	5185	os
SH_10_0_2071_20260912T194814.m	10	s	2071	0	-	5186	os
SH_10_10_4_20260912T194826.m	10	s	4	10	4	5187	os
SH_10_0_2071_20260912T194838.m	10	s	2071	0	-	5188	os
SH_10_0_349_20260912T194850.m	10	s	349	0	-	5189	os
SH_10_0_99_20260912T194901.m	10	s	99	0	-	5190	os
SH_10_0_134_20260912T194913.m	10	s	134	0	-	5191	os
SH_10_0_2071_20260912T194924.m	10	s	2071	0	-	5192	os
SH_10_0_1071_20260912T194936.m	10	s	1071	0	-	5193	os
SH_10_0_2071_20260912T194949.m	10	s	2071	0	-	5194	os
SH_10_2_577_20260912T195002.m	10	s	577	2	-	5195	os
SH_10_2_577_20260912T195014.m	10	s	577	2	-	5196	os
SH_10_0_349_20260912T195026.m	10	s	349	0	-	5197	os
SH_10_0_143_20260912T195038.m	10	s	143	0	-	5198	os
SH_10_0_134_20260912T195049.m	10	s	134	0	-	5199	os
SH_10_0_1007_20260912T195100.m	10	s	1007	0	-	5200	os
SH_10_0_2071_20260912T195112.m	10	s	2071	0	-	5201	os
SH_10_2_577_20260912T195125.m	10	s	577	2	-	5202	os
SH_10_0_2071_20260912T195137.m	10	s	2071	0	-	5203	os
SH_10_0_349_20260912T195149.m	10	s	349	0	-	5204	os
SH_10_0_2071_20260912T195201.m	10	s	2071	0	-	5205	os
SH_10_0_2071_20260912T195213.m	10	s	2071	0	-	5206	os
SH_10_2_577_20260912T195225.m	10	s	577	2	-	5207	os
SH_10_0_99_20260912T195237.m	10	s	99	0	-	5208	os
SH_10_0_2071_20260912T195249.m	10	s	2071	0	-	5209	os
SH_10_0_1007_20260912T195301.m	10	s	1007	0	-	5210	os
SH_10_0_1007_20260912T195311.m	10	s	1007	0	-	5211	os
SH_10_2_577_20260912T195322.m	10	s	577	2	-	5212	os
SH_10_0_2071_20260912T195334.m	10	s	2071	0	-	5213	os
SH_10_2_577_20260912T195345.m	10	s	577	2	-	5214	os
SH_10_0_1007_20260912T195357.m	10	s	1007	0	-	5215	os
SH_10_0_1071_20260912T195408.m	10	s	1071	0	-	5216	os
SH_10_0_2071_20260912T195419.m	10	s	2071	0	-	5217	os
SH_10_0_2071_20260912T195430.m	10	s	2071	0	-	5218	os
SH_10_0_499_20260912T195442.m	10	s	499	0	-	5219	os
SH_10_0_1007_20260912T195454.m	10	s	1007	0	-	5220	os
SH_10_0_349_20260912T195507.m	10	s	349	0	-	5221	os
SH_10_0_499_20260912T195520.m	10	s	499	0	-	5222	os
SH_10_0_1007_20260912T195531.m	10	s	1007	0	-	5223	os
SH_10_0_1007_20260912T195543.m	10	s	1007	0	-	5224	os
SH_10_0_9_20260912T195556.m	10	s	9	0	-	5225	os
SH_10_0_349_20260912T195608.m	10	s	349	0	-	5226	os
SH_10_0_283_20260912T195619.m	10	s	283	0	-	5227	os
SH_10_0_349_20260912T195629.m	10	s	349	0	-	5228	os
SH_10_0_1007_20260912T195641.m	10	s	1007	0	-	5229	os
SH_10_0_2071_20260912T195653.m	10	s	2071	0	-	5230	os
SH_10_0_1007_20260912T195705.m	10	s	1007	0	-	5231	os
SH_10_0_134_20260912T195718.m	10	s	134	0	-	5232	os
SH_10_0_143_20260912T195730.m	10	s	143	0	-	5233	os
SH_10_0_349_20260912T195742.m	10	s	349	0	-	5234	os
SH_10_2_577_20260912T195754.m	10	s	577	2	-	5235	os
SH_10_0_1007_20260912T195806.m	10	s	1007	0	-	5236	os
SH_10_0_500_20260912T195817.m	10	s	500	0	-	5237	os
SH_10_0_499_20260912T195829.m	10	s	499	0	-	5238	os
SH_10_4_490_20260912T195842.m	10	s	490	4	-	5239	os
SH_10_4_490_20260912T195856.m	10	s	490	4	-	5240	os
SH_10_2_577_20260912T195908.m	10	s	577	2	-	5241	os
SH_10_0_349_20260912T195920.m	10	s	349	0	-	5242	os
SH_10_0_9_20260912T195931.m	10	s	9	0	-	5243	os
SH_10_0_2071_20260912T195943.m	10	s	2071	0	-	5244	os
SH_10_0_2071_20260912T195954.m	10	s	2071	0	-	5245	os
SH_10_0_2071_20260912T200008.m	10	s	2071	0	-	5246	os
SH_10_0_703_20260912T200019.m	10	s	703	0	-	5247	os
SH_10_0_349_20260912T200031.m	10	s	349	0	-	5248	os
SH_10_0_2071_20260912T200042.m	10	s	2071	0	-	5249	os
SH_10_0_349_20260912T200053.m	10	s	349	0	-	5250	os
SH_10_0_283_20260912T200104.m	10	s	283	0	-	5251	os
SH_10_0_500_20260912T200117.m	10	s	500	0	-	5252	os
SH_10_0_349_20260912T200130.m	10	s	349	0	-	5253	os
SH_10_0_2071_20260912T200143.m	10	s	2071	0	-	5254	os
SH_10_0_293_20260912T200152.m	10	s	293	0	-	5255	os
SH_10_0_283_20260912T200203.m	10	s	283	0	-	5256	os
SH_10_2_577_20260912T200216.m	10	s	577	2	-	5257	os
SH_10_0_2071_20260912T200227.m	10	s	2071	0	-	5258	os
SH_10_0_2071_20260912T200241.m	10	s	2071	0	-	5259	os
SH_10_2_577_20260912T200252.m	10	s	577	2	-	5260	os
SH_10_0_1007_20260912T200303.m	10	s	1007	0	-	5261	os
SH_10_0_99_20260912T200313.m	10	s	99	0	-	5262	os
SH_10_0_500_20260912T200324.m	10	s	500	0	-	5263	os
SH_10_0_349_20260912T200336.m	10	s	349	0	-	5264	os
SH_10_2_577_20260912T200349.m	10	s	577	2	-	5265	os
SH_10_0_2071_20260912T200400.m	10	s	2071	0	-	5266	os
SH_10_0_2071_20260912T200414.m	10	s	2071	0	-	5267	os
SH_10_4_108_20260912T200426.m	10	s	108	4	-	5268	os
SH_10_0_349_20260912T200439.m	10	s	349	0	-	5269	os
SH_10_0_2071_20260912T200451.m	10	s	2071	0	-	5270	os
SH_10_2_577_20260912T200502.m	10	s	577	2	-	5271	os
SH_10_0_11_20260912T200514.m	10	s	11	0	-	5272	os
SH_10_0_1007_20260912T200526.m	10	s	1007	0	-	5273	os
SH_10_0_251_20260912T200537.m	10	s	251	0	-	5274	os
SH_10_0_349_20260912T200548.m	10	s	349	0	-	5275	os
SH_10_2_577_20260912T200600.m	10	s	577	2	-	5276	os
SH_10_0_271_20260912T200612.m	10	s	271	0	-	5277	os
SH_10_0_2071_20260912T200625.m	10	s	2071	0	-	5278	os
SH_10_4_220_20260912T200636.m	10	s	220	4	-	5279	os
SH_10_0_1007_20260912T200647.m	10	s	1007	0	-	5280	os
SH_10_0_1007_20260912T200700.m	10	s	1007	0	-	5281	os
SH_10_0_2071_20260912T200712.m	10	s	2071	0	-	5282	os
SH_10_2_577_20260912T200723.m	10	s	577	2	-	5283	os
SH_10_0_967_20260912T200735.m	10	s	967	0	-	5284	os
SH_10_0_349_20260912T200748.m	10	s	349	0	-	5285	os
SH_10_0_1007_20260912T200759.m	10	s	1007	0	-	5286	os
SH_10_0_349_20260912T200811.m	10	s	349	0	-	5287	os
SH_10_0_143_20260912T200822.m	10	s	143	0	-	5288	os
SH_10_4_490_20260912T200832.m	10	s	490	4	-	5289	os
SH_10_2_577_20260912T200844.m	10	s	577	2	-	5290	os
SH_10_0_271_20260912T200853.m	10	s	271	0	-	5291	os
SH_10_0_1007_20260912T200907.m	10	s	1007	0	-	5292	os
SH_10_0_134_20260912T200919.m	10	s	134	0	-	5293	os
SH_10_0_1007_20260912T200930.m	10	s	1007	0	-	5294	os
SH_10_0_99_20260912T200940.m	10	s	99	0	-	5295	os
SH_10_4_220_20260912T200952.m	10	s	220	4	-	5296	os
SH_10_0_1007_20260912T201003.m	10	s	1007	0	-	5297	os
SH_10_0_2071_20260912T201016.m	10	s	2071	0	-	5298	os
SH_10_2_577_20260912T201029.m	10	s	577	2	-	5299	os
SH_10_0_349_20260912T201042.m	10	s	349	0	-	5300	os
SH_10_0_2071_20260912T201052.m	10	s	2071	0	-	5301	os
SH_10_0_349_20260912T201103.m	10	s	349	0	-	5302	os
SH_10_0_2071_20260912T201114.m	10	s	2071	0	-	5303	os
SH_10_0_1007_20260912T201128.m	10	s	1007	0	-	5304	os
SH_10_2_577_20260912T201138.m	10	s	577	2	-	5305	os
SH_10_0_349_20260912T201151.m	10	s	349	0	-	5306	os
SH_10_0_2071_20260912T201202.m	10	s	2071	0	-	5307	os
SH_10_2_577_20260912T201216.m	10	s	577	2	-	5308	os
SH_10_2_577_20260912T201227.m	10	s	577	2	-	5309	os
SH_10_2_577_20260912T201243.m	10	s	577	2	-	5310	os
SH_10_0_499_20260912T201256.m	10	s	499	0	-	5311	os
SH_10_0_500_20260912T201310.m	10	s	500	0	-	5312	os
SH_10_0_703_20260912T201322.m	10	s	703	0	-	5313	os
SH_10_0_1007_20260912T201336.m	10	s	1007	0	-	5314	os
SH_10_0_2071_20260912T201349.m	10	s	2071	0	-	5315	os
SH_10_0_349_20260912T201402.m	10	s	349	0	-	5316	os
SH_10_0_293_20260912T201412.m	10	s	293	0	-	5317	os
SH_10_0_283_20260912T201426.m	10	s	283	0	-	5318	os
SH_10_0_1007_20260912T201438.m	10	s	1007	0	-	5319	os
SH_10_0_2071_20260912T201452.m	10	s	2071	0	-	5320	os
SH_10_0_2071_20260912T201504.m	10	s	2071	0	-	5321	os
SH_10_0_2071_20260912T201517.m	10	s	2071	0	-	5322	os
SH_10_0_2071_20260912T201530.m	10	s	2071	0	-	5323	os
SH_10_0_500_20260912T201543.m	10	s	500	0	-	5324	os
SH_10_0_1007_20260912T201556.m	10	s	1007	0	-	5325	os
SH_10_0_2071_20260912T201607.m	10	s	2071	0	-	5326	os
SH_10_0_349_20260912T201621.m	10	s	349	0	-	5327	os
SH_10_2_577_20260912T201633.m	10	s	577	2	-	5328	os
SH_10_2_577_20260912T201644.m	10	s	577	2	-	5329	os
SH_10_0_251_20260912T201655.m	10	s	251	0	-	5330	os
SH_10_0_499_20260912T201708.m	10	s	499	0	-	5331	os
SH_10_0_349_20260912T201720.m	10	s	349	0	-	5332	os
SH_10_0_2071_20260912T201733.m	10	s	2071	0	-	5333	os
SH_10_0_967_20260912T201747.m	10	s	967	0	-	5334	os
SH_10_2_577_20260912T201801.m	10	s	577	2	-	5335	os
SH_10_0_2071_20260912T201813.m	10	s	2071	0	-	5336	os
SH_10_0_499_20260912T201827.m	10	s	499	0	-	5337	os
SH_10_0_2071_20260912T201842.m	10	s	2071	0	-	5338	os
SH_10_0_349_20260912T201855.m	10	s	349	0	-	5339	os
SH_10_2_577_20260912T201906.m	10	s	577	2	-	5340	os
SH_10_0_283_20260912T201917.m	10	s	283	0	-	5341	os
SH_10_0_134_20260912T201931.m	10	s	134	0	-	5342	os
SH_10_0_499_20260912T201944.m	10	s	499	0	-	5343	os
SH_10_0_283_20260912T201957.m	10	s	283	0	-	5344	os
SH_10_0_1007_20260912T202010.m	10	s	1007	0	-	5345	os
SH_10_0_349_20260912T202022.m	10	s	349	0	-	5346	os
SH_10_0_283_20260912T202034.m	10	s	283	0	-	5347	os
SH_10_0_283_20260912T202048.m	10	s	283	0	-	5348	os
SH_10_0_2071_20260912T202101.m	10	s	2071	0	-	5349	os
SH_10_0_271_20260912T202124.m	10	s	271	0	-	5350	os
SH_10_0_349_20260912T202136.m	10	s	349	0	-	5351	os
SH_10_2_577_20260912T202149.m	10	s	577	2	-	5352	os
SH_10_0_134_20260912T202200.m	10	s	134	0	-	5353	os
SH_10_0_2071_20260912T202212.m	10	s	2071	0	-	5354	os
SH_10_0_2071_20260912T202222.m	10	s	2071	0	-	5355	os
SH_10_0_2071_20260912T202234.m	10	s	2071	0	-	5356	os
SH_10_0_9_20260912T202246.m	10	s	9	0	-	5357	os
SH_10_0_349_20260912T202258.m	10	s	349	0	-	5358	os
SH_10_0_2071_20260912T202311.m	10	s	2071	0	-	5359	os
SH_10_0_499_20260912T202323.m	10	s	499	0	-	5360	os
SH_10_0_2071_20260912T202336.m	10	s	2071	0	-	5361	os
SH_10_0_349_20260912T202348.m	10	s	349	0	-	5362	os
SH_10_0_2071_20260912T202400.m	10	s	2071	0	-	5363	os
SH_10_0_967_20260912T202411.m	10	s	967	0	-	5364	os
SH_10_0_2071_20260912T202424.m	10	s	2071	0	-	5365	os
SH_10_2_577_20260912T202437.m	10	s	577	2	-	5366	os
SH_10_0_349_20260912T202449.m	10	s	349	0	-	5367	os
SH_10_0_527_20260912T202501.m	10	s	527	0	-	5368	os
SH_10_0_143_20260912T202514.m	10	s	143	0	-	5369	os
SH_10_2_577_20260912T202526.m	10	s	577	2	-	5370	os
SH_10_0_1007_20260912T202538.m	10	s	1007	0	-	5371	os
SH_10_0_500_20260912T202550.m	10	s	500	0	-	5372	os
SH_10_0_1071_20260912T202602.m	10	s	1071	0	-	5373	os
SH_10_0_1007_20260912T202613.m	10	s	1007	0	-	5374	os
SH_10_0_499_20260912T202625.m	10	s	499	0	-	5375	os
SH_10_0_99_20260912T202638.m	10	s	99	0	-	5376	os
SH_10_2_577_20260912T202650.m	10	s	577	2	-	5377	os
SH_10_0_2071_20260912T202701.m	10	s	2071	0	-	5378	os
SH_10_2_577_20260912T202712.m	10	s	577	2	-	5379	os
SH_10_0_349_20260912T202724.m	10	s	349	0	-	5380	os
SH_10_2_289_20260912T202738.m	10	s	289	2	-	5381	os
SH_10_0_99_20260912T202749.m	10	s	99	0	-	5382	os
SH_10_0_2071_20260912T202801.m	10	s	2071	0	-	5383	os
SH_10_0_2071_20260912T202814.m	10	s	2071	0	-	5384	os
SH_10_0_143_20260912T202826.m	10	s	143	0	-	5385	os
SH_10_0_1007_20260912T202840.m	10	s	1007	0	-	5386	os
SH_10_2_577_20260912T202850.m	10	s	577	2	-	5387	os
SH_10_0_2071_20260912T202903.m	10	s	2071	0	-	5388	os
SH_10_0_2071_20260912T202914.m	10	s	2071	0	-	5389	os
SH_10_0_1007_20260912T202927.m	10	s	1007	0	-	5390	os
SH_10_2_577_20260912T202939.m	10	s	577	2	-	5391	os
SH_10_0_349_20260912T202951.m	10	s	349	0	-	5392	os
SH_10_0_349_20260912T203003.m	10	s	349	0	-	5393	os
SH_10_0_2071_20260912T203014.m	10	s	2071	0	-	5394	os
SH_10_2_577_20260912T203025.m	10	s	577	2	-	5395	os
SH_10_0_500_20260912T203038.m	10	s	500	0	-	5396	os
SH_10_0_349_20260912T203050.m	10	s	349	0	-	5397	os
SH_10_0_5_20260912T203102.m	10	s	5	0	5	5398	os
SH_10_0_2071_20260912T203114.m	10	s	2071	0	-	5399	os
SH_10_2_577_20260912T203126.m	10	s	577	2	-	5400	os
SH_10_0_271_20260912T203137.m	10	s	271	0	-	5401	os
SH_10_2_577_20260912T203150.m	10	s	577	2	-	5402	os
SH_10_0_1007_20260912T203201.m	10	s	1007	0	-	5403	os
SH_10_2_577_20260912T203212.m	10	s	577	2	-	5404	os
SH_10_0_2071_20260912T203226.m	10	s	2071	0	-	5405	os
SH_10_0_9_20260912T203238.m	10	s	9	0	-	5406	os
SH_10_0_1007_20260912T203250.m	10	s	1007	0	-	5407	os
SH_10_0_2071_20260912T203302.m	10	s	2071	0	-	5408	os
SH_10_0_1007_20260912T203313.m	10	s	1007	0	-	5409	os
SH_10_0_2071_20260912T203325.m	10	s	2071	0	-	5410	os
SH_10_0_2071_20260912T203336.m	10	s	2071	0	-	5411	os
SH_10_0_2071_20260912T203347.m	10	s	2071	0	-	5412	os
SH_10_0_2071_20260912T203359.m	10	s	2071	0	-	5413	os
SH_10_0_2071_20260912T203411.m	10	s	2071	0	-	5414	os
SH_10_2_577_20260912T203423.m	10	s	577	2	-	5415	os
SH_10_0_349_20260912T203435.m	10	s	349	0	-	5416	os
SH_10_0_500_20260912T203448.m	10	s	500	0	-	5417	os
SH_10_4_490_20260912T203500.m	10	s	490	4	-	5418	os
SH_10_0_1007_20260912T203512.m	10	s	1007	0	-	5419	os
SH_10_0_1007_20260912T203524.m	10	s	1007	0	-	5420	os
SH_10_0_2071_20260912T203538.m	10	s	2071	0	-	5421	os
SH_10_0_2071_20260912T203550.m	10	s	2071	0	-	5422	os
SH_10_0_99_20260912T203601.m	10	s	99	0	-	5423	os
SH_10_2_577_20260912T203613.m	10	s	577	2	-	5424	os
SH_10_0_1071_20260912T203625.m	10	s	1071	0	-	5425	os
SH_10_0_2071_20260912T203639.m	10	s	2071	0	-	5426	os
SH_10_2_577_20260912T203651.m	10	s	577	2	-	5427	os
SH_10_4_490_20260912T203702.m	10	s	490	4	-	5428	os
SH_10_0_134_20260912T203714.m	10	s	134	0	-	5429	os
SH_10_0_349_20260912T203723.m	10	s	349	0	-	5430	os
SH_10_2_577_20260912T203735.m	10	s	577	2	-	5431	os
SH_10_0_349_20260912T203748.m	10	s	349	0	-	5432	os
SH_10_4_220_20260912T203800.m	10	s	220	4	-	5433	os
SH_10_0_9_20260912T203812.m	10	s	9	0	-	5434	os
SH_10_2_577_20260912T203824.m	10	s	577	2	-	5435	os
SH_10_0_1007_20260912T203837.m	10	s	1007	0	-	5436	os
SH_10_0_9_20260912T203848.m	10	s	9	0	-	5437	os
SH_10_4_490_20260912T203902.m	10	s	490	4	-	5438	os
SH_10_0_1007_20260912T203913.m	10	s	1007	0	-	5439	os
SH_10_0_2071_20260912T203926.m	10	s	2071	0	-	5440	os
SH_10_0_2071_20260912T203938.m	10	s	2071	0	-	5441	os
SH_10_0_1007_20260912T203950.m	10	s	1007	0	-	5442	os
SH_10_0_533_20260912T204002.m	10	s	533	0	-	5443	os
SH_10_0_349_20260912T204013.m	10	s	349	0	-	5444	os
SH_10_0_1071_20260912T204026.m	10	s	1071	0	-	5445	os
SH_10_0_283_20260912T204037.m	10	s	283	0	-	5446	os
SH_10_0_11_20260912T204049.m	10	s	11	0	-	5447	os
SH_10_0_1007_20260912T204101.m	10	s	1007	0	-	5448	os
SH_10_0_349_20260912T204113.m	10	s	349	0	-	5449	os
SH_10_0_1007_20260912T204127.m	10	s	1007	0	-	5450	os
SH_10_0_5_20260912T204139.m	10	s	5	0	5	5451	os
SH_10_0_1007_20260912T204149.m	10	s	1007	0	-	5452	os
SH_10_0_1071_20260912T204201.m	10	s	1071	0	-	5453	os
SH_10_4_490_20260912T204213.m	10	s	490	4	-	5454	os
SH_10_0_134_20260912T204224.m	10	s	134	0	-	5455	os
SH_10_0_2071_20260912T204235.m	10	s	2071	0	-	5456	os
SH_10_0_134_20260912T204247.m	10	s	134	0	-	5457	os
SH_10_0_349_20260912T204300.m	10	s	349	0	-	5458	os
SH_10_0_2071_20260912T204312.m	10	s	2071	0	-	5459	os
SH_10_0_500_20260912T204325.m	10	s	500	0	-	5460	os
SH_10_0_2071_20260912T204338.m	10	s	2071	0	-	5461	os
SH_10_0_6_20260912T204351.m	10	s	6	0	6	5462	os
SH_10_0_2071_20260912T204404.m	10	s	2071	0	-	5463	os
SH_10_0_2071_20260912T204414.m	10	s	2071	0	-	5464	os
SH_10_0_349_20260912T204426.m	10	s	349	0	-	5465	os
SH_10_0_500_20260912T204438.m	10	s	500	0	-	5466	os
SH_10_0_11_20260912T204450.m	10	s	11	0	-	5467	os
SH_10_0_499_20260912T204502.m	10	s	499	0	-	5468	os
SH_10_0_2071_20260912T204513.m	10	s	2071	0	-	5469	os
SH_10_2_577_20260912T204526.m	10	s	577	2	-	5470	os
SH_10_0_143_20260912T204538.m	10	s	143	0	-	5471	os
SH_10_2_577_20260912T204551.m	10	s	577	2	-	5472	os
SH_10_0_349_20260912T204603.m	10	s	349	0	-	5473	os
SH_10_0_283_20260912T204616.m	10	s	283	0	-	5474	os
SH_10_0_349_20260912T204629.m	10	s	349	0	-	5475	os
SH_10_0_2071_20260912T204643.m	10	s	2071	0	-	5476	os
SH_10_4_220_20260912T204655.m	10	s	220	4	-	5477	os
SH_10_0_1007_20260912T204707.m	10	s	1007	0	-	5478	os
SH_10_0_1007_20260912T204721.m	10	s	1007	0	-	5479	os
SH_10_0_283_20260912T204732.m	10	s	283	0	-	5480	os
SH_10_0_143_20260912T204744.m	10	s	143	0	-	5481	os
SH_10_0_349_20260912T204756.m	10	s	349	0	-	5482	os
SH_10_0_134_20260912T204808.m	10	s	134	0	-	5483	os
SH_10_0_1007_20260912T204820.m	10	s	1007	0	-	5484	os
SH_10_2_289_20260912T204834.m	10	s	289	2	-	5485	os
SH_10_0_1007_20260912T204847.m	10	s	1007	0	-	5486	os
SH_10_4_490_20260912T204900.m	10	s	490	4	-	5487	os
SH_10_0_2071_20260912T204913.m	10	s	2071	0	-	5488	os
SH_10_0_349_20260912T204925.m	10	s	349	0	-	5489	os
SH_10_0_2071_20260912T204938.m	10	s	2071	0	-	5490	os
SH_10_4_220_20260912T204948.m	10	s	220	4	-	5491	os
SH_10_2_577_20260912T205000.m	10	s	577	2	-	5492	os
SH_10_0_2071_20260912T205012.m	10	s	2071	0	-	5493	os
SH_10_0_2071_20260912T205025.m	10	s	2071	0	-	5494	os
SH_10_0_2071_20260912T205037.m	10	s	2071	0	-	5495	os
SH_10_0_1007_20260912T205050.m	10	s	1007	0	-	5496	os
SH_10_4_220_20260912T205103.m	10	s	220	4	-	5497	os
SH_10_0_1071_20260912T205117.m	10	s	1071	0	-	5498	os
SH_10_2_577_20260912T205129.m	10	s	577	2	-	5499	os
SH_10_0_349_20260912T205143.m	10	s	349	0	-	5500	os
SH_10_0_2071_20260912T205155.m	10	s	2071	0	-	5501	os
SH_10_0_2071_20260912T205207.m	10	s	2071	0	-	5502	os
SH_10_0_2071_20260912T205218.m	10	s	2071	0	-	5503	os
SH_10_0_349_20260912T205231.m	10	s	349	0	-	5504	os
SH_10_0_6_20260912T205243.m	10	s	6	0	6	5505	os
SH_10_0_2071_20260912T205254.m	10	s	2071	0	-	5506	os
SH_10_0_1071_20260912T205306.m	10	s	1071	0	-	5507	os
SH_10_0_349_20260912T205320.m	10	s	349	0	-	5508	os
SH_10_0_349_20260912T205331.m	10	s	349	0	-	5509	os
SH_10_0_349_20260912T205343.m	10	s	349	0	-	5510	os
SH_10_2_577_20260912T205354.m	10	s	577	2	-	5511	os
SH_10_0_2071_20260912T205407.m	10	s	2071	0	-	5512	os
SH_10_0_1007_20260912T205420.m	10	s	1007	0	-	5513	os
SH_10_0_1007_20260912T205430.m	10	s	1007	0	-	5514	os
SH_10_0_2071_20260912T205443.m	10	s	2071	0	-	5515	os
SH_10_0_349_20260912T205456.m	10	s	349	0	-	5516	os
SH_10_0_349_20260912T205508.m	10	s	349	0	-	5517	os
SH_10_4_220_20260912T205521.m	10	s	220	4	-	5518	os
SH_10_0_143_20260912T205533.m	10	s	143	0	-	5519	os
SH_10_2_577_20260912T205546.m	10	s	577	2	-	5520	os
SH_10_0_349_20260912T205556.m	10	s	349	0	-	5521	os
SH_10_2_577_20260912T205608.m	10	s	577	2	-	5522	os
SH_10_0_2071_20260912T205619.m	10	s	2071	0	-	5523	os
SH_10_0_349_20260912T205632.m	10	s	349	0	-	5524	os
SH_10_0_2071_20260912T205643.m	10	s	2071	0	-	5525	os
SH_10_0_2071_20260912T205656.m	10	s	2071	0	-	5526	os
SH_10_0_2071_20260912T205710.m	10	s	2071	0	-	5527	os
SH_10_0_1007_20260912T205725.m	10	s	1007	0	-	5528	os
SH_10_4_490_20260912T205737.m	10	s	490	4	-	5529	os
SH_10_0_2071_20260912T205750.m	10	s	2071	0	-	5530	os
SH_10_0_2071_20260912T205803.m	10	s	2071	0	-	5531	os
SH_10_0_1007_20260912T205817.m	10	s	1007	0	-	5532	os
SH_10_0_2071_20260912T205830.m	10	s	2071	0	-	5533	os
SH_10_0_11_20260912T205843.m	10	s	11	0	-	5534	os
SH_10_0_2071_20260912T205856.m	10	s	2071	0	-	5535	os
SH_10_0_283_20260912T205910.m	10	s	283	0	-	5536	os
SH_10_0_2071_20260912T205922.m	10	s	2071	0	-	5537	os
SH_10_0_499_20260912T205933.m	10	s	499	0	-	5538	os
SH_10_0_527_20260912T205944.m	10	s	527	0	-	5539	os
SH_10_0_2071_20260912T205956.m	10	s	2071	0	-	5540	os
SH_10_0_500_20260912T210007.m	10	s	500	0	-	5541	os
SH_10_0_175_20260912T210020.m	10	s	175	0	-	5542	os
SH_10_4_220_20260912T210032.m	10	s	220	4	-	5543	os
SH_10_0_1007_20260912T210044.m	10	s	1007	0	-	5544	os
SH_10_0_349_20260912T210057.m	10	s	349	0	-	5545	os
SH_10_0_349_20260912T210110.m	10	s	349	0	-	5546	os
SH_10_0_283_20260912T210124.m	10	s	283	0	-	5547	os
SH_10_0_2071_20260912T210135.m	10	s	2071	0	-	5548	os
SH_10_0_2071_20260912T210147.m	10	s	2071	0	-	5549	os
SH_10_0_967_20260912T210200.m	10	s	967	0	-	5550	os
SH_10_2_577_20260912T210215.m	10	s	577	2	-	5551	os
SH_10_0_2071_20260912T210227.m	10	s	2071	0	-	5552	os
SH_10_0_1007_20260912T210239.m	10	s	1007	0	-	5553	os
SH_10_0_283_20260912T210252.m	10	s	283	0	-	5554	os
SH_10_0_1007_20260912T210303.m	10	s	1007	0	-	5555	os
SH_10_0_500_20260912T210316.m	10	s	500	0	-	5556	os
SH_10_0_99_20260912T210327.m	10	s	99	0	-	5557	os
SH_10_2_577_20260912T210339.m	10	s	577	2	-	5558	os
SH_10_2_577_20260912T210351.m	10	s	577	2	-	5559	os
SH_10_0_2071_20260912T210405.m	10	s	2071	0	-	5560	os
SH_10_0_143_20260912T210417.m	10	s	143	0	-	5561	os
SH_10_0_1007_20260912T210429.m	10	s	1007	0	-	5562	os
SH_10_0_134_20260912T210441.m	10	s	134	0	-	5563	os
SH_10_2_577_20260912T210453.m	10	s	577	2	-	5564	os
SH_10_0_143_20260912T210503.m	10	s	143	0	-	5565	os
SH_10_0_526_20260912T210515.m	10	s	526	0	-	5566	os
SH_10_0_134_20260912T210528.m	10	s	134	0	-	5567	os
SH_10_0_143_20260912T210540.m	10	s	143	0	-	5568	os
SH_10_0_527_20260912T210551.m	10	s	527	0	-	5569	os
SH_10_0_2071_20260912T210604.m	10	s	2071	0	-	5570	os
SH_10_0_134_20260912T210615.m	10	s	134	0	-	5571	os
SH_10_2_577_20260912T210627.m	10	s	577	2	-	5572	os
SH_10_0_1007_20260912T210640.m	10	s	1007	0	-	5573	os
SH_10_0_349_20260912T210652.m	10	s	349	0	-	5574	os
SH_10_0_349_20260912T210705.m	10	s	349	0	-	5575	os
SH_10_2_577_20260912T210717.m	10	s	577	2	-	5576	os
SH_10_0_2071_20260912T210729.m	10	s	2071	0	-	5577	os
SH_10_2_577_20260912T210740.m	10	s	577	2	-	5578	os
SH_10_2_577_20260912T210752.m	10	s	577	2	-	5579	os
SH_10_0_1071_20260912T210804.m	10	s	1071	0	-	5580	os
SH_10_0_349_20260912T210816.m	10	s	349	0	-	5581	os
SH_10_0_349_20260912T210826.m	10	s	349	0	-	5582	os
SH_10_0_2071_20260912T210839.m	10	s	2071	0	-	5583	os
SH_10_0_349_20260912T210851.m	10	s	349	0	-	5584	os
SH_10_8_6_20260912T210904.m	10	s	6	8	6	5585	os
SH_10_0_11_20260912T210915.m	10	s	11	0	-	5586	os
SH_10_0_2071_20260912T210928.m	10	s	2071	0	-	5587	os
SH_10_0_349_20260912T210940.m	10	s	349	0	-	5588	os
SH_10_0_1007_20260912T210952.m	10	s	1007	0	-	5589	os
SH_10_0_1007_20260912T211005.m	10	s	1007	0	-	5590	os
SH_10_2_577_20260912T211016.m	10	s	577	2	-	5591	os
SH_10_0_1007_20260912T211030.m	10	s	1007	0	-	5592	os
SH_10_0_1007_20260912T211041.m	10	s	1007	0	-	5593	os
SH_10_4_220_20260912T211052.m	10	s	220	4	-	5594	os
SH_10_0_1007_20260912T211104.m	10	s	1007	0	-	5595	os
SH_10_0_349_20260912T211117.m	10	s	349	0	-	5596	os
SH_10_0_1007_20260912T211130.m	10	s	1007	0	-	5597	os
SH_10_4_490_20260912T211142.m	10	s	490	4	-	5598	os
SH_10_0_2071_20260912T211155.m	10	s	2071	0	-	5599	os
SH_10_4_490_20260912T211207.m	10	s	490	4	-	5600	os
SH_10_0_2071_20260912T211219.m	10	s	2071	0	-	5601	os
SH_10_0_349_20260912T211231.m	10	s	349	0	-	5602	os
SH_10_0_499_20260912T211242.m	10	s	499	0	-	5603	os
SH_10_0_1007_20260912T211255.m	10	s	1007	0	-	5604	os
SH_10_0_1007_20260912T211308.m	10	s	1007	0	-	5605	os
SH_10_0_99_20260912T211319.m	10	s	99	0	-	5606	os
SH_10_4_490_20260912T211332.m	10	s	490	4	-	5607	os
SH_10_0_967_20260912T211344.m	10	s	967	0	-	5608	os
SH_10_2_577_20260912T211358.m	10	s	577	2	-	5609	os
SH_10_0_1007_20260912T211409.m	10	s	1007	0	-	5610	os
SH_10_0_349_20260912T211423.m	10	s	349	0	-	5611	os
SH_10_0_2071_20260912T211435.m	10	s	2071	0	-	5612	os
SH_10_0_349_20260912T211448.m	10	s	349	0	-	5613	os
SH_10_4_220_20260912T211501.m	10	s	220	4	-	5614	os
SH_10_0_2071_20260912T211516.m	10	s	2071	0	-	5615	os
SH_10_0_349_20260912T211531.m	10	s	349	0	-	5616	os
SH_10_0_2071_20260912T211543.m	10	s	2071	0	-	5617	os
SH_10_0_527_20260912T211556.m	10	s	527	0	-	5618	os
SH_10_0_2071_20260912T211609.m	10	s	2071	0	-	5619	os
SH_10_0_143_20260912T211621.m	10	s	143	0	-	5620	os
SH_10_0_2071_20260912T211634.m	10	s	2071	0	-	5621	os
SH_10_2_577_20260912T211648.m	10	s	577	2	-	5622	os
SH_10_2_577_20260912T211700.m	10	s	577	2	-	5623	os
SH_10_0_2071_20260912T211712.m	10	s	2071	0	-	5624	os
SH_10_2_577_20260912T211725.m	10	s	577	2	-	5625	os
SH_10_0_499_20260912T211738.m	10	s	499	0	-	5626	os
SH_10_0_2071_20260912T211750.m	10	s	2071	0	-	5627	os
SH_10_2_577_20260912T211803.m	10	s	577	2	-	5628	os
SH_10_0_2071_20260912T211816.m	10	s	2071	0	-	5629	os
SH_10_0_283_20260912T211828.m	10	s	283	0	-	5630	os
SH_10_0_2071_20260912T211839.m	10	s	2071	0	-	5631	os
SH_10_0_134_20260912T211852.m	10	s	134	0	-	5632	os
SH_10_0_533_20260912T211904.m	10	s	533	0	-	5633	os
SH_10_0_2071_20260912T211915.m	10	s	2071	0	-	5634	os
SH_10_0_271_20260912T211929.m	10	s	271	0	-	5635	os
SH_10_0_2071_20260912T211948.m	10	s	2071	0	-	5636	os
SH_10_0_143_20260912T212000.m	10	s	143	0	-	5637	os
SH_10_0_2071_20260912T212011.m	10	s	2071	0	-	5638	os
SH_10_0_349_20260912T212024.m	10	s	349	0	-	5639	os
SH_10_0_1007_20260912T212034.m	10	s	1007	0	-	5640	os
SH_10_0_967_20260912T212047.m	10	s	967	0	-	5641	os
SH_10_0_349_20260912T212059.m	10	s	349	0	-	5642	os
SH_10_0_134_20260912T212112.m	10	s	134	0	-	5643	os
SH_10_2_577_20260912T212123.m	10	s	577	2	-	5644	os
SH_10_0_2071_20260912T212136.m	10	s	2071	0	-	5645	os
SH_10_0_349_20260912T212150.m	10	s	349	0	-	5646	os
SH_10_0_6_20260912T212202.m	10	s	6	0	6	5647	os
SH_10_2_577_20260912T212216.m	10	s	577	2	-	5648	os
SH_10_0_2071_20260912T212226.m	10	s	2071	0	-	5649	os
SH_10_0_2071_20260912T212238.m	10	s	2071	0	-	5650	os
SH_10_2_577_20260912T212252.m	10	s	577	2	-	5651	os
SH_10_0_11_20260912T212302.m	10	s	11	0	-	5652	os
SH_10_0_2071_20260912T212315.m	10	s	2071	0	-	5653	os
SH_10_4_490_20260912T212326.m	10	s	490	4	-	5654	os
SH_10_0_2071_20260912T212338.m	10	s	2071	0	-	5655	os
SH_10_0_143_20260912T212350.m	10	s	143	0	-	5656	os
SH_10_0_283_20260912T212402.m	10	s	283	0	-	5657	os
SH_10_0_251_20260912T212415.m	10	s	251	0	-	5658	os
SH_10_0_2071_20260912T212428.m	10	s	2071	0	-	5659	os
SH_10_0_2071_20260912T212439.m	10	s	2071	0	-	5660	os
SH_10_0_2071_20260912T212452.m	10	s	2071	0	-	5661	os
SH_10_0_2071_20260912T212504.m	10	s	2071	0	-	5662	os
SH_10_4_490_20260912T212516.m	10	s	490	4	-	5663	os
SH_10_0_2071_20260912T212530.m	10	s	2071	0	-	5664	os
SH_10_0_143_20260912T212543.m	10	s	143	0	-	5665	os
SH_10_0_1007_20260912T212556.m	10	s	1007	0	-	5666	os
SH_10_0_2071_20260912T212608.m	10	s	2071	0	-	5667	os
SH_10_0_349_20260912T212622.m	10	s	349	0	-	5668	os
SH_10_0_1007_20260912T212633.m	10	s	1007	0	-	5669	os
SH_10_4_216_20260912T212645.m	10	s	216	4	-	5670	os
SH_10_0_1071_20260912T212658.m	10	s	1071	0	-	5671	os
SH_10_4_220_20260912T212711.m	10	s	220	4	-	5672	os
SH_10_0_2071_20260912T212722.m	10	s	2071	0	-	5673	os
SH_10_0_2071_20260912T212735.m	10	s	2071	0	-	5674	os
SH_10_0_134_20260912T212748.m	10	s	134	0	-	5675	os
SH_10_0_533_20260912T212758.m	10	s	533	0	-	5676	os
SH_10_0_527_20260912T212811.m	10	s	527	0	-	5677	os
SH_10_2_577_20260912T212824.m	10	s	577	2	-	5678	os
SH_10_2_577_20260912T212836.m	10	s	577	2	-	5679	os
SH_10_0_527_20260912T212850.m	10	s	527	0	-	5680	os
SH_10_0_99_20260912T212901.m	10	s	99	0	-	5681	os
SH_10_0_2071_20260912T212913.m	10	s	2071	0	-	5682	os
SH_10_0_2071_20260912T212927.m	10	s	2071	0	-	5683	os
SH_10_0_99_20260912T212941.m	10	s	99	0	-	5684	os
SH_10_0_134_20260912T212953.m	10	s	134	0	-	5685	os
SH_10_0_349_20260912T213005.m	10	s	349	0	-	5686	os
SH_10_0_2071_20260912T213017.m	10	s	2071	0	-	5687	os
SH_10_0_2071_20260912T213028.m	10	s	2071	0	-	5688	os
SH_10_0_349_20260912T213042.m	10	s	349	0	-	5689	os
SH_10_2_577_20260912T213054.m	10	s	577	2	-	5690	os
SH_10_0_349_20260912T213107.m	10	s	349	0	-	5691	os
SH_10_0_1007_20260912T213119.m	10	s	1007	0	-	5692	os
SH_10_0_1007_20260912T213131.m	10	s	1007	0	-	5693	os
SH_10_0_2071_20260912T213143.m	10	s	2071	0	-	5694	os
SH_10_0_1007_20260912T213155.m	10	s	1007	0	-	5695	os
SH_10_0_349_20260912T213209.m	10	s	349	0	-	5696	os
SH_10_2_577_20260912T213221.m	10	s	577	2	-	5697	os
SH_10_0_499_20260912T213234.m	10	s	499	0	-	5698	os
SH_10_0_134_20260912T213245.m	10	s	134	0	-	5699	os
SH_10_0_2071_20260912T213257.m	10	s	2071	0	-	5700	os
SH_10_0_1007_20260912T213313.m	10	s	1007	0	-	5701	os
SH_10_4_220_20260912T213324.m	10	s	220	4	-	5702	os
SH_10_0_349_20260912T213336.m	10	s	349	0	-	5703	os
SH_10_0_349_20260912T213348.m	10	s	349	0	-	5704	os
SH_10_0_2071_20260912T213359.m	10	s	2071	0	-	5705	os
SH_10_0_349_20260912T213411.m	10	s	349	0	-	5706	os
SH_10_0_1007_20260912T213423.m	10	s	1007	0	-	5707	os
SH_10_0_1007_20260912T213435.m	10	s	1007	0	-	5708	os
SH_10_0_2071_20260912T213448.m	10	s	2071	0	-	5709	os
SH_10_0_1007_20260912T213500.m	10	s	1007	0	-	5710	os
SH_10_0_499_20260912T213511.m	10	s	499	0	-	5711	os
SH_10_0_2071_20260912T213525.m	10	s	2071	0	-	5712	os
SH_10_2_577_20260912T213538.m	10	s	577	2	-	5713	os
SH_10_0_2071_20260912T213548.m	10	s	2071	0	-	5714	os
SH_10_0_2071_20260912T213602.m	10	s	2071	0	-	5715	os
SH_10_0_283_20260912T213612.m	10	s	283	0	-	5716	os
SH_10_2_577_20260912T213626.m	10	s	577	2	-	5717	os
SH_10_0_1007_20260912T213637.m	10	s	1007	0	-	5718	os
SH_10_0_349_20260912T213650.m	10	s	349	0	-	5719	os
SH_10_4_220_20260912T213706.m	10	s	220	4	-	5720	os
SH_10_2_577_20260912T213720.m	10	s	577	2	-	5721	os
SH_10_0_2071_20260912T213732.m	10	s	2071	0	-	5722	os
SH_10_0_2071_20260912T213742.m	10	s	2071	0	-	5723	os
SH_10_0_283_20260912T213756.m	10	s	283	0	-	5724	os
SH_10_0_2071_20260912T213808.m	10	s	2071	0	-	5725	os
SH_10_0_1007_20260912T213821.m	10	s	1007	0	-	5726	os
SH_10_4_220_20260912T213834.m	10	s	220	4	-	5727	os
SH_10_2_577_20260912T213846.m	10	s	577	2	-	5728	os
SH_10_0_1071_20260912T213859.m	10	s	1071	0	-	5729	os
SH_10_4_490_20260912T213911.m	10	s	490	4	-	5730	os
SH_10_2_577_20260912T213924.m	10	s	577	2	-	5731	os
SH_10_2_577_20260912T213936.m	10	s	577	2	-	5732	os
SH_10_0_349_20260912T213948.m	10	s	349	0	-	5733	os
SH_10_0_499_20260912T213959.m	10	s	499	0	-	5734	os
SH_10_0_1007_20260912T214011.m	10	s	1007	0	-	5735	os
SH_10_0_5_20260912T214022.m	10	s	5	0	5	5736	os
SH_10_0_1007_20260912T214034.m	10	s	1007	0	-	5737	os
SH_10_0_2071_20260912T214046.m	10	s	2071	0	-	5738	os
SH_10_0_2071_20260912T214059.m	10	s	2071	0	-	5739	os
SH_10_0_527_20260912T214112.m	10	s	527	0	-	5740	os
SH_10_0_349_20260912T214124.m	10	s	349	0	-	5741	os
SH_10_2_577_20260912T214135.m	10	s	577	2	-	5742	os
SH_10_2_577_20260912T214145.m	10	s	577	2	-	5743	os
SH_10_2_577_20260912T214158.m	10	s	577	2	-	5744	os
SH_10_0_2071_20260912T214210.m	10	s	2071	0	-	5745	os
SH_10_0_134_20260912T214229.m	10	s	134	0	-	5746	os
SH_10_0_2071_20260912T214242.m	10	s	2071	0	-	5747	os
SH_10_0_533_20260912T214256.m	10	s	533	0	-	5748	os
SH_10_0_2071_20260912T214309.m	10	s	2071	0	-	5749	os
SH_10_0_2071_20260912T214321.m	10	s	2071	0	-	5750	os
SH_10_0_2071_20260912T214333.m	10	s	2071	0	-	5751	os
SH_10_0_271_20260912T214346.m	10	s	271	0	-	5752	os
SH_10_0_2071_20260912T214401.m	10	s	2071	0	-	5753	os
SH_10_0_349_20260912T214414.m	10	s	349	0	-	5754	os
SH_10_0_1007_20260912T214426.m	10	s	1007	0	-	5755	os
SH_10_0_2071_20260912T214438.m	10	s	2071	0	-	5756	os
SH_10_0_2071_20260912T214450.m	10	s	2071	0	-	5757	os
SH_10_0_143_20260912T214502.m	10	s	143	0	-	5758	os
SH_10_0_2071_20260912T214514.m	10	s	2071	0	-	5759	os
SH_10_0_6_20260912T214527.m	10	s	6	0	6	5760	os
SH_10_0_1007_20260912T214542.m	10	s	1007	0	-	5761	os
SH_10_0_1007_20260912T214555.m	10	s	1007	0	-	5762	os
SH_10_2_577_20260912T214608.m	10	s	577	2	-	5763	os
SH_10_0_500_20260912T214621.m	10	s	500	0	-	5764	os
SH_10_0_2071_20260912T214632.m	10	s	2071	0	-	5765	os
SH_10_0_2071_20260912T214644.m	10	s	2071	0	-	5766	os
SH_10_2_577_20260912T214657.m	10	s	577	2	-	5767	os
SH_10_0_2071_20260912T214709.m	10	s	2071	0	-	5768	os
SH_10_0_500_20260912T214722.m	10	s	500	0	-	5769	os
SH_10_0_2071_20260912T214732.m	10	s	2071	0	-	5770	os
SH_10_0_349_20260912T214743.m	10	s	349	0	-	5771	os
SH_10_4_490_20260912T214755.m	10	s	490	4	-	5772	os
SH_10_0_1007_20260912T214807.m	10	s	1007	0	-	5773	os
SH_10_0_349_20260912T214821.m	10	s	349	0	-	5774	os
SH_10_2_577_20260912T214831.m	10	s	577	2	-	5775	os
SH_10_0_2071_20260912T214844.m	10	s	2071	0	-	5776	os
SH_10_0_349_20260912T214856.m	10	s	349	0	-	5777	os
SH_10_0_349_20260912T214907.m	10	s	349	0	-	5778	os
SH_10_0_2071_20260912T214919.m	10	s	2071	0	-	5779	os
SH_10_0_349_20260912T214932.m	10	s	349	0	-	5780	os
SH_10_0_2071_20260912T214944.m	10	s	2071	0	-	5781	os
SH_10_2_577_20260912T215000.m	10	s	577	2	-	5782	os
SH_10_0_143_20260912T215011.m	10	s	143	0	-	5783	os
SH_10_0_500_20260912T215022.m	10	s	500	0	-	5784	os
SH_10_0_349_20260912T215034.m	10	s	349	0	-	5785	os
SH_10_0_1007_20260912T215046.m	10	s	1007	0	-	5786	os
SH_10_0_2071_20260912T215059.m	10	s	2071	0	-	5787	os
SH_10_2_577_20260912T215111.m	10	s	577	2	-	5788	os
SH_10_0_349_20260912T215123.m	10	s	349	0	-	5789	os
SH_10_2_577_20260912T215137.m	10	s	577	2	-	5790	os
SH_10_0_2071_20260912T215151.m	10	s	2071	0	-	5791	os
SH_10_0_2071_20260912T215202.m	10	s	2071	0	-	5792	os
SH_10_0_2071_20260912T215214.m	10	s	2071	0	-	5793	os
SH_10_0_2071_20260912T215228.m	10	s	2071	0	-	5794	os
SH_10_0_527_20260912T215242.m	10	s	527	0	-	5795	os
SH_10_0_283_20260912T215254.m	10	s	283	0	-	5796	os
SH_10_0_2071_20260912T215307.m	10	s	2071	0	-	5797	os
SH_10_0_1007_20260912T215320.m	10	s	1007	0	-	5798	os
SH_10_0_99_20260912T215332.m	10	s	99	0	-	5799	os
SH_10_0_2071_20260912T215346.m	10	s	2071	0	-	5800	os
SH_10_0_1007_20260912T215357.m	10	s	1007	0	-	5801	os
SH_10_0_1007_20260912T215410.m	10	s	1007	0	-	5802	os
SH_10_0_499_20260912T215423.m	10	s	499	0	-	5803	os
SH_10_0_1007_20260912T215436.m	10	s	1007	0	-	5804	os
SH_10_0_2071_20260912T215449.m	10	s	2071	0	-	5805	os
SH_10_0_283_20260912T215502.m	10	s	283	0	-	5806	os
SH_10_0_99_20260912T215514.m	10	s	99	0	-	5807	os
SH_10_2_577_20260912T215528.m	10	s	577	2	-	5808	os
SH_10_0_283_20260912T215541.m	10	s	283	0	-	5809	os
SH_10_0_2071_20260912T215553.m	10	s	2071	0	-	5810	os
SH_10_0_283_20260912T215604.m	10	s	283	0	-	5811	os
SH_10_0_251_20260912T215617.m	10	s	251	0	-	5812	os
SH_10_0_1007_20260912T215629.m	10	s	1007	0	-	5813	os
SH_10_4_490_20260912T215642.m	10	s	490	4	-	5814	os
SH_10_0_1007_20260912T215653.m	10	s	1007	0	-	5815	os
SH_10_0_99_20260912T215706.m	10	s	99	0	-	5816	os
SH_10_0_533_20260912T215719.m	10	s	533	0	-	5817	os
SH_10_0_1007_20260912T215732.m	10	s	1007	0	-	5818	os
SH_10_0_99_20260912T215744.m	10	s	99	0	-	5819	os
SH_10_0_175_20260912T215756.m	10	s	175	0	-	5820	os
SH_10_0_349_20260912T215806.m	10	s	349	0	-	5821	os
SH_10_0_1007_20260912T215819.m	10	s	1007	0	-	5822	os
SH_10_2_577_20260912T215830.m	10	s	577	2	-	5823	os
SH_10_0_2071_20260912T215842.m	10	s	2071	0	-	5824	os
SH_10_0_134_20260912T215857.m	10	s	134	0	-	5825	os
SH_10_0_134_20260912T215909.m	10	s	134	0	-	5826	os
SH_10_0_1071_20260912T215920.m	10	s	1071	0	-	5827	os
SH_10_2_577_20260912T215932.m	10	s	577	2	-	5828	os
SH_10_0_2071_20260912T215945.m	10	s	2071	0	-	5829	os
SH_10_0_1007_20260912T215958.m	10	s	1007	0	-	5830	os
SH_10_0_2071_20260912T220011.m	10	s	2071	0	-	5831	os
SH_10_0_2071_20260912T220024.m	10	s	2071	0	-	5832	os
SH_10_0_2071_20260912T220038.m	10	s	2071	0	-	5833	os
SH_10_0_1007_20260912T220052.m	10	s	1007	0	-	5834	os
SH_10_0_349_20260912T220104.m	10	s	349	0	-	5835	os
SH_10_0_2071_20260912T220117.m	10	s	2071	0	-	5836	os
SH_10_0_967_20260912T220129.m	10	s	967	0	-	5837	os
SH_10_0_349_20260912T220141.m	10	s	349	0	-	5838	os
SH_10_0_5_20260912T220156.m	10	s	5	0	5	5839	os
SH_10_0_11_20260912T220211.m	10	s	11	0	-	5840	os
SH_10_0_9_20260912T220224.m	10	s	9	0	-	5841	os
SH_10_0_2071_20260912T220239.m	10	s	2071	0	-	5842	os
SH_10_0_2071_20260912T220252.m	10	s	2071	0	-	5843	os
SH_10_0_2071_20260912T220305.m	10	s	2071	0	-	5844	os
SH_10_0_349_20260912T220317.m	10	s	349	0	-	5845	os
SH_10_0_349_20260912T220329.m	10	s	349	0	-	5846	os
SH_10_0_99_20260912T220340.m	10	s	99	0	-	5847	os
SH_10_0_1007_20260912T220353.m	10	s	1007	0	-	5848	os
SH_10_0_2071_20260912T220405.m	10	s	2071	0	-	5849	os
SH_10_0_349_20260912T220417.m	10	s	349	0	-	5850	os
SH_10_0_1007_20260912T220429.m	10	s	1007	0	-	5851	os
SH_10_0_349_20260912T220440.m	10	s	349	0	-	5852	os
SH_10_0_2071_20260912T220453.m	10	s	2071	0	-	5853	os
SH_10_0_283_20260912T220507.m	10	s	283	0	-	5854	os
SH_10_0_1007_20260912T220517.m	10	s	1007	0	-	5855	os
SH_10_0_1007_20260912T220530.m	10	s	1007	0	-	5856	os
SH_10_2_577_20260912T220542.m	10	s	577	2	-	5857	os
SH_10_0_1007_20260912T220553.m	10	s	1007	0	-	5858	os
SH_10_0_20_20260912T220607.m	10	s	20	0	-	5859	os
SH_10_2_577_20260912T220620.m	10	s	577	2	-	5860	os
SH_10_0_1007_20260912T220633.m	10	s	1007	0	-	5861	os
SH_10_0_2071_20260912T220645.m	10	s	2071	0	-	5862	os
SH_10_2_577_20260912T220658.m	10	s	577	2	-	5863	os
SH_10_4_490_20260912T220710.m	10	s	490	4	-	5864	os
SH_10_0_500_20260912T220723.m	10	s	500	0	-	5865	os
SH_10_0_2071_20260912T220735.m	10	s	2071	0	-	5866	os
SH_10_0_143_20260912T220747.m	10	s	143	0	-	5867	os
SH_10_0_283_20260912T220758.m	10	s	283	0	-	5868	os
SH_10_0_5_20260912T220811.m	10	s	5	0	5	5869	os
SH_10_0_1007_20260912T220823.m	10	s	1007	0	-	5870	os
SH_10_2_577_20260912T220835.m	10	s	577	2	-	5871	os
SH_10_0_134_20260912T220847.m	10	s	134	0	-	5872	os
SH_10_2_577_20260912T220859.m	10	s	577	2	-	5873	os
SH_10_0_1007_20260912T220912.m	10	s	1007	0	-	5874	os
SH_10_0_1071_20260912T220924.m	10	s	1071	0	-	5875	os
SH_10_0_9_20260912T220935.m	10	s	9	0	-	5876	os
SH_10_0_1007_20260912T220948.m	10	s	1007	0	-	5877	os
SH_10_2_577_20260912T221000.m	10	s	577	2	-	5878	os
SH_10_0_533_20260912T221014.m	10	s	533	0	-	5879	os
SH_10_0_2071_20260912T221027.m	10	s	2071	0	-	5880	os
SH_10_0_2071_20260912T221041.m	10	s	2071	0	-	5881	os
SH_10_0_349_20260912T221055.m	10	s	349	0	-	5882	os
SH_10_0_1007_20260912T221109.m	10	s	1007	0	-	5883	os
SH_10_0_583_20260912T221120.m	10	s	583	0	-	5884	os
SH_10_0_134_20260912T221133.m	10	s	134	0	-	5885	os
SH_10_0_1007_20260912T221146.m	10	s	1007	0	-	5886	os
SH_10_0_2071_20260912T221159.m	10	s	2071	0	-	5887	os
SH_10_0_271_20260912T221211.m	10	s	271	0	-	5888	os
SH_10_0_527_20260912T221224.m	10	s	527	0	-	5889	os
SH_10_0_967_20260912T221237.m	10	s	967	0	-	5890	os
SH_10_0_2071_20260912T221250.m	10	s	2071	0	-	5891	os
SH_10_4_490_20260912T221304.m	10	s	490	4	-	5892	os
SH_10_4_490_20260912T221316.m	10	s	490	4	-	5893	os
SH_10_0_283_20260912T221327.m	10	s	283	0	-	5894	os
SH_10_0_1071_20260912T221341.m	10	s	1071	0	-	5895	os
SH_10_4_490_20260912T221354.m	10	s	490	4	-	5896	os
SH_10_0_1007_20260912T221406.m	10	s	1007	0	-	5897	os
SH_10_0_349_20260912T221418.m	10	s	349	0	-	5898	os
SH_10_0_11_20260912T221432.m	10	s	11	0	-	5899	os
SH_10_0_349_20260912T221446.m	10	s	349	0	-	5900	os
SH_10_0_1007_20260912T221458.m	10	s	1007	0	-	5901	os
SH_10_4_220_20260912T221510.m	10	s	220	4	-	5902	os
SH_10_0_1007_20260912T221521.m	10	s	1007	0	-	5903	os
SH_10_0_2071_20260912T221533.m	10	s	2071	0	-	5904	os
SH_10_0_134_20260912T221546.m	10	s	134	0	-	5905	os
SH_10_0_283_20260912T221557.m	10	s	283	0	-	5906	os
SH_10_0_2071_20260912T221609.m	10	s	2071	0	-	5907	os
SH_10_0_283_20260912T221622.m	10	s	283	0	-	5908	os
SH_10_4_220_20260912T221634.m	10	s	220	4	-	5909	os
SH_10_2_577_20260912T221645.m	10	s	577	2	-	5910	os
SH_10_0_349_20260912T221657.m	10	s	349	0	-	5911	os
SH_10_2_577_20260912T221711.m	10	s	577	2	-	5912	os
SH_10_2_577_20260912T221725.m	10	s	577	2	-	5913	os
SH_10_0_2071_20260912T221738.m	10	s	2071	0	-	5914	os
SH_10_2_577_20260912T221750.m	10	s	577	2	-	5915	os
SH_10_0_2071_20260912T221802.m	10	s	2071	0	-	5916	os
SH_10_0_967_20260912T221814.m	10	s	967	0	-	5917	os
SH_10_0_1007_20260912T221827.m	10	s	1007	0	-	5918	os
SH_10_0_1007_20260912T221839.m	10	s	1007	0	-	5919	os
SH_10_0_134_20260912T221852.m	10	s	134	0	-	5920	os
SH_10_0_11_20260912T221903.m	10	s	11	0	-	5921	os
SH_10_0_349_20260912T221918.m	10	s	349	0	-	5922	os
SH_10_0_1007_20260912T221930.m	10	s	1007	0	-	5923	os
SH_10_2_577_20260912T221942.m	10	s	577	2	-	5924	os
SH_10_0_2071_20260912T221955.m	10	s	2071	0	-	5925	os
SH_10_0_349_20260912T222010.m	10	s	349	0	-	5926	os
SH_10_0_967_20260912T222022.m	10	s	967	0	-	5927	os
SH_10_0_1007_20260912T222032.m	10	s	1007	0	-	5928	os
SH_10_0_349_20260912T222044.m	10	s	349	0	-	5929	os
SH_10_0_2071_20260912T222058.m	10	s	2071	0	-	5930	os
SH_10_0_2071_20260912T222111.m	10	s	2071	0	-	5931	os
SH_10_0_134_20260912T222123.m	10	s	134	0	-	5932	os
SH_10_0_349_20260912T222135.m	10	s	349	0	-	5933	os
SH_10_0_283_20260912T222148.m	10	s	283	0	-	5934	os
SH_10_0_2071_20260912T222201.m	10	s	2071	0	-	5935	os
SH_10_0_1007_20260912T222211.m	10	s	1007	0	-	5936	os
SH_10_0_500_20260912T222224.m	10	s	500	0	-	5937	os
SH_10_0_283_20260912T222237.m	10	s	283	0	-	5938	os
SH_10_0_143_20260912T222252.m	10	s	143	0	-	5939	os
SH_10_0_2071_20260912T222305.m	10	s	2071	0	-	5940	os
SH_10_0_2071_20260912T222319.m	10	s	2071	0	-	5941	os
SH_10_4_220_20260912T222331.m	10	s	220	4	-	5942	os
SH_10_0_2071_20260912T222346.m	10	s	2071	0	-	5943	os
SH_10_0_283_20260912T222358.m	10	s	283	0	-	5944	os
SH_10_0_134_20260912T222411.m	10	s	134	0	-	5945	os
SH_10_2_577_20260912T222421.m	10	s	577	2	-	5946	os
SH_10_0_143_20260912T222433.m	10	s	143	0	-	5947	os
SH_10_0_533_20260912T222446.m	10	s	533	0	-	5948	os
SH_10_2_577_20260912T222456.m	10	s	577	2	-	5949	os
SH_10_0_283_20260912T222510.m	10	s	283	0	-	5950	os
SH_10_4_490_20260912T222522.m	10	s	490	4	-	5951	os
SH_10_0_349_20260912T222533.m	10	s	349	0	-	5952	os
SH_10_2_577_20260912T222543.m	10	s	577	2	-	5953	os
SH_10_0_1007_20260912T222557.m	10	s	1007	0	-	5954	os
SH_10_0_2071_20260912T222610.m	10	s	2071	0	-	5955	os
SH_10_0_500_20260912T222625.m	10	s	500	0	-	5956	os
SH_10_0_349_20260912T222638.m	10	s	349	0	-	5957	os
SH_10_0_349_20260912T222649.m	10	s	349	0	-	5958	os
SH_10_2_577_20260912T222703.m	10	s	577	2	-	5959	os
SH_10_0_6_20260912T222716.m	10	s	6	0	6	5960	os
SH_10_2_289_20260912T222728.m	10	s	289	2	-	5961	os
SH_10_0_1007_20260912T222741.m	10	s	1007	0	-	5962	os
SH_10_0_2071_20260912T222753.m	10	s	2071	0	-	5963	os
SH_10_4_220_20260912T222806.m	10	s	220	4	-	5964	os
SH_10_0_175_20260912T222816.m	10	s	175	0	-	5965	os
SH_10_0_2071_20260912T222828.m	10	s	2071	0	-	5966	os
SH_10_2_577_20260912T222841.m	10	s	577	2	-	5967	os
SH_10_2_577_20260912T222854.m	10	s	577	2	-	5968	os
SH_10_4_490_20260912T222907.m	10	s	490	4	-	5969	os
SH_10_0_1007_20260912T222921.m	10	s	1007	0	-	5970	os
SH_10_2_577_20260912T222933.m	10	s	577	2	-	5971	os
SH_10_2_577_20260912T222946.m	10	s	577	2	-	5972	os
SH_10_0_2071_20260912T222959.m	10	s	2071	0	-	5973	os
SH_10_0_349_20260912T223010.m	10	s	349	0	-	5974	os
SH_10_0_2071_20260912T223021.m	10	s	2071	0	-	5975	os
SH_10_0_349_20260912T223034.m	10	s	349	0	-	5976	os
SH_10_0_2071_20260912T223047.m	10	s	2071	0	-	5977	os
SH_10_0_2071_20260912T223100.m	10	s	2071	0	-	5978	os
SH_10_0_1007_20260912T223112.m	10	s	1007	0	-	5979	os
SH_10_0_2071_20260912T223124.m	10	s	2071	0	-	5980	os
SH_10_0_99_20260912T223135.m	10	s	99	0	-	5981	os
SH_10_2_577_20260912T223147.m	10	s	577	2	-	5982	os
SH_10_0_283_20260912T223201.m	10	s	283	0	-	5983	os
SH_10_0_99_20260912T223213.m	10	s	99	0	-	5984	os
SH_10_0_2071_20260912T223226.m	10	s	2071	0	-	5985	os
SH_10_0_2071_20260912T223236.m	10	s	2071	0	-	5986	os
SH_10_0_2071_20260912T223249.m	10	s	2071	0	-	5987	os
SH_10_0_175_20260912T223302.m	10	s	175	0	-	5988	os
SH_10_2_577_20260912T223313.m	10	s	577	2	-	5989	os
SH_10_2_577_20260912T223325.m	10	s	577	2	-	5990	os
SH_10_0_1007_20260912T223336.m	10	s	1007	0	-	5991	os
SH_10_0_1007_20260912T223349.m	10	s	1007	0	-	5992	os
SH_10_0_349_20260912T223401.m	10	s	349	0	-	5993	os
SH_10_4_490_20260912T223412.m	10	s	490	4	-	5994	os
SH_10_0_9_20260912T223422.m	10	s	9	0	-	5995	os
SH_10_0_1007_20260912T223434.m	10	s	1007	0	-	5996	os
SH_10_0_2071_20260912T223447.m	10	s	2071	0	-	5997	os
SH_10_0_134_20260912T223458.m	10	s	134	0	-	5998	os
SH_10_0_2071_20260912T223510.m	10	s	2071	0	-	5999	os
SH_10_0_283_20260912T223522.m	10	s	283	0	-	6000	os
SH_10_0_1007_20260912T223535.m	10	s	1007	0	-	6001	os
SH_10_0_1071_20260912T223547.m	10	s	1071	0	-	6002	os
SH_10_0_2071_20260912T223559.m	10	s	2071	0	-	6003	os
SH_10_0_143_20260912T223611.m	10	s	143	0	-	6004	os
SH_10_0_349_20260912T223623.m	10	s	349	0	-	6005	os
SH_10_0_349_20260912T223636.m	10	s	349	0	-	6006	os
SH_10_0_2071_20260912T223650.m	10	s	2071	0	-	6007	os
SH_10_4_220_20260912T223702.m	10	s	220	4	-	6008	os
SH_10_0_1007_20260912T223714.m	10	s	1007	0	-	6009	os
SH_10_0_349_20260912T223728.m	10	s	349	0	-	6010	os
SH_10_2_577_20260912T223739.m	10	s	577	2	-	6011	os
SH_10_0_1007_20260912T223750.m	10	s	1007	0	-	6012	os
SH_10_0_1007_20260912T223801.m	10	s	1007	0	-	6013	os
SH_10_0_2071_20260912T223814.m	10	s	2071	0	-	6014	os
SH_10_0_1007_20260912T223827.m	10	s	1007	0	-	6015	os
SH_10_0_271_20260912T223838.m	10	s	271	0	-	6016	os
SH_10_0_2071_20260912T223853.m	10	s	2071	0	-	6017	os
SH_10_2_577_20260912T223905.m	10	s	577	2	-	6018	os
SH_10_0_1007_20260912T223917.m	10	s	1007	0	-	6019	os
SH_10_0_175_20260912T223929.m	10	s	175	0	-	6020	os
SH_10_0_349_20260912T223941.m	10	s	349	0	-	6021	os
SH_10_0_283_20260912T223954.m	10	s	283	0	-	6022	os
SH_10_0_349_20260912T224006.m	10	s	349	0	-	6023	os
SH_10_0_2071_20260912T224019.m	10	s	2071	0	-	6024	os
SH_10_0_1007_20260912T224032.m	10	s	1007	0	-	6025	os
SH_10_0_9_20260912T224044.m	10	s	9	0	-	6026	os
SH_10_0_349_20260912T224056.m	10	s	349	0	-	6027	os
SH_10_0_349_20260912T224109.m	10	s	349	0	-	6028	os
SH_10_0_2071_20260912T224123.m	10	s	2071	0	-	6029	os
SH_10_0_2071_20260912T224134.m	10	s	2071	0	-	6030	os
SH_10_2_577_20260912T224148.m	10	s	577	2	-	6031	os
SH_10_0_2071_20260912T224200.m	10	s	2071	0	-	6032	os
SH_10_0_349_20260912T224213.m	10	s	349	0	-	6033	os
SH_10_0_349_20260912T224224.m	10	s	349	0	-	6034	os
SH_10_0_499_20260912T224234.m	10	s	499	0	-	6035	os
SH_10_0_2071_20260912T224247.m	10	s	2071	0	-	6036	os
SH_10_0_134_20260912T224259.m	10	s	134	0	-	6037	os
SH_10_0_2071_20260912T224312.m	10	s	2071	0	-	6038	os
SH_10_0_349_20260912T224327.m	10	s	349	0	-	6039	os
SH_10_0_967_20260912T224337.m	10	s	967	0	-	6040	os
SH_10_0_2071_20260912T224349.m	10	s	2071	0	-	6041	os
SH_10_0_1007_20260912T224400.m	10	s	1007	0	-	6042	os
SH_10_0_349_20260912T224411.m	10	s	349	0	-	6043	os
SH_10_0_2071_20260912T224423.m	10	s	2071	0	-	6044	os
SH_10_0_99_20260912T224435.m	10	s	99	0	-	6045	os
SH_10_2_577_20260912T224446.m	10	s	577	2	-	6046	os
SH_10_0_349_20260912T224458.m	10	s	349	0	-	6047	os
SH_10_0_2071_20260912T224510.m	10	s	2071	0	-	6048	os
SH_10_0_349_20260912T224523.m	10	s	349	0	-	6049	os
SH_10_2_577_20260912T224535.m	10	s	577	2	-	6050	os
SH_10_0_2071_20260912T224547.m	10	s	2071	0	-	6051	os
SH_10_0_2071_20260912T224603.m	10	s	2071	0	-	6052	os
SH_10_0_283_20260912T224616.m	10	s	283	0	-	6053	os
SH_10_0_2071_20260912T224630.m	10	s	2071	0	-	6054	os
SH_10_0_2071_20260912T224642.m	10	s	2071	0	-	6055	os
SH_10_0_2071_20260912T224655.m	10	s	2071	0	-	6056	os
SH_10_0_99_20260912T224707.m	10	s	99	0	-	6057	os
SH_10_0_349_20260912T224717.m	10	s	349	0	-	6058	os
SH_10_0_2071_20260912T224728.m	10	s	2071	0	-	6059	os
SH_10_0_1007_20260912T224740.m	10	s	1007	0	-	6060	os
SH_10_2_577_20260912T224753.m	10	s	577	2	-	6061	os
SH_10_0_349_20260912T224806.m	10	s	349	0	-	6062	os
SH_10_0_349_20260912T224817.m	10	s	349	0	-	6063	os
SH_10_2_577_20260912T224830.m	10	s	577	2	-	6064	os
SH_10_4_490_20260912T224843.m	10	s	490	4	-	6065	os
SH_10_0_2071_20260912T224855.m	10	s	2071	0	-	6066	os
SH_10_0_1007_20260912T224909.m	10	s	1007	0	-	6067	os
SH_10_0_2071_20260912T224920.m	10	s	2071	0	-	6068	os
SH_10_0_1071_20260912T224933.m	10	s	1071	0	-	6069	os
SH_10_0_251_20260912T224944.m	10	s	251	0	-	6070	os
SH_10_0_2071_20260912T224957.m	10	s	2071	0	-	6071	os
SH_10_2_577_20260912T225009.m	10	s	577	2	-	6072	os
SH_10_2_577_20260912T225022.m	10	s	577	2	-	6073	os
SH_10_0_1007_20260912T225033.m	10	s	1007	0	-	6074	os
SH_10_4_490_20260912T225044.m	10	s	490	4	-	6075	os
SH_10_2_577_20260912T225056.m	10	s	577	2	-	6076	os
SH_10_0_349_20260912T225109.m	10	s	349	0	-	6077	os
SH_10_0_134_20260912T225120.m	10	s	134	0	-	6078	os
SH_10_0_2071_20260912T225133.m	10	s	2071	0	-	6079	os
SH_10_0_99_20260912T225143.m	10	s	99	0	-	6080	os
SH_10_0_2071_20260912T225156.m	10	s	2071	0	-	6081	os
SH_10_2_577_20260912T225208.m	10	s	577	2	-	6082	os
SH_10_0_283_20260912T225221.m	10	s	283	0	-	6083	os
SH_10_0_2071_20260912T225234.m	10	s	2071	0	-	6084	os
SH_10_0_500_20260912T225246.m	10	s	500	0	-	6085	os
SH_10_0_2071_20260912T225301.m	10	s	2071	0	-	6086	os
SH_10_2_577_20260912T225315.m	10	s	577	2	-	6087	os
SH_10_0_1007_20260912T225327.m	10	s	1007	0	-	6088	os
SH_10_2_577_20260912T225338.m	10	s	577	2	-	6089	os
SH_10_0_500_20260912T225351.m	10	s	500	0	-	6090	os
SH_10_0_1071_20260912T225402.m	10	s	1071	0	-	6091	os
SH_10_0_1007_20260912T225414.m	10	s	1007	0	-	6092	os
SH_10_0_2071_20260912T225426.m	10	s	2071	0	-	6093	os
SH_10_0_2071_20260912T225438.m	10	s	2071	0	-	6094	os
SH_10_0_1071_20260912T225451.m	10	s	1071	0	-	6095	os
SH_10_0_2071_20260912T225503.m	10	s	2071	0	-	6096	os
SH_10_0_349_20260912T225517.m	10	s	349	0	-	6097	os
SH_10_0_2071_20260912T225529.m	10	s	2071	0	-	6098	os
SH_10_0_2071_20260912T225543.m	10	s	2071	0	-	6099	os
SH_10_0_1007_20260912T225554.m	10	s	1007	0	-	6100	os
SH_10_0_500_20260912T225605.m	10	s	500	0	-	6101	os
SH_10_2_577_20260912T225617.m	10	s	577	2	-	6102	os
SH_10_0_500_20260912T225628.m	10	s	500	0	-	6103	os
SH_10_0_1007_20260912T225639.m	10	s	1007	0	-	6104	os
SH_10_0_2071_20260912T225651.m	10	s	2071	0	-	6105	os
SH_10_0_499_20260912T225703.m	10	s	499	0	-	6106	os
SH_10_0_1007_20260912T225717.m	10	s	1007	0	-	6107	os
SH_10_0_533_20260912T225728.m	10	s	533	0	-	6108	os
SH_10_4_490_20260912T225740.m	10	s	490	4	-	6109	os
SH_10_2_577_20260912T225751.m	10	s	577	2	-	6110	os
SH_10_2_577_20260912T225804.m	10	s	577	2	-	6111	os
SH_10_0_283_20260912T225815.m	10	s	283	0	-	6112	os
SH_10_0_1007_20260912T225827.m	10	s	1007	0	-	6113	os
SH_10_0_1007_20260912T225837.m	10	s	1007	0	-	6114	os
SH_10_2_577_20260912T225850.m	10	s	577	2	-	6115	os
SH_10_0_2071_20260912T225900.m	10	s	2071	0	-	6116	os
SH_10_4_108_20260912T225912.m	10	s	108	4	-	6117	os
SH_10_0_1007_20260912T225925.m	10	s	1007	0	-	6118	os
SH_10_0_134_20260912T225937.m	10	s	134	0	-	6119	os
SH_10_0_283_20260912T225949.m	10	s	283	0	-	6120	os
SH_10_0_2071_20260912T230001.m	10	s	2071	0	-	6121	os
SH_10_0_2071_20260912T230012.m	10	s	2071	0	-	6122	os
SH_10_0_2071_20260912T230030.m	10	s	2071	0	-	6123	os
SH_10_0_349_20260912T230042.m	10	s	349	0	-	6124	os
SH_10_0_2071_20260912T230055.m	10	s	2071	0	-	6125	os
SH_10_2_577_20260912T230107.m	10	s	577	2	-	6126	os
SH_10_0_1007_20260912T230121.m	10	s	1007	0	-	6127	os
SH_10_0_2071_20260912T230133.m	10	s	2071	0	-	6128	os
SH_10_0_1007_20260912T230147.m	10	s	1007	0	-	6129	os
SH_10_4_490_20260912T230200.m	10	s	490	4	-	6130	os
SH_10_0_1071_20260912T230214.m	10	s	1071	0	-	6131	os
SH_10_0_2071_20260912T230226.m	10	s	2071	0	-	6132	os
SH_10_0_143_20260912T230239.m	10	s	143	0	-	6133	os
SH_10_0_1071_20260912T230253.m	10	s	1071	0	-	6134	os
SH_10_0_251_20260912T230305.m	10	s	251	0	-	6135	os
SH_10_0_1007_20260912T230316.m	10	s	1007	0	-	6136	os
SH_10_2_289_20260912T230328.m	10	s	289	2	-	6137	os
SH_10_0_1007_20260912T230341.m	10	s	1007	0	-	6138	os
SH_10_0_1071_20260912T230354.m	10	s	1071	0	-	6139	os
SH_10_0_134_20260912T230406.m	10	s	134	0	-	6140	os
SH_10_4_220_20260912T230419.m	10	s	220	4	-	6141	os
SH_10_0_533_20260912T230433.m	10	s	533	0	-	6142	os
SH_10_0_967_20260912T230446.m	10	s	967	0	-	6143	os
SH_10_0_1007_20260912T230458.m	10	s	1007	0	-	6144	os
SH_10_2_577_20260912T230510.m	10	s	577	2	-	6145	os
SH_10_4_490_20260912T230521.m	10	s	490	4	-	6146	os
SH_10_0_499_20260912T230531.m	10	s	499	0	-	6147	os
SH_10_0_1007_20260912T230542.m	10	s	1007	0	-	6148	os
SH_10_0_2071_20260912T230554.m	10	s	2071	0	-	6149	os
SH_10_0_2071_20260912T230607.m	10	s	2071	0	-	6150	os
SH_10_0_349_20260912T230621.m	10	s	349	0	-	6151	os
SH_10_0_251_20260912T230632.m	10	s	251	0	-	6152	os
SH_10_0_2071_20260912T230645.m	10	s	2071	0	-	6153	os
SH_10_2_577_20260912T230656.m	10	s	577	2	-	6154	os
SH_10_4_490_20260912T230707.m	10	s	490	4	-	6155	os
SH_10_2_577_20260912T230718.m	10	s	577	2	-	6156	os
SH_10_0_11_20260912T230731.m	10	s	11	0	-	6157	os
SH_10_4_490_20260912T230743.m	10	s	490	4	-	6158	os
SH_10_0_1007_20260912T230756.m	10	s	1007	0	-	6159	os
SH_10_0_2071_20260912T230809.m	10	s	2071	0	-	6160	os
SH_10_0_349_20260912T230821.m	10	s	349	0	-	6161	os
SH_10_0_175_20260912T230833.m	10	s	175	0	-	6162	os
SH_10_0_2071_20260912T230844.m	10	s	2071	0	-	6163	os
SH_10_0_134_20260912T230858.m	10	s	134	0	-	6164	os
SH_10_0_2071_20260912T230911.m	10	s	2071	0	-	6165	os
SH_10_0_134_20260912T230924.m	10	s	134	0	-	6166	os
SH_10_0_271_20260912T230935.m	10	s	271	0	-	6167	os
SH_10_0_1007_20260912T230948.m	10	s	1007	0	-	6168	os
SH_10_0_1007_20260912T230959.m	10	s	1007	0	-	6169	os
SH_10_4_490_20260912T231011.m	10	s	490	4	-	6170	os
SH_10_0_2071_20260912T231021.m	10	s	2071	0	-	6171	os
SH_10_0_2071_20260912T231035.m	10	s	2071	0	-	6172	os
SH_10_4_490_20260912T231047.m	10	s	490	4	-	6173	os
SH_10_0_2071_20260912T231058.m	10	s	2071	0	-	6174	os
SH_10_0_500_20260912T231110.m	10	s	500	0	-	6175	os
SH_10_0_143_20260912T231122.m	10	s	143	0	-	6176	os
SH_10_0_2071_20260912T231134.m	10	s	2071	0	-	6177	os
SH_10_0_500_20260912T231146.m	10	s	500	0	-	6178	os
SH_10_4_220_20260912T231159.m	10	s	220	4	-	6179	os
SH_10_0_143_20260912T231212.m	10	s	143	0	-	6180	os
SH_10_0_349_20260912T231223.m	10	s	349	0	-	6181	os
SH_10_0_2071_20260912T231235.m	10	s	2071	0	-	6182	os
SH_10_0_1007_20260912T231246.m	10	s	1007	0	-	6183	os
SH_10_0_99_20260912T231257.m	10	s	99	0	-	6184	os
SH_10_0_349_20260912T231310.m	10	s	349	0	-	6185	os
SH_10_0_967_20260912T231323.m	10	s	967	0	-	6186	os
SH_10_0_2071_20260912T231335.m	10	s	2071	0	-	6187	os
SH_10_0_1007_20260912T231346.m	10	s	1007	0	-	6188	os
SH_10_0_500_20260912T231357.m	10	s	500	0	-	6189	os
SH_10_2_577_20260912T231409.m	10	s	577	2	-	6190	os
SH_10_2_577_20260912T231422.m	10	s	577	2	-	6191	os
SH_10_2_577_20260912T231433.m	10	s	577	2	-	6192	os
SH_10_0_2071_20260912T231446.m	10	s	2071	0	-	6193	os
SH_10_0_1007_20260912T231459.m	10	s	1007	0	-	6194	os
SH_10_0_1007_20260912T231512.m	10	s	1007	0	-	6195	os
SH_10_2_577_20260912T231524.m	10	s	577	2	-	6196	os
SH_10_0_1071_20260912T231538.m	10	s	1071	0	-	6197	os
SH_10_2_577_20260912T231550.m	10	s	577	2	-	6198	os
SH_10_0_2071_20260912T231601.m	10	s	2071	0	-	6199	os
SH_10_0_2071_20260912T231615.m	10	s	2071	0	-	6200	os
SH_10_0_251_20260912T231628.m	10	s	251	0	-	6201	os
SH_10_0_349_20260912T231642.m	10	s	349	0	-	6202	os
SH_10_0_1007_20260912T231654.m	10	s	1007	0	-	6203	os
SH_10_0_1007_20260912T231705.m	10	s	1007	0	-	6204	os
SH_10_0_2071_20260912T231716.m	10	s	2071	0	-	6205	os
SH_10_0_1007_20260912T231729.m	10	s	1007	0	-	6206	os
SH_10_0_499_20260912T231741.m	10	s	499	0	-	6207	os
SH_10_0_1007_20260912T231754.m	10	s	1007	0	-	6208	os
SH_10_4_220_20260912T231806.m	10	s	220	4	-	6209	os
SH_10_0_134_20260912T231818.m	10	s	134	0	-	6210	os
SH_10_0_1007_20260912T231829.m	10	s	1007	0	-	6211	os
SH_10_0_349_20260912T231842.m	10	s	349	0	-	6212	os
SH_10_0_1007_20260912T231854.m	10	s	1007	0	-	6213	os
SH_10_0_2071_20260912T231906.m	10	s	2071	0	-	6214	os
SH_10_2_577_20260912T231918.m	10	s	577	2	-	6215	os
SH_10_0_2071_20260912T231929.m	10	s	2071	0	-	6216	os
SH_10_2_577_20260912T231941.m	10	s	577	2	-	6217	os
SH_10_0_134_20260912T231951.m	10	s	134	0	-	6218	os
SH_10_0_2071_20260912T232003.m	10	s	2071	0	-	6219	os
SH_10_0_349_20260912T232017.m	10	s	349	0	-	6220	os
SH_10_0_2071_20260912T232029.m	10	s	2071	0	-	6221	os
SH_10_4_490_20260912T232041.m	10	s	490	4	-	6222	os
SH_10_0_499_20260912T232055.m	10	s	499	0	-	6223	os
SH_10_4_490_20260912T232108.m	10	s	490	4	-	6224	os
SH_10_0_1007_20260912T232120.m	10	s	1007	0	-	6225	os
SH_10_0_1071_20260912T232134.m	10	s	1071	0	-	6226	os
SH_10_0_349_20260912T232146.m	10	s	349	0	-	6227	os
SH_10_2_577_20260912T232158.m	10	s	577	2	-	6228	os
SH_10_2_577_20260912T232211.m	10	s	577	2	-	6229	os
SH_10_0_349_20260912T232225.m	10	s	349	0	-	6230	os
SH_10_0_1007_20260912T232237.m	10	s	1007	0	-	6231	os
SH_10_4_218_20260912T232250.m	10	s	218	4	-	6232	os
SH_10_0_283_20260912T232303.m	10	s	283	0	-	6233	os
SH_10_0_2071_20260912T232315.m	10	s	2071	0	-	6234	os
SH_10_0_2071_20260912T232326.m	10	s	2071	0	-	6235	os
SH_10_0_349_20260912T232337.m	10	s	349	0	-	6236	os
SH_10_0_9_20260912T232347.m	10	s	9	0	-	6237	os
SH_10_0_349_20260912T232359.m	10	s	349	0	-	6238	os
SH_10_2_577_20260912T232412.m	10	s	577	2	-	6239	os
SH_10_0_2071_20260912T232423.m	10	s	2071	0	-	6240	os
SH_10_2_577_20260912T232436.m	10	s	577	2	-	6241	os
SH_10_0_2071_20260912T232449.m	10	s	2071	0	-	6242	os
SH_10_2_289_20260912T232500.m	10	s	289	2	-	6243	os
SH_10_2_577_20260912T232514.m	10	s	577	2	-	6244	os
SH_10_0_527_20260912T232526.m	10	s	527	0	-	6245	os
SH_10_0_2071_20260912T232541.m	10	s	2071	0	-	6246	os
SH_10_0_2071_20260912T232554.m	10	s	2071	0	-	6247	os
SH_10_0_2071_20260912T232606.m	10	s	2071	0	-	6248	os
SH_10_0_2071_20260912T232618.m	10	s	2071	0	-	6249	os
SH_10_0_2071_20260912T232630.m	10	s	2071	0	-	6250	os
SH_10_0_2071_20260912T232643.m	10	s	2071	0	-	6251	os
SH_10_0_1007_20260912T232656.m	10	s	1007	0	-	6252	os
SH_10_0_1007_20260912T232709.m	10	s	1007	0	-	6253	os
SH_10_0_99_20260912T232721.m	10	s	99	0	-	6254	os
SH_10_4_490_20260912T232733.m	10	s	490	4	-	6255	os
SH_10_0_2071_20260912T232745.m	10	s	2071	0	-	6256	os
SH_10_0_2071_20260912T232757.m	10	s	2071	0	-	6257	os
SH_10_0_2071_20260912T232811.m	10	s	2071	0	-	6258	os
SH_10_0_283_20260912T232823.m	10	s	283	0	-	6259	os
SH_10_0_2071_20260912T232834.m	10	s	2071	0	-	6260	os
SH_10_0_2071_20260912T232845.m	10	s	2071	0	-	6261	os
SH_10_0_2071_20260912T232858.m	10	s	2071	0	-	6262	os
SH_10_0_499_20260912T232912.m	10	s	499	0	-	6263	os
SH_10_0_283_20260912T232924.m	10	s	283	0	-	6264	os
SH_10_0_134_20260912T232937.m	10	s	134	0	-	6265	os
SH_10_2_577_20260912T232948.m	10	s	577	2	-	6266	os
SH_10_0_1007_20260912T233000.m	10	s	1007	0	-	6267	os
SH_10_0_2071_20260912T233013.m	10	s	2071	0	-	6268	os
SH_10_0_1007_20260912T233025.m	10	s	1007	0	-	6269	os
SH_10_0_1071_20260912T233039.m	10	s	1071	0	-	6270	os
SH_10_0_349_20260912T233052.m	10	s	349	0	-	6271	os
SH_10_0_2071_20260912T233105.m	10	s	2071	0	-	6272	os
SH_10_0_99_20260912T233118.m	10	s	99	0	-	6273	os
SH_10_0_349_20260912T233131.m	10	s	349	0	-	6274	os
SH_10_0_349_20260912T233145.m	10	s	349	0	-	6275	os
SH_10_2_577_20260912T233156.m	10	s	577	2	-	6276	os
SH_10_1_208_20260912T233208.m	10	s	208	1	-	6277	os
SH_10_0_175_20260912T233221.m	10	s	175	0	-	6278	os
SH_10_0_1007_20260912T233234.m	10	s	1007	0	-	6279	os
SH_10_2_577_20260912T233247.m	10	s	577	2	-	6280	os
SH_10_0_134_20260912T233258.m	10	s	134	0	-	6281	os
SH_10_0_1071_20260912T233310.m	10	s	1071	0	-	6282	os
SH_10_4_490_20260912T233323.m	10	s	490	4	-	6283	os
SH_10_0_9_20260912T233336.m	10	s	9	0	-	6284	os
SH_10_0_1007_20260912T233346.m	10	s	1007	0	-	6285	os
SH_10_0_1007_20260912T233400.m	10	s	1007	0	-	6286	os
SH_10_2_577_20260912T233411.m	10	s	577	2	-	6287	os
SH_10_0_349_20260912T233423.m	10	s	349	0	-	6288	os
SH_10_0_349_20260912T233435.m	10	s	349	0	-	6289	os
SH_10_2_577_20260912T233448.m	10	s	577	2	-	6290	os
SH_10_0_527_20260912T233500.m	10	s	527	0	-	6291	os
SH_10_0_349_20260912T233511.m	10	s	349	0	-	6292	os
SH_10_0_2071_20260912T233523.m	10	s	2071	0	-	6293	os
SH_10_0_2071_20260912T233536.m	10	s	2071	0	-	6294	os
SH_10_0_349_20260912T233550.m	10	s	349	0	-	6295	os
SH_10_2_577_20260912T233602.m	10	s	577	2	-	6296	os
SH_10_0_499_20260912T233614.m	10	s	499	0	-	6297	os
SH_10_0_349_20260912T233626.m	10	s	349	0	-	6298	os
SH_10_2_577_20260912T233638.m	10	s	577	2	-	6299	os
SH_10_0_2071_20260912T233651.m	10	s	2071	0	-	6300	os
SH_10_0_349_20260912T233703.m	10	s	349	0	-	6301	os
SH_10_2_577_20260912T233717.m	10	s	577	2	-	6302	os
SH_10_2_577_20260912T233728.m	10	s	577	2	-	6303	os
SH_10_0_2071_20260912T233740.m	10	s	2071	0	-	6304	os
SH_10_0_349_20260912T233752.m	10	s	349	0	-	6305	os
SH_10_0_2071_20260912T233805.m	10	s	2071	0	-	6306	os
SH_10_0_499_20260912T233818.m	10	s	499	0	-	6307	os
SH_10_0_1007_20260912T233831.m	10	s	1007	0	-	6308	os
SH_10_0_349_20260912T233843.m	10	s	349	0	-	6309	os
SH_10_0_2071_20260912T233856.m	10	s	2071	0	-	6310	os
SH_10_0_2071_20260912T233909.m	10	s	2071	0	-	6311	os
SH_10_0_1007_20260912T233922.m	10	s	1007	0	-	6312	os
SH_10_0_349_20260912T233933.m	10	s	349	0	-	6313	os
SH_10_0_1007_20260912T233945.m	10	s	1007	0	-	6314	os
SH_10_0_1007_20260912T233955.m	10	s	1007	0	-	6315	os
SH_10_2_577_20260912T234006.m	10	s	577	2	-	6316	os
SH_10_0_2071_20260912T234018.m	10	s	2071	0	-	6317	os
SH_10_2_577_20260912T234030.m	10	s	577	2	-	6318	os
SH_10_0_349_20260912T234042.m	10	s	349	0	-	6319	os
SH_10_0_349_20260912T234056.m	10	s	349	0	-	6320	os
SH_10_0_1007_20260912T234109.m	10	s	1007	0	-	6321	os
SH_10_0_1071_20260912T234120.m	10	s	1071	0	-	6322	os
SH_10_2_577_20260912T234132.m	10	s	577	2	-	6323	os
SH_10_0_251_20260912T234143.m	10	s	251	0	-	6324	os
SH_10_0_349_20260912T234154.m	10	s	349	0	-	6325	os
SH_10_0_2071_20260912T234207.m	10	s	2071	0	-	6326	os
SH_10_0_2071_20260912T234222.m	10	s	2071	0	-	6327	os
SH_10_0_2071_20260912T234233.m	10	s	2071	0	-	6328	os
SH_10_0_2071_20260912T234246.m	10	s	2071	0	-	6329	os
SH_10_0_1007_20260912T234300.m	10	s	1007	0	-	6330	os
SH_10_2_577_20260912T234312.m	10	s	577	2	-	6331	os
SH_10_0_283_20260912T234324.m	10	s	283	0	-	6332	os
SH_10_0_2071_20260912T234337.m	10	s	2071	0	-	6333	os
SH_10_0_1007_20260912T234351.m	10	s	1007	0	-	6334	os
SH_10_0_533_20260912T234404.m	10	s	533	0	-	6335	os
SH_10_0_349_20260912T234417.m	10	s	349	0	-	6336	os
SH_10_0_1007_20260912T234430.m	10	s	1007	0	-	6337	os
SH_10_2_577_20260912T234442.m	10	s	577	2	-	6338	os
SH_10_0_349_20260912T234452.m	10	s	349	0	-	6339	os
SH_10_0_2071_20260912T234504.m	10	s	2071	0	-	6340	os
SH_10_0_527_20260912T234516.m	10	s	527	0	-	6341	os
SH_10_0_2071_20260912T234529.m	10	s	2071	0	-	6342	os
SH_10_0_2071_20260912T234542.m	10	s	2071	0	-	6343	os
SH_10_2_577_20260912T234556.m	10	s	577	2	-	6344	os
SH_10_0_1007_20260912T234609.m	10	s	1007	0	-	6345	os
SH_10_0_2071_20260912T234621.m	10	s	2071	0	-	6346	os
SH_10_0_349_20260912T234633.m	10	s	349	0	-	6347	os
SH_10_0_1007_20260912T234645.m	10	s	1007	0	-	6348	os
SH_10_0_2071_20260912T234658.m	10	s	2071	0	-	6349	os
SH_10_4_220_20260912T234711.m	10	s	220	4	-	6350	os
SH_10_0_349_20260912T234722.m	10	s	349	0	-	6351	os
SH_10_0_134_20260912T234734.m	10	s	134	0	-	6352	os
SH_10_0_2071_20260912T234746.m	10	s	2071	0	-	6353	os
SH_10_0_1007_20260912T234801.m	10	s	1007	0	-	6354	os
SH_10_0_1007_20260912T234814.m	10	s	1007	0	-	6355	os
SH_10_0_349_20260912T234826.m	10	s	349	0	-	6356	os
SH_10_2_577_20260912T234839.m	10	s	577	2	-	6357	os
SH_10_0_349_20260912T234849.m	10	s	349	0	-	6358	os
SH_10_0_967_20260912T234902.m	10	s	967	0	-	6359	os
SH_10_0_2071_20260912T234915.m	10	s	2071	0	-	6360	os
SH_10_0_1007_20260912T234927.m	10	s	1007	0	-	6361	os
SH_10_0_271_20260912T234940.m	10	s	271	0	-	6362	os
SH_10_0_175_20260912T234952.m	10	s	175	0	-	6363	os
SH_10_0_2071_20260912T235005.m	10	s	2071	0	-	6364	os
SH_10_0_349_20260912T235017.m	10	s	349	0	-	6365	os
SH_10_2_577_20260912T235029.m	10	s	577	2	-	6366	os
SH_10_0_134_20260912T235041.m	10	s	134	0	-	6367	os
SH_10_0_1007_20260912T235054.m	10	s	1007	0	-	6368	os
SH_10_0_134_20260912T235106.m	10	s	134	0	-	6369	os
SH_10_0_2071_20260912T235118.m	10	s	2071	0	-	6370	os
SH_10_0_349_20260912T235130.m	10	s	349	0	-	6371	os
SH_10_0_293_20260912T235140.m	10	s	293	0	-	6372	os
SH_10_0_175_20260912T235152.m	10	s	175	0	-	6373	os
SH_10_0_175_20260912T235203.m	10	s	175	0	-	6374	os
SH_10_0_349_20260912T235214.m	10	s	349	0	-	6375	os
SH_10_0_134_20260912T235226.m	10	s	134	0	-	6376	os
SH_10_0_349_20260912T235237.m	10	s	349	0	-	6377	os
SH_10_0_99_20260912T235247.m	10	s	99	0	-	6378	os
SH_10_0_1071_20260912T235300.m	10	s	1071	0	-	6379	os
SH_10_0_143_20260912T235313.m	10	s	143	0	-	6380	os
SH_10_0_2071_20260912T235326.m	10	s	2071	0	-	6381	os
SH_10_0_1007_20260912T235339.m	10	s	1007	0	-	6382	os
SH_10_0_2071_20260912T235351.m	10	s	2071	0	-	6383	os
SH_10_0_134_20260912T235404.m	10	s	134	0	-	6384	os
SH_10_0_2071_20260912T235418.m	10	s	2071	0	-	6385	os
SH_10_0_967_20260912T235428.m	10	s	967	0	-	6386	os
SH_10_0_1007_20260912T235440.m	10	s	1007	0	-	6387	os
SH_10_0_134_20260912T235452.m	10	s	134	0	-	6388	os
SH_10_4_490_20260912T235504.m	10	s	490	4	-	6389	os
SH_10_0_527_20260912T235516.m	10	s	527	0	-	6390	os
SH_10_0_2071_20260912T235528.m	10	s	2071	0	-	6391	os
SH_10_4_490_20260912T235539.m	10	s	490	4	-	6392	os
SH_10_0_2071_20260912T235553.m	10	s	2071	0	-	6393	os
SH_10_2_577_20260912T235604.m	10	s	577	2	-	6394	os
SH_10_0_2071_20260912T235616.m	10	s	2071	0	-	6395	os
SH_10_0_283_20260912T235629.m	10	s	283	0	-	6396	os
SH_10_0_2071_20260912T235641.m	10	s	2071	0	-	6397	os
SH_10_0_349_20260912T235655.m	10	s	349	0	-	6398	os
SH_10_0_2071_20260912T235708.m	10	s	2071	0	-	6399	os
SH_10_0_2071_20260912T235722.m	10	s	2071	0	-	6400	os
SH_10_0_2071_20260912T235734.m	10	s	2071	0	-	6401	os
SH_10_0_2071_20260912T235747.m	10	s	2071	0	-	6402	os
SH_10_0_2071_20260912T235759.m	10	s	2071	0	-	6403	os
SH_10_0_349_20260912T235812.m	10	s	349	0	-	6404	os
SH_10_0_349_20260912T235822.m	10	s	349	0	-	6405	os
SH_10_0_2071_20260912T235835.m	10	s	2071	0	-	6406	os
SH_10_2_577_20260912T235848.m	10	s	577	2	-	6407	os
SH_10_0_500_20260912T235901.m	10	s	500	0	-	6408	os
SH_10_0_1007_20260912T235913.m	10	s	1007	0	-	6409	os
SH_10_0_2071_20260912T235925.m	10	s	2071	0	-	6410	os
SH_10_0_1007_20260912T235939.m	10	s	1007	0	-	6411	os
SH_10_0_349_20260912T235952.m	10	s	349	0	-	6412	os
SH_10_0_2071_20260913T000004.m	10	s	2071	0	-	6413	os
SH_10_0_2071_20260913T000017.m	10	s	2071	0	-	6414	os
SH_10_0_499_20260913T000028.m	10	s	499	0	-	6415	os
SH_10_0_1007_20260913T000040.m	10	s	1007	0	-	6416	os
SH_10_0_2071_20260913T000052.m	10	s	2071	0	-	6417	os
SH_10_2_577_20260913T000105.m	10	s	577	2	-	6418	os
SH_10_0_2071_20260913T000119.m	10	s	2071	0	-	6419	os
SH_10_0_2071_20260913T000130.m	10	s	2071	0	-	6420	os
SH_10_4_220_20260913T000144.m	10	s	220	4	-	6421	os
SH_10_0_2071_20260913T000155.m	10	s	2071	0	-	6422	os
SH_10_4_490_20260913T000208.m	10	s	490	4	-	6423	os
SH_10_0_283_20260913T000220.m	10	s	283	0	-	6424	os
SH_10_0_349_20260913T000233.m	10	s	349	0	-	6425	os
SH_10_0_1007_20260913T000246.m	10	s	1007	0	-	6426	os
SH_10_2_577_20260913T000258.m	10	s	577	2	-	6427	os
SH_10_0_2071_20260913T000310.m	10	s	2071	0	-	6428	os
SH_10_0_527_20260913T000323.m	10	s	527	0	-	6429	os
SH_10_0_251_20260913T000336.m	10	s	251	0	-	6430	os
SH_10_0_967_20260913T000349.m	10	s	967	0	-	6431	os
SH_10_0_1007_20260913T000409.m	10	s	1007	0	-	6432	os
SH_10_0_2071_20260913T000421.m	10	s	2071	0	-	6433	os
SH_10_0_967_20260913T000434.m	10	s	967	0	-	6434	os
SH_10_0_143_20260913T000445.m	10	s	143	0	-	6435	os
SH_10_0_2071_20260913T000457.m	10	s	2071	0	-	6436	os
SH_10_0_2071_20260913T000509.m	10	s	2071	0	-	6437	os
SH_10_0_1007_20260913T000522.m	10	s	1007	0	-	6438	os
SH_10_0_1007_20260913T000532.m	10	s	1007	0	-	6439	os
SH_10_2_577_20260913T000545.m	10	s	577	2	-	6440	os
SH_10_2_577_20260913T000557.m	10	s	577	2	-	6441	os
SH_10_4_490_20260913T000609.m	10	s	490	4	-	6442	os
SH_10_0_349_20260913T000621.m	10	s	349	0	-	6443	os
SH_10_0_1007_20260913T000633.m	10	s	1007	0	-	6444	os
SH_10_0_500_20260913T000646.m	10	s	500	0	-	6445	os
SH_10_2_577_20260913T000659.m	10	s	577	2	-	6446	os
SH_10_0_2071_20260913T000710.m	10	s	2071	0	-	6447	os
SH_10_0_2071_20260913T000723.m	10	s	2071	0	-	6448	os
SH_10_0_349_20260913T000734.m	10	s	349	0	-	6449	os
SH_10_0_499_20260913T000747.m	10	s	499	0	-	6450	os
SH_10_2_577_20260913T000800.m	10	s	577	2	-	6451	os
SH_10_0_2071_20260913T000812.m	10	s	2071	0	-	6452	os
SH_10_0_1007_20260913T000825.m	10	s	1007	0	-	6453	os
SH_10_0_2071_20260913T000838.m	10	s	2071	0	-	6454	os
SH_10_0_2071_20260913T000850.m	10	s	2071	0	-	6455	os
SH_10_0_1007_20260913T000903.m	10	s	1007	0	-	6456	os
SH_10_0_1071_20260913T000915.m	10	s	1071	0	-	6457	os
SH_10_0_1007_20260913T000926.m	10	s	1007	0	-	6458	os
SH_10_0_349_20260913T000938.m	10	s	349	0	-	6459	os
SH_10_0_527_20260913T000950.m	10	s	527	0	-	6460	os
SH_10_0_283_20260913T001002.m	10	s	283	0	-	6461	os
SH_10_4_490_20260913T001013.m	10	s	490	4	-	6462	os
SH_10_0_2071_20260913T001025.m	10	s	2071	0	-	6463	os
SH_10_0_134_20260913T001037.m	10	s	134	0	-	6464	os
SH_10_0_500_20260913T001051.m	10	s	500	0	-	6465	os
SH_10_0_134_20260913T001106.m	10	s	134	0	-	6466	os
SH_10_0_2071_20260913T001117.m	10	s	2071	0	-	6467	os
SH_10_2_577_20260913T001130.m	10	s	577	2	-	6468	os
SH_10_0_2071_20260913T001144.m	10	s	2071	0	-	6469	os
SH_10_0_349_20260913T001155.m	10	s	349	0	-	6470	os
SH_10_0_1007_20260913T001207.m	10	s	1007	0	-	6471	os
SH_10_0_20_20260913T001220.m	10	s	20	0	-	6472	os
SH_10_0_349_20260913T001232.m	10	s	349	0	-	6473	os
SH_10_0_251_20260913T001244.m	10	s	251	0	-	6474	os
SH_10_0_1007_20260913T001258.m	10	s	1007	0	-	6475	os
SH_10_0_499_20260913T001310.m	10	s	499	0	-	6476	os
SH_10_0_967_20260913T001323.m	10	s	967	0	-	6477	os
SH_10_0_1071_20260913T001336.m	10	s	1071	0	-	6478	os
SH_10_0_134_20260913T001350.m	10	s	134	0	-	6479	os
SH_10_0_2071_20260913T001401.m	10	s	2071	0	-	6480	os
SH_10_0_2071_20260913T001413.m	10	s	2071	0	-	6481	os
SH_10_0_1007_20260913T001426.m	10	s	1007	0	-	6482	os
SH_10_0_1071_20260913T001438.m	10	s	1071	0	-	6483	os
SH_10_0_143_20260913T001450.m	10	s	143	0	-	6484	os
SH_10_0_2071_20260913T001503.m	10	s	2071	0	-	6485	os
SH_10_0_2071_20260913T001515.m	10	s	2071	0	-	6486	os
SH_10_4_490_20260913T001531.m	10	s	490	4	-	6487	os
SH_10_2_577_20260913T001542.m	10	s	577	2	-	6488	os
SH_10_0_1007_20260913T001555.m	10	s	1007	0	-	6489	os
SH_10_0_283_20260913T001608.m	10	s	283	0	-	6490	os
SH_10_0_349_20260913T001622.m	10	s	349	0	-	6491	os
SH_10_2_577_20260913T001635.m	10	s	577	2	-	6492	os
SH_10_0_1007_20260913T001646.m	10	s	1007	0	-	6493	os
SH_10_0_1071_20260913T001700.m	10	s	1071	0	-	6494	os
SH_10_0_143_20260913T001713.m	10	s	143	0	-	6495	os
SH_10_0_2071_20260913T001726.m	10	s	2071	0	-	6496	os
SH_10_0_2071_20260913T001737.m	10	s	2071	0	-	6497	os
SH_10_2_577_20260913T001749.m	10	s	577	2	-	6498	os
SH_10_0_533_20260913T001802.m	10	s	533	0	-	6499	os
SH_10_0_9_20260913T001813.m	10	s	9	0	-	6500	os
SH_10_0_1007_20260913T001826.m	10	s	1007	0	-	6501	os
SH_10_0_349_20260913T001839.m	10	s	349	0	-	6502	os
SH_10_0_2071_20260913T001850.m	10	s	2071	0	-	6503	os
SH_10_0_143_20260913T001904.m	10	s	143	0	-	6504	os
SH_10_0_499_20260913T001916.m	10	s	499	0	-	6505	os
SH_10_0_1071_20260913T001930.m	10	s	1071	0	-	6506	os
SH_10_0_1007_20260913T001942.m	10	s	1007	0	-	6507	os
SH_10_0_1007_20260913T001955.m	10	s	1007	0	-	6508	os
SH_10_0_1007_20260913T002007.m	10	s	1007	0	-	6509	os
SH_10_0_1007_20260913T002019.m	10	s	1007	0	-	6510	os
SH_10_0_2071_20260913T002031.m	10	s	2071	0	-	6511	os
SH_12_0_4423_20260913T171545.m	12	s	4423	0	-	1	os
SH_12_0_4423_20260913T171550.m	12	s	4423	0	-	2	os
SH_12_5_1094_20260913T171556.m	12	s	1094	5	-	3	os
SH_12_0_4423_20260913T171601.m	12	s	4423	0	-	4	os
SH_12_0_4423_20260913T171605.m	12	s	4423	0	-	5	os
SH_12_0_4423_20260913T171611.m	12	s	4423	0	-	6	os
SH_12_0_4423_20260913T171616.m	12	s	4423	0	-	7	os
SH_12_0_4423_20260913T171622.m	12	s	4423	0	-	8	os
SH_12_0_4423_20260913T171629.m	12	s	4423	0	-	9	os
SH_12_5_486_20260913T171635.m	12	s	486	5	-	10	os
SH_12_0_4423_20260913T171640.m	12	s	4423	0	-	11	os
SH_12_0_4423_20260913T171646.m	12	s	4423	0	-	12	os
SH_12_0_4423_20260913T171653.m	12	s	4423	0	-	13	os
SH_12_0_4423_20260913T171658.m	12	s	4423	0	-	14	os
SH_12_0_4423_20260913T171703.m	12	s	4423	0	-	15	os
SH_12_0_4423_20260913T171710.m	12	s	4423	0	-	16	os
SH_12_0_4423_20260913T171716.m	12	s	4423	0	-	17	os
SH_12_0_4423_20260913T171721.m	12	s	4423	0	-	18	os
SH_12_0_4423_20260913T171726.m	12	s	4423	0	-	19	os
SH_12_0_4423_20260913T171734.m	12	s	4423	0	-	20	os
SH_12_0_4423_20260913T171739.m	12	s	4423	0	-	21	os
SH_12_0_4423_20260913T171745.m	12	s	4423	0	-	22	os
SH_12_0_4423_20260913T171752.m	12	s	4423	0	-	23	os
SH_12_0_4423_20260913T171757.m	12	s	4423	0	-	24	os
SH_12_0_4423_20260913T171802.m	12	s	4423	0	-	25	os
