//
//
//
//
//
// 2024-12-13
// matrices taken from: http://neilsloane.com/hadamard/
//
// # for k in {1..60}; do wget -c http://neilsloane.com/hadamard/had.24.$k.txt; done
// # for f in *txt; do cat $f >> H24_.m; done
//
// ------------------------------------------------------------------------

// Had.24.1
// order(automorphism group) = 760320 = 2^9 * 3^3 * 5 * 11
// H induces non-TBI
{
{1, 1, 1, 1, 1, 1, 1, 1, 1, 1, 1, 1, 1, 1, 1, 1, 1, 1, 1, 1, 1, 1, 1, 1},
{1, 1, 1, 1, 1, 1, 1, 1, 1, 1, 1, 1,-1,-1,-1,-1,-1,-1,-1,-1,-1,-1,-1,-1},
{1, 1, 1, 1, 1, 1,-1,-1,-1,-1,-1,-1, 1, 1, 1, 1, 1, 1,-1,-1,-1,-1,-1,-1},
{1, 1,-1,-1,-1,-1, 1, 1, 1, 1,-1,-1, 1, 1, 1, 1,-1,-1, 1, 1,-1,-1,-1,-1},
{1, 1, 1, 1,-1,-1, 1, 1,-1,-1,-1,-1, 1, 1,-1,-1,-1,-1,-1,-1, 1, 1, 1, 1},
{1, 1, 1, 1,-1,-1,-1,-1,-1,-1, 1, 1,-1,-1, 1, 1,-1,-1, 1, 1, 1, 1,-1,-1},
{1, 1,-1,-1, 1, 1, 1, 1,-1,-1,-1,-1,-1,-1,-1,-1, 1, 1, 1, 1, 1, 1,-1,-1},
{1, 1, 1, 1,-1,-1,-1,-1, 1, 1,-1,-1,-1,-1,-1,-1, 1, 1, 1, 1,-1,-1, 1, 1},
{1, 1,-1,-1,-1,-1,-1,-1, 1, 1, 1, 1, 1, 1,-1,-1, 1, 1,-1,-1, 1, 1,-1,-1},
{1, 1,-1,-1, 1, 1,-1,-1, 1, 1,-1,-1,-1,-1, 1, 1,-1,-1,-1,-1, 1, 1, 1, 1},
{1, 1,-1,-1,-1,-1, 1, 1,-1,-1, 1, 1,-1,-1, 1, 1, 1, 1,-1,-1,-1,-1, 1, 1},
{1, 1,-1,-1, 1, 1,-1,-1,-1,-1, 1, 1, 1, 1,-1,-1,-1,-1, 1, 1,-1,-1, 1, 1},
{1,-1, 1,-1, 1,-1, 1,-1, 1,-1, 1,-1, 1,-1, 1,-1, 1,-1, 1,-1, 1,-1, 1,-1},
{1,-1, 1,-1, 1,-1, 1,-1, 1,-1, 1,-1,-1, 1,-1, 1,-1, 1,-1, 1,-1, 1,-1, 1},
{1,-1, 1,-1, 1,-1,-1, 1,-1, 1,-1, 1, 1,-1, 1,-1, 1,-1,-1, 1,-1, 1,-1, 1},
{1,-1,-1, 1,-1, 1, 1,-1, 1,-1,-1, 1, 1,-1, 1,-1,-1, 1, 1,-1,-1, 1,-1, 1},
{1,-1, 1,-1,-1, 1, 1,-1,-1, 1,-1, 1, 1,-1,-1, 1,-1, 1,-1, 1, 1,-1, 1,-1},
{1,-1, 1,-1,-1, 1,-1, 1,-1, 1, 1,-1,-1, 1, 1,-1,-1, 1, 1,-1, 1,-1,-1, 1},
{1,-1,-1, 1, 1,-1, 1,-1,-1, 1,-1, 1,-1, 1,-1, 1, 1,-1, 1,-1, 1,-1,-1, 1},
{1,-1, 1,-1,-1, 1,-1, 1, 1,-1,-1, 1,-1, 1,-1, 1, 1,-1, 1,-1,-1, 1, 1,-1},
{1,-1,-1, 1,-1, 1,-1, 1, 1,-1, 1,-1, 1,-1,-1, 1, 1,-1,-1, 1, 1,-1,-1, 1},
{1,-1,-1, 1, 1,-1,-1, 1, 1,-1,-1, 1,-1, 1, 1,-1,-1, 1,-1, 1, 1,-1, 1,-1},
{1,-1,-1, 1,-1, 1, 1,-1,-1, 1, 1,-1,-1, 1, 1,-1, 1,-1,-1, 1,-1, 1, 1,-1},
{1,-1,-1, 1, 1,-1,-1, 1,-1, 1, 1,-1, 1,-1,-1, 1,-1, 1, 1,-1,-1, 1, 1,-1}};

// Had.24.2
// order(automorphism group) = 1728 = 2^6 * 3^3
// H induces non-TBI
{
{1, 1, 1, 1, 1, 1, 1, 1, 1, 1, 1, 1, 1, 1, 1, 1, 1, 1, 1, 1, 1, 1, 1, 1},
{1, 1, 1, 1, 1, 1, 1, 1, 1, 1, 1, 1,-1,-1,-1,-1,-1,-1,-1,-1,-1,-1,-1,-1},
{1, 1, 1, 1, 1, 1,-1,-1,-1,-1,-1,-1, 1, 1, 1, 1, 1, 1,-1,-1,-1,-1,-1,-1},
{1, 1,-1,-1,-1,-1, 1, 1, 1, 1,-1,-1, 1, 1, 1, 1,-1,-1, 1, 1,-1,-1,-1,-1},
{1, 1, 1, 1,-1,-1, 1, 1,-1,-1,-1,-1, 1, 1,-1,-1,-1,-1,-1,-1, 1, 1, 1, 1},
{1, 1, 1, 1,-1,-1,-1,-1,-1,-1, 1, 1,-1,-1, 1, 1,-1,-1, 1, 1, 1, 1,-1,-1},
{1, 1,-1,-1, 1, 1, 1, 1,-1,-1,-1,-1,-1,-1,-1,-1, 1, 1, 1, 1, 1, 1,-1,-1},
{1, 1, 1, 1,-1,-1,-1,-1, 1, 1,-1,-1,-1,-1,-1,-1, 1, 1, 1, 1,-1,-1, 1, 1},
{1, 1,-1,-1,-1,-1,-1,-1, 1, 1, 1, 1, 1, 1,-1,-1, 1, 1,-1,-1, 1, 1,-1,-1},
{1, 1,-1,-1, 1, 1,-1,-1, 1, 1,-1,-1,-1,-1, 1, 1,-1,-1,-1,-1, 1, 1, 1, 1},
{1, 1,-1,-1,-1,-1, 1, 1,-1,-1, 1, 1,-1,-1, 1, 1, 1, 1,-1,-1,-1,-1, 1, 1},
{1, 1,-1,-1, 1, 1,-1,-1,-1,-1, 1, 1, 1, 1,-1,-1,-1,-1, 1, 1,-1,-1, 1, 1},
{1,-1, 1,-1, 1,-1, 1,-1, 1,-1, 1,-1, 1,-1, 1,-1, 1,-1, 1,-1, 1,-1, 1,-1},
{1,-1, 1,-1, 1,-1, 1,-1, 1,-1, 1,-1,-1, 1,-1, 1,-1, 1,-1, 1,-1, 1,-1, 1},
{1,-1,-1, 1, 1,-1, 1,-1,-1, 1,-1, 1, 1,-1, 1,-1, 1,-1,-1, 1,-1, 1,-1, 1},
{1,-1, 1,-1,-1, 1,-1, 1, 1,-1,-1, 1, 1,-1, 1,-1,-1, 1, 1,-1,-1, 1,-1, 1},
{1,-1, 1,-1, 1,-1,-1, 1,-1, 1,-1, 1, 1,-1,-1, 1,-1, 1,-1, 1, 1,-1, 1,-1},
{1,-1,-1, 1, 1,-1,-1, 1,-1, 1, 1,-1,-1, 1, 1,-1,-1, 1, 1,-1, 1,-1,-1, 1},
{1,-1, 1,-1,-1, 1, 1,-1,-1, 1,-1, 1,-1, 1,-1, 1, 1,-1, 1,-1, 1,-1,-1, 1},
{1,-1,-1, 1, 1,-1,-1, 1, 1,-1,-1, 1,-1, 1,-1, 1, 1,-1, 1,-1,-1, 1, 1,-1},
{1,-1,-1, 1,-1, 1,-1, 1, 1,-1, 1,-1, 1,-1,-1, 1, 1,-1,-1, 1, 1,-1,-1, 1},
{1,-1,-1, 1,-1, 1, 1,-1, 1,-1,-1, 1,-1, 1, 1,-1,-1, 1,-1, 1, 1,-1, 1,-1},
{1,-1, 1,-1,-1, 1,-1, 1,-1, 1, 1,-1,-1, 1, 1,-1, 1,-1,-1, 1,-1, 1, 1,-1},
{1,-1,-1, 1,-1, 1, 1,-1,-1, 1, 1,-1, 1,-1,-1, 1,-1, 1, 1,-1,-1, 1, 1,-1}};
	
// Had.24.3
// order(automorphism group) = 1536 = 2^9 * 3
// H induces non-TBI
{{1, 1, 1, 1, 1, 1, 1, 1, 1, 1, 1, 1, 1, 1, 1, 1, 1, 1, 1, 1, 1, 1, 1, 1},
{1, 1, 1, 1, 1, 1, 1, 1, 1, 1, 1, 1,-1,-1,-1,-1,-1,-1,-1,-1,-1,-1,-1,-1},
{1, 1, 1, 1, 1, 1,-1,-1,-1,-1,-1,-1, 1, 1, 1, 1, 1, 1,-1,-1,-1,-1,-1,-1},
{1, 1,-1,-1,-1,-1, 1, 1, 1, 1,-1,-1, 1, 1, 1, 1,-1,-1, 1, 1,-1,-1,-1,-1},
{1, 1, 1, 1,-1,-1, 1, 1,-1,-1,-1,-1, 1, 1,-1,-1,-1,-1,-1,-1, 1, 1, 1, 1},
{1, 1, 1, 1,-1,-1,-1,-1,-1,-1, 1, 1,-1,-1, 1, 1,-1,-1, 1, 1, 1, 1,-1,-1},
{1, 1,-1,-1, 1, 1, 1, 1,-1,-1,-1,-1,-1,-1,-1,-1, 1, 1, 1, 1, 1, 1,-1,-1},
{1, 1, 1, 1,-1,-1,-1,-1, 1, 1,-1,-1,-1,-1,-1,-1, 1, 1, 1, 1,-1,-1, 1, 1},
{1, 1,-1,-1,-1,-1,-1,-1, 1, 1, 1, 1, 1, 1,-1,-1, 1, 1,-1,-1, 1, 1,-1,-1},
{1, 1,-1,-1, 1, 1,-1,-1, 1, 1,-1,-1,-1,-1, 1, 1,-1,-1,-1,-1, 1, 1, 1, 1},
{1, 1,-1,-1,-1,-1, 1, 1,-1,-1, 1, 1,-1,-1, 1, 1, 1, 1,-1,-1,-1,-1, 1, 1},
{1, 1,-1,-1, 1, 1,-1,-1,-1,-1, 1, 1, 1, 1,-1,-1,-1,-1, 1, 1,-1,-1, 1, 1},
{1,-1, 1,-1, 1,-1, 1,-1, 1,-1, 1,-1, 1,-1, 1,-1, 1,-1, 1,-1, 1,-1, 1,-1},
{1,-1, 1,-1, 1,-1, 1,-1, 1,-1, 1,-1,-1, 1,-1, 1,-1, 1,-1, 1,-1, 1,-1, 1},
{1,-1, 1,-1, 1,-1,-1, 1,-1, 1,-1, 1, 1,-1, 1,-1, 1,-1,-1, 1,-1, 1,-1, 1},
{1,-1,-1, 1,-1, 1, 1,-1, 1,-1,-1, 1, 1,-1, 1,-1,-1, 1, 1,-1,-1, 1,-1, 1},
{1,-1,-1, 1, 1,-1,-1, 1, 1,-1,-1, 1, 1,-1,-1, 1,-1, 1,-1, 1, 1,-1, 1,-1},
{1,-1,-1, 1, 1,-1,-1, 1,-1, 1, 1,-1,-1, 1, 1,-1,-1, 1, 1,-1, 1,-1,-1, 1},
{1,-1, 1,-1,-1, 1,-1, 1, 1,-1,-1, 1,-1, 1,-1, 1, 1,-1, 1,-1, 1,-1,-1, 1},
{1,-1,-1, 1, 1,-1, 1,-1,-1, 1,-1, 1,-1, 1,-1, 1, 1,-1, 1,-1,-1, 1, 1,-1},
{1,-1,-1, 1,-1, 1, 1,-1,-1, 1, 1,-1, 1,-1,-1, 1, 1,-1,-1, 1, 1,-1,-1, 1},
{1,-1, 1,-1,-1, 1, 1,-1,-1, 1,-1, 1,-1, 1, 1,-1,-1, 1,-1, 1, 1,-1, 1,-1},
{1,-1,-1, 1,-1, 1,-1, 1, 1,-1, 1,-1,-1, 1, 1,-1, 1,-1,-1, 1,-1, 1, 1,-1},
{1,-1, 1,-1,-1, 1,-1, 1,-1, 1, 1,-1, 1,-1,-1, 1,-1, 1, 1,-1,-1, 1, 1,-1}};

// Had.24.4
// order(automorphism group) = 480 = 2^5 * 3 * 5
// induces non-TBI
{{1, 1, 1, 1, 1, 1, 1, 1, 1, 1, 1, 1, 1, 1, 1, 1, 1, 1, 1, 1, 1, 1, 1, 1},
{1, 1, 1, 1, 1, 1, 1, 1, 1, 1, 1, 1,-1,-1,-1,-1,-1,-1,-1,-1,-1,-1,-1,-1},
{1, 1, 1, 1, 1, 1,-1,-1,-1,-1,-1,-1, 1, 1, 1, 1, 1, 1,-1,-1,-1,-1,-1,-1},
{1, 1,-1,-1,-1,-1, 1, 1, 1, 1,-1,-1, 1, 1, 1, 1,-1,-1, 1, 1,-1,-1,-1,-1},
{1, 1, 1, 1,-1,-1, 1, 1,-1,-1,-1,-1, 1, 1,-1,-1,-1,-1,-1,-1, 1, 1, 1, 1},
{1, 1, 1, 1,-1,-1,-1,-1,-1,-1, 1, 1,-1,-1, 1, 1,-1,-1, 1, 1, 1, 1,-1,-1},
{1, 1,-1,-1, 1, 1, 1, 1,-1,-1,-1,-1,-1,-1,-1,-1, 1, 1, 1, 1, 1, 1,-1,-1},
{1, 1, 1, 1,-1,-1,-1,-1, 1, 1,-1,-1,-1,-1,-1,-1, 1, 1, 1, 1,-1,-1, 1, 1},
{1, 1,-1,-1,-1,-1,-1,-1, 1, 1, 1, 1, 1, 1,-1,-1, 1, 1,-1,-1, 1, 1,-1,-1},
{1, 1,-1,-1, 1, 1,-1,-1, 1, 1,-1,-1,-1,-1, 1, 1,-1,-1,-1,-1, 1, 1, 1, 1},
{1, 1,-1,-1,-1,-1, 1, 1,-1,-1, 1, 1,-1,-1, 1, 1, 1, 1,-1,-1,-1,-1, 1, 1},
{1, 1,-1,-1, 1, 1,-1,-1,-1,-1, 1, 1, 1, 1,-1,-1,-1,-1, 1, 1,-1,-1, 1, 1},
{1,-1, 1,-1, 1,-1, 1,-1, 1,-1, 1,-1, 1,-1, 1,-1, 1,-1, 1,-1, 1,-1, 1,-1},
{1,-1,-1, 1, 1,-1, 1,-1, 1,-1, 1,-1,-1, 1, 1,-1,-1, 1,-1, 1,-1, 1,-1, 1},
{1,-1, 1,-1, 1,-1, 1,-1,-1, 1,-1, 1, 1,-1,-1, 1, 1,-1,-1, 1,-1, 1,-1, 1},
{1,-1, 1,-1,-1, 1,-1, 1, 1,-1,-1, 1, 1,-1, 1,-1,-1, 1, 1,-1,-1, 1,-1, 1},
{1,-1, 1,-1, 1,-1,-1, 1,-1, 1,-1, 1,-1, 1, 1,-1,-1, 1,-1, 1, 1,-1, 1,-1},
{1,-1,-1, 1, 1,-1,-1, 1,-1, 1, 1,-1, 1,-1,-1, 1,-1, 1, 1,-1, 1,-1,-1, 1},
{1,-1,-1, 1,-1, 1, 1,-1,-1, 1,-1, 1,-1, 1, 1,-1, 1,-1, 1,-1, 1,-1,-1, 1},
{1,-1,-1, 1, 1,-1,-1, 1, 1,-1,-1, 1,-1, 1,-1, 1, 1,-1, 1,-1,-1, 1, 1,-1},
{1,-1, 1,-1,-1, 1,-1, 1, 1,-1, 1,-1,-1, 1,-1, 1, 1,-1,-1, 1, 1,-1,-1, 1},
{1,-1,-1, 1,-1, 1, 1,-1, 1,-1,-1, 1, 1,-1,-1, 1,-1, 1,-1, 1, 1,-1, 1,-1},
{1,-1,-1, 1,-1, 1,-1, 1,-1, 1, 1,-1, 1,-1, 1,-1, 1,-1,-1, 1,-1, 1, 1,-1},
{1,-1, 1,-1,-1, 1, 1,-1,-1, 1, 1,-1,-1, 1,-1, 1,-1, 1, 1,-1,-1, 1, 1,-1}};

// Had.24.5
// order(automorphism group) = 11520 = 2^8 * 3^2 * 5
// H induces non-TBI
{{1, 1, 1, 1, 1, 1, 1, 1, 1, 1, 1, 1, 1, 1, 1, 1, 1, 1, 1, 1, 1, 1, 1, 1},
{1, 1, 1, 1, 1, 1, 1, 1, 1, 1, 1, 1,-1,-1,-1,-1,-1,-1,-1,-1,-1,-1,-1,-1},
{1, 1, 1, 1, 1, 1,-1,-1,-1,-1,-1,-1, 1, 1, 1, 1, 1, 1,-1,-1,-1,-1,-1,-1},
{1, 1,-1,-1,-1,-1, 1, 1, 1, 1,-1,-1, 1, 1, 1, 1,-1,-1, 1, 1,-1,-1,-1,-1},
{1, 1, 1, 1,-1,-1, 1, 1,-1,-1,-1,-1, 1, 1,-1,-1,-1,-1,-1,-1, 1, 1, 1, 1},
{1, 1, 1, 1,-1,-1,-1,-1,-1,-1, 1, 1,-1,-1, 1, 1,-1,-1, 1, 1, 1, 1,-1,-1},
{1, 1,-1,-1, 1, 1, 1, 1,-1,-1,-1,-1,-1,-1,-1,-1, 1, 1, 1, 1, 1, 1,-1,-1},
{1, 1, 1, 1,-1,-1,-1,-1, 1, 1,-1,-1,-1,-1,-1,-1, 1, 1, 1, 1,-1,-1, 1, 1},
{1, 1,-1,-1,-1,-1,-1,-1, 1, 1, 1, 1, 1, 1,-1,-1, 1, 1,-1,-1, 1, 1,-1,-1},
{1, 1,-1,-1, 1, 1,-1,-1, 1, 1,-1,-1,-1,-1, 1, 1,-1,-1,-1,-1, 1, 1, 1, 1},
{1, 1,-1,-1,-1,-1, 1, 1,-1,-1, 1, 1,-1,-1, 1, 1, 1, 1,-1,-1,-1,-1, 1, 1},
{1, 1,-1,-1, 1, 1,-1,-1,-1,-1, 1, 1, 1, 1,-1,-1,-1,-1, 1, 1,-1,-1, 1, 1},
{1,-1, 1,-1, 1,-1, 1,-1, 1,-1, 1,-1, 1,-1, 1,-1, 1,-1, 1,-1, 1,-1, 1,-1},
{1,-1, 1,-1, 1,-1, 1,-1, 1,-1, 1,-1,-1, 1,-1, 1,-1, 1,-1, 1,-1, 1,-1, 1},
{1,-1, 1,-1, 1,-1,-1, 1,-1, 1,-1, 1, 1,-1, 1,-1, 1,-1,-1, 1,-1, 1,-1, 1},
{1,-1,-1, 1,-1, 1, 1,-1, 1,-1,-1, 1, 1,-1, 1,-1,-1, 1, 1,-1,-1, 1,-1, 1},
{1,-1,-1, 1, 1,-1, 1,-1,-1, 1,-1, 1, 1,-1,-1, 1,-1, 1,-1, 1, 1,-1, 1,-1},
{1,-1,-1, 1, 1,-1,-1, 1,-1, 1, 1,-1,-1, 1, 1,-1,-1, 1, 1,-1, 1,-1,-1, 1},
{1,-1, 1,-1,-1, 1, 1,-1,-1, 1,-1, 1,-1, 1,-1, 1, 1,-1, 1,-1, 1,-1,-1, 1},
{1,-1,-1, 1, 1,-1,-1, 1, 1,-1,-1, 1,-1, 1,-1, 1, 1,-1, 1,-1,-1, 1, 1,-1},
{1,-1,-1, 1,-1, 1,-1, 1, 1,-1, 1,-1, 1,-1,-1, 1, 1,-1,-1, 1, 1,-1,-1, 1},
{1,-1, 1,-1,-1, 1,-1, 1, 1,-1,-1, 1,-1, 1, 1,-1,-1, 1,-1, 1, 1,-1, 1,-1},
{1,-1,-1, 1,-1, 1, 1,-1,-1, 1, 1,-1,-1, 1, 1,-1, 1,-1,-1, 1,-1, 1, 1,-1},
{1,-1, 1,-1,-1, 1,-1, 1,-1, 1, 1,-1, 1,-1,-1, 1,-1, 1, 1,-1,-1, 1, 1,-1}};

// Had.24.6
// order(automorphism group) = 768 = 2^8 * 3
// H induces non-TBI
{{1, 1, 1, 1, 1, 1, 1, 1, 1, 1, 1, 1, 1, 1, 1, 1, 1, 1, 1, 1, 1, 1, 1, 1},
{1, 1, 1, 1, 1, 1, 1, 1, 1, 1, 1, 1,-1,-1,-1,-1,-1,-1,-1,-1,-1,-1,-1,-1},
{1, 1, 1, 1, 1, 1,-1,-1,-1,-1,-1,-1, 1, 1, 1, 1, 1, 1,-1,-1,-1,-1,-1,-1},
{1, 1,-1,-1,-1,-1, 1, 1, 1, 1,-1,-1, 1, 1, 1, 1,-1,-1, 1, 1,-1,-1,-1,-1},
{1, 1, 1, 1,-1,-1, 1, 1,-1,-1,-1,-1, 1, 1,-1,-1,-1,-1,-1,-1, 1, 1, 1, 1},
{1, 1, 1, 1,-1,-1,-1,-1,-1,-1, 1, 1,-1,-1, 1, 1,-1,-1, 1, 1, 1, 1,-1,-1},
{1, 1,-1,-1, 1, 1, 1, 1,-1,-1,-1,-1,-1,-1,-1,-1, 1, 1, 1, 1, 1, 1,-1,-1},
{1, 1, 1, 1,-1,-1,-1,-1, 1, 1,-1,-1,-1,-1,-1,-1, 1, 1, 1, 1,-1,-1, 1, 1},
{1, 1,-1,-1,-1,-1,-1,-1, 1, 1, 1, 1, 1, 1,-1,-1, 1, 1,-1,-1, 1, 1,-1,-1},
{1, 1,-1,-1, 1, 1,-1,-1, 1, 1,-1,-1,-1,-1, 1, 1,-1,-1,-1,-1, 1, 1, 1, 1},
{1, 1,-1,-1,-1,-1, 1, 1,-1,-1, 1, 1,-1,-1, 1, 1, 1, 1,-1,-1,-1,-1, 1, 1},
{1, 1,-1,-1, 1, 1,-1,-1,-1,-1, 1, 1, 1, 1,-1,-1,-1,-1, 1, 1,-1,-1, 1, 1},
{1,-1, 1,-1, 1,-1, 1,-1, 1,-1, 1,-1, 1,-1, 1,-1, 1,-1, 1,-1, 1,-1, 1,-1},
{1,-1, 1,-1, 1,-1, 1,-1, 1,-1, 1,-1,-1, 1,-1, 1,-1, 1,-1, 1,-1, 1,-1, 1},
{1,-1,-1, 1, 1,-1, 1,-1,-1, 1,-1, 1, 1,-1, 1,-1, 1,-1,-1, 1,-1, 1,-1, 1},
{1,-1, 1,-1,-1, 1,-1, 1, 1,-1,-1, 1, 1,-1, 1,-1,-1, 1, 1,-1,-1, 1,-1, 1},
{1,-1,-1, 1, 1,-1,-1, 1, 1,-1,-1, 1, 1,-1,-1, 1,-1, 1,-1, 1, 1,-1, 1,-1},
{1,-1,-1, 1, 1,-1,-1, 1,-1, 1, 1,-1,-1, 1, 1,-1,-1, 1, 1,-1, 1,-1,-1, 1},
{1,-1,-1, 1,-1, 1, 1,-1, 1,-1,-1, 1,-1, 1,-1, 1, 1,-1, 1,-1, 1,-1,-1, 1},
{1,-1, 1,-1, 1,-1,-1, 1,-1, 1,-1, 1,-1, 1,-1, 1, 1,-1, 1,-1,-1, 1, 1,-1},
{1,-1, 1,-1,-1, 1,-1, 1,-1, 1, 1,-1, 1,-1,-1, 1, 1,-1,-1, 1, 1,-1,-1, 1},
{1,-1, 1,-1,-1, 1, 1,-1,-1, 1,-1, 1,-1, 1, 1,-1,-1, 1,-1, 1, 1,-1, 1,-1},
{1,-1,-1, 1,-1, 1,-1, 1, 1,-1, 1,-1,-1, 1, 1,-1, 1,-1,-1, 1,-1, 1, 1,-1},
{1,-1,-1, 1,-1, 1, 1,-1,-1, 1, 1,-1, 1,-1,-1, 1,-1, 1, 1,-1,-1, 1, 1,-1}};

// Had.24.7
// order(automorphism group) = 576 = 2^6 * 3^2
// H induces non-TBI
{{1, 1, 1, 1, 1, 1, 1, 1, 1, 1, 1, 1, 1, 1, 1, 1, 1, 1, 1, 1, 1, 1, 1, 1},
{1, 1, 1, 1, 1, 1, 1, 1, 1, 1, 1, 1,-1,-1,-1,-1,-1,-1,-1,-1,-1,-1,-1,-1},
{1, 1, 1, 1, 1, 1,-1,-1,-1,-1,-1,-1, 1, 1, 1, 1, 1, 1,-1,-1,-1,-1,-1,-1},
{1, 1,-1,-1,-1,-1, 1, 1, 1, 1,-1,-1, 1, 1, 1, 1,-1,-1, 1, 1,-1,-1,-1,-1},
{1, 1, 1, 1,-1,-1, 1, 1,-1,-1,-1,-1, 1, 1,-1,-1,-1,-1,-1,-1, 1, 1, 1, 1},
{1, 1, 1, 1,-1,-1,-1,-1,-1,-1, 1, 1,-1,-1, 1, 1,-1,-1, 1, 1, 1, 1,-1,-1},
{1, 1,-1,-1, 1, 1, 1, 1,-1,-1,-1,-1,-1,-1,-1,-1, 1, 1, 1, 1, 1, 1,-1,-1},
{1, 1, 1, 1,-1,-1,-1,-1, 1, 1,-1,-1,-1,-1,-1,-1, 1, 1, 1, 1,-1,-1, 1, 1},
{1, 1,-1,-1,-1,-1,-1,-1, 1, 1, 1, 1, 1, 1,-1,-1, 1, 1,-1,-1, 1, 1,-1,-1},
{1, 1,-1,-1, 1, 1,-1,-1, 1, 1,-1,-1,-1,-1, 1, 1,-1,-1,-1,-1, 1, 1, 1, 1},
{1, 1,-1,-1,-1,-1, 1, 1,-1,-1, 1, 1,-1,-1, 1, 1, 1, 1,-1,-1,-1,-1, 1, 1},
{1, 1,-1,-1, 1, 1,-1,-1,-1,-1, 1, 1, 1, 1,-1,-1,-1,-1, 1, 1,-1,-1, 1, 1},
{1,-1, 1,-1, 1,-1, 1,-1, 1,-1, 1,-1, 1,-1, 1,-1, 1,-1, 1,-1, 1,-1, 1,-1},
{1,-1, 1,-1, 1,-1, 1,-1, 1,-1, 1,-1,-1, 1,-1, 1,-1, 1,-1, 1,-1, 1,-1, 1},
{1,-1,-1, 1, 1,-1, 1,-1,-1, 1,-1, 1, 1,-1, 1,-1, 1,-1,-1, 1,-1, 1,-1, 1},
{1,-1, 1,-1,-1, 1,-1, 1,-1, 1, 1,-1, 1,-1, 1,-1,-1, 1, 1,-1,-1, 1,-1, 1},
{1,-1, 1,-1, 1,-1,-1, 1,-1, 1,-1, 1, 1,-1,-1, 1,-1, 1,-1, 1, 1,-1, 1,-1},
{1,-1,-1, 1, 1,-1,-1, 1, 1,-1,-1, 1,-1, 1, 1,-1,-1, 1, 1,-1, 1,-1,-1, 1},
{1,-1, 1,-1,-1, 1, 1,-1,-1, 1,-1, 1,-1, 1,-1, 1, 1,-1, 1,-1, 1,-1,-1, 1},
{1,-1,-1, 1, 1,-1,-1, 1,-1, 1, 1,-1,-1, 1,-1, 1, 1,-1, 1,-1,-1, 1, 1,-1},
{1,-1,-1, 1,-1, 1,-1, 1, 1,-1, 1,-1, 1,-1,-1, 1, 1,-1,-1, 1, 1,-1,-1, 1},
{1,-1,-1, 1,-1, 1, 1,-1,-1, 1, 1,-1,-1, 1, 1,-1,-1, 1,-1, 1, 1,-1, 1,-1},
{1,-1, 1,-1,-1, 1,-1, 1, 1,-1,-1, 1,-1, 1, 1,-1, 1,-1,-1, 1,-1, 1, 1,-1},
{1,-1,-1, 1,-1, 1, 1,-1, 1,-1,-1, 1, 1,-1,-1, 1,-1, 1, 1,-1,-1, 1, 1,-1}};

// Had.24.8
// order(automorphism group) = 5280 = 2^5 * 3 * 5 * 11
// H induces TBI
{{1, 1, 1, 1, 1, 1, 1, 1, 1, 1, 1, 1, 1, 1, 1, 1, 1, 1, 1, 1, 1, 1, 1, 1},
{1, 1, 1, 1, 1, 1, 1, 1, 1, 1, 1, 1,-1,-1,-1,-1,-1,-1,-1,-1,-1,-1,-1,-1},
{1, 1, 1, 1, 1, 1,-1,-1,-1,-1,-1,-1, 1, 1, 1, 1, 1, 1,-1,-1,-1,-1,-1,-1},
{1, 1,-1,-1,-1,-1, 1, 1, 1, 1,-1,-1, 1, 1, 1, 1,-1,-1, 1, 1,-1,-1,-1,-1},
{1, 1, 1, 1,-1,-1, 1, 1,-1,-1,-1,-1, 1, 1,-1,-1,-1,-1,-1,-1, 1, 1, 1, 1},
{1, 1, 1, 1,-1,-1,-1,-1,-1,-1, 1, 1,-1,-1, 1, 1,-1,-1, 1, 1, 1, 1,-1,-1},
{1, 1,-1,-1, 1, 1, 1, 1,-1,-1,-1,-1,-1,-1,-1,-1, 1, 1, 1, 1, 1, 1,-1,-1},
{1, 1, 1, 1,-1,-1,-1,-1, 1, 1,-1,-1,-1,-1,-1,-1, 1, 1, 1, 1,-1,-1, 1, 1},
{1, 1,-1,-1,-1,-1,-1,-1, 1, 1, 1, 1, 1, 1,-1,-1, 1, 1,-1,-1, 1, 1,-1,-1},
{1, 1,-1,-1, 1, 1,-1,-1, 1, 1,-1,-1,-1,-1, 1, 1,-1,-1,-1,-1, 1, 1, 1, 1},
{1, 1,-1,-1,-1,-1, 1, 1,-1,-1, 1, 1,-1,-1, 1, 1, 1, 1,-1,-1,-1,-1, 1, 1},
{1, 1,-1,-1, 1, 1,-1,-1,-1,-1, 1, 1, 1, 1,-1,-1,-1,-1, 1, 1,-1,-1, 1, 1},
{1,-1, 1,-1, 1,-1, 1,-1, 1,-1, 1,-1, 1,-1, 1,-1, 1,-1, 1,-1, 1,-1, 1,-1},
{1,-1,-1, 1,-1, 1,-1, 1,-1, 1,-1, 1,-1, 1, 1,-1, 1,-1, 1,-1, 1,-1, 1,-1},
{1,-1,-1, 1,-1, 1,-1, 1, 1,-1, 1,-1, 1,-1,-1, 1,-1, 1,-1, 1, 1,-1, 1,-1},
{1,-1,-1, 1,-1, 1, 1,-1,-1, 1, 1,-1, 1,-1,-1, 1, 1,-1, 1,-1,-1, 1,-1, 1},
{1,-1, 1,-1, 1,-1,-1, 1,-1, 1,-1, 1, 1,-1,-1, 1,-1, 1, 1,-1,-1, 1, 1,-1},
{1,-1,-1, 1, 1,-1, 1,-1,-1, 1, 1,-1,-1, 1, 1,-1,-1, 1,-1, 1,-1, 1, 1,-1},
{1,-1,-1, 1, 1,-1, 1,-1, 1,-1,-1, 1,-1, 1,-1, 1,-1, 1, 1,-1, 1,-1,-1, 1},
{1,-1, 1,-1,-1, 1, 1,-1, 1,-1,-1, 1,-1, 1,-1, 1, 1,-1,-1, 1,-1, 1, 1,-1},
{1,-1,-1, 1, 1,-1,-1, 1, 1,-1,-1, 1, 1,-1, 1,-1, 1,-1,-1, 1,-1, 1,-1, 1},
{1,-1, 1,-1, 1,-1,-1, 1,-1, 1, 1,-1,-1, 1,-1, 1, 1,-1,-1, 1, 1,-1,-1, 1},
{1,-1, 1,-1,-1, 1,-1, 1, 1,-1, 1,-1,-1, 1, 1,-1,-1, 1, 1,-1,-1, 1,-1, 1},
{1,-1, 1,-1,-1, 1, 1,-1,-1, 1,-1, 1, 1,-1, 1,-1,-1, 1,-1, 1, 1,-1,-1, 1}};

// Had.24.9
// order(automorphism group) = 11520 = 2^8 * 3^2 * 5
// H induces non-TBI
{{1, 1, 1, 1, 1, 1, 1, 1, 1, 1, 1, 1, 1, 1, 1, 1, 1, 1, 1, 1, 1, 1, 1, 1},
{1, 1, 1, 1, 1, 1, 1, 1, 1, 1, 1, 1,-1,-1,-1,-1,-1,-1,-1,-1,-1,-1,-1,-1},
{1, 1, 1,-1, 1, 1,-1, 1,-1,-1,-1,-1, 1, 1, 1,-1,-1,-1, 1,-1,-1, 1,-1, 1},
{1, 1, 1,-1, 1, 1,-1, 1,-1,-1,-1,-1,-1,-1,-1, 1, 1, 1,-1, 1, 1,-1, 1,-1},
{1, 1, 1,-1,-1,-1, 1,-1,-1, 1,-1, 1, 1, 1, 1,-1, 1, 1,-1, 1,-1,-1,-1,-1},
{1, 1, 1,-1,-1,-1, 1,-1,-1, 1,-1, 1,-1,-1,-1, 1,-1,-1, 1,-1, 1, 1, 1, 1},
{1, 1,-1, 1, 1,-1, 1,-1,-1,-1, 1,-1, 1, 1,-1, 1, 1,-1, 1,-1,-1,-1, 1,-1},
{1, 1,-1, 1, 1,-1, 1,-1,-1,-1, 1,-1,-1,-1, 1,-1,-1, 1,-1, 1, 1, 1,-1, 1},
{1, 1,-1, 1,-1,-1,-1, 1, 1, 1,-1,-1, 1, 1,-1, 1,-1,-1,-1, 1, 1, 1,-1,-1},
{1, 1,-1, 1,-1,-1,-1, 1, 1, 1,-1,-1,-1,-1, 1,-1, 1, 1, 1,-1,-1,-1, 1, 1},
{1, 1,-1,-1,-1, 1,-1,-1, 1,-1, 1, 1, 1, 1,-1,-1,-1, 1,-1,-1, 1,-1, 1, 1},
{1, 1,-1,-1,-1, 1,-1,-1, 1,-1, 1, 1,-1,-1, 1, 1, 1,-1, 1, 1,-1, 1,-1,-1},
{1,-1, 1, 1, 1,-1,-1,-1, 1,-1,-1, 1, 1,-1, 1, 1, 1,-1,-1,-1, 1,-1,-1, 1},
{1,-1, 1, 1, 1,-1,-1,-1, 1,-1,-1, 1,-1, 1,-1,-1,-1, 1, 1, 1,-1, 1, 1,-1},
{1,-1, 1, 1,-1, 1,-1,-1,-1, 1, 1,-1, 1,-1, 1, 1,-1, 1,-1,-1,-1, 1, 1,-1},
{1,-1, 1, 1,-1, 1,-1,-1,-1, 1, 1,-1,-1, 1,-1,-1, 1,-1, 1, 1, 1,-1,-1, 1},
{1,-1, 1,-1,-1,-1, 1, 1, 1,-1, 1,-1, 1,-1, 1,-1,-1,-1, 1, 1, 1,-1, 1,-1},
{1,-1, 1,-1,-1,-1, 1, 1, 1,-1, 1,-1,-1, 1,-1, 1, 1, 1,-1,-1,-1, 1,-1, 1},
{1,-1,-1, 1,-1, 1, 1, 1,-1,-1,-1, 1, 1,-1,-1, 1,-1, 1, 1, 1,-1,-1,-1, 1},
{1,-1,-1, 1,-1, 1, 1, 1,-1,-1,-1, 1,-1, 1, 1,-1, 1,-1,-1,-1, 1, 1, 1,-1},
{1,-1,-1,-1, 1, 1, 1,-1, 1, 1,-1,-1, 1,-1,-1,-1, 1, 1, 1,-1, 1, 1,-1,-1},
{1,-1,-1,-1, 1, 1, 1,-1, 1, 1,-1,-1,-1, 1, 1, 1,-1,-1,-1, 1,-1,-1, 1, 1},
{1,-1,-1,-1, 1,-1,-1, 1,-1, 1, 1, 1, 1,-1,-1,-1, 1,-1,-1, 1,-1, 1, 1, 1},
{1,-1,-1,-1, 1,-1,-1, 1,-1, 1, 1, 1,-1, 1, 1, 1,-1, 1, 1,-1, 1,-1,-1,-1}};

// Had.24.10
// order(automorphism group) = 384 = 2^7 * 3
// H induces non-TBI
{{1, 1, 1, 1, 1, 1, 1, 1, 1, 1, 1, 1, 1, 1, 1, 1, 1, 1, 1, 1, 1, 1, 1, 1},
{1, 1, 1, 1, 1, 1,-1,-1,-1,-1,-1,-1, 1, 1, 1, 1, 1, 1,-1,-1,-1,-1,-1,-1},
{1, 1, 1, 1, 1, 1, 1, 1, 1, 1, 1, 1,-1,-1,-1,-1,-1,-1,-1,-1,-1,-1,-1,-1},
{1, 1, 1, 1,-1,-1, 1, 1,-1,-1,-1,-1, 1, 1,-1,-1,-1,-1, 1, 1, 1, 1,-1,-1},
{1, 1, 1, 1,-1,-1,-1,-1, 1, 1,-1,-1,-1,-1, 1, 1,-1,-1, 1, 1,-1,-1, 1, 1},
{1, 1, 1, 1,-1,-1,-1,-1,-1,-1, 1, 1,-1,-1,-1,-1, 1, 1,-1,-1, 1, 1, 1, 1},
{1, 1,-1,-1, 1, 1, 1, 1,-1,-1,-1,-1,-1,-1, 1,-1, 1,-1, 1,-1, 1,-1, 1, 1},
{1, 1,-1,-1, 1, 1,-1,-1, 1, 1,-1,-1, 1,-1,-1,-1,-1, 1,-1, 1, 1, 1, 1,-1},
{1, 1,-1,-1, 1, 1,-1,-1,-1,-1, 1, 1,-1, 1,-1, 1,-1,-1, 1, 1,-1, 1,-1, 1},
{1, 1,-1,-1,-1,-1, 1, 1, 1, 1,-1,-1,-1, 1,-1, 1, 1, 1,-1,-1,-1, 1,-1, 1},
{1, 1,-1,-1,-1,-1, 1, 1,-1,-1, 1, 1, 1,-1, 1, 1,-1, 1,-1, 1,-1,-1, 1,-1},
{1, 1,-1,-1,-1,-1,-1,-1, 1, 1, 1, 1, 1, 1, 1,-1, 1,-1, 1,-1, 1,-1,-1,-1},
{1,-1, 1,-1, 1,-1, 1,-1, 1,-1, 1,-1, 1,-1,-1, 1, 1,-1, 1,-1,-1, 1, 1,-1},
{1,-1, 1,-1, 1,-1, 1,-1, 1,-1, 1,-1,-1, 1, 1,-1,-1, 1,-1, 1, 1,-1,-1, 1},
{1,-1, 1,-1, 1,-1,-1, 1,-1, 1,-1, 1, 1,-1,-1, 1, 1,-1,-1, 1, 1,-1,-1, 1},
{1,-1, 1,-1,-1, 1, 1,-1,-1, 1,-1, 1,-1, 1, 1,-1, 1,-1,-1, 1,-1, 1, 1,-1},
{1,-1, 1,-1,-1, 1,-1, 1, 1,-1,-1, 1,-1, 1,-1, 1,-1, 1, 1,-1, 1,-1, 1,-1},
{1,-1, 1,-1,-1, 1,-1, 1,-1, 1, 1,-1, 1,-1, 1,-1,-1, 1, 1,-1,-1, 1,-1, 1},
{1,-1,-1, 1, 1,-1, 1,-1,-1, 1,-1, 1,-1,-1, 1, 1,-1, 1, 1,-1, 1, 1,-1,-1},
{1,-1,-1, 1, 1,-1,-1, 1, 1,-1,-1, 1, 1, 1, 1,-1,-1,-1,-1,-1,-1, 1, 1, 1},
{1,-1,-1, 1, 1,-1,-1, 1,-1, 1, 1,-1,-1, 1,-1,-1, 1, 1, 1, 1,-1,-1, 1,-1},
{1,-1,-1, 1,-1, 1,-1, 1, 1,-1, 1,-1,-1,-1, 1, 1, 1,-1,-1, 1, 1, 1,-1,-1},
{1,-1,-1, 1,-1, 1, 1,-1,-1, 1, 1,-1, 1, 1,-1, 1,-1,-1,-1,-1, 1,-1, 1, 1},
{1,-1,-1, 1,-1, 1, 1,-1, 1,-1,-1, 1, 1,-1,-1,-1, 1, 1, 1, 1,-1,-1,-1, 1}};

// Had.24.11
// order(automorphism group) = 128 = 2^7
// H induces non-TBI
{{1, 1, 1, 1, 1, 1, 1, 1, 1, 1, 1, 1, 1, 1, 1, 1, 1, 1, 1, 1, 1, 1, 1, 1},
{1, 1, 1, 1, 1, 1,-1,-1,-1,-1,-1,-1, 1, 1, 1, 1, 1, 1,-1,-1,-1,-1,-1,-1},
{1, 1, 1, 1, 1, 1, 1, 1, 1, 1, 1, 1,-1,-1,-1,-1,-1,-1,-1,-1,-1,-1,-1,-1},
{1, 1, 1, 1,-1,-1, 1, 1,-1,-1,-1,-1, 1, 1,-1,-1,-1,-1, 1, 1, 1, 1,-1,-1},
{1, 1, 1, 1,-1,-1,-1,-1, 1, 1,-1,-1,-1,-1, 1, 1,-1,-1, 1, 1,-1,-1, 1, 1},
{1, 1, 1, 1,-1,-1,-1,-1,-1,-1, 1, 1,-1,-1,-1,-1, 1, 1,-1,-1, 1, 1, 1, 1},
{1, 1,-1,-1, 1, 1, 1, 1,-1,-1,-1,-1,-1,-1, 1,-1, 1,-1, 1,-1, 1,-1, 1, 1},
{1, 1,-1,-1, 1, 1,-1,-1, 1, 1,-1,-1, 1,-1,-1,-1,-1, 1,-1, 1, 1, 1, 1,-1},
{1, 1,-1,-1, 1, 1,-1,-1,-1,-1, 1, 1,-1, 1,-1, 1,-1,-1, 1, 1,-1, 1,-1, 1},
{1, 1,-1,-1,-1,-1, 1, 1, 1, 1,-1,-1,-1, 1,-1, 1, 1, 1,-1,-1,-1, 1,-1, 1},
{1, 1,-1,-1,-1,-1, 1, 1,-1,-1, 1, 1, 1,-1, 1, 1,-1, 1,-1, 1,-1,-1, 1,-1},
{1, 1,-1,-1,-1,-1,-1,-1, 1, 1, 1, 1, 1, 1, 1,-1, 1,-1, 1,-1, 1,-1,-1,-1},
{1,-1, 1,-1, 1,-1, 1,-1, 1,-1, 1,-1, 1,-1,-1, 1, 1,-1, 1,-1,-1, 1, 1,-1},
{1,-1, 1,-1, 1,-1, 1,-1, 1,-1, 1,-1,-1, 1, 1,-1,-1, 1,-1, 1, 1,-1,-1, 1},
{1,-1, 1,-1, 1,-1,-1, 1,-1, 1,-1, 1, 1,-1,-1, 1,-1, 1, 1,-1, 1,-1,-1, 1},
{1,-1, 1,-1,-1, 1, 1,-1,-1, 1,-1, 1,-1, 1, 1,-1,-1, 1, 1,-1,-1, 1, 1,-1},
{1,-1, 1,-1,-1, 1,-1, 1, 1,-1,-1, 1,-1, 1,-1, 1, 1,-1,-1, 1, 1,-1, 1,-1},
{1,-1, 1,-1,-1, 1,-1, 1,-1, 1, 1,-1, 1,-1, 1,-1, 1,-1,-1, 1,-1, 1,-1, 1},
{1,-1,-1, 1, 1,-1, 1,-1,-1, 1,-1, 1,-1,-1, 1, 1, 1,-1,-1, 1, 1, 1,-1,-1},
{1,-1,-1, 1, 1,-1,-1, 1, 1,-1,-1, 1, 1, 1, 1,-1,-1,-1,-1,-1,-1, 1, 1, 1},
{1,-1,-1, 1, 1,-1,-1, 1,-1, 1, 1,-1,-1, 1,-1,-1, 1, 1, 1, 1,-1,-1, 1,-1},
{1,-1,-1, 1,-1, 1,-1, 1, 1,-1, 1,-1,-1,-1, 1, 1,-1, 1, 1,-1, 1, 1,-1,-1},
{1,-1,-1, 1,-1, 1, 1,-1,-1, 1, 1,-1, 1, 1,-1, 1,-1,-1,-1,-1, 1,-1, 1, 1},
{1,-1,-1, 1,-1, 1, 1,-1, 1,-1,-1, 1, 1,-1,-1,-1, 1, 1, 1, 1,-1,-1,-1, 1}};

// Had.24.12
// order(automorphism group) = 256 = 2^8
// H induces non-TBI
{{1, 1, 1, 1, 1, 1, 1, 1, 1, 1, 1, 1, 1, 1, 1, 1, 1, 1, 1, 1, 1, 1, 1, 1},
{1, 1, 1, 1, 1, 1,-1,-1,-1,-1,-1,-1, 1, 1, 1, 1, 1, 1,-1,-1,-1,-1,-1,-1},
{1, 1, 1, 1, 1, 1, 1, 1, 1, 1, 1, 1,-1,-1,-1,-1,-1,-1,-1,-1,-1,-1,-1,-1},
{1, 1, 1, 1,-1,-1, 1, 1,-1,-1,-1,-1, 1, 1,-1,-1,-1,-1, 1, 1, 1, 1,-1,-1},
{1, 1, 1, 1,-1,-1,-1,-1, 1, 1,-1,-1,-1,-1, 1, 1,-1,-1, 1, 1,-1,-1, 1, 1},
{1, 1, 1, 1,-1,-1,-1,-1,-1,-1, 1, 1,-1,-1,-1,-1, 1, 1,-1,-1, 1, 1, 1, 1},
{1, 1,-1,-1, 1, 1, 1, 1,-1,-1,-1,-1,-1,-1, 1,-1, 1,-1, 1,-1, 1,-1, 1, 1},
{1, 1,-1,-1, 1, 1,-1,-1, 1, 1,-1,-1, 1,-1,-1,-1,-1, 1,-1, 1, 1, 1, 1,-1},
{1, 1,-1,-1, 1, 1,-1,-1,-1,-1, 1, 1,-1, 1,-1, 1,-1,-1, 1, 1,-1, 1,-1, 1},
{1, 1,-1,-1,-1,-1, 1, 1, 1, 1,-1,-1,-1, 1,-1, 1, 1, 1,-1,-1,-1, 1,-1, 1},
{1, 1,-1,-1,-1,-1, 1, 1,-1,-1, 1, 1, 1,-1, 1, 1,-1, 1,-1, 1,-1,-1, 1,-1},
{1, 1,-1,-1,-1,-1,-1,-1, 1, 1, 1, 1, 1, 1, 1,-1, 1,-1, 1,-1, 1,-1,-1,-1},
{1,-1, 1,-1, 1,-1, 1,-1, 1,-1, 1,-1, 1,-1,-1, 1, 1,-1, 1,-1,-1, 1, 1,-1},
{1,-1, 1,-1, 1,-1, 1,-1, 1,-1, 1,-1,-1, 1, 1,-1,-1, 1,-1, 1, 1,-1,-1, 1},
{1,-1, 1,-1, 1,-1,-1, 1,-1, 1,-1, 1, 1,-1, 1,-1, 1,-1,-1, 1,-1, 1,-1, 1},
{1,-1, 1,-1,-1, 1, 1,-1,-1, 1,-1, 1,-1, 1,-1, 1, 1,-1,-1, 1, 1,-1, 1,-1},
{1,-1, 1,-1,-1, 1,-1, 1, 1,-1,-1, 1,-1, 1, 1,-1,-1, 1, 1,-1,-1, 1, 1,-1},
{1,-1, 1,-1,-1, 1,-1, 1,-1, 1, 1,-1, 1,-1,-1, 1,-1, 1, 1,-1, 1,-1,-1, 1},
{1,-1,-1, 1, 1,-1, 1,-1,-1, 1,-1, 1,-1,-1, 1, 1,-1, 1, 1,-1, 1, 1,-1,-1},
{1,-1,-1, 1, 1,-1,-1, 1, 1,-1,-1, 1, 1, 1,-1, 1,-1,-1,-1,-1, 1,-1, 1, 1},
{1,-1,-1, 1, 1,-1,-1, 1,-1, 1, 1,-1,-1, 1,-1,-1, 1, 1, 1, 1,-1,-1, 1,-1},
{1,-1,-1, 1,-1, 1,-1, 1, 1,-1, 1,-1,-1,-1, 1, 1, 1,-1,-1, 1, 1, 1,-1,-1},
{1,-1,-1, 1,-1, 1, 1,-1,-1, 1, 1,-1, 1, 1, 1,-1,-1,-1,-1,-1,-1, 1, 1, 1},
{1,-1,-1, 1,-1, 1, 1,-1, 1,-1,-1, 1, 1,-1,-1,-1, 1, 1, 1, 1,-1,-1,-1, 1}};

// Had.24.13
// order(automorphism group) = 48 = 2^4 * 3
// H induces non-TBI
{{1, 1, 1, 1, 1, 1, 1, 1, 1, 1, 1, 1, 1, 1, 1, 1, 1, 1, 1, 1, 1, 1, 1, 1},
{1, 1, 1, 1, 1, 1,-1,-1,-1,-1,-1,-1, 1, 1, 1, 1, 1, 1,-1,-1,-1,-1,-1,-1},
{1, 1, 1, 1, 1, 1, 1, 1, 1, 1, 1, 1,-1,-1,-1,-1,-1,-1,-1,-1,-1,-1,-1,-1},
{1, 1, 1, 1,-1,-1, 1, 1,-1,-1,-1,-1, 1, 1,-1,-1,-1,-1, 1, 1, 1, 1,-1,-1},
{1, 1, 1, 1,-1,-1,-1,-1, 1, 1,-1,-1,-1,-1, 1, 1,-1,-1, 1, 1,-1,-1, 1, 1},
{1, 1, 1, 1,-1,-1,-1,-1,-1,-1, 1, 1,-1,-1,-1,-1, 1, 1,-1,-1, 1, 1, 1, 1},
{1, 1,-1,-1, 1, 1, 1, 1,-1,-1,-1,-1,-1,-1, 1,-1, 1,-1, 1,-1, 1,-1, 1, 1},
{1, 1,-1,-1, 1, 1,-1,-1, 1, 1,-1,-1, 1,-1,-1,-1,-1, 1,-1, 1, 1, 1, 1,-1},
{1, 1,-1,-1, 1, 1,-1,-1,-1,-1, 1, 1,-1, 1,-1, 1,-1,-1, 1, 1,-1, 1,-1, 1},
{1, 1,-1,-1,-1,-1, 1, 1, 1, 1,-1,-1,-1, 1,-1, 1, 1, 1,-1,-1,-1, 1,-1, 1},
{1, 1,-1,-1,-1,-1, 1, 1,-1,-1, 1, 1, 1,-1, 1, 1,-1, 1,-1, 1,-1,-1, 1,-1},
{1, 1,-1,-1,-1,-1,-1,-1, 1, 1, 1, 1, 1, 1, 1,-1, 1,-1, 1,-1, 1,-1,-1,-1},
{1,-1, 1,-1, 1,-1, 1,-1, 1,-1, 1,-1, 1,-1,-1, 1, 1,-1, 1,-1,-1, 1, 1,-1},
{1,-1, 1,-1, 1,-1, 1,-1, 1,-1, 1,-1,-1, 1, 1,-1,-1, 1,-1, 1, 1,-1,-1, 1},
{1,-1, 1,-1, 1,-1,-1, 1,-1, 1,-1, 1, 1,-1,-1, 1,-1, 1, 1,-1, 1,-1,-1, 1},
{1,-1, 1,-1,-1, 1, 1,-1,-1, 1,-1, 1,-1, 1, 1, 1,-1,-1,-1,-1, 1, 1, 1,-1},
{1,-1, 1,-1,-1, 1,-1, 1, 1,-1,-1, 1,-1, 1,-1,-1, 1, 1, 1, 1,-1,-1, 1,-1},
{1,-1, 1,-1,-1, 1,-1, 1,-1, 1, 1,-1, 1,-1, 1,-1, 1,-1,-1, 1,-1, 1,-1, 1},
{1,-1,-1, 1, 1,-1, 1,-1,-1, 1,-1, 1,-1,-1, 1,-1, 1, 1, 1, 1,-1, 1,-1,-1},
{1,-1,-1, 1, 1,-1,-1, 1, 1,-1,-1, 1, 1, 1, 1,-1,-1,-1,-1,-1,-1, 1, 1, 1},
{1,-1,-1, 1, 1,-1,-1, 1,-1, 1, 1,-1,-1, 1,-1, 1, 1,-1,-1, 1, 1,-1, 1,-1},
{1,-1,-1, 1,-1, 1,-1, 1, 1,-1, 1,-1,-1,-1, 1, 1,-1, 1, 1,-1, 1, 1,-1,-1},
{1,-1,-1, 1,-1, 1, 1,-1,-1, 1, 1,-1, 1, 1,-1,-1,-1, 1, 1,-1,-1,-1, 1, 1},
{1,-1,-1, 1,-1, 1, 1,-1, 1,-1,-1, 1, 1,-1,-1, 1, 1,-1,-1, 1, 1,-1,-1, 1}};

// Had.24.14
// order(automorphism group) = 144 = 2^4 * 3^2
// H induces non-TBI
{{1, 1, 1, 1, 1, 1, 1, 1, 1, 1, 1, 1, 1, 1, 1, 1, 1, 1, 1, 1, 1, 1, 1, 1},
{1, 1, 1, 1, 1, 1,-1,-1,-1,-1,-1,-1, 1, 1, 1, 1, 1, 1,-1,-1,-1,-1,-1,-1},
{1, 1, 1, 1, 1, 1, 1, 1, 1, 1, 1, 1,-1,-1,-1,-1,-1,-1,-1,-1,-1,-1,-1,-1},
{1, 1, 1, 1,-1,-1, 1, 1,-1,-1,-1,-1, 1, 1,-1,-1,-1,-1, 1, 1, 1, 1,-1,-1},
{1, 1, 1, 1,-1,-1,-1,-1, 1, 1,-1,-1,-1,-1, 1, 1,-1,-1, 1, 1,-1,-1, 1, 1},
{1, 1, 1, 1,-1,-1,-1,-1,-1,-1, 1, 1,-1,-1,-1,-1, 1, 1,-1,-1, 1, 1, 1, 1},
{1, 1,-1,-1, 1, 1, 1, 1,-1,-1,-1,-1,-1,-1, 1,-1, 1,-1, 1,-1, 1,-1, 1, 1},
{1, 1,-1,-1, 1, 1,-1,-1, 1, 1,-1,-1, 1,-1,-1,-1,-1, 1,-1, 1, 1, 1, 1,-1},
{1, 1,-1,-1, 1, 1,-1,-1,-1,-1, 1, 1,-1, 1,-1, 1,-1,-1, 1, 1,-1, 1,-1, 1},
{1, 1,-1,-1,-1,-1, 1, 1, 1, 1,-1,-1,-1, 1,-1, 1, 1, 1,-1,-1,-1, 1,-1, 1},
{1, 1,-1,-1,-1,-1, 1, 1,-1,-1, 1, 1, 1,-1, 1, 1,-1, 1,-1, 1,-1,-1, 1,-1},
{1, 1,-1,-1,-1,-1,-1,-1, 1, 1, 1, 1, 1, 1, 1,-1, 1,-1, 1,-1, 1,-1,-1,-1},
{1,-1, 1,-1, 1,-1, 1,-1, 1,-1, 1,-1, 1,-1,-1, 1, 1,-1, 1,-1,-1, 1, 1,-1},
{1,-1, 1,-1, 1,-1, 1,-1, 1,-1, 1,-1,-1, 1, 1,-1,-1, 1,-1, 1, 1,-1,-1, 1},
{1,-1, 1,-1, 1,-1,-1, 1,-1, 1,-1, 1, 1,-1, 1,-1, 1,-1,-1, 1,-1, 1,-1, 1},
{1,-1, 1,-1,-1, 1, 1,-1,-1, 1,-1, 1,-1, 1, 1,-1,-1, 1, 1,-1,-1, 1, 1,-1},
{1,-1, 1,-1,-1, 1,-1, 1, 1,-1,-1, 1,-1, 1,-1, 1, 1,-1,-1, 1, 1,-1, 1,-1},
{1,-1, 1,-1,-1, 1,-1, 1,-1, 1, 1,-1, 1,-1,-1, 1,-1, 1, 1,-1, 1,-1,-1, 1},
{1,-1,-1, 1, 1,-1, 1,-1,-1, 1,-1, 1,-1,-1,-1, 1, 1, 1, 1, 1, 1,-1,-1,-1},
{1,-1,-1, 1, 1,-1,-1, 1, 1,-1,-1, 1, 1, 1,-1,-1,-1, 1, 1,-1,-1,-1, 1, 1},
{1,-1,-1, 1, 1,-1,-1, 1,-1, 1, 1,-1,-1, 1, 1, 1,-1,-1,-1,-1, 1, 1, 1,-1},
{1,-1,-1, 1,-1, 1,-1, 1, 1,-1, 1,-1,-1,-1, 1,-1, 1, 1, 1, 1,-1, 1,-1,-1},
{1,-1,-1, 1,-1, 1, 1,-1,-1, 1, 1,-1, 1, 1,-1,-1, 1,-1,-1, 1,-1,-1, 1, 1},
{1,-1,-1, 1,-1, 1, 1,-1, 1,-1,-1, 1, 1,-1, 1, 1,-1,-1,-1,-1, 1, 1,-1, 1}};

// Had.24.15
// order(automorphism group) = 128 = 2^7
// H induces non-TBI
{{1, 1, 1, 1, 1, 1, 1, 1, 1, 1, 1, 1, 1, 1, 1, 1, 1, 1, 1, 1, 1, 1, 1, 1},
{1, 1, 1, 1, 1, 1,-1,-1,-1,-1,-1,-1, 1, 1, 1, 1, 1, 1,-1,-1,-1,-1,-1,-1},
{1, 1, 1, 1, 1, 1, 1, 1, 1, 1, 1, 1,-1,-1,-1,-1,-1,-1,-1,-1,-1,-1,-1,-1},
{1, 1, 1, 1,-1,-1, 1, 1,-1,-1,-1,-1, 1, 1,-1,-1,-1,-1, 1, 1, 1, 1,-1,-1},
{1, 1, 1, 1,-1,-1,-1,-1, 1, 1,-1,-1,-1,-1, 1, 1,-1,-1, 1, 1,-1,-1, 1, 1},
{1, 1, 1, 1,-1,-1,-1,-1,-1,-1, 1, 1,-1,-1,-1,-1, 1, 1,-1,-1, 1, 1, 1, 1},
{1, 1,-1,-1, 1, 1, 1, 1,-1,-1,-1,-1,-1,-1, 1,-1, 1,-1, 1,-1, 1,-1, 1, 1},
{1, 1,-1,-1, 1, 1,-1,-1, 1, 1,-1,-1, 1,-1,-1,-1,-1, 1,-1, 1, 1, 1, 1,-1},
{1, 1,-1,-1, 1, 1,-1,-1,-1,-1, 1, 1,-1, 1,-1, 1,-1,-1, 1, 1,-1, 1,-1, 1},
{1, 1,-1,-1,-1,-1, 1, 1, 1, 1,-1,-1,-1, 1,-1, 1, 1, 1,-1,-1,-1, 1,-1, 1},
{1, 1,-1,-1,-1,-1, 1, 1,-1,-1, 1, 1, 1,-1, 1, 1,-1, 1,-1, 1,-1,-1, 1,-1},
{1, 1,-1,-1,-1,-1,-1,-1, 1, 1, 1, 1, 1, 1, 1,-1, 1,-1, 1,-1, 1,-1,-1,-1},
{1,-1, 1,-1, 1,-1, 1,-1, 1,-1, 1,-1, 1,-1,-1, 1, 1,-1, 1,-1,-1, 1, 1,-1},
{1,-1, 1,-1, 1,-1, 1,-1, 1,-1, 1,-1,-1, 1, 1,-1,-1, 1,-1, 1, 1,-1,-1, 1},
{1,-1, 1,-1, 1,-1,-1, 1,-1, 1,-1, 1, 1,-1, 1,-1,-1, 1, 1,-1,-1, 1,-1, 1},
{1,-1, 1,-1,-1, 1, 1,-1,-1, 1,-1, 1,-1, 1,-1, 1,-1, 1, 1,-1, 1,-1, 1,-1},
{1,-1, 1,-1,-1, 1,-1, 1, 1,-1,-1, 1,-1, 1, 1,-1, 1,-1,-1, 1,-1, 1, 1,-1},
{1,-1, 1,-1,-1, 1,-1, 1,-1, 1, 1,-1, 1,-1,-1, 1, 1,-1,-1, 1, 1,-1,-1, 1},
{1,-1,-1, 1, 1,-1, 1,-1,-1, 1,-1, 1,-1,-1, 1, 1, 1,-1,-1, 1, 1, 1,-1,-1},
{1,-1,-1, 1, 1,-1,-1, 1, 1,-1,-1, 1, 1, 1,-1, 1,-1,-1,-1,-1, 1,-1, 1, 1},
{1,-1,-1, 1, 1,-1,-1, 1,-1, 1, 1,-1,-1, 1,-1,-1, 1, 1, 1, 1,-1,-1, 1,-1},
{1,-1,-1, 1,-1, 1,-1, 1, 1,-1, 1,-1,-1,-1, 1, 1,-1, 1, 1,-1, 1, 1,-1,-1},
{1,-1,-1, 1,-1, 1, 1,-1,-1, 1, 1,-1, 1, 1, 1,-1,-1,-1,-1,-1,-1, 1, 1, 1},
{1,-1,-1, 1,-1, 1, 1,-1, 1,-1,-1, 1, 1,-1,-1,-1, 1, 1, 1, 1,-1,-1,-1, 1}};

// Had.24.16
// order(automorphism group) = 80 = 2^4 * 5
// H induces non-TBI
{{1, 1, 1, 1, 1, 1, 1, 1, 1, 1, 1, 1, 1, 1, 1, 1, 1, 1, 1, 1, 1, 1, 1, 1},
{1, 1, 1, 1, 1, 1,-1,-1,-1,-1,-1,-1, 1, 1, 1, 1, 1, 1,-1,-1,-1,-1,-1,-1},
{1, 1, 1, 1, 1, 1, 1, 1, 1, 1, 1, 1,-1,-1,-1,-1,-1,-1,-1,-1,-1,-1,-1,-1},
{1, 1, 1, 1,-1,-1, 1, 1,-1,-1,-1,-1, 1, 1,-1,-1,-1,-1, 1, 1, 1, 1,-1,-1},
{1, 1, 1, 1,-1,-1,-1,-1, 1, 1,-1,-1,-1,-1, 1, 1,-1,-1, 1, 1,-1,-1, 1, 1},
{1, 1, 1, 1,-1,-1,-1,-1,-1,-1, 1, 1,-1,-1,-1,-1, 1, 1,-1,-1, 1, 1, 1, 1},
{1, 1,-1,-1, 1, 1, 1, 1,-1,-1,-1,-1,-1,-1, 1,-1, 1,-1, 1,-1, 1,-1, 1, 1},
{1, 1,-1,-1, 1, 1,-1,-1, 1, 1,-1,-1, 1,-1,-1,-1,-1, 1,-1, 1, 1, 1, 1,-1},
{1, 1,-1,-1, 1, 1,-1,-1,-1,-1, 1, 1,-1, 1,-1, 1,-1,-1, 1, 1,-1, 1,-1, 1},
{1, 1,-1,-1,-1,-1, 1, 1, 1, 1,-1,-1,-1, 1,-1, 1, 1, 1,-1,-1,-1, 1,-1, 1},
{1, 1,-1,-1,-1,-1, 1, 1,-1,-1, 1, 1, 1,-1, 1, 1,-1, 1,-1, 1,-1,-1, 1,-1},
{1, 1,-1,-1,-1,-1,-1,-1, 1, 1, 1, 1, 1, 1, 1,-1, 1,-1, 1,-1, 1,-1,-1,-1},
{1,-1, 1,-1, 1,-1, 1,-1, 1,-1, 1,-1, 1,-1,-1, 1, 1,-1, 1,-1,-1, 1, 1,-1},
{1,-1, 1,-1, 1,-1, 1,-1, 1,-1, 1,-1,-1, 1, 1,-1,-1, 1,-1, 1, 1,-1,-1, 1},
{1,-1, 1,-1, 1,-1,-1, 1,-1, 1,-1, 1, 1,-1, 1, 1,-1,-1,-1,-1, 1, 1,-1, 1},
{1,-1, 1,-1,-1, 1, 1,-1,-1, 1,-1, 1,-1, 1,-1, 1,-1, 1, 1,-1, 1,-1, 1,-1},
{1,-1, 1,-1,-1, 1,-1, 1, 1,-1,-1, 1,-1, 1, 1,-1, 1,-1,-1, 1,-1, 1, 1,-1},
{1,-1, 1,-1,-1, 1,-1, 1,-1, 1, 1,-1, 1,-1,-1,-1, 1, 1, 1, 1,-1,-1,-1, 1},
{1,-1,-1, 1, 1,-1, 1,-1,-1, 1,-1, 1,-1,-1, 1,-1, 1, 1, 1, 1,-1, 1,-1,-1},
{1,-1,-1, 1, 1,-1,-1, 1, 1,-1,-1, 1, 1, 1,-1,-1,-1, 1, 1,-1,-1,-1, 1, 1},
{1,-1,-1, 1, 1,-1,-1, 1,-1, 1, 1,-1,-1, 1,-1, 1, 1,-1,-1, 1, 1,-1, 1,-1},
{1,-1,-1, 1,-1, 1,-1, 1, 1,-1, 1,-1,-1,-1, 1, 1,-1, 1, 1,-1, 1, 1,-1,-1},
{1,-1,-1, 1,-1, 1, 1,-1,-1, 1, 1,-1, 1, 1, 1,-1,-1,-1,-1,-1,-1, 1, 1, 1},
{1,-1,-1, 1,-1, 1, 1,-1, 1,-1,-1, 1, 1,-1,-1, 1, 1,-1,-1, 1, 1,-1,-1, 1}};

// Had.24.17
// order(automorphism group) = 1536 = 2^9 * 3
// H induces non-TBI
{{1, 1, 1, 1, 1, 1, 1, 1, 1, 1, 1, 1, 1, 1, 1, 1, 1, 1, 1, 1, 1, 1, 1, 1},
{1, 1, 1, 1, 1, 1, 1, 1, 1, 1, 1, 1,-1,-1,-1,-1,-1,-1,-1,-1,-1,-1,-1,-1},
{1, 1, 1,-1, 1, 1,-1, 1,-1,-1,-1,-1, 1, 1, 1,-1,-1,-1, 1,-1,-1, 1,-1, 1},
{1, 1, 1,-1, 1, 1,-1, 1,-1,-1,-1,-1,-1,-1,-1, 1, 1, 1,-1, 1, 1,-1, 1,-1},
{1, 1, 1,-1,-1,-1, 1,-1,-1, 1,-1, 1, 1, 1, 1,-1, 1, 1,-1, 1,-1,-1,-1,-1},
{1, 1, 1,-1,-1,-1, 1,-1,-1, 1,-1, 1,-1,-1,-1, 1,-1,-1, 1,-1, 1, 1, 1, 1},
{1, 1,-1, 1, 1,-1, 1,-1,-1,-1, 1,-1, 1, 1,-1, 1,-1,-1,-1, 1, 1, 1,-1,-1},
{1, 1,-1, 1, 1,-1, 1,-1,-1,-1, 1,-1,-1,-1, 1,-1, 1, 1, 1,-1,-1,-1, 1, 1},
{1, 1,-1, 1,-1,-1,-1, 1, 1, 1,-1,-1, 1, 1,-1, 1, 1,-1, 1,-1,-1,-1, 1,-1},
{1, 1,-1, 1,-1,-1,-1, 1, 1, 1,-1,-1,-1,-1, 1,-1,-1, 1,-1, 1, 1, 1,-1, 1},
{1, 1,-1,-1,-1, 1,-1,-1, 1,-1, 1, 1, 1, 1,-1,-1,-1, 1,-1,-1, 1,-1, 1, 1},
{1, 1,-1,-1,-1, 1,-1,-1, 1,-1, 1, 1,-1,-1, 1, 1, 1,-1, 1, 1,-1, 1,-1,-1},
{1,-1, 1, 1, 1,-1,-1,-1, 1,-1,-1, 1, 1,-1, 1, 1, 1,-1,-1,-1, 1,-1,-1, 1},
{1,-1, 1, 1, 1,-1,-1,-1, 1,-1,-1, 1,-1, 1,-1,-1,-1, 1, 1, 1,-1, 1, 1,-1},
{1,-1, 1, 1,-1, 1,-1,-1,-1, 1, 1,-1, 1,-1, 1, 1,-1, 1,-1,-1,-1, 1, 1,-1},
{1,-1, 1, 1,-1, 1,-1,-1,-1, 1, 1,-1,-1, 1,-1,-1, 1,-1, 1, 1, 1,-1,-1, 1},
{1,-1, 1,-1,-1,-1, 1, 1, 1,-1, 1,-1, 1,-1, 1,-1,-1,-1, 1, 1, 1,-1, 1,-1},
{1,-1, 1,-1,-1,-1, 1, 1, 1,-1, 1,-1,-1, 1,-1, 1, 1, 1,-1,-1,-1, 1,-1, 1},
{1,-1,-1, 1,-1, 1, 1, 1,-1,-1,-1, 1, 1,-1,-1, 1,-1, 1, 1, 1,-1,-1,-1, 1},
{1,-1,-1, 1,-1, 1, 1, 1,-1,-1,-1, 1,-1, 1, 1,-1, 1,-1,-1,-1, 1, 1, 1,-1},
{1,-1,-1,-1, 1, 1, 1,-1, 1, 1,-1,-1, 1,-1,-1,-1, 1, 1, 1,-1, 1, 1,-1,-1},
{1,-1,-1,-1, 1, 1, 1,-1, 1, 1,-1,-1,-1, 1, 1, 1,-1,-1,-1, 1,-1,-1, 1, 1},
{1,-1,-1,-1, 1,-1,-1, 1,-1, 1, 1, 1, 1,-1,-1,-1, 1,-1,-1, 1,-1, 1, 1, 1},
{1,-1,-1,-1, 1,-1,-1, 1,-1, 1, 1, 1,-1, 1, 1, 1,-1, 1, 1,-1, 1,-1,-1,-1}};

// Had.24.18
// order(automorphism group) = 128 = 2^7
// H induces non-TBI
{{1, 1, 1, 1, 1, 1, 1, 1, 1, 1, 1, 1, 1, 1, 1, 1, 1, 1, 1, 1, 1, 1, 1, 1},
{1, 1, 1, 1, 1, 1, 1, 1, 1, 1, 1, 1,-1,-1,-1,-1,-1,-1,-1,-1,-1,-1,-1,-1},
{1, 1, 1, 1, 1, 1,-1,-1,-1,-1,-1,-1, 1, 1, 1, 1, 1, 1,-1,-1,-1,-1,-1,-1},
{1, 1, 1, 1, 1, 1,-1,-1,-1,-1,-1,-1,-1,-1,-1,-1,-1,-1, 1, 1, 1, 1, 1, 1},
{1, 1, 1,-1,-1,-1, 1, 1, 1,-1,-1,-1, 1, 1, 1,-1,-1,-1, 1, 1, 1,-1,-1,-1},
{1, 1, 1,-1,-1,-1, 1, 1, 1,-1,-1,-1,-1,-1,-1, 1, 1, 1,-1,-1,-1, 1, 1, 1},
{1,-1, 1, 1,-1,-1, 1,-1,-1, 1, 1,-1, 1, 1,-1, 1,-1,-1, 1,-1,-1,-1, 1, 1},
{1,-1, 1, 1,-1,-1, 1,-1,-1, 1, 1,-1,-1,-1, 1,-1, 1, 1,-1, 1, 1, 1,-1,-1},
{1,-1, 1,-1, 1,-1,-1, 1,-1, 1,-1, 1, 1, 1,-1,-1, 1,-1,-1, 1,-1, 1,-1, 1},
{1,-1, 1,-1, 1,-1,-1, 1,-1, 1,-1, 1,-1,-1, 1, 1,-1, 1, 1,-1, 1,-1, 1,-1},
{1,-1, 1,-1,-1, 1,-1,-1, 1,-1, 1, 1, 1, 1,-1,-1,-1, 1,-1,-1, 1, 1, 1,-1},
{1,-1, 1,-1,-1, 1,-1,-1, 1,-1, 1, 1,-1,-1, 1, 1, 1,-1, 1, 1,-1,-1,-1, 1},
{1, 1,-1, 1,-1,-1,-1, 1,-1,-1, 1, 1, 1,-1, 1,-1,-1, 1,-1, 1,-1,-1, 1, 1},
{1, 1,-1, 1,-1,-1,-1,-1, 1, 1,-1, 1,-1, 1,-1, 1, 1,-1,-1, 1, 1,-1, 1,-1},
{1, 1,-1,-1, 1,-1, 1,-1,-1,-1, 1, 1,-1, 1,-1, 1,-1, 1, 1, 1,-1, 1,-1,-1},
{1, 1,-1,-1, 1,-1,-1,-1, 1, 1, 1,-1, 1,-1, 1,-1, 1,-1, 1,-1,-1, 1, 1,-1},
{1, 1,-1,-1,-1, 1, 1,-1,-1, 1,-1, 1, 1,-1,-1,-1, 1, 1, 1,-1, 1,-1,-1, 1},
{1, 1,-1,-1,-1, 1,-1, 1,-1, 1, 1,-1,-1, 1, 1, 1,-1,-1,-1,-1, 1, 1,-1, 1},
{1,-1,-1, 1, 1,-1, 1,-1, 1,-1,-1, 1, 1,-1, 1, 1,-1,-1,-1,-1, 1, 1,-1, 1},
{1,-1,-1, 1, 1,-1,-1, 1, 1,-1, 1,-1,-1, 1,-1,-1, 1, 1, 1,-1, 1,-1,-1, 1},
{1,-1,-1, 1,-1, 1, 1, 1,-1,-1,-1, 1,-1, 1, 1,-1, 1,-1, 1,-1,-1, 1, 1,-1},
{1,-1,-1, 1,-1, 1,-1, 1, 1, 1,-1,-1, 1,-1,-1, 1,-1, 1, 1, 1,-1, 1,-1,-1},
{1,-1,-1,-1, 1, 1, 1, 1,-1,-1, 1,-1, 1,-1,-1, 1, 1,-1,-1, 1, 1,-1, 1,-1},
{1,-1,-1,-1, 1, 1, 1,-1, 1, 1,-1,-1,-1, 1, 1,-1,-1, 1,-1, 1,-1,-1, 1, 1}};

// Had.24.19
// order(automorphism group) = 256 = 2^8
// H induces non-TBI
{{1, 1, 1, 1, 1, 1, 1, 1, 1, 1, 1, 1, 1, 1, 1, 1, 1, 1, 1, 1, 1, 1, 1, 1},
{1, 1, 1, 1, 1, 1, 1, 1, 1, 1, 1, 1,-1,-1,-1,-1,-1,-1,-1,-1,-1,-1,-1,-1},
{1, 1, 1, 1, 1, 1,-1,-1,-1,-1,-1,-1, 1, 1, 1, 1, 1, 1,-1,-1,-1,-1,-1,-1},
{1, 1, 1, 1, 1, 1,-1,-1,-1,-1,-1,-1,-1,-1,-1,-1,-1,-1, 1, 1, 1, 1, 1, 1},
{1, 1, 1,-1,-1,-1, 1, 1, 1,-1,-1,-1, 1, 1, 1,-1,-1,-1, 1, 1, 1,-1,-1,-1},
{1, 1, 1,-1,-1,-1, 1, 1, 1,-1,-1,-1,-1,-1,-1, 1, 1, 1,-1,-1,-1, 1, 1, 1},
{1,-1, 1, 1,-1,-1, 1,-1,-1, 1, 1,-1, 1, 1,-1, 1,-1,-1, 1,-1,-1,-1, 1, 1},
{1,-1, 1, 1,-1,-1, 1,-1,-1, 1, 1,-1,-1,-1, 1,-1, 1, 1,-1, 1, 1, 1,-1,-1},
{1,-1, 1,-1, 1,-1,-1, 1,-1, 1,-1, 1, 1, 1,-1,-1, 1,-1,-1, 1,-1, 1,-1, 1},
{1,-1, 1,-1, 1,-1,-1, 1,-1, 1,-1, 1,-1,-1, 1, 1,-1, 1, 1,-1, 1,-1, 1,-1},
{1,-1, 1,-1,-1, 1,-1,-1, 1,-1, 1, 1, 1, 1,-1,-1,-1, 1,-1,-1, 1, 1, 1,-1},
{1,-1, 1,-1,-1, 1,-1,-1, 1,-1, 1, 1,-1,-1, 1, 1, 1,-1, 1, 1,-1,-1,-1, 1},
{1, 1,-1, 1,-1,-1,-1, 1,-1,-1, 1, 1, 1,-1, 1,-1,-1, 1,-1, 1,-1,-1, 1, 1},
{1, 1,-1, 1,-1,-1,-1,-1, 1, 1,-1, 1,-1, 1,-1, 1, 1,-1,-1, 1, 1,-1, 1,-1},
{1, 1,-1,-1, 1,-1, 1,-1,-1,-1, 1, 1,-1, 1, 1,-1, 1,-1, 1,-1,-1, 1, 1,-1},
{1, 1,-1,-1, 1,-1,-1,-1, 1, 1, 1,-1, 1,-1,-1, 1,-1, 1, 1, 1,-1, 1,-1,-1},
{1, 1,-1,-1,-1, 1, 1,-1,-1, 1,-1, 1, 1,-1, 1, 1,-1,-1,-1,-1, 1, 1,-1, 1},
{1, 1,-1,-1,-1, 1,-1, 1,-1, 1, 1,-1,-1, 1,-1,-1, 1, 1, 1,-1, 1,-1,-1, 1},
{1,-1,-1, 1, 1,-1, 1,-1, 1,-1,-1, 1, 1,-1,-1,-1, 1, 1, 1,-1, 1,-1,-1, 1},
{1,-1,-1, 1, 1,-1,-1, 1, 1,-1, 1,-1,-1, 1, 1, 1,-1,-1,-1,-1, 1, 1,-1, 1},
{1,-1,-1, 1,-1, 1, 1, 1,-1,-1,-1, 1,-1, 1,-1, 1,-1, 1, 1, 1,-1, 1,-1,-1},
{1,-1,-1, 1,-1, 1,-1, 1, 1, 1,-1,-1, 1,-1, 1,-1, 1,-1, 1,-1,-1, 1, 1,-1},
{1,-1,-1,-1, 1, 1, 1, 1,-1,-1, 1,-1, 1,-1,-1, 1, 1,-1,-1, 1, 1,-1, 1,-1},
{1,-1,-1,-1, 1, 1, 1,-1, 1, 1,-1,-1,-1, 1, 1,-1,-1, 1,-1, 1,-1,-1, 1, 1}};

// Had.24.20
// order(automorphism group) = 64 = 2^6
// H induces non-TBI
{{1, 1, 1, 1, 1, 1, 1, 1, 1, 1, 1, 1, 1, 1, 1, 1, 1, 1, 1, 1, 1, 1, 1, 1},
{1, 1, 1, 1, 1, 1,-1,-1, 1, 1,-1,-1,-1,-1, 1,-1, 1,-1,-1,-1, 1,-1, 1,-1},
{1, 1, 1, 1, 1, 1,-1,-1,-1,-1, 1, 1,-1,-1,-1, 1,-1, 1,-1,-1,-1, 1,-1, 1},
{1, 1, 1, 1,-1,-1, 1, 1, 1, 1,-1,-1, 1,-1,-1,-1,-1, 1, 1,-1,-1,-1,-1, 1},
{1, 1, 1, 1,-1,-1, 1, 1,-1,-1, 1, 1,-1, 1,-1,-1, 1,-1,-1, 1,-1,-1, 1,-1},
{1, 1, 1, 1,-1,-1,-1,-1,-1,-1,-1,-1, 1, 1, 1, 1,-1,-1, 1, 1, 1, 1,-1,-1},
{1, 1,-1,-1, 1, 1, 1, 1, 1,-1, 1,-1, 1, 1,-1,-1,-1,-1,-1,-1, 1, 1,-1,-1},
{1, 1,-1,-1, 1, 1, 1, 1,-1, 1,-1, 1,-1,-1, 1, 1,-1,-1, 1, 1,-1,-1,-1,-1},
{1, 1,-1,-1, 1, 1,-1,-1,-1,-1,-1,-1, 1, 1,-1,-1, 1, 1, 1, 1,-1,-1, 1, 1},
{1, 1,-1,-1,-1,-1, 1, 1,-1,-1,-1,-1,-1,-1, 1, 1, 1, 1,-1,-1, 1, 1, 1, 1},
{1, 1,-1,-1,-1,-1,-1,-1, 1, 1, 1, 1, 1, 1, 1, 1, 1, 1,-1,-1,-1,-1,-1,-1},
{1, 1,-1,-1,-1,-1,-1,-1, 1, 1, 1, 1,-1,-1,-1,-1,-1,-1, 1, 1, 1, 1, 1, 1},
{1,-1, 1,-1, 1,-1, 1,-1, 1,-1,-1, 1, 1,-1,-1, 1, 1,-1,-1, 1, 1,-1,-1, 1},
{1,-1, 1,-1, 1,-1,-1, 1, 1, 1,-1,-1,-1, 1,-1, 1,-1, 1,-1, 1,-1, 1, 1,-1},
{1,-1, 1,-1, 1,-1,-1, 1,-1,-1, 1, 1, 1,-1, 1,-1,-1, 1, 1,-1, 1,-1, 1,-1},
{1,-1, 1,-1,-1, 1, 1,-1, 1,-1, 1,-1,-1,-1, 1,-1, 1, 1, 1, 1,-1, 1,-1,-1},
{1,-1, 1,-1,-1, 1, 1,-1,-1, 1,-1, 1, 1, 1, 1,-1,-1,-1,-1,-1,-1, 1, 1, 1},
{1,-1, 1,-1,-1, 1,-1, 1,-1, 1, 1,-1,-1, 1,-1, 1, 1,-1, 1,-1, 1,-1,-1, 1},
{1,-1,-1, 1, 1,-1, 1,-1, 1,-1, 1,-1,-1, 1, 1, 1,-1,-1, 1,-1,-1,-1, 1, 1},
{1,-1,-1, 1, 1,-1, 1,-1,-1, 1,-1, 1,-1, 1,-1,-1, 1, 1, 1,-1, 1, 1,-1,-1},
{1,-1,-1, 1, 1,-1,-1, 1,-1, 1, 1,-1, 1,-1, 1,-1, 1,-1,-1, 1,-1, 1,-1, 1},
{1,-1,-1, 1,-1, 1, 1,-1,-1, 1, 1,-1, 1,-1,-1, 1,-1, 1,-1, 1, 1,-1, 1,-1},
{1,-1,-1, 1,-1, 1,-1, 1, 1,-1,-1, 1, 1,-1,-1, 1, 1,-1, 1,-1,-1, 1, 1,-1},
{1,-1,-1, 1,-1, 1,-1, 1, 1,-1,-1, 1,-1, 1, 1,-1,-1, 1,-1, 1, 1,-1,-1, 1}};

// Had.24.21
// order(automorphism group) = 64 = 2^6
// H induces non-TBI
{{1, 1, 1, 1, 1, 1, 1, 1, 1, 1, 1, 1, 1, 1, 1, 1, 1, 1, 1, 1, 1, 1, 1, 1},
{1, 1, 1, 1, 1, 1,-1,-1, 1, 1,-1,-1,-1,-1, 1,-1, 1,-1,-1,-1, 1,-1, 1,-1},
{1, 1, 1, 1, 1, 1,-1,-1,-1,-1, 1, 1,-1,-1,-1, 1,-1, 1,-1,-1,-1, 1,-1, 1},
{1, 1, 1, 1,-1,-1, 1, 1, 1, 1,-1,-1, 1,-1,-1,-1,-1, 1, 1,-1,-1,-1,-1, 1},
{1, 1, 1, 1,-1,-1, 1, 1,-1,-1, 1, 1,-1, 1,-1,-1, 1,-1,-1, 1,-1,-1, 1,-1},
{1, 1, 1, 1,-1,-1,-1,-1,-1,-1,-1,-1, 1, 1, 1, 1,-1,-1, 1, 1, 1, 1,-1,-1},
{1, 1,-1,-1, 1, 1, 1, 1, 1,-1, 1,-1, 1, 1,-1,-1,-1,-1,-1,-1, 1, 1,-1,-1},
{1, 1,-1,-1, 1, 1, 1, 1,-1, 1,-1, 1,-1,-1, 1, 1,-1,-1, 1, 1,-1,-1,-1,-1},
{1, 1,-1,-1, 1, 1,-1,-1,-1,-1,-1,-1, 1, 1,-1,-1, 1, 1, 1, 1,-1,-1, 1, 1},
{1, 1,-1,-1,-1,-1, 1, 1,-1,-1,-1,-1,-1,-1, 1, 1, 1, 1,-1,-1, 1, 1, 1, 1},
{1, 1,-1,-1,-1,-1,-1,-1, 1, 1, 1, 1, 1, 1, 1, 1, 1, 1,-1,-1,-1,-1,-1,-1},
{1, 1,-1,-1,-1,-1,-1,-1, 1, 1, 1, 1,-1,-1,-1,-1,-1,-1, 1, 1, 1, 1, 1, 1},
{1,-1, 1,-1, 1,-1, 1,-1, 1,-1,-1, 1, 1,-1,-1, 1, 1,-1,-1, 1, 1,-1,-1, 1},
{1,-1, 1,-1, 1,-1,-1, 1, 1, 1,-1,-1,-1, 1,-1, 1,-1, 1,-1, 1,-1, 1, 1,-1},
{1,-1, 1,-1, 1,-1,-1, 1,-1,-1, 1, 1, 1,-1, 1,-1,-1, 1, 1,-1, 1,-1, 1,-1},
{1,-1,-1, 1, 1,-1, 1,-1, 1,-1, 1,-1,-1,-1, 1,-1, 1, 1, 1, 1,-1, 1,-1,-1},
{1,-1,-1, 1, 1,-1, 1,-1,-1, 1,-1, 1, 1, 1, 1,-1,-1,-1,-1,-1,-1, 1, 1, 1},
{1,-1,-1, 1, 1,-1,-1, 1,-1, 1, 1,-1,-1, 1,-1, 1, 1,-1, 1,-1, 1,-1,-1, 1},
{1,-1, 1,-1,-1, 1, 1,-1, 1,-1, 1,-1,-1, 1, 1, 1,-1,-1, 1,-1,-1,-1, 1, 1},
{1,-1, 1,-1,-1, 1, 1,-1,-1, 1,-1, 1,-1, 1,-1,-1, 1, 1, 1,-1, 1, 1,-1,-1},
{1,-1, 1,-1,-1, 1,-1, 1,-1, 1, 1,-1, 1,-1, 1,-1, 1,-1,-1, 1,-1, 1,-1, 1},
{1,-1,-1, 1,-1, 1, 1,-1,-1, 1, 1,-1, 1,-1,-1, 1,-1, 1,-1, 1, 1,-1, 1,-1},
{1,-1,-1, 1,-1, 1,-1, 1, 1,-1,-1, 1, 1,-1,-1, 1, 1,-1, 1,-1,-1, 1, 1,-1},
{1,-1,-1, 1,-1, 1,-1, 1, 1,-1,-1, 1,-1, 1, 1,-1,-1, 1,-1, 1, 1,-1,-1, 1}};

// Had.24.22
// order(automorphism group) = 256 = 2^8
// H induces non-TBI
{{1, 1, 1, 1, 1, 1, 1, 1, 1, 1, 1, 1, 1, 1, 1, 1, 1, 1, 1, 1, 1, 1, 1, 1},
{1, 1, 1, 1, 1, 1,-1,-1, 1, 1,-1,-1,-1,-1, 1,-1, 1,-1,-1,-1, 1,-1, 1,-1},
{1, 1, 1, 1, 1, 1,-1,-1,-1,-1, 1, 1,-1,-1,-1, 1,-1, 1,-1,-1,-1, 1,-1, 1},
{1, 1, 1, 1,-1,-1, 1, 1, 1, 1,-1,-1, 1,-1,-1,-1,-1, 1, 1,-1,-1,-1,-1, 1},
{1, 1, 1, 1,-1,-1, 1, 1,-1,-1, 1, 1,-1, 1,-1,-1, 1,-1,-1, 1,-1,-1, 1,-1},
{1, 1, 1, 1,-1,-1,-1,-1,-1,-1,-1,-1, 1, 1, 1, 1,-1,-1, 1, 1, 1, 1,-1,-1},
{1, 1,-1,-1, 1, 1, 1, 1, 1,-1, 1,-1, 1, 1,-1,-1,-1,-1,-1,-1, 1, 1,-1,-1},
{1, 1,-1,-1, 1, 1, 1, 1,-1, 1,-1, 1,-1,-1, 1, 1,-1,-1, 1, 1,-1,-1,-1,-1},
{1, 1,-1,-1, 1, 1,-1,-1,-1,-1,-1,-1, 1, 1,-1,-1, 1, 1, 1, 1,-1,-1, 1, 1},
{1, 1,-1,-1,-1,-1, 1, 1,-1,-1,-1,-1,-1,-1, 1, 1, 1, 1,-1,-1, 1, 1, 1, 1},
{1, 1,-1,-1,-1,-1,-1,-1, 1, 1, 1, 1, 1, 1, 1, 1, 1, 1,-1,-1,-1,-1,-1,-1},
{1, 1,-1,-1,-1,-1,-1,-1, 1, 1, 1, 1,-1,-1,-1,-1,-1,-1, 1, 1, 1, 1, 1, 1},
{1,-1, 1,-1, 1,-1, 1,-1, 1,-1,-1, 1, 1,-1,-1, 1, 1,-1,-1, 1, 1,-1,-1, 1},
{1,-1,-1, 1, 1,-1, 1,-1, 1, 1,-1,-1,-1, 1,-1, 1,-1, 1,-1, 1,-1, 1, 1,-1},
{1,-1,-1, 1, 1,-1, 1,-1,-1,-1, 1, 1, 1,-1, 1,-1,-1, 1, 1,-1, 1,-1, 1,-1},
{1,-1, 1,-1, 1,-1,-1, 1, 1,-1, 1,-1,-1,-1, 1,-1, 1, 1, 1, 1,-1, 1,-1,-1},
{1,-1, 1,-1, 1,-1,-1, 1,-1, 1,-1, 1, 1, 1, 1,-1,-1,-1,-1,-1,-1, 1, 1, 1},
{1,-1,-1, 1, 1,-1,-1, 1,-1, 1, 1,-1,-1, 1,-1, 1, 1,-1, 1,-1, 1,-1,-1, 1},
{1,-1, 1,-1,-1, 1, 1,-1, 1,-1, 1,-1,-1, 1, 1, 1,-1,-1, 1,-1,-1,-1, 1, 1},
{1,-1, 1,-1,-1, 1, 1,-1,-1, 1,-1, 1,-1, 1,-1,-1, 1, 1, 1,-1, 1, 1,-1,-1},
{1,-1,-1, 1,-1, 1, 1,-1,-1, 1, 1,-1, 1,-1, 1,-1, 1,-1,-1, 1,-1, 1,-1, 1},
{1,-1, 1,-1,-1, 1,-1, 1,-1, 1, 1,-1, 1,-1,-1, 1,-1, 1,-1, 1, 1,-1, 1,-1},
{1,-1,-1, 1,-1, 1,-1, 1, 1,-1,-1, 1, 1,-1,-1, 1, 1,-1, 1,-1,-1, 1, 1,-1},
{1,-1,-1, 1,-1, 1,-1, 1, 1,-1,-1, 1,-1, 1, 1,-1,-1, 1,-1, 1, 1,-1,-1, 1}};

// Had.24.23
// order(automorphism group) = 128 = 2^7
// H induces non-TBI
{
{1, 1, 1, 1, 1, 1, 1, 1, 1, 1, 1, 1, 1, 1, 1, 1, 1, 1, 1, 1, 1, 1, 1, 1},
{1, 1, 1, 1, 1, 1,-1,-1, 1, 1,-1,-1,-1,-1, 1,-1, 1,-1,-1,-1, 1,-1, 1,-1},
{1, 1, 1, 1, 1, 1,-1,-1,-1,-1, 1, 1,-1,-1,-1, 1,-1, 1,-1,-1,-1, 1,-1, 1},
{1, 1, 1, 1,-1,-1, 1, 1, 1, 1,-1,-1, 1,-1,-1,-1,-1, 1, 1,-1,-1,-1,-1, 1},
{1, 1, 1, 1,-1,-1, 1, 1,-1,-1, 1, 1,-1, 1,-1,-1, 1,-1,-1, 1,-1,-1, 1,-1},
{1, 1, 1, 1,-1,-1,-1,-1,-1,-1,-1,-1, 1, 1, 1, 1,-1,-1, 1, 1, 1, 1,-1,-1},
{1, 1,-1,-1, 1, 1, 1, 1, 1,-1, 1,-1, 1, 1,-1,-1,-1,-1,-1,-1, 1, 1,-1,-1},
{1, 1,-1,-1, 1, 1, 1, 1,-1, 1,-1, 1,-1,-1, 1, 1,-1,-1, 1, 1,-1,-1,-1,-1},
{1, 1,-1,-1, 1, 1,-1,-1,-1,-1,-1,-1, 1, 1,-1,-1, 1, 1, 1, 1,-1,-1, 1, 1},
{1, 1,-1,-1,-1,-1, 1, 1,-1,-1,-1,-1,-1,-1, 1, 1, 1, 1,-1,-1, 1, 1, 1, 1},
{1, 1,-1,-1,-1,-1,-1,-1, 1, 1, 1, 1, 1, 1, 1, 1, 1, 1,-1,-1,-1,-1,-1,-1},
{1, 1,-1,-1,-1,-1,-1,-1, 1, 1, 1, 1,-1,-1,-1,-1,-1,-1, 1, 1, 1, 1, 1, 1},
{1,-1, 1,-1, 1,-1, 1,-1, 1,-1,-1, 1, 1,-1,-1, 1,-1, 1,-1, 1, 1,-1, 1,-1},
{1,-1, 1,-1, 1,-1,-1, 1, 1, 1,-1,-1,-1, 1,-1, 1, 1,-1,-1, 1,-1, 1,-1, 1},
{1,-1, 1,-1, 1,-1,-1, 1,-1,-1, 1, 1, 1,-1, 1,-1, 1,-1, 1,-1, 1,-1,-1, 1},
{1,-1, 1,-1,-1, 1, 1,-1, 1,-1, 1,-1,-1,-1, 1,-1, 1, 1, 1, 1,-1, 1,-1,-1},
{1,-1, 1,-1,-1, 1, 1,-1,-1, 1,-1, 1, 1, 1, 1,-1,-1,-1,-1,-1,-1, 1, 1, 1},
{1,-1, 1,-1,-1, 1,-1, 1,-1, 1, 1,-1,-1, 1,-1, 1,-1, 1, 1,-1, 1,-1, 1,-1},
{1,-1,-1, 1, 1,-1, 1,-1, 1,-1, 1,-1,-1, 1, 1, 1,-1,-1, 1,-1,-1,-1, 1, 1},
{1,-1,-1, 1, 1,-1, 1,-1,-1, 1,-1, 1,-1, 1,-1,-1, 1, 1, 1,-1, 1, 1,-1,-1},
{1,-1,-1, 1, 1,-1,-1, 1,-1, 1, 1,-1, 1,-1, 1,-1,-1, 1,-1, 1,-1, 1, 1,-1},
{1,-1,-1, 1,-1, 1, 1,-1,-1, 1, 1,-1, 1,-1,-1, 1, 1,-1,-1, 1, 1,-1,-1, 1},
{1,-1,-1, 1,-1, 1,-1, 1, 1,-1,-1, 1, 1,-1,-1, 1, 1,-1, 1,-1,-1, 1, 1,-1},
{1,-1,-1, 1,-1, 1,-1, 1, 1,-1,-1, 1,-1, 1, 1,-1,-1, 1,-1, 1, 1,-1,-1, 1}};

// Had.24.24
// order(automorphism group) = 64 = 2^6
// H induces non-TBI
{{1, 1, 1, 1, 1, 1, 1, 1, 1, 1, 1, 1, 1, 1, 1, 1, 1, 1, 1, 1, 1, 1, 1, 1},
{1, 1, 1, 1, 1, 1,-1,-1, 1, 1,-1,-1,-1,-1, 1,-1, 1,-1,-1,-1, 1,-1, 1,-1},
{1, 1, 1, 1, 1, 1,-1,-1,-1,-1, 1, 1,-1,-1,-1, 1,-1, 1,-1,-1,-1, 1,-1, 1},
{1, 1, 1, 1,-1,-1, 1, 1, 1, 1,-1,-1, 1,-1,-1,-1,-1, 1, 1,-1,-1,-1,-1, 1},
{1, 1, 1, 1,-1,-1, 1, 1,-1,-1, 1, 1,-1, 1,-1,-1, 1,-1,-1, 1,-1,-1, 1,-1},
{1, 1, 1, 1,-1,-1,-1,-1,-1,-1,-1,-1, 1, 1, 1, 1,-1,-1, 1, 1, 1, 1,-1,-1},
{1, 1,-1,-1, 1, 1, 1, 1, 1,-1, 1,-1, 1, 1,-1,-1,-1,-1,-1,-1, 1, 1,-1,-1},
{1, 1,-1,-1, 1, 1, 1, 1,-1, 1,-1, 1,-1,-1, 1, 1,-1,-1, 1, 1,-1,-1,-1,-1},
{1, 1,-1,-1, 1, 1,-1,-1,-1,-1,-1,-1, 1, 1,-1,-1, 1, 1, 1, 1,-1,-1, 1, 1},
{1, 1,-1,-1,-1,-1, 1, 1,-1,-1,-1,-1,-1,-1, 1, 1, 1, 1,-1,-1, 1, 1, 1, 1},
{1, 1,-1,-1,-1,-1,-1,-1, 1, 1, 1, 1, 1, 1, 1, 1, 1, 1,-1,-1,-1,-1,-1,-1},
{1, 1,-1,-1,-1,-1,-1,-1, 1, 1, 1, 1,-1,-1,-1,-1,-1,-1, 1, 1, 1, 1, 1, 1},
{1,-1, 1,-1, 1,-1, 1,-1, 1,-1,-1, 1, 1,-1,-1, 1,-1, 1,-1, 1, 1,-1, 1,-1},
{1,-1, 1,-1, 1,-1,-1, 1, 1, 1,-1,-1,-1, 1,-1, 1, 1,-1,-1, 1,-1, 1,-1, 1},
{1,-1, 1,-1, 1,-1,-1, 1,-1,-1, 1, 1, 1,-1, 1,-1, 1,-1, 1,-1, 1,-1,-1, 1},
{1,-1,-1, 1, 1,-1, 1,-1, 1,-1, 1,-1,-1,-1, 1,-1, 1, 1, 1, 1,-1, 1,-1,-1},
{1,-1,-1, 1, 1,-1, 1,-1,-1, 1,-1, 1, 1, 1, 1,-1,-1,-1,-1,-1,-1, 1, 1, 1},
{1,-1,-1, 1, 1,-1,-1, 1,-1, 1, 1,-1,-1, 1,-1, 1,-1, 1, 1,-1, 1,-1, 1,-1},
{1,-1, 1,-1,-1, 1, 1,-1, 1,-1, 1,-1,-1, 1, 1, 1,-1,-1, 1,-1,-1,-1, 1, 1},
{1,-1, 1,-1,-1, 1, 1,-1,-1, 1,-1, 1,-1, 1,-1,-1, 1, 1, 1,-1, 1, 1,-1,-1},
{1,-1, 1,-1,-1, 1,-1, 1,-1, 1, 1,-1, 1,-1, 1,-1,-1, 1,-1, 1,-1, 1, 1,-1},
{1,-1,-1, 1,-1, 1, 1,-1,-1, 1, 1,-1, 1,-1,-1, 1, 1,-1,-1, 1, 1,-1,-1, 1},
{1,-1,-1, 1,-1, 1,-1, 1, 1,-1,-1, 1, 1,-1,-1, 1, 1,-1, 1,-1,-1, 1, 1,-1},
{1,-1,-1, 1,-1, 1,-1, 1, 1,-1,-1, 1,-1, 1, 1,-1,-1, 1,-1, 1, 1,-1,-1, 1}};

// Had.24.25
// order(automorphism group) = 1536 = 2^9 * 3
// H induces non-TBI
{{1, 1, 1, 1, 1, 1, 1, 1, 1, 1, 1, 1, 1, 1, 1, 1, 1, 1, 1, 1, 1, 1, 1, 1},
{1, 1, 1, 1, 1, 1,-1,-1, 1, 1,-1,-1,-1,-1, 1,-1, 1,-1,-1,-1, 1,-1, 1,-1},
{1, 1, 1, 1, 1, 1,-1,-1,-1,-1, 1, 1,-1,-1,-1, 1,-1, 1,-1,-1,-1, 1,-1, 1},
{1, 1, 1, 1,-1,-1, 1, 1, 1, 1,-1,-1, 1,-1,-1,-1,-1, 1, 1,-1,-1,-1,-1, 1},
{1, 1, 1, 1,-1,-1, 1, 1,-1,-1, 1, 1,-1, 1,-1,-1, 1,-1,-1, 1,-1,-1, 1,-1},
{1, 1, 1, 1,-1,-1,-1,-1,-1,-1,-1,-1, 1, 1, 1, 1,-1,-1, 1, 1, 1, 1,-1,-1},
{1, 1,-1,-1, 1, 1, 1, 1, 1,-1, 1,-1, 1, 1,-1,-1,-1,-1,-1,-1, 1, 1,-1,-1},
{1, 1,-1,-1, 1, 1, 1, 1,-1, 1,-1, 1,-1,-1, 1, 1,-1,-1, 1, 1,-1,-1,-1,-1},
{1, 1,-1,-1, 1, 1,-1,-1,-1,-1,-1,-1, 1, 1,-1,-1, 1, 1, 1, 1,-1,-1, 1, 1},
{1, 1,-1,-1,-1,-1, 1, 1,-1,-1,-1,-1,-1,-1, 1, 1, 1, 1,-1,-1, 1, 1, 1, 1},
{1, 1,-1,-1,-1,-1,-1,-1, 1, 1, 1, 1, 1, 1, 1, 1, 1, 1,-1,-1,-1,-1,-1,-1},
{1, 1,-1,-1,-1,-1,-1,-1, 1, 1, 1, 1,-1,-1,-1,-1,-1,-1, 1, 1, 1, 1, 1, 1},
{1,-1, 1,-1, 1,-1, 1,-1, 1,-1,-1, 1, 1,-1,-1, 1,-1, 1,-1, 1, 1,-1, 1,-1},
{1,-1,-1, 1, 1,-1, 1,-1, 1, 1,-1,-1,-1, 1,-1, 1, 1,-1,-1, 1,-1, 1,-1, 1},
{1,-1,-1, 1, 1,-1, 1,-1,-1,-1, 1, 1, 1,-1, 1,-1, 1,-1, 1,-1, 1,-1,-1, 1},
{1,-1, 1,-1,-1, 1, 1,-1, 1,-1, 1,-1,-1,-1, 1,-1, 1, 1, 1, 1,-1, 1,-1,-1},
{1,-1, 1,-1,-1, 1, 1,-1,-1, 1,-1, 1, 1, 1, 1,-1,-1,-1,-1,-1,-1, 1, 1, 1},
{1,-1,-1, 1,-1, 1, 1,-1,-1, 1, 1,-1,-1, 1,-1, 1,-1, 1, 1,-1, 1,-1, 1,-1},
{1,-1, 1,-1, 1,-1,-1, 1, 1,-1, 1,-1,-1, 1, 1, 1,-1,-1, 1,-1,-1,-1, 1, 1},
{1,-1, 1,-1, 1,-1,-1, 1,-1, 1,-1, 1,-1, 1,-1,-1, 1, 1, 1,-1, 1, 1,-1,-1},
{1,-1,-1, 1, 1,-1,-1, 1,-1, 1, 1,-1, 1,-1, 1,-1,-1, 1,-1, 1,-1, 1, 1,-1},
{1,-1, 1,-1,-1, 1,-1, 1,-1, 1, 1,-1, 1,-1,-1, 1, 1,-1,-1, 1, 1,-1,-1, 1},
{1,-1,-1, 1,-1, 1,-1, 1, 1,-1,-1, 1, 1,-1,-1, 1, 1,-1, 1,-1,-1, 1, 1,-1},
{1,-1,-1, 1,-1, 1,-1, 1, 1,-1,-1, 1,-1, 1, 1,-1,-1, 1,-1, 1, 1,-1,-1, 1}};

// Had.24.26
// order(automorphism group) = 768 = 2^8 * 3
// H induces non-TBI
{{1, 1, 1, 1, 1, 1, 1, 1, 1, 1, 1, 1, 1, 1, 1, 1, 1, 1, 1, 1, 1, 1, 1, 1},
{1, 1, 1, 1, 1, 1,-1,-1, 1, 1,-1,-1,-1,-1, 1,-1, 1,-1,-1,-1, 1,-1, 1,-1},
{1, 1, 1, 1, 1, 1,-1,-1,-1,-1, 1, 1,-1,-1,-1, 1,-1, 1,-1,-1,-1, 1,-1, 1},
{1, 1, 1, 1,-1,-1, 1, 1, 1, 1,-1,-1, 1,-1,-1,-1,-1, 1, 1,-1,-1,-1,-1, 1},
{1, 1, 1, 1,-1,-1, 1, 1,-1,-1, 1, 1,-1, 1,-1,-1, 1,-1,-1, 1,-1,-1, 1,-1},
{1, 1, 1, 1,-1,-1,-1,-1,-1,-1,-1,-1, 1, 1, 1, 1,-1,-1, 1, 1, 1, 1,-1,-1},
{1, 1,-1,-1, 1, 1, 1, 1, 1,-1, 1,-1, 1, 1,-1,-1,-1,-1,-1,-1, 1, 1,-1,-1},
{1, 1,-1,-1, 1, 1, 1, 1,-1, 1,-1, 1,-1,-1, 1, 1,-1,-1, 1, 1,-1,-1,-1,-1},
{1, 1,-1,-1, 1, 1,-1,-1,-1,-1,-1,-1, 1, 1,-1,-1, 1, 1, 1, 1,-1,-1, 1, 1},
{1, 1,-1,-1,-1,-1, 1, 1,-1,-1,-1,-1,-1,-1, 1, 1, 1, 1,-1,-1, 1, 1, 1, 1},
{1, 1,-1,-1,-1,-1,-1,-1, 1, 1, 1, 1, 1, 1, 1, 1, 1, 1,-1,-1,-1,-1,-1,-1},
{1, 1,-1,-1,-1,-1,-1,-1, 1, 1, 1, 1,-1,-1,-1,-1,-1,-1, 1, 1, 1, 1, 1, 1},
{1,-1, 1,-1,-1, 1, 1,-1,-1, 1, 1,-1,-1, 1, 1,-1, 1,-1, 1,-1,-1, 1,-1, 1},
{1,-1,-1, 1,-1, 1, 1,-1, 1,-1, 1,-1, 1,-1, 1, 1,-1,-1,-1, 1,-1,-1, 1, 1},
{1,-1,-1, 1,-1, 1, 1,-1,-1, 1,-1, 1, 1,-1,-1,-1, 1, 1,-1, 1, 1, 1,-1,-1},
{1,-1, 1,-1, 1,-1, 1,-1,-1,-1, 1, 1, 1,-1, 1,-1,-1, 1, 1,-1, 1,-1, 1,-1},
{1,-1, 1,-1, 1,-1, 1,-1, 1, 1,-1,-1,-1, 1,-1, 1,-1, 1,-1, 1,-1, 1, 1,-1},
{1,-1,-1, 1, 1,-1, 1,-1, 1,-1,-1, 1,-1, 1,-1, 1, 1,-1, 1,-1, 1,-1,-1, 1},
{1,-1, 1,-1,-1, 1,-1, 1, 1,-1,-1, 1,-1, 1, 1,-1,-1, 1,-1, 1, 1,-1,-1, 1},
{1,-1, 1,-1,-1, 1,-1, 1, 1,-1,-1, 1, 1,-1,-1, 1, 1,-1, 1,-1,-1, 1, 1,-1},
{1,-1,-1, 1,-1, 1,-1, 1,-1, 1, 1,-1,-1, 1,-1, 1,-1, 1, 1,-1, 1,-1, 1,-1},
{1,-1, 1,-1, 1,-1,-1, 1,-1, 1, 1,-1, 1,-1,-1, 1, 1,-1,-1, 1, 1,-1,-1, 1},
{1,-1,-1, 1, 1,-1,-1, 1,-1, 1,-1, 1, 1, 1, 1,-1,-1,-1,-1,-1,-1, 1, 1, 1},
{1,-1,-1, 1, 1,-1,-1, 1, 1,-1, 1,-1,-1,-1, 1,-1, 1, 1, 1, 1,-1, 1,-1,-1}};

// Had.24.27
// order(automorphism group) = 32 = 2^5
// H induces non-TBI
{{1, 1, 1, 1, 1, 1, 1, 1, 1, 1, 1, 1, 1, 1, 1, 1, 1, 1, 1, 1, 1, 1, 1, 1},
{1, 1, 1, 1, 1, 1,-1,-1, 1, 1,-1,-1,-1,-1, 1,-1, 1,-1,-1,-1, 1,-1, 1,-1},
{1, 1, 1, 1, 1, 1,-1,-1,-1,-1, 1, 1,-1,-1,-1, 1,-1, 1,-1,-1,-1, 1,-1, 1},
{1, 1, 1, 1,-1,-1, 1, 1, 1, 1,-1,-1, 1,-1,-1,-1,-1, 1, 1,-1,-1,-1,-1, 1},
{1, 1, 1, 1,-1,-1, 1, 1,-1,-1, 1, 1,-1, 1,-1,-1, 1,-1,-1, 1,-1,-1, 1,-1},
{1, 1, 1, 1,-1,-1,-1,-1,-1,-1,-1,-1, 1, 1, 1, 1,-1,-1, 1, 1, 1, 1,-1,-1},
{1, 1,-1,-1, 1, 1, 1, 1, 1,-1, 1,-1, 1,-1, 1,-1,-1,-1,-1, 1,-1, 1,-1,-1},
{1, 1,-1,-1, 1, 1, 1, 1,-1, 1,-1, 1,-1, 1,-1, 1,-1,-1, 1,-1, 1,-1,-1,-1},
{1, 1,-1,-1, 1, 1,-1,-1,-1,-1,-1,-1, 1, 1,-1,-1, 1, 1, 1, 1,-1,-1, 1, 1},
{1, 1,-1,-1,-1,-1, 1, 1,-1,-1,-1,-1,-1,-1, 1, 1, 1, 1,-1,-1, 1, 1, 1, 1},
{1, 1,-1,-1,-1,-1,-1,-1, 1, 1, 1, 1, 1, 1, 1, 1, 1, 1,-1,-1,-1,-1,-1,-1},
{1, 1,-1,-1,-1,-1,-1,-1, 1, 1, 1, 1,-1,-1,-1,-1,-1,-1, 1, 1, 1, 1, 1, 1},
{1,-1, 1,-1, 1,-1, 1,-1, 1,-1,-1, 1, 1, 1,-1,-1, 1,-1,-1,-1, 1, 1,-1, 1},
{1,-1, 1,-1, 1,-1,-1, 1, 1, 1,-1,-1,-1, 1,-1, 1,-1, 1,-1, 1,-1, 1, 1,-1},
{1,-1, 1,-1, 1,-1,-1, 1,-1,-1, 1, 1, 1,-1, 1,-1,-1, 1, 1,-1, 1,-1, 1,-1},
{1,-1, 1,-1,-1, 1, 1,-1, 1,-1, 1,-1,-1,-1,-1, 1, 1, 1, 1, 1, 1,-1,-1,-1},
{1,-1, 1,-1,-1, 1, 1,-1,-1, 1,-1, 1, 1,-1, 1, 1,-1,-1,-1, 1,-1,-1, 1, 1},
{1,-1, 1,-1,-1, 1,-1, 1,-1, 1, 1,-1,-1, 1, 1,-1, 1,-1, 1,-1,-1, 1,-1, 1},
{1,-1,-1, 1, 1,-1, 1,-1, 1,-1, 1,-1,-1, 1, 1, 1,-1,-1, 1,-1,-1,-1, 1, 1},
{1,-1,-1, 1, 1,-1, 1,-1,-1, 1,-1, 1,-1,-1, 1,-1, 1, 1, 1, 1,-1, 1,-1,-1},
{1,-1,-1, 1, 1,-1,-1, 1,-1, 1, 1,-1, 1,-1,-1, 1, 1,-1,-1, 1, 1,-1,-1, 1},
{1,-1,-1, 1,-1, 1, 1,-1,-1, 1, 1,-1, 1, 1,-1,-1,-1, 1,-1,-1, 1, 1, 1,-1},
{1,-1,-1, 1,-1, 1,-1, 1, 1,-1,-1, 1, 1,-1,-1, 1, 1,-1, 1,-1,-1, 1, 1,-1},
{1,-1,-1, 1,-1, 1,-1, 1, 1,-1,-1, 1,-1, 1, 1,-1,-1, 1,-1, 1, 1,-1,-1, 1}};

// Had.24.28
// order(automorphism group) = 16 = 2^4
// H induces non-TBI
{{1, 1, 1, 1, 1, 1, 1, 1, 1, 1, 1, 1, 1, 1, 1, 1, 1, 1, 1, 1, 1, 1, 1, 1},
{1, 1, 1, 1, 1, 1,-1,-1, 1, 1,-1,-1,-1,-1, 1,-1, 1,-1,-1,-1, 1,-1, 1,-1},
{1, 1, 1, 1, 1, 1,-1,-1,-1,-1, 1, 1,-1,-1,-1, 1,-1, 1,-1,-1,-1, 1,-1, 1},
{1, 1, 1, 1,-1,-1, 1, 1, 1, 1,-1,-1, 1,-1,-1,-1,-1, 1, 1,-1,-1,-1,-1, 1},
{1, 1, 1, 1,-1,-1, 1, 1,-1,-1, 1, 1,-1, 1,-1,-1, 1,-1,-1, 1,-1,-1, 1,-1},
{1, 1, 1, 1,-1,-1,-1,-1,-1,-1,-1,-1, 1, 1, 1, 1,-1,-1, 1, 1, 1, 1,-1,-1},
{1, 1,-1,-1, 1, 1, 1, 1, 1,-1, 1,-1, 1,-1, 1,-1,-1,-1,-1, 1,-1, 1,-1,-1},
{1, 1,-1,-1, 1, 1, 1, 1,-1, 1,-1, 1,-1, 1,-1, 1,-1,-1, 1,-1, 1,-1,-1,-1},
{1, 1,-1,-1, 1, 1,-1,-1,-1,-1,-1,-1, 1, 1,-1,-1, 1, 1, 1, 1,-1,-1, 1, 1},
{1, 1,-1,-1,-1,-1, 1, 1,-1,-1,-1,-1,-1,-1, 1, 1, 1, 1,-1,-1, 1, 1, 1, 1},
{1, 1,-1,-1,-1,-1,-1,-1, 1, 1, 1, 1, 1, 1, 1, 1, 1, 1,-1,-1,-1,-1,-1,-1},
{1, 1,-1,-1,-1,-1,-1,-1, 1, 1, 1, 1,-1,-1,-1,-1,-1,-1, 1, 1, 1, 1, 1, 1},
{1,-1, 1,-1, 1,-1, 1,-1, 1,-1,-1, 1, 1, 1,-1,-1, 1,-1,-1,-1, 1, 1,-1, 1},
{1,-1, 1,-1, 1,-1,-1, 1, 1, 1,-1,-1,-1, 1,-1, 1,-1, 1,-1, 1,-1, 1, 1,-1},
{1,-1, 1,-1, 1,-1,-1, 1,-1,-1, 1, 1, 1,-1, 1,-1,-1, 1, 1,-1, 1,-1, 1,-1},
{1,-1,-1, 1, 1,-1, 1,-1, 1,-1, 1,-1,-1,-1,-1, 1, 1, 1, 1, 1, 1,-1,-1,-1},
{1,-1,-1, 1, 1,-1, 1,-1,-1, 1,-1, 1, 1,-1, 1, 1,-1,-1,-1, 1,-1,-1, 1, 1},
{1,-1,-1, 1, 1,-1,-1, 1,-1, 1, 1,-1,-1, 1, 1,-1, 1,-1, 1,-1,-1, 1,-1, 1},
{1,-1, 1,-1,-1, 1, 1,-1, 1,-1, 1,-1,-1, 1, 1, 1,-1,-1, 1,-1,-1,-1, 1, 1},
{1,-1, 1,-1,-1, 1, 1,-1,-1, 1,-1, 1,-1,-1, 1,-1, 1, 1, 1, 1,-1, 1,-1,-1},
{1,-1, 1,-1,-1, 1,-1, 1,-1, 1, 1,-1, 1,-1,-1, 1, 1,-1,-1, 1, 1,-1,-1, 1},
{1,-1,-1, 1,-1, 1, 1,-1,-1, 1, 1,-1, 1, 1,-1,-1,-1, 1,-1,-1, 1, 1, 1,-1},
{1,-1,-1, 1,-1, 1,-1, 1, 1,-1,-1, 1, 1,-1,-1, 1, 1,-1, 1,-1,-1, 1, 1,-1},
{1,-1,-1, 1,-1, 1,-1, 1, 1,-1,-1, 1,-1, 1, 1,-1,-1, 1,-1, 1, 1,-1,-1, 1}};

// Had.24.29
// order(automorphism group) = 32 = 2^5
// H induces non-TBI
{{1, 1, 1, 1, 1, 1, 1, 1, 1, 1, 1, 1, 1, 1, 1, 1, 1, 1, 1, 1, 1, 1, 1, 1},
{1, 1, 1, 1, 1, 1,-1,-1, 1, 1,-1,-1,-1,-1, 1,-1, 1,-1,-1,-1, 1,-1, 1,-1},
{1, 1, 1, 1, 1, 1,-1,-1,-1,-1, 1, 1,-1,-1,-1, 1,-1, 1,-1,-1,-1, 1,-1, 1},
{1, 1, 1, 1,-1,-1, 1, 1, 1, 1,-1,-1, 1,-1,-1,-1,-1, 1, 1,-1,-1,-1,-1, 1},
{1, 1, 1, 1,-1,-1, 1, 1,-1,-1, 1, 1,-1, 1,-1,-1, 1,-1,-1, 1,-1,-1, 1,-1},
{1, 1, 1, 1,-1,-1,-1,-1,-1,-1,-1,-1, 1, 1, 1, 1,-1,-1, 1, 1, 1, 1,-1,-1},
{1, 1,-1,-1, 1, 1, 1, 1, 1,-1, 1,-1, 1,-1, 1,-1,-1,-1,-1, 1,-1, 1,-1,-1},
{1, 1,-1,-1, 1, 1, 1, 1,-1, 1,-1, 1,-1, 1,-1, 1,-1,-1, 1,-1, 1,-1,-1,-1},
{1, 1,-1,-1, 1, 1,-1,-1,-1,-1,-1,-1, 1, 1,-1,-1, 1, 1, 1, 1,-1,-1, 1, 1},
{1, 1,-1,-1,-1,-1, 1, 1,-1,-1,-1,-1,-1,-1, 1, 1, 1, 1,-1,-1, 1, 1, 1, 1},
{1, 1,-1,-1,-1,-1,-1,-1, 1, 1, 1, 1, 1, 1, 1, 1, 1, 1,-1,-1,-1,-1,-1,-1},
{1, 1,-1,-1,-1,-1,-1,-1, 1, 1, 1, 1,-1,-1,-1,-1,-1,-1, 1, 1, 1, 1, 1, 1},
{1,-1, 1,-1, 1,-1, 1,-1, 1,-1,-1, 1, 1, 1,-1,-1, 1,-1,-1,-1, 1, 1,-1, 1},
{1,-1, 1,-1,-1, 1, 1,-1, 1, 1,-1,-1,-1, 1,-1, 1,-1, 1,-1, 1,-1, 1, 1,-1},
{1,-1, 1,-1,-1, 1, 1,-1,-1,-1, 1, 1, 1,-1, 1,-1,-1, 1, 1,-1, 1,-1, 1,-1},
{1,-1,-1, 1, 1,-1, 1,-1, 1,-1, 1,-1,-1,-1,-1, 1, 1, 1, 1, 1, 1,-1,-1,-1},
{1,-1,-1, 1, 1,-1, 1,-1,-1, 1,-1, 1, 1,-1, 1, 1,-1,-1,-1, 1,-1,-1, 1, 1},
{1,-1,-1, 1,-1, 1, 1,-1,-1, 1, 1,-1,-1, 1, 1,-1, 1,-1, 1,-1,-1, 1,-1, 1},
{1,-1, 1,-1, 1,-1,-1, 1, 1,-1, 1,-1,-1, 1, 1, 1,-1,-1, 1,-1,-1,-1, 1, 1},
{1,-1, 1,-1, 1,-1,-1, 1,-1, 1,-1, 1,-1,-1, 1,-1, 1, 1, 1, 1,-1, 1,-1,-1},
{1,-1, 1,-1,-1, 1,-1, 1,-1, 1, 1,-1, 1,-1,-1, 1, 1,-1,-1, 1, 1,-1,-1, 1},
{1,-1,-1, 1, 1,-1,-1, 1,-1, 1, 1,-1, 1, 1,-1,-1,-1, 1,-1,-1, 1, 1, 1,-1},
{1,-1,-1, 1,-1, 1,-1, 1, 1,-1,-1, 1, 1,-1,-1, 1, 1,-1, 1,-1,-1, 1, 1,-1},
{1,-1,-1, 1,-1, 1,-1, 1, 1,-1,-1, 1,-1, 1, 1,-1,-1, 1,-1, 1, 1,-1,-1, 1}};

// Had.24.30
// order(automorphism group) = 24 = 2^3 * 3
// H induces non-TBI
{{1, 1, 1, 1, 1, 1, 1, 1, 1, 1, 1, 1, 1, 1, 1, 1, 1, 1, 1, 1, 1, 1, 1, 1},
{1, 1, 1, 1, 1, 1,-1,-1, 1, 1,-1,-1,-1,-1, 1,-1, 1,-1,-1,-1, 1,-1, 1,-1},
{1, 1, 1, 1, 1, 1,-1,-1,-1,-1, 1, 1,-1,-1,-1, 1,-1, 1,-1,-1,-1, 1,-1, 1},
{1, 1, 1, 1,-1,-1, 1, 1, 1,-1, 1,-1, 1,-1,-1,-1, 1,-1, 1,-1,-1,-1,-1, 1},
{1, 1, 1, 1,-1,-1, 1, 1,-1, 1,-1, 1,-1, 1,-1,-1,-1, 1,-1, 1,-1,-1, 1,-1},
{1, 1, 1, 1,-1,-1,-1,-1,-1,-1,-1,-1, 1, 1, 1, 1,-1,-1, 1, 1, 1, 1,-1,-1},
{1, 1,-1,-1, 1, 1, 1, 1, 1,-1,-1, 1, 1,-1, 1,-1,-1,-1,-1, 1,-1, 1,-1,-1},
{1, 1,-1,-1, 1, 1, 1, 1,-1, 1, 1,-1,-1, 1,-1, 1,-1,-1, 1,-1, 1,-1,-1,-1},
{1, 1,-1,-1, 1, 1,-1,-1,-1,-1,-1,-1, 1, 1,-1,-1, 1, 1, 1, 1,-1,-1, 1, 1},
{1, 1,-1,-1,-1,-1, 1, 1,-1,-1,-1,-1,-1,-1, 1, 1, 1, 1,-1,-1, 1, 1, 1, 1},
{1, 1,-1,-1,-1,-1,-1,-1, 1, 1, 1, 1, 1, 1, 1, 1, 1, 1,-1,-1,-1,-1,-1,-1},
{1, 1,-1,-1,-1,-1,-1,-1, 1, 1, 1, 1,-1,-1,-1,-1,-1,-1, 1, 1, 1, 1, 1, 1},
{1,-1, 1,-1, 1,-1, 1,-1, 1, 1,-1,-1,-1,-1, 1, 1,-1, 1, 1, 1,-1,-1,-1, 1},
{1,-1, 1,-1, 1,-1,-1, 1, 1,-1, 1,-1,-1, 1,-1, 1, 1,-1,-1, 1,-1, 1, 1,-1},
{1,-1, 1,-1, 1,-1,-1, 1,-1,-1, 1, 1, 1,-1, 1,-1,-1, 1, 1,-1, 1,-1, 1,-1},
{1,-1, 1,-1,-1, 1, 1,-1, 1,-1,-1, 1, 1, 1,-1, 1,-1,-1,-1,-1, 1,-1, 1, 1},
{1,-1, 1,-1,-1, 1, 1,-1,-1, 1, 1,-1, 1,-1,-1,-1, 1, 1,-1, 1, 1, 1,-1,-1},
{1,-1, 1,-1,-1, 1,-1, 1,-1, 1,-1, 1,-1, 1, 1,-1, 1,-1, 1,-1,-1, 1,-1, 1},
{1,-1,-1, 1, 1,-1, 1,-1, 1,-1,-1, 1,-1, 1,-1,-1, 1, 1, 1,-1, 1, 1,-1,-1},
{1,-1,-1, 1, 1,-1, 1,-1,-1, 1, 1,-1, 1, 1, 1,-1,-1,-1,-1,-1,-1, 1, 1, 1},
{1,-1,-1, 1, 1,-1,-1, 1,-1, 1,-1, 1, 1,-1,-1, 1, 1,-1,-1, 1, 1,-1,-1, 1},
{1,-1,-1, 1,-1, 1, 1,-1,-1,-1, 1, 1,-1,-1, 1, 1, 1,-1, 1, 1,-1,-1, 1,-1},
{1,-1,-1, 1,-1, 1,-1, 1, 1,-1, 1,-1,-1, 1, 1,-1,-1, 1,-1, 1, 1,-1,-1, 1},
{1,-1,-1, 1,-1, 1,-1, 1, 1, 1,-1,-1, 1,-1,-1, 1,-1, 1, 1,-1,-1, 1, 1,-1}};

// Had.24.31
// order(automorphism group) = 96 = 2^5 * 3
// H induces non-TBI
{{1, 1, 1, 1, 1, 1, 1, 1, 1, 1, 1, 1, 1, 1, 1, 1, 1, 1, 1, 1, 1, 1, 1, 1},
{1, 1, 1, 1, 1, 1,-1,-1, 1, 1,-1,-1,-1,-1, 1,-1, 1,-1,-1,-1, 1,-1, 1,-1},
{1, 1, 1, 1, 1, 1,-1,-1,-1,-1, 1, 1,-1,-1,-1, 1,-1, 1,-1,-1,-1, 1,-1, 1},
{1, 1, 1, 1,-1,-1, 1, 1, 1,-1, 1,-1, 1,-1,-1,-1, 1,-1, 1,-1,-1,-1,-1, 1},
{1, 1, 1, 1,-1,-1, 1, 1,-1, 1,-1, 1,-1, 1,-1,-1,-1, 1,-1, 1,-1,-1, 1,-1},
{1, 1, 1, 1,-1,-1,-1,-1,-1,-1,-1,-1, 1, 1, 1, 1,-1,-1, 1, 1, 1, 1,-1,-1},
{1, 1,-1,-1, 1, 1, 1, 1, 1,-1,-1, 1, 1,-1, 1,-1,-1,-1,-1, 1,-1, 1,-1,-1},
{1, 1,-1,-1, 1, 1, 1, 1,-1, 1, 1,-1,-1, 1,-1, 1,-1,-1, 1,-1, 1,-1,-1,-1},
{1, 1,-1,-1, 1, 1,-1,-1,-1,-1,-1,-1, 1, 1,-1,-1, 1, 1, 1, 1,-1,-1, 1, 1},
{1, 1,-1,-1,-1,-1, 1, 1,-1,-1,-1,-1,-1,-1, 1, 1, 1, 1,-1,-1, 1, 1, 1, 1},
{1, 1,-1,-1,-1,-1,-1,-1, 1, 1, 1, 1, 1, 1, 1, 1, 1, 1,-1,-1,-1,-1,-1,-1},
{1, 1,-1,-1,-1,-1,-1,-1, 1, 1, 1, 1,-1,-1,-1,-1,-1,-1, 1, 1, 1, 1, 1, 1},
{1,-1, 1,-1, 1,-1, 1,-1, 1, 1,-1,-1,-1,-1,-1, 1, 1, 1, 1, 1,-1, 1,-1,-1},
{1,-1, 1,-1, 1,-1,-1, 1, 1,-1,-1, 1,-1, 1, 1,-1,-1, 1, 1,-1, 1,-1,-1, 1},
{1,-1, 1,-1, 1,-1,-1, 1,-1,-1, 1, 1, 1,-1,-1, 1, 1,-1,-1, 1, 1,-1, 1,-1},
{1,-1, 1,-1,-1, 1, 1,-1, 1,-1, 1,-1, 1, 1,-1,-1,-1, 1,-1,-1, 1, 1, 1,-1},
{1,-1, 1,-1,-1, 1, 1,-1,-1, 1,-1, 1, 1,-1, 1, 1,-1,-1, 1,-1,-1,-1, 1, 1},
{1,-1, 1,-1,-1, 1,-1, 1,-1, 1, 1,-1,-1, 1, 1,-1, 1,-1,-1, 1,-1, 1,-1, 1},
{1,-1,-1, 1, 1,-1, 1,-1, 1,-1, 1,-1,-1, 1, 1, 1,-1,-1,-1, 1,-1,-1, 1, 1},
{1,-1,-1, 1, 1,-1, 1,-1,-1, 1,-1, 1, 1, 1,-1,-1, 1,-1,-1,-1, 1, 1,-1, 1},
{1,-1,-1, 1, 1,-1,-1, 1,-1, 1, 1,-1, 1,-1, 1,-1,-1, 1, 1,-1,-1, 1, 1,-1},
{1,-1,-1, 1,-1, 1, 1,-1,-1,-1, 1, 1,-1,-1, 1,-1, 1, 1, 1, 1, 1,-1,-1,-1},
{1,-1,-1, 1,-1, 1,-1, 1, 1,-1,-1, 1,-1, 1,-1, 1, 1,-1, 1,-1,-1, 1, 1,-1},
{1,-1,-1, 1,-1, 1,-1, 1, 1, 1,-1,-1, 1,-1,-1, 1,-1, 1,-1, 1, 1,-1,-1, 1}};

// Had.24.32
// order(automorphism group) = 48 = 2^4 * 3
// H induces non-TBI
{{1, 1, 1, 1, 1, 1, 1, 1, 1, 1, 1, 1, 1, 1, 1, 1, 1, 1, 1, 1, 1, 1, 1, 1},
{1, 1, 1, 1, 1, 1,-1,-1, 1, 1,-1,-1,-1,-1, 1,-1, 1,-1,-1,-1, 1,-1, 1,-1},
{1, 1, 1, 1, 1, 1,-1,-1,-1,-1, 1, 1,-1,-1,-1, 1,-1, 1,-1,-1,-1, 1,-1, 1},
{1, 1, 1, 1,-1,-1, 1, 1, 1,-1, 1,-1, 1,-1,-1,-1, 1,-1, 1,-1,-1,-1,-1, 1},
{1, 1, 1, 1,-1,-1, 1, 1,-1, 1,-1, 1,-1, 1,-1,-1,-1, 1,-1, 1,-1,-1, 1,-1},
{1, 1, 1, 1,-1,-1,-1,-1,-1,-1,-1,-1, 1, 1, 1, 1,-1,-1, 1, 1, 1, 1,-1,-1},
{1, 1,-1,-1, 1, 1, 1, 1, 1,-1,-1, 1, 1,-1, 1,-1,-1,-1,-1, 1,-1, 1,-1,-1},
{1, 1,-1,-1, 1, 1, 1, 1,-1, 1, 1,-1,-1, 1,-1, 1,-1,-1, 1,-1, 1,-1,-1,-1},
{1, 1,-1,-1, 1, 1,-1,-1,-1,-1,-1,-1, 1, 1,-1,-1, 1, 1, 1, 1,-1,-1, 1, 1},
{1, 1,-1,-1,-1,-1, 1, 1,-1,-1,-1,-1,-1,-1, 1, 1, 1, 1,-1,-1, 1, 1, 1, 1},
{1, 1,-1,-1,-1,-1,-1,-1, 1, 1, 1, 1, 1, 1, 1, 1, 1, 1,-1,-1,-1,-1,-1,-1},
{1, 1,-1,-1,-1,-1,-1,-1, 1, 1, 1, 1,-1,-1,-1,-1,-1,-1, 1, 1, 1, 1, 1, 1},
{1,-1, 1,-1, 1,-1, 1,-1, 1,-1, 1,-1, 1, 1,-1,-1,-1, 1,-1,-1, 1, 1, 1,-1},
{1,-1, 1,-1, 1,-1,-1, 1, 1, 1,-1,-1,-1, 1,-1, 1, 1,-1,-1, 1,-1, 1,-1, 1},
{1,-1, 1,-1, 1,-1,-1, 1,-1, 1,-1, 1, 1,-1, 1,-1,-1, 1, 1,-1, 1,-1,-1, 1},
{1,-1, 1,-1,-1, 1, 1,-1, 1,-1,-1, 1,-1, 1, 1, 1,-1,-1, 1,-1,-1,-1, 1, 1},
{1,-1, 1,-1,-1, 1, 1,-1,-1, 1, 1,-1,-1,-1, 1,-1, 1, 1, 1, 1,-1, 1,-1,-1},
{1,-1, 1,-1,-1, 1,-1, 1,-1,-1, 1, 1, 1,-1,-1, 1, 1,-1,-1, 1, 1,-1, 1,-1},
{1,-1,-1, 1, 1,-1, 1,-1, 1,-1,-1, 1,-1,-1,-1, 1, 1, 1, 1, 1, 1,-1,-1,-1},
{1,-1,-1, 1, 1,-1, 1,-1,-1, 1, 1,-1, 1,-1, 1, 1,-1,-1,-1, 1,-1,-1, 1, 1},
{1,-1,-1, 1, 1,-1,-1, 1,-1,-1, 1, 1,-1, 1, 1,-1, 1,-1, 1,-1,-1, 1, 1,-1},
{1,-1,-1, 1,-1, 1, 1,-1,-1, 1,-1, 1, 1, 1,-1,-1, 1,-1,-1,-1, 1, 1,-1, 1},
{1,-1,-1, 1,-1, 1,-1, 1, 1, 1,-1,-1, 1,-1,-1, 1,-1, 1, 1,-1,-1, 1, 1,-1},
{1,-1,-1, 1,-1, 1,-1, 1, 1,-1, 1,-1,-1, 1, 1,-1,-1, 1,-1, 1, 1,-1,-1, 1}};

// Had.24.33
// order(automorphism group) = 96 = 2^5 * 3
// H induces non-TBI
{{1, 1, 1, 1, 1, 1, 1, 1, 1, 1, 1, 1, 1, 1, 1, 1, 1, 1, 1, 1, 1, 1, 1, 1},
{1, 1, 1, 1, 1, 1,-1,-1, 1, 1,-1,-1,-1,-1, 1,-1, 1,-1,-1,-1, 1,-1, 1,-1},
{1, 1, 1, 1, 1, 1,-1,-1,-1,-1, 1, 1,-1,-1,-1, 1,-1, 1,-1,-1,-1, 1,-1, 1},
{1, 1, 1, 1,-1,-1, 1, 1, 1,-1, 1,-1, 1,-1,-1,-1, 1,-1, 1,-1,-1,-1,-1, 1},
{1, 1, 1, 1,-1,-1, 1, 1,-1, 1,-1, 1,-1, 1,-1,-1,-1, 1,-1, 1,-1,-1, 1,-1},
{1, 1, 1, 1,-1,-1,-1,-1,-1,-1,-1,-1, 1, 1, 1, 1,-1,-1, 1, 1, 1, 1,-1,-1},
{1, 1,-1,-1, 1, 1, 1, 1, 1,-1,-1, 1, 1,-1, 1,-1,-1,-1,-1, 1,-1, 1,-1,-1},
{1, 1,-1,-1, 1, 1, 1, 1,-1, 1, 1,-1,-1, 1,-1, 1,-1,-1, 1,-1, 1,-1,-1,-1},
{1, 1,-1,-1, 1, 1,-1,-1,-1,-1,-1,-1, 1, 1,-1,-1, 1, 1, 1, 1,-1,-1, 1, 1},
{1, 1,-1,-1,-1,-1, 1, 1,-1,-1,-1,-1,-1,-1, 1, 1, 1, 1,-1,-1, 1, 1, 1, 1},
{1, 1,-1,-1,-1,-1,-1,-1, 1, 1, 1, 1, 1, 1, 1, 1, 1, 1,-1,-1,-1,-1,-1,-1},
{1, 1,-1,-1,-1,-1,-1,-1, 1, 1, 1, 1,-1,-1,-1,-1,-1,-1, 1, 1, 1, 1, 1, 1},
{1,-1, 1,-1, 1,-1, 1,-1,-1,-1, 1, 1, 1, 1, 1,-1,-1,-1,-1,-1, 1,-1, 1, 1},
{1,-1, 1,-1, 1,-1,-1, 1,-1, 1,-1, 1, 1,-1,-1,-1, 1, 1, 1,-1, 1, 1,-1,-1},
{1,-1, 1,-1, 1,-1,-1, 1, 1,-1, 1,-1,-1,-1, 1, 1,-1, 1, 1, 1,-1,-1, 1,-1},
{1,-1, 1,-1,-1, 1, 1,-1, 1, 1,-1,-1, 1,-1,-1, 1,-1, 1,-1, 1, 1,-1,-1, 1},
{1,-1, 1,-1,-1, 1, 1,-1, 1,-1,-1, 1,-1, 1,-1, 1, 1,-1, 1,-1,-1, 1, 1,-1},
{1,-1, 1,-1,-1, 1,-1, 1,-1, 1, 1,-1,-1, 1, 1,-1, 1,-1,-1, 1,-1, 1,-1, 1},
{1,-1,-1, 1, 1,-1, 1,-1,-1, 1, 1,-1, 1,-1,-1, 1, 1,-1,-1, 1,-1, 1, 1,-1},
{1,-1,-1, 1, 1,-1, 1,-1, 1, 1,-1,-1,-1, 1, 1,-1,-1, 1, 1,-1,-1, 1,-1, 1},
{1,-1,-1, 1, 1,-1,-1, 1, 1,-1,-1, 1,-1, 1,-1, 1, 1,-1,-1, 1, 1,-1,-1, 1},
{1,-1,-1, 1,-1, 1, 1,-1,-1,-1, 1, 1,-1,-1, 1,-1, 1, 1, 1, 1, 1,-1,-1,-1},
{1,-1,-1, 1,-1, 1,-1, 1,-1, 1,-1, 1, 1,-1, 1, 1,-1,-1, 1,-1,-1,-1, 1, 1},
{1,-1,-1, 1,-1, 1,-1, 1, 1,-1, 1,-1, 1, 1,-1,-1,-1, 1,-1,-1, 1, 1, 1,-1}};

// Had.24.34
// order(automorphism group) = 1728 = 2^6 * 3^3
// H induces non-TBI
{{1, 1, 1, 1, 1, 1, 1, 1, 1, 1, 1, 1, 1, 1, 1, 1, 1, 1, 1, 1, 1, 1, 1, 1},
{1, 1, 1, 1, 1, 1, 1, 1, 1, 1, 1, 1,-1,-1,-1,-1,-1,-1,-1,-1,-1,-1,-1,-1},
{1, 1, 1,-1, 1, 1,-1, 1,-1,-1,-1,-1, 1, 1,-1, 1, 1,-1, 1,-1,-1,-1, 1,-1},
{1, 1, 1,-1, 1, 1,-1, 1,-1,-1,-1,-1,-1,-1, 1,-1,-1, 1,-1, 1, 1, 1,-1, 1},
{1, 1, 1,-1,-1,-1, 1,-1,-1, 1,-1, 1, 1, 1, 1,-1, 1, 1,-1, 1,-1,-1,-1,-1},
{1, 1, 1,-1,-1,-1, 1,-1,-1, 1,-1, 1,-1,-1,-1, 1,-1,-1, 1,-1, 1, 1, 1, 1},
{1, 1,-1, 1, 1,-1, 1,-1,-1,-1, 1,-1, 1, 1, 1,-1,-1,-1, 1,-1,-1, 1,-1, 1},
{1, 1,-1, 1, 1,-1, 1,-1,-1,-1, 1,-1,-1,-1,-1, 1, 1, 1,-1, 1, 1,-1, 1,-1},
{1, 1,-1, 1,-1,-1,-1, 1, 1, 1,-1,-1, 1, 1,-1, 1,-1,-1,-1, 1, 1, 1,-1,-1},
{1, 1,-1, 1,-1,-1,-1, 1, 1, 1,-1,-1,-1,-1, 1,-1, 1, 1, 1,-1,-1,-1, 1, 1},
{1, 1,-1,-1,-1, 1,-1,-1, 1,-1, 1, 1, 1, 1,-1,-1,-1, 1,-1,-1, 1,-1, 1, 1},
{1, 1,-1,-1,-1, 1,-1,-1, 1,-1, 1, 1,-1,-1, 1, 1, 1,-1, 1, 1,-1, 1,-1,-1},
{1,-1, 1, 1, 1,-1,-1,-1, 1,-1,-1, 1, 1,-1, 1, 1, 1,-1,-1,-1, 1,-1,-1, 1},
{1,-1, 1, 1, 1,-1,-1,-1, 1,-1,-1, 1,-1, 1,-1,-1,-1, 1, 1, 1,-1, 1, 1,-1},
{1,-1, 1, 1,-1, 1,-1,-1,-1, 1, 1,-1, 1,-1, 1, 1,-1, 1,-1,-1,-1, 1, 1,-1},
{1,-1, 1, 1,-1, 1,-1,-1,-1, 1, 1,-1,-1, 1,-1,-1, 1,-1, 1, 1, 1,-1,-1, 1},
{1,-1, 1,-1,-1,-1, 1, 1, 1,-1, 1,-1, 1,-1, 1,-1,-1,-1, 1, 1, 1,-1, 1,-1},
{1,-1, 1,-1,-1,-1, 1, 1, 1,-1, 1,-1,-1, 1,-1, 1, 1, 1,-1,-1,-1, 1,-1, 1},
{1,-1,-1, 1,-1, 1, 1, 1,-1,-1,-1, 1, 1,-1,-1, 1,-1, 1, 1, 1,-1,-1,-1, 1},
{1,-1,-1, 1,-1, 1, 1, 1,-1,-1,-1, 1,-1, 1, 1,-1, 1,-1,-1,-1, 1, 1, 1,-1},
{1,-1,-1,-1, 1, 1, 1,-1, 1, 1,-1,-1, 1,-1,-1,-1, 1, 1, 1,-1, 1, 1,-1,-1},
{1,-1,-1,-1, 1, 1, 1,-1, 1, 1,-1,-1,-1, 1, 1, 1,-1,-1,-1, 1,-1,-1, 1, 1},
{1,-1,-1,-1, 1,-1,-1, 1,-1, 1, 1, 1, 1,-1,-1,-1, 1,-1,-1, 1,-1, 1, 1, 1},
{1,-1,-1,-1, 1,-1,-1, 1,-1, 1, 1, 1,-1, 1, 1, 1,-1, 1, 1,-1, 1,-1,-1,-1}};

// Had.24.35
// order(automorphism group) = 576 = 2^6 * 3^2
// H induces non-TBI
{{1, 1, 1, 1, 1, 1, 1, 1, 1, 1, 1, 1, 1, 1, 1, 1, 1, 1, 1, 1, 1, 1, 1, 1},
{1, 1, 1, 1, 1, 1, 1, 1, 1, 1, 1, 1,-1,-1,-1,-1,-1,-1,-1,-1,-1,-1,-1,-1},
{1, 1, 1,-1, 1, 1,-1, 1,-1,-1,-1,-1, 1, 1,-1, 1, 1,-1, 1,-1,-1,-1, 1,-1},
{1, 1, 1,-1, 1, 1,-1, 1,-1,-1,-1,-1,-1,-1, 1,-1,-1, 1,-1, 1, 1, 1,-1, 1},
{1, 1, 1,-1,-1,-1, 1,-1,-1, 1,-1, 1, 1, 1, 1,-1, 1, 1,-1, 1,-1,-1,-1,-1},
{1, 1, 1,-1,-1,-1, 1,-1,-1, 1,-1, 1,-1,-1,-1, 1,-1,-1, 1,-1, 1, 1, 1, 1},
{1, 1,-1, 1, 1,-1, 1,-1,-1,-1, 1,-1, 1, 1, 1,-1,-1,-1, 1,-1,-1, 1,-1, 1},
{1, 1,-1, 1, 1,-1, 1,-1,-1,-1, 1,-1,-1,-1,-1, 1, 1, 1,-1, 1, 1,-1, 1,-1},
{1, 1,-1, 1,-1,-1,-1, 1, 1, 1,-1,-1, 1, 1,-1,-1,-1, 1,-1,-1, 1,-1, 1, 1},
{1, 1,-1, 1,-1,-1,-1, 1, 1, 1,-1,-1,-1,-1, 1, 1, 1,-1, 1, 1,-1, 1,-1,-1},
{1, 1,-1,-1,-1, 1,-1,-1, 1,-1, 1, 1, 1, 1,-1, 1,-1,-1,-1, 1, 1, 1,-1,-1},
{1, 1,-1,-1,-1, 1,-1,-1, 1,-1, 1, 1,-1,-1, 1,-1, 1, 1, 1,-1,-1,-1, 1, 1},
{1,-1, 1, 1, 1,-1,-1,-1, 1,-1,-1, 1, 1,-1, 1, 1, 1,-1,-1,-1, 1,-1,-1, 1},
{1,-1, 1, 1, 1,-1,-1,-1, 1,-1,-1, 1,-1, 1,-1,-1,-1, 1, 1, 1,-1, 1, 1,-1},
{1,-1, 1, 1,-1, 1,-1,-1,-1, 1, 1,-1, 1,-1, 1, 1,-1, 1,-1,-1,-1, 1, 1,-1},
{1,-1, 1, 1,-1, 1,-1,-1,-1, 1, 1,-1,-1, 1,-1,-1, 1,-1, 1, 1, 1,-1,-1, 1},
{1,-1, 1,-1,-1,-1, 1, 1, 1,-1, 1,-1, 1,-1, 1,-1,-1,-1, 1, 1, 1,-1, 1,-1},
{1,-1, 1,-1,-1,-1, 1, 1, 1,-1, 1,-1,-1, 1,-1, 1, 1, 1,-1,-1,-1, 1,-1, 1},
{1,-1,-1, 1,-1, 1, 1, 1,-1,-1,-1, 1, 1,-1,-1, 1,-1, 1, 1, 1,-1,-1,-1, 1},
{1,-1,-1, 1,-1, 1, 1, 1,-1,-1,-1, 1,-1, 1, 1,-1, 1,-1,-1,-1, 1, 1, 1,-1},
{1,-1,-1,-1, 1, 1, 1,-1, 1, 1,-1,-1, 1,-1,-1,-1, 1, 1, 1,-1, 1, 1,-1,-1},
{1,-1,-1,-1, 1, 1, 1,-1, 1, 1,-1,-1,-1, 1, 1, 1,-1,-1,-1, 1,-1,-1, 1, 1},
{1,-1,-1,-1, 1,-1,-1, 1,-1, 1, 1, 1, 1,-1,-1,-1, 1,-1,-1, 1,-1, 1, 1, 1},
{1,-1,-1,-1, 1,-1,-1, 1,-1, 1, 1, 1,-1, 1, 1, 1,-1, 1, 1,-1, 1,-1,-1,-1}};

// Had.24.36
// order(automorphism group) = 48 = 2^4 * 3
// H induces non-TBI
{{1, 1, 1, 1, 1, 1, 1, 1, 1, 1, 1, 1, 1, 1, 1, 1, 1, 1, 1, 1, 1, 1, 1, 1},
{1, 1, 1, 1, 1, 1, 1, 1, 1, 1, 1, 1,-1,-1,-1,-1,-1,-1,-1,-1,-1,-1,-1,-1},
{1, 1, 1, 1, 1, 1,-1,-1,-1,-1,-1,-1, 1, 1, 1, 1, 1, 1,-1,-1,-1,-1,-1,-1},
{1, 1, 1, 1, 1, 1,-1,-1,-1,-1,-1,-1,-1,-1,-1,-1,-1,-1, 1, 1, 1, 1, 1, 1},
{1, 1, 1,-1,-1,-1, 1, 1, 1,-1,-1,-1, 1, 1, 1,-1,-1,-1, 1, 1, 1,-1,-1,-1},
{1, 1, 1,-1,-1,-1, 1, 1, 1,-1,-1,-1,-1,-1,-1, 1, 1, 1,-1,-1,-1, 1, 1, 1},
{1,-1, 1, 1,-1,-1, 1,-1,-1, 1, 1,-1, 1, 1,-1, 1,-1,-1, 1,-1,-1,-1, 1, 1},
{1,-1, 1, 1,-1,-1, 1,-1,-1, 1, 1,-1,-1,-1, 1,-1, 1, 1,-1, 1, 1, 1,-1,-1},
{1,-1, 1,-1, 1,-1,-1, 1,-1, 1,-1, 1, 1, 1,-1,-1, 1,-1,-1, 1,-1, 1,-1, 1},
{1,-1, 1,-1, 1,-1,-1, 1,-1, 1,-1, 1,-1,-1, 1, 1,-1, 1, 1,-1, 1,-1, 1,-1},
{1,-1, 1,-1,-1, 1,-1,-1, 1,-1, 1, 1, 1, 1,-1,-1,-1, 1,-1,-1, 1, 1, 1,-1},
{1,-1, 1,-1,-1, 1,-1,-1, 1,-1, 1, 1,-1,-1, 1, 1, 1,-1, 1, 1,-1,-1,-1, 1},
{1, 1,-1, 1,-1,-1,-1, 1,-1,-1, 1, 1, 1,-1, 1,-1,-1, 1,-1, 1,-1,-1, 1, 1},
{1, 1,-1, 1,-1,-1,-1,-1, 1, 1,-1, 1,-1, 1,-1, 1, 1,-1,-1, 1, 1,-1, 1,-1},
{1, 1,-1,-1, 1,-1, 1,-1,-1,-1, 1, 1,-1, 1,-1, 1,-1, 1, 1, 1,-1, 1,-1,-1},
{1, 1,-1,-1, 1,-1,-1,-1, 1, 1, 1,-1, 1,-1, 1, 1,-1,-1,-1,-1, 1, 1,-1, 1},
{1, 1,-1,-1,-1, 1, 1,-1,-1, 1,-1, 1, 1,-1,-1,-1, 1, 1, 1,-1, 1,-1,-1, 1},
{1, 1,-1,-1,-1, 1,-1, 1,-1, 1, 1,-1,-1, 1, 1,-1, 1,-1, 1,-1,-1, 1, 1,-1},
{1,-1,-1, 1, 1,-1, 1,-1, 1,-1,-1, 1, 1,-1, 1,-1, 1,-1, 1,-1,-1, 1, 1,-1},
{1,-1,-1, 1, 1,-1,-1, 1, 1,-1, 1,-1,-1, 1,-1,-1, 1, 1, 1,-1, 1,-1,-1, 1},
{1,-1,-1, 1,-1, 1, 1, 1,-1,-1,-1, 1,-1, 1, 1, 1,-1,-1,-1,-1, 1, 1,-1, 1},
{1,-1,-1, 1,-1, 1,-1, 1, 1, 1,-1,-1, 1,-1,-1, 1,-1, 1, 1, 1,-1, 1,-1,-1},
{1,-1,-1,-1, 1, 1, 1, 1,-1,-1, 1,-1, 1,-1,-1, 1, 1,-1,-1, 1, 1,-1, 1,-1},
{1,-1,-1,-1, 1, 1, 1,-1, 1, 1,-1,-1,-1, 1, 1,-1,-1, 1,-1, 1,-1,-1, 1, 1}};

// Had.24.37
// order(automorphism group) = 144 = 2^4 * 3^2
// H induces non-TBI
{{1, 1, 1, 1, 1, 1, 1, 1, 1, 1, 1, 1, 1, 1, 1, 1, 1, 1, 1, 1, 1, 1, 1, 1},
{1, 1, 1, 1, 1, 1, 1, 1, 1, 1, 1, 1,-1,-1,-1,-1,-1,-1,-1,-1,-1,-1,-1,-1},
{1, 1, 1, 1, 1, 1,-1,-1,-1,-1,-1,-1, 1, 1, 1, 1, 1, 1,-1,-1,-1,-1,-1,-1},
{1, 1, 1, 1, 1, 1,-1,-1,-1,-1,-1,-1,-1,-1,-1,-1,-1,-1, 1, 1, 1, 1, 1, 1},
{1, 1, 1,-1,-1,-1, 1, 1, 1,-1,-1,-1, 1, 1, 1,-1,-1,-1, 1, 1, 1,-1,-1,-1},
{1, 1, 1,-1,-1,-1, 1, 1, 1,-1,-1,-1,-1,-1,-1, 1, 1, 1,-1,-1,-1, 1, 1, 1},
{1,-1, 1, 1,-1,-1, 1,-1,-1, 1, 1,-1, 1, 1,-1, 1,-1,-1, 1,-1,-1,-1, 1, 1},
{1,-1, 1, 1,-1,-1, 1,-1,-1, 1, 1,-1,-1,-1, 1,-1, 1, 1,-1, 1, 1, 1,-1,-1},
{1,-1, 1,-1, 1,-1,-1, 1,-1, 1,-1, 1, 1, 1,-1,-1, 1,-1,-1, 1,-1, 1,-1, 1},
{1,-1, 1,-1, 1,-1,-1, 1,-1, 1,-1, 1,-1,-1, 1, 1,-1, 1, 1,-1, 1,-1, 1,-1},
{1,-1, 1,-1,-1, 1,-1,-1, 1,-1, 1, 1, 1, 1,-1,-1,-1, 1,-1,-1, 1, 1, 1,-1},
{1,-1, 1,-1,-1, 1,-1,-1, 1,-1, 1, 1,-1,-1, 1, 1, 1,-1, 1, 1,-1,-1,-1, 1},
{1, 1,-1, 1,-1,-1,-1, 1,-1,-1, 1, 1, 1,-1, 1,-1,-1, 1,-1, 1,-1,-1, 1, 1},
{1, 1,-1, 1,-1,-1,-1,-1, 1, 1,-1, 1,-1, 1,-1, 1, 1,-1,-1, 1, 1,-1, 1,-1},
{1, 1,-1,-1, 1,-1, 1,-1,-1,-1, 1, 1,-1, 1, 1, 1,-1,-1,-1,-1, 1, 1,-1, 1},
{1, 1,-1,-1, 1,-1,-1,-1, 1, 1, 1,-1, 1,-1,-1,-1, 1, 1, 1,-1, 1,-1,-1, 1},
{1, 1,-1,-1,-1, 1, 1,-1,-1, 1,-1, 1, 1,-1, 1,-1, 1,-1, 1,-1,-1, 1, 1,-1},
{1, 1,-1,-1,-1, 1,-1, 1,-1, 1, 1,-1,-1, 1,-1, 1,-1, 1, 1, 1,-1, 1,-1,-1},
{1,-1,-1, 1, 1,-1, 1,-1, 1,-1,-1, 1, 1,-1,-1, 1,-1, 1, 1, 1,-1, 1,-1,-1},
{1,-1,-1, 1, 1,-1,-1, 1, 1,-1, 1,-1,-1, 1, 1,-1, 1,-1, 1,-1,-1, 1, 1,-1},
{1,-1,-1, 1,-1, 1, 1, 1,-1,-1,-1, 1,-1, 1,-1,-1, 1, 1, 1,-1, 1,-1,-1, 1},
{1,-1,-1, 1,-1, 1,-1, 1, 1, 1,-1,-1, 1,-1, 1, 1,-1,-1,-1,-1, 1, 1,-1, 1},
{1,-1,-1,-1, 1, 1, 1, 1,-1,-1, 1,-1, 1,-1,-1, 1, 1,-1,-1, 1, 1,-1, 1,-1},
{1,-1,-1,-1, 1, 1, 1,-1, 1, 1,-1,-1,-1, 1, 1,-1,-1, 1,-1, 1,-1,-1, 1, 1}};

// Had.24.38
// order(automorphism group) = 64 = 2^6
// H induces non-TBI
{{1, 1, 1, 1, 1, 1, 1, 1, 1, 1, 1, 1, 1, 1, 1, 1, 1, 1, 1, 1, 1, 1, 1, 1},
{1, 1, 1, 1, 1, 1, 1, 1, 1, 1, 1, 1,-1,-1,-1,-1,-1,-1,-1,-1,-1,-1,-1,-1},
{1, 1, 1, 1, 1, 1,-1,-1,-1,-1,-1,-1, 1, 1, 1,-1,-1,-1, 1, 1, 1,-1,-1,-1},
{1, 1, 1, 1, 1, 1,-1,-1,-1,-1,-1,-1,-1,-1,-1, 1, 1, 1,-1,-1,-1, 1, 1, 1},
{1, 1, 1,-1,-1,-1, 1, 1, 1,-1,-1,-1, 1, 1, 1, 1, 1, 1,-1,-1,-1,-1,-1,-1},
{1, 1, 1,-1,-1,-1, 1, 1, 1,-1,-1,-1,-1,-1,-1,-1,-1,-1, 1, 1, 1, 1, 1, 1},
{1,-1,-1, 1, 1,-1, 1, 1,-1, 1,-1,-1, 1,-1,-1, 1, 1,-1, 1, 1,-1, 1,-1,-1},
{1,-1,-1, 1, 1,-1, 1, 1,-1, 1,-1,-1,-1, 1, 1,-1,-1, 1,-1,-1, 1,-1, 1, 1},
{1, 1,-1, 1,-1,-1, 1,-1,-1,-1, 1, 1, 1, 1,-1, 1,-1,-1, 1,-1,-1,-1, 1, 1},
{1, 1,-1, 1,-1,-1,-1, 1,-1,-1, 1, 1,-1, 1,-1,-1, 1, 1,-1, 1, 1, 1,-1,-1},
{1,-1, 1,-1, 1,-1, 1,-1,-1,-1, 1, 1,-1,-1, 1, 1,-1, 1, 1,-1, 1, 1,-1,-1},
{1,-1, 1,-1, 1,-1,-1, 1,-1,-1, 1, 1, 1,-1, 1,-1, 1,-1,-1, 1,-1,-1, 1, 1},
{1,-1,-1, 1,-1, 1, 1,-1, 1,-1, 1,-1, 1,-1, 1,-1, 1,-1,-1,-1, 1, 1, 1,-1},
{1,-1,-1,-1, 1, 1, 1,-1, 1,-1, 1,-1,-1, 1,-1,-1, 1, 1, 1, 1,-1,-1,-1, 1},
{1, 1,-1,-1,-1, 1,-1, 1,-1, 1, 1,-1,-1,-1, 1, 1, 1,-1, 1,-1, 1,-1,-1, 1},
{1,-1, 1,-1,-1, 1,-1, 1,-1, 1, 1,-1, 1, 1,-1,-1,-1, 1, 1,-1,-1, 1, 1,-1},
{1, 1,-1,-1, 1,-1,-1,-1, 1, 1, 1,-1, 1,-1,-1, 1,-1, 1,-1, 1, 1,-1, 1,-1},
{1,-1, 1, 1,-1,-1,-1,-1, 1, 1, 1,-1,-1, 1, 1, 1,-1,-1,-1, 1,-1, 1,-1, 1},
{1,-1,-1, 1,-1, 1,-1, 1, 1,-1,-1, 1,-1,-1, 1, 1,-1, 1, 1, 1,-1,-1, 1,-1},
{1,-1,-1,-1, 1, 1,-1, 1, 1,-1,-1, 1, 1, 1,-1, 1,-1,-1,-1,-1, 1, 1,-1, 1},
{1, 1,-1,-1,-1, 1, 1,-1,-1, 1,-1, 1, 1,-1, 1,-1,-1, 1,-1, 1,-1, 1,-1, 1},
{1,-1, 1,-1,-1, 1, 1,-1,-1, 1,-1, 1,-1, 1,-1, 1, 1,-1,-1, 1, 1,-1, 1,-1},
{1, 1,-1,-1, 1,-1,-1,-1, 1, 1,-1, 1,-1, 1, 1,-1, 1,-1, 1,-1,-1, 1, 1,-1},
{1,-1, 1, 1,-1,-1,-1,-1, 1, 1,-1, 1, 1,-1,-1,-1, 1, 1, 1,-1, 1,-1,-1, 1}};

// Had.24.39
// order(automorphism group) = 64 = 2^6
// H induces non-TBI
{{1, 1, 1, 1, 1, 1, 1, 1, 1, 1, 1, 1, 1, 1, 1, 1, 1, 1, 1, 1, 1, 1, 1, 1},
{1, 1, 1, 1, 1, 1, 1, 1, 1, 1, 1, 1,-1,-1,-1,-1,-1,-1,-1,-1,-1,-1,-1,-1},
{1, 1, 1, 1, 1, 1,-1,-1,-1,-1,-1,-1, 1, 1, 1,-1,-1,-1, 1, 1, 1,-1,-1,-1},
{1, 1, 1, 1, 1, 1,-1,-1,-1,-1,-1,-1,-1,-1,-1, 1, 1, 1,-1,-1,-1, 1, 1, 1},
{1, 1, 1,-1,-1,-1, 1, 1, 1,-1,-1,-1, 1, 1, 1, 1, 1, 1,-1,-1,-1,-1,-1,-1},
{1, 1, 1,-1,-1,-1, 1, 1, 1,-1,-1,-1,-1,-1,-1,-1,-1,-1, 1, 1, 1, 1, 1, 1},
{1,-1,-1, 1, 1,-1, 1, 1,-1, 1,-1,-1, 1,-1,-1, 1, 1,-1, 1, 1,-1, 1,-1,-1},
{1,-1,-1, 1, 1,-1, 1, 1,-1, 1,-1,-1,-1, 1, 1,-1,-1, 1,-1,-1, 1,-1, 1, 1},
{1, 1,-1, 1,-1,-1, 1,-1,-1,-1, 1, 1, 1, 1,-1, 1,-1,-1, 1,-1,-1,-1, 1, 1},
{1, 1,-1, 1,-1,-1,-1, 1,-1,-1, 1, 1,-1, 1,-1,-1, 1, 1,-1, 1, 1, 1,-1,-1},
{1,-1, 1,-1, 1,-1, 1,-1,-1,-1, 1, 1,-1,-1, 1, 1,-1, 1, 1,-1, 1, 1,-1,-1},
{1,-1, 1,-1, 1,-1,-1, 1,-1,-1, 1, 1, 1,-1, 1,-1, 1,-1,-1, 1,-1,-1, 1, 1},
{1,-1,-1, 1,-1, 1, 1,-1, 1,-1, 1,-1, 1,-1, 1,-1, 1,-1,-1,-1, 1, 1, 1,-1},
{1,-1,-1,-1, 1, 1, 1,-1, 1,-1, 1,-1,-1, 1,-1,-1, 1, 1, 1, 1,-1,-1,-1, 1},
{1, 1,-1,-1,-1, 1,-1, 1,-1, 1, 1,-1,-1,-1, 1, 1, 1,-1, 1,-1, 1,-1,-1, 1},
{1,-1, 1,-1,-1, 1,-1, 1,-1, 1, 1,-1, 1, 1,-1,-1,-1, 1, 1,-1,-1, 1, 1,-1},
{1, 1,-1,-1, 1,-1,-1,-1, 1, 1, 1,-1,-1, 1, 1, 1,-1,-1,-1, 1,-1, 1, 1,-1},
{1,-1, 1, 1,-1,-1,-1,-1, 1, 1, 1,-1, 1,-1,-1, 1,-1, 1,-1, 1, 1,-1,-1, 1},
{1,-1,-1, 1,-1, 1,-1, 1, 1,-1,-1, 1,-1,-1, 1, 1,-1, 1, 1, 1,-1,-1, 1,-1},
{1,-1,-1,-1, 1, 1,-1, 1, 1,-1,-1, 1, 1, 1,-1, 1,-1,-1,-1,-1, 1, 1,-1, 1},
{1, 1,-1,-1,-1, 1, 1,-1,-1, 1,-1, 1, 1,-1, 1,-1,-1, 1,-1, 1,-1, 1,-1, 1},
{1,-1, 1,-1,-1, 1, 1,-1,-1, 1,-1, 1,-1, 1,-1, 1, 1,-1,-1, 1, 1,-1, 1,-1},
{1, 1,-1,-1, 1,-1,-1,-1, 1, 1,-1, 1, 1,-1,-1,-1, 1, 1, 1,-1, 1,-1, 1,-1},
{1,-1, 1, 1,-1,-1,-1,-1, 1, 1,-1, 1,-1, 1, 1,-1, 1,-1, 1,-1,-1, 1,-1, 1}};

// Had.24.40
// order(automorphism group) = 16 = 2^4
// H induces non-TBI
{{1, 1, 1, 1, 1, 1, 1, 1, 1, 1, 1, 1, 1, 1, 1, 1, 1, 1, 1, 1, 1, 1, 1, 1},
{1, 1, 1, 1, 1, 1, 1, 1, 1, 1, 1, 1,-1,-1,-1,-1,-1,-1,-1,-1,-1,-1,-1,-1},
{1, 1, 1, 1, 1, 1,-1,-1,-1,-1,-1,-1, 1, 1, 1,-1,-1,-1, 1, 1, 1,-1,-1,-1},
{1, 1, 1, 1, 1, 1,-1,-1,-1,-1,-1,-1,-1,-1,-1, 1, 1, 1,-1,-1,-1, 1, 1, 1},
{1, 1, 1,-1,-1,-1, 1, 1, 1,-1,-1,-1, 1, 1, 1, 1, 1, 1,-1,-1,-1,-1,-1,-1},
{1, 1, 1,-1,-1,-1, 1, 1, 1,-1,-1,-1,-1,-1,-1,-1,-1,-1, 1, 1, 1, 1, 1, 1},
{1,-1,-1, 1, 1,-1, 1, 1,-1, 1,-1,-1, 1,-1,-1, 1, 1,-1, 1, 1,-1, 1,-1,-1},
{1,-1,-1, 1, 1,-1, 1, 1,-1, 1,-1,-1,-1, 1, 1,-1,-1, 1,-1,-1, 1,-1, 1, 1},
{1, 1,-1, 1,-1,-1, 1,-1,-1,-1, 1, 1, 1, 1,-1, 1,-1,-1, 1,-1,-1,-1, 1, 1},
{1, 1,-1, 1,-1,-1,-1, 1,-1,-1, 1, 1,-1, 1,-1,-1, 1, 1,-1, 1, 1, 1,-1,-1},
{1,-1, 1,-1, 1,-1, 1,-1,-1,-1, 1, 1,-1,-1, 1, 1,-1, 1, 1,-1, 1, 1,-1,-1},
{1,-1, 1,-1, 1,-1,-1, 1,-1,-1, 1, 1, 1,-1, 1,-1, 1,-1,-1, 1,-1,-1, 1, 1},
{1,-1,-1, 1,-1, 1, 1,-1, 1,-1, 1,-1, 1,-1, 1,-1, 1,-1,-1,-1, 1, 1, 1,-1},
{1,-1,-1,-1, 1, 1,-1, 1, 1,-1, 1,-1, 1, 1,-1,-1,-1, 1, 1,-1,-1, 1,-1, 1},
{1, 1,-1,-1,-1, 1, 1,-1,-1, 1, 1,-1,-1,-1, 1,-1, 1, 1, 1, 1,-1,-1,-1, 1},
{1,-1, 1,-1,-1, 1,-1, 1,-1, 1, 1,-1,-1, 1,-1, 1, 1,-1, 1,-1, 1,-1, 1,-1},
{1, 1,-1,-1, 1,-1,-1,-1, 1, 1, 1,-1, 1,-1,-1, 1,-1, 1,-1, 1, 1,-1, 1,-1},
{1,-1, 1, 1,-1,-1,-1,-1, 1, 1, 1,-1,-1, 1, 1, 1,-1,-1,-1, 1,-1, 1,-1, 1},
{1,-1,-1, 1,-1, 1,-1, 1, 1,-1,-1, 1,-1,-1, 1, 1,-1, 1, 1, 1,-1,-1, 1,-1},
{1,-1,-1,-1, 1, 1, 1,-1, 1,-1,-1, 1,-1, 1,-1, 1, 1,-1,-1, 1, 1,-1,-1, 1},
{1, 1,-1,-1,-1, 1,-1, 1,-1, 1,-1, 1, 1,-1, 1, 1,-1,-1,-1,-1, 1, 1,-1, 1},
{1,-1, 1,-1,-1, 1, 1,-1,-1, 1,-1, 1, 1, 1,-1,-1,-1, 1,-1, 1,-1, 1, 1,-1},
{1, 1,-1,-1, 1,-1,-1,-1, 1, 1,-1, 1,-1, 1, 1,-1, 1,-1, 1,-1,-1, 1, 1,-1},
{1,-1, 1, 1,-1,-1,-1,-1, 1, 1,-1, 1, 1,-1,-1,-1, 1, 1, 1,-1, 1,-1,-1, 1}};

// Had.24.41
// order(automorphism group) = 24 = 2^3 * 3
// H induces non-TBI
{{1, 1, 1, 1, 1, 1, 1, 1, 1, 1, 1, 1, 1, 1, 1, 1, 1, 1, 1, 1, 1, 1, 1, 1},
{1, 1, 1, 1, 1, 1, 1, 1, 1, 1, 1, 1,-1,-1,-1,-1,-1,-1,-1,-1,-1,-1,-1,-1},
{1, 1, 1, 1, 1, 1,-1,-1,-1,-1,-1,-1, 1, 1, 1, 1, 1, 1,-1,-1,-1,-1,-1,-1},
{1, 1, 1, 1, 1, 1,-1,-1,-1,-1,-1,-1,-1,-1,-1,-1,-1,-1, 1, 1, 1, 1, 1, 1},
{1, 1, 1,-1,-1,-1, 1, 1, 1,-1,-1,-1, 1, 1, 1,-1,-1,-1, 1, 1, 1,-1,-1,-1},
{1, 1, 1,-1,-1,-1, 1, 1, 1,-1,-1,-1,-1,-1,-1, 1, 1, 1,-1,-1,-1, 1, 1, 1},
{1,-1,-1, 1, 1,-1, 1, 1,-1, 1,-1,-1, 1,-1,-1, 1, 1,-1, 1, 1,-1, 1,-1,-1},
{1,-1,-1, 1, 1,-1, 1, 1,-1, 1,-1,-1,-1, 1, 1,-1,-1, 1,-1,-1, 1,-1, 1, 1},
{1, 1,-1, 1,-1,-1, 1,-1,-1,-1, 1, 1, 1, 1,-1, 1,-1,-1, 1,-1,-1,-1, 1, 1},
{1, 1,-1,-1, 1,-1,-1, 1,-1,-1, 1, 1, 1,-1,-1,-1, 1, 1,-1, 1, 1,-1,-1, 1},
{1,-1, 1, 1,-1,-1,-1, 1,-1,-1, 1, 1,-1, 1, 1,-1, 1,-1,-1, 1,-1, 1, 1,-1},
{1,-1, 1,-1, 1,-1, 1,-1,-1,-1, 1, 1,-1,-1, 1, 1,-1, 1, 1,-1, 1, 1,-1,-1},
{1,-1,-1, 1,-1, 1, 1,-1, 1,-1, 1,-1,-1,-1, 1, 1, 1,-1,-1, 1, 1,-1,-1, 1},
{1,-1,-1,-1, 1, 1,-1, 1, 1,-1, 1,-1,-1, 1,-1, 1,-1, 1, 1, 1,-1,-1, 1,-1},
{1, 1,-1,-1,-1, 1, 1,-1,-1, 1, 1,-1, 1,-1, 1,-1,-1, 1,-1, 1,-1, 1, 1,-1},
{1,-1, 1,-1,-1, 1,-1, 1,-1, 1, 1,-1, 1, 1,-1, 1,-1,-1,-1,-1, 1, 1,-1, 1},
{1, 1,-1, 1,-1,-1,-1,-1, 1, 1, 1,-1,-1, 1,-1,-1, 1, 1, 1,-1, 1, 1,-1,-1},
{1,-1, 1,-1, 1,-1,-1,-1, 1, 1, 1,-1, 1,-1, 1,-1, 1,-1, 1,-1,-1,-1, 1, 1},
{1,-1,-1, 1,-1, 1,-1, 1, 1,-1,-1, 1, 1,-1, 1,-1,-1, 1, 1,-1,-1, 1,-1, 1},
{1,-1,-1,-1, 1, 1, 1,-1, 1,-1,-1, 1, 1, 1,-1,-1, 1,-1,-1,-1, 1, 1, 1,-1},
{1, 1,-1,-1,-1, 1,-1, 1,-1, 1,-1, 1,-1,-1, 1, 1, 1,-1, 1,-1, 1,-1, 1,-1},
{1,-1, 1,-1,-1, 1, 1,-1,-1, 1,-1, 1,-1, 1,-1,-1, 1, 1, 1, 1,-1,-1,-1, 1},
{1, 1,-1,-1, 1,-1,-1,-1, 1, 1,-1, 1,-1, 1, 1, 1,-1,-1,-1, 1,-1, 1,-1, 1},
{1,-1, 1, 1,-1,-1,-1,-1, 1, 1,-1, 1, 1,-1,-1, 1,-1, 1,-1, 1, 1,-1, 1,-1}};

// Had.24.42
// order(automorphism group) = 48 = 2^4 * 3
// H induces non-TBI
{{1, 1, 1, 1, 1, 1, 1, 1, 1, 1, 1, 1, 1, 1, 1, 1, 1, 1, 1, 1, 1, 1, 1, 1},
{1, 1, 1, 1, 1, 1, 1, 1, 1, 1, 1, 1,-1,-1,-1,-1,-1,-1,-1,-1,-1,-1,-1,-1},
{1, 1, 1, 1, 1, 1,-1,-1,-1,-1,-1,-1, 1, 1, 1, 1, 1, 1,-1,-1,-1,-1,-1,-1},
{1, 1, 1, 1, 1, 1,-1,-1,-1,-1,-1,-1,-1,-1,-1,-1,-1,-1, 1, 1, 1, 1, 1, 1},
{1, 1, 1,-1,-1,-1, 1, 1, 1,-1,-1,-1, 1, 1, 1,-1,-1,-1, 1, 1, 1,-1,-1,-1},
{1, 1, 1,-1,-1,-1, 1, 1, 1,-1,-1,-1,-1,-1,-1, 1, 1, 1,-1,-1,-1, 1, 1, 1},
{1,-1,-1, 1, 1,-1, 1, 1,-1, 1,-1,-1, 1,-1,-1, 1, 1,-1, 1, 1,-1, 1,-1,-1},
{1,-1,-1, 1, 1,-1, 1, 1,-1, 1,-1,-1,-1, 1, 1,-1,-1, 1,-1,-1, 1,-1, 1, 1},
{1, 1,-1, 1,-1,-1, 1,-1,-1,-1, 1, 1, 1, 1,-1, 1,-1,-1, 1,-1,-1,-1, 1, 1},
{1, 1,-1,-1, 1,-1,-1, 1,-1,-1, 1, 1,-1, 1, 1,-1, 1,-1,-1, 1,-1, 1, 1,-1},
{1,-1, 1, 1,-1,-1,-1, 1,-1,-1, 1, 1, 1,-1,-1,-1, 1, 1,-1, 1, 1,-1,-1, 1},
{1,-1, 1,-1, 1,-1, 1,-1,-1,-1, 1, 1,-1,-1, 1, 1,-1, 1, 1,-1, 1, 1,-1,-1},
{1,-1,-1, 1,-1, 1, 1,-1, 1,-1, 1,-1, 1,-1, 1,-1,-1, 1,-1, 1,-1, 1, 1,-1},
{1,-1,-1,-1, 1, 1,-1, 1, 1,-1, 1,-1, 1, 1,-1, 1,-1,-1,-1,-1, 1, 1,-1, 1},
{1, 1,-1,-1,-1, 1, 1,-1,-1, 1, 1,-1,-1,-1, 1, 1, 1,-1,-1, 1, 1,-1,-1, 1},
{1,-1, 1,-1,-1, 1,-1, 1,-1, 1, 1,-1,-1, 1,-1, 1,-1, 1, 1, 1,-1,-1, 1,-1},
{1, 1,-1, 1,-1,-1,-1,-1, 1, 1, 1,-1,-1, 1,-1,-1, 1, 1, 1,-1, 1, 1,-1,-1},
{1,-1, 1,-1, 1,-1,-1,-1, 1, 1, 1,-1, 1,-1, 1,-1, 1,-1, 1,-1,-1,-1, 1, 1},
{1,-1,-1, 1,-1, 1,-1, 1, 1,-1,-1, 1,-1,-1, 1, 1, 1,-1, 1,-1, 1,-1, 1,-1},
{1,-1,-1,-1, 1, 1, 1,-1, 1,-1,-1, 1,-1, 1,-1,-1, 1, 1, 1, 1,-1,-1,-1, 1},
{1, 1,-1,-1,-1, 1,-1, 1,-1, 1,-1, 1, 1,-1, 1,-1,-1, 1, 1,-1,-1, 1,-1, 1},
{1,-1, 1,-1,-1, 1, 1,-1,-1, 1,-1, 1, 1, 1,-1,-1, 1,-1,-1,-1, 1, 1, 1,-1},
{1, 1,-1,-1, 1,-1,-1,-1, 1, 1,-1, 1, 1,-1,-1, 1,-1, 1,-1, 1, 1,-1, 1,-1},
{1,-1, 1, 1,-1,-1,-1,-1, 1, 1,-1, 1,-1, 1, 1, 1,-1,-1,-1, 1,-1, 1,-1, 1}};

// Had.24.43
// order(automorphism group) = 72 = 2^3 * 3^2
// H induces non-TBI
{{1, 1, 1, 1, 1, 1, 1, 1, 1, 1, 1, 1, 1, 1, 1, 1, 1, 1, 1, 1, 1, 1, 1, 1},
{1, 1, 1, 1, 1, 1,-1,-1,-1,-1,-1,-1, 1, 1, 1, 1, 1, 1,-1,-1,-1,-1,-1,-1},
{1, 1, 1, 1, 1, 1,-1,-1,-1,-1,-1,-1,-1,-1,-1,-1,-1,-1, 1, 1, 1, 1, 1, 1},
{1, 1, 1, 1,-1,-1, 1, 1, 1, 1,-1,-1,-1,-1,-1,-1, 1, 1,-1,-1, 1, 1,-1,-1},
{1, 1, 1, 1,-1,-1, 1, 1,-1,-1, 1, 1, 1, 1,-1,-1,-1,-1,-1,-1,-1,-1, 1, 1},
{1, 1, 1, 1,-1,-1,-1,-1, 1, 1, 1, 1,-1,-1, 1, 1,-1,-1, 1, 1,-1,-1,-1,-1},
{1, 1,-1,-1, 1, 1, 1, 1, 1,-1, 1,-1,-1,-1, 1,-1, 1,-1, 1,-1,-1,-1, 1,-1},
{1, 1,-1,-1, 1, 1, 1,-1, 1, 1,-1, 1, 1,-1,-1, 1,-1,-1,-1,-1, 1,-1,-1, 1},
{1, 1,-1,-1, 1, 1,-1, 1,-1, 1, 1, 1,-1, 1,-1,-1,-1, 1,-1, 1,-1, 1,-1,-1},
{1, 1,-1,-1,-1,-1, 1, 1,-1,-1,-1,-1, 1, 1, 1, 1,-1,-1, 1, 1, 1, 1,-1,-1},
{1, 1,-1,-1,-1,-1,-1,-1, 1, 1,-1,-1, 1, 1,-1,-1, 1, 1, 1, 1,-1,-1, 1, 1},
{1, 1,-1,-1,-1,-1,-1,-1,-1,-1, 1, 1,-1,-1, 1, 1, 1, 1,-1,-1, 1, 1, 1, 1},
{1,-1, 1,-1, 1,-1, 1, 1,-1, 1,-1,-1,-1,-1, 1, 1,-1, 1,-1, 1,-1,-1, 1, 1},
{1,-1, 1,-1, 1,-1, 1,-1,-1,-1, 1, 1, 1,-1,-1,-1, 1, 1, 1, 1, 1,-1,-1,-1},
{1,-1, 1,-1, 1,-1,-1,-1, 1, 1, 1,-1, 1, 1, 1,-1,-1,-1,-1,-1, 1, 1, 1,-1},
{1,-1, 1,-1,-1, 1, 1,-1, 1,-1, 1,-1,-1, 1,-1, 1,-1, 1, 1,-1,-1, 1,-1, 1},
{1,-1, 1,-1,-1, 1,-1, 1, 1,-1,-1, 1, 1,-1, 1,-1, 1,-1,-1, 1,-1, 1,-1, 1},
{1,-1, 1,-1,-1, 1,-1, 1,-1, 1,-1, 1,-1, 1,-1, 1, 1,-1, 1,-1, 1,-1, 1,-1},
{1,-1,-1, 1, 1,-1, 1,-1, 1,-1,-1, 1,-1, 1,-1, 1, 1,-1,-1, 1,-1, 1, 1,-1},
{1,-1,-1, 1, 1,-1,-1, 1, 1,-1,-1, 1,-1, 1, 1,-1,-1, 1, 1,-1, 1,-1,-1, 1},
{1,-1,-1, 1, 1,-1,-1, 1,-1, 1, 1,-1, 1,-1,-1, 1, 1,-1, 1,-1,-1, 1,-1, 1},
{1,-1,-1, 1,-1, 1, 1,-1,-1, 1, 1,-1,-1, 1, 1,-1, 1,-1,-1, 1, 1,-1,-1, 1},
{1,-1,-1, 1,-1, 1, 1,-1,-1, 1,-1, 1, 1,-1, 1,-1,-1, 1, 1,-1,-1, 1, 1,-1},
{1,-1,-1, 1,-1, 1,-1, 1, 1,-1, 1,-1, 1,-1,-1, 1,-1, 1,-1, 1, 1,-1, 1,-1}};

// Had.24.44
// order(automorphism group) = 72 = 2^3 * 3^2
// H induces non-TBI
{{1, 1, 1, 1, 1, 1, 1, 1, 1, 1, 1, 1, 1, 1, 1, 1, 1, 1, 1, 1, 1, 1, 1, 1},
{1, 1, 1, 1, 1, 1, 1, 1, 1, 1, 1, 1,-1,-1,-1,-1,-1,-1,-1,-1,-1,-1,-1,-1},
{1, 1, 1, 1, 1, 1,-1,-1,-1,-1,-1,-1, 1, 1, 1, 1, 1, 1,-1,-1,-1,-1,-1,-1},
{1, 1, 1, 1, 1, 1,-1,-1,-1,-1,-1,-1,-1,-1,-1,-1,-1,-1, 1, 1, 1, 1, 1, 1},
{1, 1, 1,-1,-1,-1, 1, 1, 1,-1,-1,-1, 1, 1, 1,-1,-1,-1, 1, 1, 1,-1,-1,-1},
{1, 1, 1,-1,-1,-1, 1, 1, 1,-1,-1,-1,-1,-1,-1, 1, 1, 1,-1,-1,-1, 1, 1, 1},
{1,-1,-1, 1, 1,-1, 1, 1,-1, 1,-1,-1, 1, 1,-1, 1,-1,-1, 1,-1,-1, 1, 1,-1},
{1,-1,-1, 1, 1,-1, 1,-1, 1, 1,-1,-1, 1,-1,-1,-1, 1, 1,-1, 1, 1,-1,-1, 1},
{1,-1,-1, 1,-1, 1, 1, 1,-1,-1, 1,-1,-1,-1, 1, 1, 1,-1, 1, 1,-1,-1,-1, 1},
{1,-1,-1, 1,-1, 1,-1, 1, 1,-1, 1,-1, 1,-1, 1,-1,-1, 1,-1,-1, 1, 1, 1,-1},
{1,-1,-1,-1, 1, 1, 1,-1, 1,-1,-1, 1,-1, 1, 1, 1,-1,-1,-1,-1, 1, 1,-1, 1},
{1,-1,-1,-1, 1, 1,-1, 1, 1,-1,-1, 1,-1, 1,-1,-1, 1, 1, 1, 1,-1,-1, 1,-1},
{1, 1,-1,-1, 1,-1,-1, 1,-1, 1, 1,-1,-1, 1, 1,-1, 1,-1,-1,-1, 1,-1, 1, 1},
{1, 1,-1,-1, 1,-1,-1,-1, 1, 1, 1,-1,-1,-1, 1, 1,-1, 1, 1, 1,-1, 1,-1,-1},
{1, 1,-1,-1,-1, 1, 1,-1,-1, 1,-1, 1, 1,-1, 1,-1, 1,-1,-1, 1,-1, 1, 1,-1},
{1, 1,-1,-1,-1, 1,-1, 1,-1, 1,-1, 1, 1,-1,-1, 1,-1, 1, 1,-1, 1,-1,-1, 1},
{1, 1,-1, 1,-1,-1, 1,-1,-1,-1, 1, 1,-1, 1,-1,-1, 1, 1, 1,-1, 1, 1,-1,-1},
{1, 1,-1, 1,-1,-1,-1,-1, 1,-1, 1, 1, 1, 1,-1, 1,-1,-1,-1, 1,-1,-1, 1, 1},
{1,-1, 1,-1,-1, 1, 1,-1,-1, 1, 1,-1,-1, 1,-1, 1,-1, 1,-1, 1, 1,-1, 1,-1},
{1,-1, 1,-1,-1, 1,-1,-1, 1, 1, 1,-1, 1, 1,-1,-1, 1,-1, 1,-1,-1, 1,-1, 1},
{1,-1, 1, 1,-1,-1,-1, 1,-1, 1,-1, 1,-1, 1, 1,-1,-1, 1,-1, 1,-1, 1,-1, 1},
{1,-1, 1, 1,-1,-1,-1,-1, 1, 1,-1, 1,-1,-1, 1, 1, 1,-1, 1,-1, 1,-1, 1,-1},
{1,-1, 1,-1, 1,-1, 1,-1,-1,-1, 1, 1, 1,-1, 1,-1,-1, 1, 1,-1,-1,-1, 1, 1},
{1,-1, 1,-1, 1,-1,-1, 1,-1,-1, 1, 1, 1,-1,-1, 1, 1,-1,-1, 1, 1, 1,-1,-1}};

// Had.24.45
// order(automorphism group) = 216 = 2^3 * 3^3
// H induces non-TBI
{{1, 1, 1, 1, 1, 1, 1, 1, 1, 1, 1, 1, 1, 1, 1, 1, 1, 1, 1, 1, 1, 1, 1, 1},
{1, 1, 1, 1, 1, 1,-1,-1,-1,-1,-1,-1, 1, 1, 1, 1, 1, 1,-1,-1,-1,-1,-1,-1},
{1, 1, 1, 1, 1, 1,-1,-1,-1,-1,-1,-1,-1,-1,-1,-1,-1,-1, 1, 1, 1, 1, 1, 1},
{1, 1, 1, 1,-1,-1, 1, 1, 1, 1,-1,-1,-1,-1,-1,-1, 1, 1,-1,-1, 1, 1,-1,-1},
{1, 1, 1, 1,-1,-1, 1, 1,-1,-1, 1, 1, 1, 1,-1,-1,-1,-1,-1,-1,-1,-1, 1, 1},
{1, 1, 1, 1,-1,-1,-1,-1, 1, 1, 1, 1,-1,-1, 1, 1,-1,-1, 1, 1,-1,-1,-1,-1},
{1, 1,-1,-1, 1, 1, 1, 1, 1,-1, 1,-1,-1,-1, 1,-1, 1,-1, 1,-1,-1,-1, 1,-1},
{1, 1,-1,-1, 1, 1, 1,-1, 1, 1,-1, 1, 1,-1,-1, 1,-1,-1,-1,-1, 1,-1,-1, 1},
{1, 1,-1,-1, 1, 1,-1, 1,-1, 1, 1, 1,-1, 1,-1,-1,-1, 1,-1, 1,-1, 1,-1,-1},
{1, 1,-1,-1,-1,-1, 1, 1,-1,-1,-1,-1, 1, 1, 1, 1,-1,-1, 1, 1, 1, 1,-1,-1},
{1, 1,-1,-1,-1,-1,-1,-1, 1, 1,-1,-1, 1, 1,-1,-1, 1, 1, 1, 1,-1,-1, 1, 1},
{1, 1,-1,-1,-1,-1,-1,-1,-1,-1, 1, 1,-1,-1, 1, 1, 1, 1,-1,-1, 1, 1, 1, 1},
{1,-1, 1,-1, 1,-1, 1, 1,-1, 1,-1,-1,-1,-1, 1, 1,-1, 1,-1, 1,-1,-1, 1, 1},
{1,-1, 1,-1, 1,-1, 1,-1,-1,-1, 1, 1, 1,-1,-1,-1, 1, 1, 1, 1, 1,-1,-1,-1},
{1,-1, 1,-1, 1,-1,-1,-1, 1, 1, 1,-1, 1, 1, 1,-1,-1,-1,-1,-1, 1, 1, 1,-1},
{1,-1, 1,-1,-1, 1, 1,-1, 1,-1, 1,-1,-1, 1,-1, 1, 1,-1,-1, 1,-1, 1,-1, 1},
{1,-1, 1,-1,-1, 1,-1, 1, 1,-1,-1, 1,-1, 1,-1, 1,-1, 1, 1,-1, 1,-1, 1,-1},
{1,-1, 1,-1,-1, 1,-1, 1,-1, 1,-1, 1, 1,-1, 1,-1, 1,-1, 1,-1,-1, 1,-1, 1},
{1,-1,-1, 1, 1,-1, 1,-1, 1,-1,-1, 1,-1, 1, 1,-1,-1, 1, 1,-1,-1, 1,-1, 1},
{1,-1,-1, 1, 1,-1,-1, 1, 1,-1,-1, 1, 1,-1,-1, 1, 1,-1,-1, 1,-1, 1, 1,-1},
{1,-1,-1, 1, 1,-1,-1, 1,-1, 1, 1,-1,-1, 1,-1, 1, 1,-1, 1,-1, 1,-1,-1, 1},
{1,-1,-1, 1,-1, 1, 1,-1,-1, 1, 1,-1, 1,-1,-1, 1,-1, 1, 1,-1,-1, 1, 1,-1},
{1,-1,-1, 1,-1, 1, 1,-1,-1, 1,-1, 1,-1, 1, 1,-1, 1,-1,-1, 1, 1,-1, 1,-1},
{1,-1,-1, 1,-1, 1,-1, 1, 1,-1, 1,-1, 1,-1, 1,-1,-1, 1,-1, 1, 1,-1,-1, 1}};

// Had.24.46
// order(automorphism group) = 8 = 2^3
// H induces non-TBI
{{1, 1, 1, 1, 1, 1, 1, 1, 1, 1, 1, 1, 1, 1, 1, 1, 1, 1, 1, 1, 1, 1, 1, 1},
{1, 1, 1, 1, 1, 1,-1,-1,-1,-1,-1,-1, 1, 1, 1, 1, 1, 1,-1,-1,-1,-1,-1,-1},
{1, 1, 1, 1, 1, 1,-1,-1,-1,-1,-1,-1,-1,-1,-1,-1,-1,-1, 1, 1, 1, 1, 1, 1},
{1, 1, 1, 1,-1,-1, 1, 1, 1, 1,-1,-1,-1,-1, 1,-1, 1,-1,-1,-1, 1,-1, 1,-1},
{1, 1, 1, 1,-1,-1, 1, 1,-1,-1, 1, 1, 1,-1,-1,-1,-1, 1, 1,-1,-1,-1,-1, 1},
{1, 1, 1, 1,-1,-1,-1,-1, 1, 1, 1, 1,-1, 1,-1, 1,-1,-1,-1, 1,-1, 1,-1,-1},
{1, 1,-1,-1, 1, 1, 1, 1, 1,-1, 1,-1,-1, 1,-1,-1,-1, 1,-1,-1,-1, 1, 1,-1},
{1, 1,-1,-1, 1, 1, 1,-1, 1, 1,-1, 1, 1,-1,-1, 1,-1,-1,-1,-1, 1,-1,-1, 1},
{1, 1,-1,-1, 1, 1,-1, 1,-1, 1, 1, 1,-1,-1, 1,-1, 1,-1, 1, 1,-1,-1,-1,-1},
{1, 1,-1,-1,-1,-1, 1, 1,-1,-1,-1,-1, 1, 1, 1, 1,-1,-1, 1, 1, 1, 1,-1,-1},
{1, 1,-1,-1,-1,-1,-1,-1, 1, 1,-1,-1, 1, 1,-1,-1, 1, 1, 1, 1,-1,-1, 1, 1},
{1, 1,-1,-1,-1,-1,-1,-1,-1,-1, 1, 1,-1,-1, 1, 1, 1, 1,-1,-1, 1, 1, 1, 1},
{1,-1, 1,-1, 1,-1, 1, 1,-1, 1,-1,-1,-1,-1,-1, 1, 1, 1,-1, 1,-1, 1,-1, 1},
{1,-1, 1,-1, 1,-1, 1,-1,-1,-1, 1, 1, 1, 1,-1,-1, 1,-1,-1, 1, 1,-1, 1,-1},
{1,-1, 1,-1, 1,-1,-1,-1, 1, 1, 1,-1, 1,-1, 1,-1,-1, 1, 1,-1, 1, 1,-1,-1},
{1,-1,-1, 1, 1,-1, 1,-1, 1,-1,-1, 1,-1, 1, 1,-1, 1,-1, 1,-1,-1, 1,-1, 1},
{1,-1,-1, 1, 1,-1,-1, 1, 1,-1, 1,-1, 1,-1, 1, 1,-1,-1,-1, 1,-1,-1, 1, 1},
{1,-1,-1, 1, 1,-1,-1, 1,-1, 1,-1, 1,-1, 1,-1, 1,-1, 1, 1,-1, 1,-1, 1,-1},
{1,-1, 1,-1,-1, 1, 1,-1, 1,-1,-1, 1,-1,-1, 1, 1,-1, 1, 1, 1,-1,-1, 1,-1},
{1,-1, 1,-1,-1, 1,-1, 1, 1,-1, 1,-1,-1, 1,-1, 1, 1,-1, 1,-1, 1,-1,-1, 1},
{1,-1, 1,-1,-1, 1,-1, 1,-1, 1,-1, 1, 1, 1, 1,-1,-1,-1,-1,-1,-1, 1, 1, 1},
{1,-1,-1, 1,-1, 1, 1,-1,-1, 1, 1,-1, 1,-1,-1, 1, 1,-1, 1,-1,-1, 1, 1,-1},
{1,-1,-1, 1,-1, 1, 1,-1,-1, 1, 1,-1,-1, 1, 1,-1,-1, 1,-1, 1, 1,-1,-1, 1},
{1,-1,-1, 1,-1, 1,-1, 1, 1,-1,-1, 1, 1,-1,-1,-1, 1, 1,-1, 1, 1, 1,-1,-1}};

// Had.24.47
// order(automorphism group) = 96 = 2^5 * 3
// H induces non-TBI
{{1, 1, 1, 1, 1, 1, 1, 1, 1, 1, 1, 1, 1, 1, 1, 1, 1, 1, 1, 1, 1, 1, 1, 1},
{1, 1, 1, 1, 1, 1,-1,-1,-1,-1,-1,-1, 1, 1, 1, 1, 1, 1,-1,-1,-1,-1,-1,-1},
{1, 1, 1, 1, 1, 1,-1,-1,-1,-1,-1,-1,-1,-1,-1,-1,-1,-1, 1, 1, 1, 1, 1, 1},
{1, 1, 1, 1,-1,-1, 1, 1, 1,-1, 1,-1, 1,-1,-1,-1, 1,-1,-1,-1, 1,-1, 1,-1},
{1, 1, 1, 1,-1,-1, 1, 1,-1, 1,-1, 1,-1,-1, 1,-1,-1, 1, 1,-1,-1,-1,-1, 1},
{1, 1, 1, 1,-1,-1,-1,-1, 1, 1, 1, 1,-1, 1,-1, 1,-1,-1,-1, 1,-1, 1,-1,-1},
{1, 1,-1,-1, 1, 1, 1, 1, 1, 1,-1,-1,-1,-1,-1, 1,-1, 1,-1,-1,-1, 1, 1,-1},
{1, 1,-1,-1, 1, 1, 1,-1, 1,-1, 1, 1, 1,-1, 1,-1,-1,-1,-1, 1,-1,-1,-1, 1},
{1, 1,-1,-1, 1, 1,-1, 1,-1, 1, 1, 1,-1, 1,-1,-1, 1,-1, 1,-1, 1,-1,-1,-1},
{1, 1,-1,-1,-1,-1, 1, 1,-1,-1,-1,-1, 1, 1, 1, 1,-1,-1, 1, 1, 1, 1,-1,-1},
{1, 1,-1,-1,-1,-1,-1,-1, 1, 1,-1,-1, 1, 1,-1,-1, 1, 1, 1, 1,-1,-1, 1, 1},
{1, 1,-1,-1,-1,-1,-1,-1,-1,-1, 1, 1,-1,-1, 1, 1, 1, 1,-1,-1, 1, 1, 1, 1},
{1,-1, 1,-1, 1,-1, 1, 1,-1,-1, 1,-1,-1, 1,-1,-1, 1, 1,-1, 1,-1, 1,-1, 1},
{1,-1, 1,-1, 1,-1, 1,-1,-1, 1,-1, 1, 1, 1,-1, 1,-1,-1,-1,-1, 1,-1, 1, 1},
{1,-1, 1,-1, 1,-1,-1,-1, 1, 1, 1,-1, 1,-1, 1,-1,-1, 1, 1,-1, 1, 1,-1,-1},
{1,-1,-1, 1, 1,-1, 1,-1, 1,-1,-1, 1,-1,-1,-1, 1, 1, 1, 1, 1, 1,-1,-1,-1},
{1,-1,-1, 1, 1,-1,-1, 1, 1,-1, 1,-1,-1, 1, 1, 1,-1,-1, 1,-1,-1,-1, 1, 1},
{1,-1,-1, 1, 1,-1,-1, 1,-1, 1,-1, 1, 1,-1, 1,-1, 1,-1,-1, 1,-1, 1, 1,-1},
{1,-1, 1,-1,-1, 1, 1,-1, 1,-1,-1, 1,-1, 1, 1,-1, 1,-1, 1,-1,-1, 1, 1,-1},
{1,-1, 1,-1,-1, 1,-1, 1, 1, 1,-1,-1,-1,-1, 1, 1, 1,-1,-1, 1, 1,-1,-1, 1},
{1,-1, 1,-1,-1, 1,-1, 1,-1,-1, 1, 1, 1,-1,-1, 1,-1, 1, 1, 1,-1,-1, 1,-1},
{1,-1,-1, 1,-1, 1, 1,-1,-1, 1, 1,-1, 1,-1,-1, 1, 1,-1, 1,-1,-1, 1,-1, 1},
{1,-1,-1, 1,-1, 1, 1,-1,-1, 1, 1,-1,-1, 1, 1,-1,-1, 1,-1, 1, 1,-1, 1,-1},
{1,-1,-1, 1,-1, 1,-1, 1, 1,-1,-1, 1, 1, 1,-1,-1,-1, 1,-1,-1, 1, 1,-1, 1}};

// Had.24.48
// order(automorphism group) = 16 = 2^4
// H induces non-TBI
{{1, 1, 1, 1, 1, 1, 1, 1, 1, 1, 1, 1, 1, 1, 1, 1, 1, 1, 1, 1, 1, 1, 1, 1},
{1, 1, 1, 1, 1, 1,-1,-1,-1,-1,-1,-1, 1, 1, 1, 1, 1, 1,-1,-1,-1,-1,-1,-1},
{1, 1, 1, 1, 1, 1,-1,-1,-1,-1,-1,-1,-1,-1,-1,-1,-1,-1, 1, 1, 1, 1, 1, 1},
{1, 1, 1, 1,-1,-1, 1, 1, 1,-1, 1,-1, 1,-1,-1,-1, 1,-1,-1,-1, 1,-1, 1,-1},
{1, 1, 1, 1,-1,-1, 1, 1,-1, 1,-1, 1,-1,-1, 1,-1,-1, 1, 1,-1,-1,-1,-1, 1},
{1, 1, 1, 1,-1,-1,-1,-1, 1, 1, 1, 1,-1, 1,-1, 1,-1,-1,-1, 1,-1, 1,-1,-1},
{1, 1,-1,-1, 1, 1, 1, 1, 1,-1,-1, 1,-1,-1,-1, 1,-1, 1,-1, 1,-1,-1, 1,-1},
{1, 1,-1,-1, 1, 1, 1,-1, 1, 1, 1,-1, 1,-1, 1,-1,-1,-1,-1,-1,-1, 1,-1, 1},
{1, 1,-1,-1, 1, 1,-1, 1,-1, 1, 1, 1,-1, 1,-1,-1, 1,-1, 1,-1, 1,-1,-1,-1},
{1, 1,-1,-1,-1,-1, 1, 1,-1,-1,-1,-1, 1, 1, 1, 1,-1,-1, 1, 1, 1, 1,-1,-1},
{1, 1,-1,-1,-1,-1,-1,-1, 1, 1,-1,-1, 1, 1,-1,-1, 1, 1, 1, 1,-1,-1, 1, 1},
{1, 1,-1,-1,-1,-1,-1,-1,-1,-1, 1, 1,-1,-1, 1, 1, 1, 1,-1,-1, 1, 1, 1, 1},
{1,-1, 1,-1, 1,-1, 1, 1,-1, 1,-1,-1,-1, 1,-1, 1, 1,-1,-1,-1,-1, 1, 1, 1},
{1,-1, 1,-1, 1,-1, 1,-1,-1,-1, 1, 1, 1,-1,-1,-1, 1, 1, 1, 1,-1, 1,-1,-1},
{1,-1, 1,-1, 1,-1,-1,-1, 1, 1,-1, 1, 1,-1, 1, 1,-1,-1, 1,-1, 1,-1, 1,-1},
{1,-1, 1,-1,-1, 1, 1,-1, 1,-1,-1, 1,-1, 1, 1,-1, 1,-1,-1, 1, 1,-1,-1, 1},
{1,-1, 1,-1,-1, 1,-1, 1, 1,-1, 1,-1,-1, 1, 1,-1,-1, 1, 1,-1,-1, 1, 1,-1},
{1,-1, 1,-1,-1, 1,-1, 1,-1, 1, 1,-1, 1,-1,-1, 1,-1, 1,-1, 1, 1,-1,-1, 1},
{1,-1,-1, 1, 1,-1, 1,-1, 1,-1, 1,-1,-1, 1,-1, 1,-1, 1, 1,-1, 1,-1,-1, 1},
{1,-1,-1, 1, 1,-1,-1, 1, 1, 1,-1,-1,-1,-1, 1,-1, 1, 1,-1, 1, 1, 1,-1,-1},
{1,-1,-1, 1, 1,-1,-1, 1,-1,-1, 1, 1, 1, 1, 1,-1,-1,-1,-1, 1,-1,-1, 1, 1},
{1,-1,-1, 1,-1, 1, 1,-1,-1, 1, 1,-1,-1,-1, 1, 1, 1,-1, 1, 1,-1,-1, 1,-1},
{1,-1,-1, 1,-1, 1, 1,-1,-1, 1,-1, 1, 1, 1,-1,-1,-1, 1,-1,-1, 1, 1, 1,-1},
{1,-1,-1, 1,-1, 1,-1, 1, 1,-1,-1, 1, 1,-1,-1, 1, 1,-1, 1,-1,-1, 1,-1, 1}};

// Had.24.49
// order(automorphism group) = 480 = 2^5 * 3 * 5
// H induces non-TBI
{{1, 1, 1, 1, 1, 1, 1, 1, 1, 1, 1, 1, 1, 1, 1, 1, 1, 1, 1, 1, 1, 1, 1, 1},
{1, 1, 1, 1, 1, 1, 1, 1, 1, 1, 1, 1,-1,-1,-1,-1,-1,-1,-1,-1,-1,-1,-1,-1},
{1, 1, 1,-1, 1, 1,-1, 1,-1,-1,-1,-1, 1,-1, 1, 1, 1,-1,-1,-1, 1,-1,-1, 1},
{1, 1, 1,-1, 1, 1,-1, 1,-1,-1,-1,-1,-1, 1,-1,-1,-1, 1, 1, 1,-1, 1, 1,-1},
{1, 1, 1,-1,-1,-1, 1,-1,-1, 1,-1, 1, 1, 1, 1,-1, 1, 1,-1, 1,-1,-1,-1,-1},
{1, 1, 1,-1,-1,-1, 1,-1,-1, 1,-1, 1,-1,-1,-1, 1,-1,-1, 1,-1, 1, 1, 1, 1},
{1, 1,-1, 1, 1,-1, 1,-1,-1,-1, 1,-1, 1, 1, 1,-1,-1,-1, 1,-1,-1, 1,-1, 1},
{1, 1,-1, 1, 1,-1, 1,-1,-1,-1, 1,-1,-1,-1,-1, 1, 1, 1,-1, 1, 1,-1, 1,-1},
{1, 1,-1, 1,-1,-1,-1, 1, 1, 1,-1,-1, 1, 1,-1, 1,-1,-1,-1, 1, 1, 1,-1,-1},
{1, 1,-1, 1,-1,-1,-1, 1, 1, 1,-1,-1,-1,-1, 1,-1, 1, 1, 1,-1,-1,-1, 1, 1},
{1, 1,-1,-1,-1, 1,-1,-1, 1,-1, 1, 1, 1, 1,-1,-1,-1, 1,-1,-1, 1,-1, 1, 1},
{1, 1,-1,-1,-1, 1,-1,-1, 1,-1, 1, 1,-1,-1, 1, 1, 1,-1, 1, 1,-1, 1,-1,-1},
{1,-1, 1, 1, 1,-1,-1,-1, 1,-1,-1, 1, 1,-1, 1, 1,-1, 1,-1,-1,-1, 1, 1,-1},
{1,-1, 1, 1, 1,-1,-1,-1, 1,-1,-1, 1,-1, 1,-1,-1, 1,-1, 1, 1, 1,-1,-1, 1},
{1,-1, 1, 1,-1, 1,-1,-1,-1, 1, 1,-1, 1, 1,-1, 1, 1,-1, 1,-1,-1,-1, 1,-1},
{1,-1, 1, 1,-1, 1,-1,-1,-1, 1, 1,-1,-1,-1, 1,-1,-1, 1,-1, 1, 1, 1,-1, 1},
{1,-1, 1,-1,-1,-1, 1, 1, 1,-1, 1,-1, 1,-1, 1,-1,-1,-1, 1, 1, 1,-1, 1,-1},
{1,-1, 1,-1,-1,-1, 1, 1, 1,-1, 1,-1,-1, 1,-1, 1, 1, 1,-1,-1,-1, 1,-1, 1},
{1,-1,-1, 1,-1, 1, 1, 1,-1,-1,-1, 1, 1,-1,-1, 1,-1, 1, 1, 1,-1,-1,-1, 1},
{1,-1,-1, 1,-1, 1, 1, 1,-1,-1,-1, 1,-1, 1, 1,-1, 1,-1,-1,-1, 1, 1, 1,-1},
{1,-1,-1,-1, 1, 1, 1,-1, 1, 1,-1,-1, 1,-1,-1,-1, 1, 1, 1,-1, 1, 1,-1,-1},
{1,-1,-1,-1, 1, 1, 1,-1, 1, 1,-1,-1,-1, 1, 1, 1,-1,-1,-1, 1,-1,-1, 1, 1},
{1,-1,-1,-1, 1,-1,-1, 1,-1, 1, 1, 1, 1,-1,-1,-1, 1,-1,-1, 1,-1, 1, 1, 1},
{1,-1,-1,-1, 1,-1,-1, 1,-1, 1, 1, 1,-1, 1, 1, 1,-1, 1, 1,-1, 1,-1,-1,-1}};

// Had.24.50
// order(automorphism group) = 768 = 2^8 * 3
// H induces non-TBI
{{1, 1, 1, 1, 1, 1, 1, 1, 1, 1, 1, 1, 1, 1, 1, 1, 1, 1, 1, 1, 1, 1, 1, 1},
{1, 1, 1, 1, 1, 1, 1, 1, 1, 1, 1, 1,-1,-1,-1,-1,-1,-1,-1,-1,-1,-1,-1,-1},
{1, 1, 1,-1, 1, 1,-1, 1,-1,-1,-1,-1, 1, 1,-1, 1,-1,-1,-1, 1, 1, 1,-1,-1},
{1, 1, 1,-1, 1, 1,-1, 1,-1,-1,-1,-1,-1,-1, 1,-1, 1, 1, 1,-1,-1,-1, 1, 1},
{1, 1, 1,-1,-1,-1, 1,-1,-1, 1,-1, 1, 1, 1, 1,-1, 1, 1,-1, 1,-1,-1,-1,-1},
{1, 1, 1,-1,-1,-1, 1,-1,-1, 1,-1, 1,-1,-1,-1, 1,-1,-1, 1,-1, 1, 1, 1, 1},
{1, 1,-1, 1, 1,-1, 1,-1,-1,-1, 1,-1, 1, 1, 1,-1,-1,-1, 1,-1,-1, 1,-1, 1},
{1, 1,-1, 1, 1,-1, 1,-1,-1,-1, 1,-1,-1,-1,-1, 1, 1, 1,-1, 1, 1,-1, 1,-1},
{1, 1,-1, 1,-1,-1,-1, 1, 1, 1,-1,-1, 1, 1,-1, 1, 1,-1, 1,-1,-1,-1, 1,-1},
{1, 1,-1, 1,-1,-1,-1, 1, 1, 1,-1,-1,-1,-1, 1,-1,-1, 1,-1, 1, 1, 1,-1, 1},
{1, 1,-1,-1,-1, 1,-1,-1, 1,-1, 1, 1, 1, 1,-1,-1,-1, 1,-1,-1, 1,-1, 1, 1},
{1, 1,-1,-1,-1, 1,-1,-1, 1,-1, 1, 1,-1,-1, 1, 1, 1,-1, 1, 1,-1, 1,-1,-1},
{1,-1, 1, 1, 1,-1,-1,-1, 1,-1,-1, 1, 1,-1, 1, 1, 1,-1,-1,-1, 1,-1,-1, 1},
{1,-1, 1, 1, 1,-1,-1,-1, 1,-1,-1, 1,-1, 1,-1,-1,-1, 1, 1, 1,-1, 1, 1,-1},
{1,-1, 1, 1,-1, 1,-1,-1,-1, 1, 1,-1, 1,-1, 1, 1,-1, 1,-1,-1,-1, 1, 1,-1},
{1,-1, 1, 1,-1, 1,-1,-1,-1, 1, 1,-1,-1, 1,-1,-1, 1,-1, 1, 1, 1,-1,-1, 1},
{1,-1, 1,-1,-1,-1, 1, 1, 1,-1, 1,-1, 1,-1, 1,-1,-1,-1, 1, 1, 1,-1, 1,-1},
{1,-1, 1,-1,-1,-1, 1, 1, 1,-1, 1,-1,-1, 1,-1, 1, 1, 1,-1,-1,-1, 1,-1, 1},
{1,-1,-1, 1,-1, 1, 1, 1,-1,-1,-1, 1, 1,-1,-1, 1,-1, 1, 1, 1,-1,-1,-1, 1},
{1,-1,-1, 1,-1, 1, 1, 1,-1,-1,-1, 1,-1, 1, 1,-1, 1,-1,-1,-1, 1, 1, 1,-1},
{1,-1,-1,-1, 1, 1, 1,-1, 1, 1,-1,-1, 1,-1,-1,-1, 1, 1, 1,-1, 1, 1,-1,-1},
{1,-1,-1,-1, 1, 1, 1,-1, 1, 1,-1,-1,-1, 1, 1, 1,-1,-1,-1, 1,-1,-1, 1, 1},
{1,-1,-1,-1, 1,-1,-1, 1,-1, 1, 1, 1, 1,-1,-1,-1, 1,-1,-1, 1,-1, 1, 1, 1},
{1,-1,-1,-1, 1,-1,-1, 1,-1, 1, 1, 1,-1, 1, 1, 1,-1, 1, 1,-1, 1,-1,-1,-1}};

// Had.24.51
// order(automorphism group) = 128 = 2^7
// H induces non-TBI
{{1, 1, 1, 1, 1, 1, 1, 1, 1, 1, 1, 1, 1, 1, 1, 1, 1, 1, 1, 1, 1, 1, 1, 1},
{1, 1, 1, 1, 1, 1, 1, 1, 1, 1, 1, 1,-1,-1,-1,-1,-1,-1,-1,-1,-1,-1,-1,-1},
{1, 1, 1, 1, 1, 1,-1,-1,-1,-1,-1,-1, 1, 1, 1, 1, 1, 1,-1,-1,-1,-1,-1,-1},
{1, 1, 1, 1, 1, 1,-1,-1,-1,-1,-1,-1,-1,-1,-1,-1,-1,-1, 1, 1, 1, 1, 1, 1},
{1, 1, 1,-1,-1,-1, 1, 1, 1,-1,-1,-1, 1, 1, 1,-1,-1,-1, 1, 1, 1,-1,-1,-1},
{1, 1, 1,-1,-1,-1, 1, 1, 1,-1,-1,-1,-1,-1,-1, 1, 1, 1,-1,-1,-1, 1, 1, 1},
{1,-1, 1, 1,-1,-1, 1,-1,-1, 1, 1,-1, 1, 1,-1, 1,-1,-1, 1,-1,-1,-1, 1, 1},
{1,-1, 1, 1,-1,-1, 1,-1,-1, 1, 1,-1,-1,-1, 1,-1, 1, 1,-1, 1, 1, 1,-1,-1},
{1,-1, 1,-1, 1,-1,-1, 1,-1, 1,-1, 1, 1, 1,-1,-1, 1,-1,-1, 1,-1, 1,-1, 1},
{1,-1, 1,-1, 1,-1,-1, 1,-1, 1,-1, 1,-1,-1, 1, 1,-1, 1, 1,-1, 1,-1, 1,-1},
{1,-1, 1,-1,-1, 1,-1,-1, 1,-1, 1, 1, 1, 1,-1,-1,-1, 1,-1,-1, 1, 1, 1,-1},
{1,-1, 1,-1,-1, 1,-1,-1, 1,-1, 1, 1,-1,-1, 1, 1, 1,-1, 1, 1,-1,-1,-1, 1},
{1, 1,-1, 1,-1,-1,-1, 1,-1,-1, 1, 1, 1,-1, 1,-1,-1, 1,-1, 1,-1,-1, 1, 1},
{1, 1,-1, 1,-1,-1,-1,-1, 1, 1,-1, 1,-1, 1,-1, 1, 1,-1,-1, 1, 1,-1, 1,-1},
{1, 1,-1,-1, 1,-1, 1,-1,-1,-1, 1, 1,-1, 1, 1,-1, 1,-1, 1,-1,-1, 1, 1,-1},
{1, 1,-1,-1, 1,-1,-1,-1, 1, 1, 1,-1, 1,-1,-1, 1,-1, 1, 1, 1,-1, 1,-1,-1},
{1, 1,-1,-1,-1, 1, 1,-1,-1, 1,-1, 1, 1,-1,-1,-1, 1, 1, 1,-1, 1,-1,-1, 1},
{1, 1,-1,-1,-1, 1,-1, 1,-1, 1, 1,-1,-1, 1, 1, 1,-1,-1,-1,-1, 1, 1,-1, 1},
{1,-1,-1, 1, 1,-1, 1,-1, 1,-1,-1, 1, 1,-1, 1, 1,-1,-1,-1,-1, 1, 1,-1, 1},
{1,-1,-1, 1, 1,-1,-1, 1, 1,-1, 1,-1,-1, 1,-1,-1, 1, 1, 1,-1, 1,-1,-1, 1},
{1,-1,-1, 1,-1, 1, 1, 1,-1,-1,-1, 1,-1, 1,-1, 1,-1, 1, 1, 1,-1, 1,-1,-1},
{1,-1,-1, 1,-1, 1,-1, 1, 1, 1,-1,-1, 1,-1, 1,-1, 1,-1, 1,-1,-1, 1, 1,-1},
{1,-1,-1,-1, 1, 1, 1, 1,-1,-1, 1,-1, 1,-1,-1, 1, 1,-1,-1, 1, 1,-1, 1,-1},
{1,-1,-1,-1, 1, 1, 1,-1, 1, 1,-1,-1,-1, 1, 1,-1,-1, 1,-1, 1,-1,-1, 1, 1}};

// Had.24.52
// order(automorphism group) = 80 = 2^4 * 5
// H induces non-TBI
{{1, 1, 1, 1, 1, 1, 1, 1, 1, 1, 1, 1, 1, 1, 1, 1, 1, 1, 1, 1, 1, 1, 1, 1},
{1, 1, 1, 1, 1, 1, 1, 1, 1, 1, 1, 1,-1,-1,-1,-1,-1,-1,-1,-1,-1,-1,-1,-1},
{1, 1, 1, 1, 1, 1,-1,-1,-1,-1,-1,-1, 1, 1, 1, 1, 1, 1,-1,-1,-1,-1,-1,-1},
{1, 1, 1, 1, 1, 1,-1,-1,-1,-1,-1,-1,-1,-1,-1,-1,-1,-1, 1, 1, 1, 1, 1, 1},
{1, 1, 1,-1,-1,-1, 1, 1, 1,-1,-1,-1, 1, 1, 1,-1,-1,-1, 1, 1, 1,-1,-1,-1},
{1, 1, 1,-1,-1,-1, 1, 1, 1,-1,-1,-1,-1,-1,-1, 1, 1, 1,-1,-1,-1, 1, 1, 1},
{1,-1, 1, 1,-1,-1, 1,-1,-1, 1, 1,-1, 1, 1,-1, 1,-1,-1, 1,-1,-1,-1, 1, 1},
{1,-1, 1, 1,-1,-1, 1,-1,-1, 1, 1,-1,-1,-1, 1,-1, 1, 1,-1, 1, 1, 1,-1,-1},
{1,-1, 1,-1, 1,-1,-1, 1,-1, 1,-1, 1, 1, 1,-1,-1, 1,-1,-1, 1,-1, 1,-1, 1},
{1,-1, 1,-1, 1,-1,-1, 1,-1, 1,-1, 1,-1,-1, 1, 1,-1, 1, 1,-1, 1,-1, 1,-1},
{1,-1, 1,-1,-1, 1,-1,-1, 1,-1, 1, 1, 1, 1,-1,-1,-1, 1,-1,-1, 1, 1, 1,-1},
{1,-1, 1,-1,-1, 1,-1,-1, 1,-1, 1, 1,-1,-1, 1, 1, 1,-1, 1, 1,-1,-1,-1, 1},
{1, 1,-1, 1,-1,-1,-1, 1,-1,-1, 1, 1, 1,-1, 1,-1,-1, 1,-1, 1,-1,-1, 1, 1},
{1, 1,-1, 1,-1,-1,-1,-1, 1, 1,-1, 1,-1, 1,-1, 1, 1,-1,-1, 1, 1,-1, 1,-1},
{1, 1,-1,-1, 1,-1, 1,-1,-1,-1, 1, 1,-1, 1, 1,-1, 1,-1, 1,-1,-1, 1, 1,-1},
{1, 1,-1,-1, 1,-1,-1,-1, 1, 1, 1,-1, 1,-1, 1, 1,-1,-1,-1,-1, 1, 1,-1, 1},
{1, 1,-1,-1,-1, 1, 1,-1,-1, 1,-1, 1, 1,-1,-1,-1, 1, 1, 1,-1, 1,-1,-1, 1},
{1, 1,-1,-1,-1, 1,-1, 1,-1, 1, 1,-1,-1, 1,-1, 1,-1, 1, 1, 1,-1, 1,-1,-1},
{1,-1,-1, 1, 1,-1, 1,-1, 1,-1,-1, 1, 1,-1,-1, 1,-1, 1, 1, 1,-1, 1,-1,-1},
{1,-1,-1, 1, 1,-1,-1, 1, 1,-1, 1,-1,-1, 1,-1,-1, 1, 1, 1,-1, 1,-1,-1, 1},
{1,-1,-1, 1,-1, 1, 1, 1,-1,-1,-1, 1,-1, 1, 1, 1,-1,-1,-1,-1, 1, 1,-1, 1},
{1,-1,-1, 1,-1, 1,-1, 1, 1, 1,-1,-1, 1,-1, 1,-1, 1,-1, 1,-1,-1, 1, 1,-1},
{1,-1,-1,-1, 1, 1, 1, 1,-1,-1, 1,-1, 1,-1,-1, 1, 1,-1,-1, 1, 1,-1, 1,-1},
{1,-1,-1,-1, 1, 1, 1,-1, 1, 1,-1,-1,-1, 1, 1,-1,-1, 1,-1, 1,-1,-1, 1, 1}};

// Had.24.53
// order(automorphism group) = 128 = 2^7
// H induces non-TBI
{{1, 1, 1, 1, 1, 1, 1, 1, 1, 1, 1, 1, 1, 1, 1, 1, 1, 1, 1, 1, 1, 1, 1, 1},
{1, 1, 1, 1, 1, 1, 1, 1, 1, 1, 1, 1,-1,-1,-1,-1,-1,-1,-1,-1,-1,-1,-1,-1},
{1, 1, 1, 1, 1, 1,-1,-1,-1,-1,-1,-1, 1, 1, 1, 1, 1, 1,-1,-1,-1,-1,-1,-1},
{1, 1, 1, 1, 1, 1,-1,-1,-1,-1,-1,-1,-1,-1,-1,-1,-1,-1, 1, 1, 1, 1, 1, 1},
{1, 1, 1,-1,-1,-1, 1, 1, 1,-1,-1,-1, 1, 1, 1,-1,-1,-1, 1, 1, 1,-1,-1,-1},
{1, 1, 1,-1,-1,-1, 1, 1, 1,-1,-1,-1,-1,-1,-1, 1, 1, 1,-1,-1,-1, 1, 1, 1},
{1,-1,-1, 1, 1,-1, 1, 1,-1, 1,-1,-1, 1,-1,-1, 1, 1,-1, 1, 1,-1, 1,-1,-1},
{1,-1,-1, 1, 1,-1, 1, 1,-1, 1,-1,-1,-1, 1, 1,-1,-1, 1,-1,-1, 1,-1, 1, 1},
{1, 1,-1, 1,-1,-1, 1,-1,-1,-1, 1, 1, 1, 1,-1, 1,-1,-1, 1,-1,-1,-1, 1, 1},
{1, 1,-1, 1,-1,-1,-1, 1,-1,-1, 1, 1,-1, 1,-1,-1, 1, 1,-1, 1, 1, 1,-1,-1},
{1,-1, 1,-1, 1,-1, 1,-1,-1,-1, 1, 1,-1,-1, 1, 1,-1, 1, 1,-1, 1, 1,-1,-1},
{1,-1, 1,-1, 1,-1,-1, 1,-1,-1, 1, 1, 1,-1, 1,-1, 1,-1,-1, 1,-1,-1, 1, 1},
{1,-1,-1, 1,-1, 1, 1,-1, 1,-1, 1,-1, 1,-1, 1,-1, 1,-1,-1,-1, 1, 1, 1,-1},
{1,-1,-1,-1, 1, 1, 1,-1, 1,-1, 1,-1,-1, 1,-1,-1, 1, 1, 1, 1,-1,-1,-1, 1},
{1, 1,-1,-1,-1, 1,-1, 1,-1, 1, 1,-1,-1,-1, 1, 1, 1,-1, 1,-1, 1,-1,-1, 1},
{1,-1, 1,-1,-1, 1,-1, 1,-1, 1, 1,-1, 1, 1,-1,-1,-1, 1, 1,-1,-1, 1, 1,-1},
{1, 1,-1,-1, 1,-1,-1,-1, 1, 1, 1,-1,-1, 1, 1, 1,-1,-1,-1, 1,-1, 1, 1,-1},
{1,-1, 1, 1,-1,-1,-1,-1, 1, 1, 1,-1, 1,-1,-1, 1,-1, 1,-1, 1, 1,-1,-1, 1},
{1,-1,-1, 1,-1, 1,-1, 1, 1,-1,-1, 1,-1,-1, 1, 1,-1, 1, 1, 1,-1,-1, 1,-1},
{1,-1,-1,-1, 1, 1,-1, 1, 1,-1,-1, 1, 1, 1,-1, 1,-1,-1,-1,-1, 1, 1,-1, 1},
{1, 1,-1,-1,-1, 1, 1,-1,-1, 1,-1, 1, 1,-1, 1,-1,-1, 1,-1, 1,-1, 1,-1, 1},
{1,-1, 1,-1,-1, 1, 1,-1,-1, 1,-1, 1,-1, 1,-1, 1, 1,-1,-1, 1, 1,-1, 1,-1},
{1, 1,-1,-1, 1,-1,-1,-1, 1, 1,-1, 1, 1,-1,-1,-1, 1, 1, 1,-1, 1,-1, 1,-1},
{1,-1, 1, 1,-1,-1,-1,-1, 1, 1,-1, 1,-1, 1, 1,-1, 1,-1, 1,-1,-1, 1,-1, 1}};

// Had.24.54
// order(automorphism group) = 768 = 2^8 * 3
// H induces non-TBI
{{1, 1, 1, 1, 1, 1, 1, 1, 1, 1, 1, 1, 1, 1, 1, 1, 1, 1, 1, 1, 1, 1, 1, 1},
{1, 1, 1, 1, 1, 1, 1, 1, 1, 1, 1, 1,-1,-1,-1,-1,-1,-1,-1,-1,-1,-1,-1,-1},
{1, 1, 1, 1, 1, 1,-1,-1,-1,-1,-1,-1, 1,-1,-1, 1, 1,-1, 1, 1,-1, 1,-1,-1},
{1, 1, 1, 1, 1, 1,-1,-1,-1,-1,-1,-1,-1, 1, 1,-1,-1, 1,-1,-1, 1,-1, 1, 1},
{1, 1, 1,-1,-1,-1, 1, 1, 1,-1,-1,-1,-1,-1,-1, 1, 1, 1,-1,-1,-1, 1, 1, 1},
{1, 1, 1,-1,-1,-1, 1, 1, 1,-1,-1,-1, 1, 1, 1,-1,-1,-1, 1, 1, 1,-1,-1,-1},
{1,-1,-1, 1, 1,-1, 1, 1,-1, 1,-1,-1, 1, 1, 1, 1, 1, 1,-1,-1,-1,-1,-1,-1},
{1,-1,-1, 1, 1,-1, 1, 1,-1, 1,-1,-1,-1,-1,-1,-1,-1,-1, 1, 1, 1, 1, 1, 1},
{1, 1,-1, 1,-1,-1, 1,-1,-1,-1, 1, 1,-1, 1,-1,-1, 1, 1, 1, 1,-1,-1,-1, 1},
{1, 1,-1, 1,-1,-1,-1, 1,-1,-1, 1, 1, 1,-1, 1,-1, 1,-1,-1,-1, 1, 1, 1,-1},
{1,-1, 1,-1, 1,-1, 1,-1,-1,-1, 1, 1, 1, 1,-1, 1,-1,-1,-1,-1, 1, 1,-1, 1},
{1,-1, 1,-1, 1,-1,-1, 1,-1,-1, 1, 1,-1,-1, 1, 1,-1, 1, 1, 1,-1,-1, 1,-1},
{1,-1,-1, 1,-1, 1, 1,-1, 1,-1, 1,-1,-1, 1, 1, 1,-1,-1,-1, 1,-1, 1, 1,-1},
{1,-1,-1,-1, 1, 1, 1,-1, 1,-1, 1,-1, 1,-1,-1,-1, 1, 1, 1,-1, 1,-1, 1,-1},
{1, 1,-1,-1,-1, 1,-1, 1,-1, 1, 1,-1, 1, 1,-1, 1,-1,-1, 1,-1,-1,-1, 1, 1},
{1,-1, 1,-1,-1, 1,-1, 1,-1, 1, 1,-1,-1, 1,-1,-1, 1, 1,-1, 1, 1, 1,-1,-1},
{1, 1,-1,-1, 1,-1,-1,-1, 1, 1, 1,-1, 1,-1, 1,-1,-1, 1,-1, 1,-1, 1,-1, 1},
{1,-1, 1, 1,-1,-1,-1,-1, 1, 1, 1,-1,-1,-1, 1, 1, 1,-1, 1,-1, 1,-1,-1, 1},
{1,-1,-1, 1,-1, 1,-1, 1, 1,-1,-1, 1, 1,-1,-1, 1,-1, 1,-1, 1, 1,-1,-1, 1},
{1,-1,-1,-1, 1, 1,-1, 1, 1,-1,-1, 1,-1, 1, 1,-1, 1,-1, 1,-1,-1, 1,-1, 1},
{1, 1,-1,-1,-1, 1, 1,-1,-1, 1,-1, 1,-1,-1, 1, 1,-1, 1, 1,-1, 1, 1,-1,-1},
{1,-1, 1,-1,-1, 1, 1,-1,-1, 1,-1, 1, 1,-1, 1,-1, 1,-1,-1, 1,-1,-1, 1, 1},
{1, 1,-1,-1, 1,-1,-1,-1, 1, 1,-1, 1,-1, 1,-1, 1, 1,-1,-1, 1, 1,-1, 1,-1},
{1,-1, 1, 1,-1,-1,-1,-1, 1, 1,-1, 1, 1, 1,-1,-1,-1, 1, 1,-1,-1, 1, 1,-1}};

// Had.24.55
// order(automorphism group) = 32 = 2^5
// H induces non-TBI
{{1, 1, 1, 1, 1, 1, 1, 1, 1, 1, 1, 1, 1, 1, 1, 1, 1, 1, 1, 1, 1, 1, 1, 1},
{1, 1, 1, 1, 1, 1, 1, 1, 1, 1, 1, 1,-1,-1,-1,-1,-1,-1,-1,-1,-1,-1,-1,-1},
{1, 1, 1, 1, 1, 1,-1,-1,-1,-1,-1,-1, 1, 1, 1,-1,-1,-1, 1, 1, 1,-1,-1,-1},
{1, 1, 1, 1, 1, 1,-1,-1,-1,-1,-1,-1,-1,-1,-1, 1, 1, 1,-1,-1,-1, 1, 1, 1},
{1, 1, 1,-1,-1,-1, 1, 1, 1,-1,-1,-1, 1,-1,-1, 1, 1,-1, 1, 1,-1, 1,-1,-1},
{1, 1, 1,-1,-1,-1, 1, 1, 1,-1,-1,-1,-1, 1, 1,-1,-1, 1,-1,-1, 1,-1, 1, 1},
{1,-1,-1, 1, 1,-1, 1, 1,-1, 1,-1,-1, 1, 1, 1, 1, 1, 1,-1,-1,-1,-1,-1,-1},
{1,-1,-1, 1, 1,-1, 1, 1,-1, 1,-1,-1,-1,-1,-1,-1,-1,-1, 1, 1, 1, 1, 1, 1},
{1, 1,-1, 1,-1,-1, 1,-1,-1,-1, 1, 1, 1, 1,-1, 1,-1,-1, 1,-1,-1,-1, 1, 1},
{1, 1,-1, 1,-1,-1,-1, 1,-1,-1, 1, 1,-1, 1,-1,-1, 1, 1,-1, 1, 1, 1,-1,-1},
{1,-1, 1,-1, 1,-1, 1,-1,-1,-1, 1, 1,-1,-1, 1, 1,-1, 1, 1,-1, 1, 1,-1,-1},
{1,-1, 1,-1, 1,-1,-1, 1,-1,-1, 1, 1, 1,-1, 1,-1, 1,-1,-1, 1,-1,-1, 1, 1},
{1,-1,-1, 1,-1, 1, 1,-1, 1,-1, 1,-1, 1,-1, 1,-1, 1,-1,-1,-1, 1, 1, 1,-1},
{1,-1,-1,-1, 1, 1,-1, 1, 1,-1, 1,-1, 1, 1,-1,-1,-1, 1, 1,-1,-1, 1,-1, 1},
{1, 1,-1,-1,-1, 1, 1,-1,-1, 1, 1,-1,-1,-1, 1,-1, 1, 1, 1, 1,-1,-1,-1, 1},
{1,-1, 1,-1,-1, 1,-1, 1,-1, 1, 1,-1,-1, 1,-1, 1, 1,-1, 1,-1, 1,-1, 1,-1},
{1, 1,-1,-1, 1,-1,-1,-1, 1, 1, 1,-1, 1,-1,-1, 1,-1, 1,-1, 1, 1,-1, 1,-1},
{1,-1, 1, 1,-1,-1,-1,-1, 1, 1, 1,-1,-1, 1, 1, 1,-1,-1,-1, 1,-1, 1,-1, 1},
{1,-1,-1, 1,-1, 1,-1, 1, 1,-1,-1, 1,-1,-1, 1, 1,-1, 1, 1, 1,-1,-1, 1,-1},
{1,-1,-1,-1, 1, 1, 1,-1, 1,-1,-1, 1,-1, 1,-1, 1, 1,-1,-1, 1, 1,-1,-1, 1},
{1, 1,-1,-1,-1, 1,-1, 1,-1, 1,-1, 1, 1,-1, 1, 1,-1,-1,-1,-1, 1, 1,-1, 1},
{1,-1, 1,-1,-1, 1, 1,-1,-1, 1,-1, 1, 1, 1,-1,-1,-1, 1,-1, 1,-1, 1, 1,-1},
{1, 1,-1,-1, 1,-1,-1,-1, 1, 1,-1, 1,-1, 1, 1,-1, 1,-1, 1,-1,-1, 1, 1,-1},
{1,-1, 1, 1,-1,-1,-1,-1, 1, 1,-1, 1, 1,-1,-1,-1, 1, 1, 1,-1, 1,-1,-1, 1}};

// Had.24.56
// order(automorphism group) = 96 = 2^5 * 3
// H induces non-TBI
{{1, 1, 1, 1, 1, 1, 1, 1, 1, 1, 1, 1, 1, 1, 1, 1, 1, 1, 1, 1, 1, 1, 1, 1},
{1, 1, 1, 1, 1, 1, 1, 1, 1, 1, 1, 1,-1,-1,-1,-1,-1,-1,-1,-1,-1,-1,-1,-1},
{1, 1, 1, 1, 1, 1,-1,-1,-1,-1,-1,-1, 1, 1, 1, 1, 1, 1,-1,-1,-1,-1,-1,-1},
{1, 1, 1, 1, 1, 1,-1,-1,-1,-1,-1,-1,-1,-1,-1,-1,-1,-1, 1, 1, 1, 1, 1, 1},
{1, 1, 1,-1,-1,-1, 1, 1, 1,-1,-1,-1, 1, 1, 1,-1,-1,-1, 1, 1, 1,-1,-1,-1},
{1, 1, 1,-1,-1,-1, 1, 1, 1,-1,-1,-1,-1,-1,-1, 1, 1, 1,-1,-1,-1, 1, 1, 1},
{1,-1,-1, 1, 1,-1, 1, 1,-1, 1,-1,-1, 1,-1,-1, 1, 1,-1, 1, 1,-1, 1,-1,-1},
{1,-1,-1, 1, 1,-1, 1, 1,-1, 1,-1,-1,-1, 1, 1,-1,-1, 1,-1,-1, 1,-1, 1, 1},
{1, 1,-1, 1,-1,-1, 1,-1,-1,-1, 1, 1, 1, 1,-1, 1,-1,-1, 1,-1,-1,-1, 1, 1},
{1, 1,-1,-1, 1,-1,-1, 1,-1,-1, 1, 1, 1,-1,-1,-1, 1, 1,-1, 1, 1,-1,-1, 1},
{1,-1, 1, 1,-1,-1,-1, 1,-1,-1, 1, 1,-1,-1, 1, 1,-1, 1, 1,-1, 1, 1,-1,-1},
{1,-1, 1,-1, 1,-1, 1,-1,-1,-1, 1, 1,-1, 1, 1,-1, 1,-1,-1, 1,-1, 1, 1,-1},
{1,-1,-1, 1,-1, 1, 1,-1, 1,-1, 1,-1,-1,-1, 1, 1, 1,-1,-1, 1, 1,-1,-1, 1},
{1,-1,-1,-1, 1, 1,-1, 1, 1,-1, 1,-1,-1, 1,-1, 1,-1, 1, 1, 1,-1,-1, 1,-1},
{1, 1,-1,-1,-1, 1, 1,-1,-1, 1, 1,-1,-1, 1,-1,-1, 1, 1, 1,-1, 1, 1,-1,-1},
{1,-1, 1,-1,-1, 1,-1, 1,-1, 1, 1,-1, 1,-1, 1,-1, 1,-1, 1,-1,-1,-1, 1, 1},
{1, 1,-1, 1,-1,-1,-1,-1, 1, 1, 1,-1, 1,-1, 1,-1,-1, 1,-1, 1,-1, 1, 1,-1},
{1,-1, 1,-1, 1,-1,-1,-1, 1, 1, 1,-1, 1, 1,-1, 1,-1,-1,-1,-1, 1, 1,-1, 1},
{1,-1,-1, 1,-1, 1,-1, 1, 1,-1,-1, 1, 1, 1,-1,-1, 1,-1,-1,-1, 1, 1, 1,-1},
{1,-1,-1,-1, 1, 1, 1,-1, 1,-1,-1, 1, 1,-1, 1,-1,-1, 1, 1,-1,-1, 1,-1, 1},
{1, 1,-1,-1,-1, 1,-1, 1,-1, 1,-1, 1,-1, 1, 1, 1,-1,-1,-1, 1,-1, 1,-1, 1},
{1,-1, 1,-1,-1, 1, 1,-1,-1, 1,-1, 1, 1,-1,-1, 1,-1, 1,-1, 1, 1,-1, 1,-1},
{1, 1,-1,-1, 1,-1,-1,-1, 1, 1,-1, 1,-1,-1, 1, 1, 1,-1, 1,-1, 1,-1, 1,-1},
{1,-1, 1, 1,-1,-1,-1,-1, 1, 1,-1, 1,-1, 1,-1,-1, 1, 1, 1, 1,-1,-1,-1, 1}};

// Had.24.57
// order(automorphism group) = 96 = 2^5 * 3
// H induces non-TBI
{{1, 1, 1, 1, 1, 1, 1, 1, 1, 1, 1, 1, 1, 1, 1, 1, 1, 1, 1, 1, 1, 1, 1, 1},
{1, 1, 1, 1, 1, 1, 1, 1, 1, 1, 1, 1,-1,-1,-1,-1,-1,-1,-1,-1,-1,-1,-1,-1},
{1, 1, 1, 1, 1, 1,-1,-1,-1,-1,-1,-1, 1, 1, 1,-1,-1,-1, 1, 1, 1,-1,-1,-1},
{1, 1, 1, 1, 1, 1,-1,-1,-1,-1,-1,-1,-1,-1,-1, 1, 1, 1,-1,-1,-1, 1, 1, 1},
{1, 1, 1,-1,-1,-1, 1, 1, 1,-1,-1,-1, 1, 1, 1, 1, 1, 1,-1,-1,-1,-1,-1,-1},
{1, 1, 1,-1,-1,-1, 1, 1, 1,-1,-1,-1,-1,-1,-1,-1,-1,-1, 1, 1, 1, 1, 1, 1},
{1,-1,-1, 1, 1,-1, 1, 1,-1, 1,-1,-1, 1, 1,-1, 1,-1,-1, 1,-1,-1, 1, 1,-1},
{1,-1,-1, 1, 1,-1, 1,-1, 1, 1,-1,-1, 1,-1,-1,-1, 1, 1,-1, 1, 1,-1,-1, 1},
{1,-1,-1, 1,-1, 1, 1, 1,-1,-1, 1,-1,-1,-1, 1, 1, 1,-1, 1, 1,-1,-1,-1, 1},
{1,-1,-1,-1, 1, 1, 1,-1, 1,-1, 1,-1,-1, 1, 1,-1,-1, 1,-1, 1,-1, 1, 1,-1},
{1,-1,-1, 1,-1, 1,-1, 1, 1,-1,-1, 1, 1,-1, 1,-1, 1,-1,-1,-1, 1, 1, 1,-1},
{1,-1,-1,-1, 1, 1,-1, 1, 1,-1,-1, 1,-1, 1,-1, 1,-1, 1, 1,-1, 1,-1,-1, 1},
{1, 1,-1, 1,-1,-1,-1, 1,-1, 1, 1,-1,-1, 1, 1,-1,-1, 1,-1,-1, 1, 1,-1, 1},
{1, 1,-1,-1,-1, 1,-1,-1, 1, 1, 1,-1, 1, 1,-1,-1, 1,-1, 1,-1,-1,-1, 1, 1},
{1, 1,-1,-1, 1,-1,-1, 1,-1, 1,-1, 1,-1,-1, 1,-1, 1, 1, 1, 1,-1,-1, 1,-1},
{1, 1,-1,-1,-1, 1, 1,-1,-1, 1,-1, 1,-1, 1,-1, 1, 1,-1,-1, 1, 1, 1,-1,-1},
{1, 1,-1, 1,-1,-1,-1,-1, 1,-1, 1, 1, 1,-1,-1, 1,-1, 1, 1, 1,-1, 1,-1,-1},
{1, 1,-1,-1, 1,-1, 1,-1,-1,-1, 1, 1, 1,-1, 1, 1,-1,-1,-1,-1, 1,-1, 1, 1},
{1,-1, 1,-1, 1,-1,-1,-1, 1, 1, 1,-1,-1,-1, 1, 1, 1,-1, 1,-1, 1, 1,-1,-1},
{1,-1, 1,-1,-1, 1,-1, 1,-1, 1, 1,-1, 1,-1,-1, 1,-1, 1,-1, 1, 1,-1, 1,-1},
{1,-1, 1, 1,-1,-1,-1,-1, 1, 1,-1, 1,-1, 1, 1, 1,-1,-1,-1, 1,-1,-1, 1, 1},
{1,-1, 1,-1,-1, 1, 1,-1,-1, 1,-1, 1, 1,-1, 1,-1,-1, 1, 1,-1,-1, 1,-1, 1},
{1,-1, 1, 1,-1,-1, 1,-1,-1,-1, 1, 1,-1, 1,-1,-1, 1, 1, 1,-1, 1,-1, 1,-1},
{1,-1, 1,-1, 1,-1,-1, 1,-1,-1, 1, 1, 1, 1,-1,-1, 1,-1,-1, 1,-1, 1,-1, 1}};

// Had.24.58
// order(automorphism group) = 5280 = 2^5 * 3 * 5 * 11},
// H induces TBI
{{1, 1, 1, 1, 1, 1, 1, 1, 1, 1, 1, 1, 1, 1, 1, 1, 1, 1, 1, 1, 1, 1, 1, 1},
{1, 1, 1, 1, 1, 1, 1, 1, 1, 1, 1, 1,-1,-1,-1,-1,-1,-1,-1,-1,-1,-1,-1,-1},
{1, 1, 1,-1, 1, 1,-1, 1,-1,-1,-1,-1, 1,-1,-1,-1, 1,-1,-1, 1,-1, 1, 1, 1},
{1, 1, 1,-1, 1, 1,-1, 1,-1,-1,-1,-1,-1, 1, 1, 1,-1, 1, 1,-1, 1,-1,-1,-1},
{1, 1, 1,-1,-1,-1, 1,-1,-1, 1,-1, 1, 1,-1,-1,-1, 1, 1, 1,-1, 1, 1,-1,-1},
{1, 1, 1,-1,-1,-1, 1,-1,-1, 1,-1, 1,-1, 1, 1, 1,-1,-1,-1, 1,-1,-1, 1, 1},
{1, 1,-1, 1, 1,-1, 1,-1,-1,-1, 1,-1, 1,-1,-1, 1,-1, 1, 1, 1,-1,-1,-1, 1},
{1, 1,-1, 1, 1,-1, 1,-1,-1,-1, 1,-1,-1, 1, 1,-1, 1,-1,-1,-1, 1, 1, 1,-1},
{1, 1,-1, 1,-1,-1,-1, 1, 1, 1,-1,-1, 1,-1, 1,-1,-1,-1, 1, 1, 1,-1, 1,-1},
{1, 1,-1, 1,-1,-1,-1, 1, 1, 1,-1,-1,-1, 1,-1, 1, 1, 1,-1,-1,-1, 1,-1, 1},
{1, 1,-1,-1,-1, 1,-1,-1, 1,-1, 1, 1, 1,-1, 1, 1,-1, 1,-1,-1,-1, 1, 1,-1},
{1, 1,-1,-1,-1, 1,-1,-1, 1,-1, 1, 1,-1, 1,-1,-1, 1,-1, 1, 1, 1,-1,-1, 1},
{1,-1, 1, 1, 1,-1,-1,-1, 1,-1,-1, 1, 1,-1, 1, 1, 1,-1,-1,-1, 1,-1,-1, 1},
{1,-1, 1, 1, 1,-1,-1,-1, 1,-1,-1, 1,-1, 1,-1,-1,-1, 1, 1, 1,-1, 1, 1,-1},
{1,-1, 1, 1,-1, 1,-1,-1,-1, 1, 1,-1, 1, 1,-1,-1,-1, 1,-1,-1, 1,-1, 1, 1},
{1,-1, 1, 1,-1, 1,-1,-1,-1, 1, 1,-1,-1,-1, 1, 1, 1,-1, 1, 1,-1, 1,-1,-1},
{1,-1, 1,-1,-1,-1, 1, 1, 1,-1, 1,-1, 1, 1,-1, 1,-1,-1,-1, 1, 1, 1,-1,-1},
{1,-1, 1,-1,-1,-1, 1, 1, 1,-1, 1,-1,-1,-1, 1,-1, 1, 1, 1,-1,-1,-1, 1, 1},
{1,-1,-1, 1,-1, 1, 1, 1,-1,-1,-1, 1, 1, 1,-1, 1, 1,-1, 1,-1,-1,-1, 1,-1},
{1,-1,-1, 1,-1, 1, 1, 1,-1,-1,-1, 1,-1,-1, 1,-1,-1, 1,-1, 1, 1, 1,-1, 1},
{1,-1,-1,-1, 1, 1, 1,-1, 1, 1,-1,-1, 1, 1, 1,-1,-1,-1, 1,-1,-1, 1,-1, 1},
{1,-1,-1,-1, 1, 1, 1,-1, 1, 1,-1,-1,-1,-1,-1, 1, 1, 1,-1, 1, 1,-1, 1,-1},
{1,-1,-1,-1, 1,-1,-1, 1,-1, 1, 1, 1, 1, 1, 1,-1, 1, 1,-1, 1,-1,-1,-1,-1},
{1,-1,-1,-1, 1,-1,-1, 1,-1, 1, 1, 1,-1,-1,-1, 1,-1,-1, 1,-1, 1, 1, 1, 1}};

// Had.24.59
// order(automorphism group) = 384 = 2^7 * 3
// H induces TBI
{{1, 1, 1, 1, 1, 1, 1, 1, 1, 1, 1, 1, 1, 1, 1, 1, 1, 1, 1, 1, 1, 1, 1, 1},
{1, 1, 1, 1, 1, 1, 1,-1,-1, 1, 1, 1, 1, 1,-1,-1,-1,-1,-1,-1,-1,-1,-1,-1},
{1, 1, 1, 1, 1, 1,-1, 1,-1,-1,-1,-1,-1,-1, 1, 1, 1, 1, 1,-1,-1,-1,-1,-1},
{1, 1, 1, 1, 1,-1, 1, 1,-1,-1,-1,-1,-1,-1,-1,-1,-1,-1,-1, 1, 1, 1, 1, 1},
{1, 1, 1,-1,-1,-1,-1,-1,-1, 1, 1, 1,-1,-1, 1,-1, 1,-1, 1, 1,-1, 1,-1, 1},
{1, 1,-1, 1,-1,-1,-1,-1,-1, 1,-1, 1, 1,-1, 1, 1,-1, 1,-1,-1, 1, 1, 1,-1},
{1,-1, 1,-1, 1,-1,-1,-1,-1, 1, 1,-1,-1, 1,-1, 1, 1, 1,-1, 1, 1,-1, 1,-1},
{1, 1,-1,-1,-1, 1, 1, 1, 1, 1, 1,-1,-1,-1, 1, 1,-1,-1,-1, 1, 1,-1,-1,-1},
{1,-1, 1,-1,-1, 1, 1, 1, 1, 1,-1, 1,-1,-1,-1,-1, 1, 1,-1,-1,-1, 1, 1,-1},
{1, 1, 1,-1,-1,-1,-1, 1, 1,-1, 1,-1, 1, 1,-1,-1,-1, 1, 1,-1, 1, 1,-1,-1},
{1, 1,-1,-1, 1,-1,-1, 1, 1, 1,-1, 1,-1, 1,-1, 1,-1,-1, 1,-1,-1,-1, 1, 1},
{1,-1,-1, 1, 1,-1,-1, 1, 1,-1, 1, 1, 1,-1,-1, 1, 1,-1,-1, 1,-1, 1,-1,-1},
{1, 1,-1,-1,-1, 1, 1,-1,-1,-1,-1,-1, 1, 1,-1, 1, 1,-1, 1, 1,-1, 1, 1,-1},
{1,-1,-1,-1, 1, 1, 1,-1,-1,-1, 1, 1,-1,-1,-1, 1,-1, 1, 1,-1, 1, 1,-1, 1},
{1, 1,-1,-1, 1,-1, 1,-1, 1,-1, 1,-1, 1,-1, 1,-1, 1, 1,-1,-1,-1,-1, 1, 1},
{1,-1, 1, 1,-1,-1, 1,-1, 1, 1,-1,-1, 1,-1,-1, 1,-1, 1, 1, 1,-1,-1,-1, 1},
{1,-1,-1, 1, 1,-1, 1,-1, 1, 1,-1,-1,-1, 1, 1,-1, 1,-1, 1,-1, 1, 1,-1,-1},
{1,-1,-1, 1,-1, 1,-1, 1,-1, 1, 1,-1, 1,-1,-1,-1, 1,-1, 1,-1, 1,-1, 1, 1},
{1,-1,-1,-1, 1, 1,-1, 1,-1, 1,-1,-1, 1, 1, 1,-1,-1, 1,-1, 1,-1, 1,-1, 1},
{1, 1,-1, 1,-1, 1,-1,-1, 1,-1,-1, 1,-1, 1,-1,-1, 1, 1,-1, 1, 1,-1,-1, 1},
{1,-1, 1, 1,-1, 1,-1,-1, 1,-1, 1,-1,-1, 1, 1, 1,-1,-1,-1,-1,-1, 1, 1, 1},
{1,-1, 1,-1, 1, 1,-1,-1, 1,-1,-1, 1, 1,-1, 1,-1,-1,-1, 1, 1, 1,-1, 1,-1},
{1,-1, 1,-1,-1,-1, 1, 1,-1,-1,-1, 1, 1, 1, 1, 1, 1,-1,-1,-1, 1,-1,-1, 1},
{1,-1,-1, 1,-1,-1, 1, 1,-1,-1, 1, 1,-1, 1, 1,-1,-1, 1, 1, 1,-1,-1, 1,-1}};

// Had.24.60
// order(automorphism group) = 12144 = 2^4 * 3 * 11 * 23
// H induces TBI
{
{1, 1, 1, 1, 1, 1, 1, 1, 1, 1, 1, 1, 1, 1, 1, 1, 1, 1, 1, 1, 1, 1, 1, 1},
{1,-1,-1,-1,-1,-1, 1,-1, 1,-1,-1, 1, 1,-1,-1, 1, 1,-1, 1,-1, 1, 1, 1, 1},
{1, 1,-1,-1,-1,-1,-1, 1,-1, 1,-1,-1, 1, 1,-1,-1, 1, 1,-1, 1,-1, 1, 1, 1},
{1, 1, 1,-1,-1,-1,-1,-1, 1,-1, 1,-1,-1, 1, 1,-1,-1, 1, 1,-1, 1,-1, 1, 1},
{1, 1, 1, 1,-1,-1,-1,-1,-1, 1,-1, 1,-1,-1, 1, 1,-1,-1, 1, 1,-1, 1,-1, 1},
{1, 1, 1, 1, 1,-1,-1,-1,-1,-1, 1,-1, 1,-1,-1, 1, 1,-1,-1, 1, 1,-1, 1,-1},
{1,-1, 1, 1, 1, 1,-1,-1,-1,-1,-1, 1,-1, 1,-1,-1, 1, 1,-1,-1, 1, 1,-1, 1},
{1, 1,-1, 1, 1, 1, 1,-1,-1,-1,-1,-1, 1,-1, 1,-1,-1, 1, 1,-1,-1, 1, 1,-1},
{1,-1, 1,-1, 1, 1, 1, 1,-1,-1,-1,-1,-1, 1,-1, 1,-1,-1, 1, 1,-1,-1, 1, 1},
{1, 1,-1, 1,-1, 1, 1, 1, 1,-1,-1,-1,-1,-1, 1,-1, 1,-1,-1, 1, 1,-1,-1, 1},
{1, 1, 1,-1, 1,-1, 1, 1, 1, 1,-1,-1,-1,-1,-1, 1,-1, 1,-1,-1, 1, 1,-1,-1},
{1,-1, 1, 1,-1, 1,-1, 1, 1, 1, 1,-1,-1,-1,-1,-1, 1,-1, 1,-1,-1, 1, 1,-1},
{1,-1,-1, 1, 1,-1, 1,-1, 1, 1, 1, 1,-1,-1,-1,-1,-1, 1,-1, 1,-1,-1, 1, 1},
{1, 1,-1,-1, 1, 1,-1, 1,-1, 1, 1, 1, 1,-1,-1,-1,-1,-1, 1,-1, 1,-1,-1, 1},
{1, 1, 1,-1,-1, 1, 1,-1, 1,-1, 1, 1, 1, 1,-1,-1,-1,-1,-1, 1,-1, 1,-1,-1},
{1,-1, 1, 1,-1,-1, 1, 1,-1, 1,-1, 1, 1, 1, 1,-1,-1,-1,-1,-1, 1,-1, 1,-1},
{1,-1,-1, 1, 1,-1,-1, 1, 1,-1, 1,-1, 1, 1, 1, 1,-1,-1,-1,-1,-1, 1,-1, 1},
{1, 1,-1,-1, 1, 1,-1,-1, 1, 1,-1, 1,-1, 1, 1, 1, 1,-1,-1,-1,-1,-1, 1,-1},
{1,-1, 1,-1,-1, 1, 1,-1,-1, 1, 1,-1, 1,-1, 1, 1, 1, 1,-1,-1,-1,-1,-1, 1},
{1, 1,-1, 1,-1,-1, 1, 1,-1,-1, 1, 1,-1, 1,-1, 1, 1, 1, 1,-1,-1,-1,-1,-1},
{1,-1, 1,-1, 1,-1,-1, 1, 1,-1,-1, 1, 1,-1, 1,-1, 1, 1, 1, 1,-1,-1,-1,-1},
{1,-1,-1, 1,-1, 1,-1,-1, 1, 1,-1,-1, 1, 1,-1, 1,-1, 1, 1, 1, 1,-1,-1,-1},
{1,-1,-1,-1, 1,-1, 1,-1,-1, 1, 1,-1,-1, 1, 1,-1, 1,-1, 1, 1, 1, 1,-1,-1},
{1,-1,-1,-1,-1, 1,-1, 1,-1,-1, 1, 1,-1,-1, 1, 1,-1, 1,-1, 1, 1, 1, 1,-1}};

