# group	order	row-major I(i,j) = index of g_j * g_i^-1, 1-based
A4	12	1 2 3 4 5 6 7 8 9 10 11 12 2 1 4 3 7 8 5 6 12 11 10 9 3 4 1 2 8 7 6 5 10 9 12 11 4 3 2 1 6 5 8 7 11 12 9 10 9 10 11 12 1 2 3 4 5 6 7 8 12 11 10 9 2 1 4 3 7 8 5 6 10 9 12 11 3 4 1 2 8 7 6 5 11 12 9 10 4 3 2 1 6 5 8 7 5 6 7 8 9 10 11 12 1 2 3 4 7 8 5 6 12 11 10 9 2 1 4 3 8 7 6 5 10 9 12 11 3 4 1 2 6 5 8 7 11 12 9 10 4 3 2 1
D10	20	1 2 3 4 5 6 7 8 9 10 11 12 13 14 15 16 17 18 19 20 5 1 2 3 4 10 6 7 8 9 12 13 14 15 11 17 18 19 20 16 4 5 1 2 3 9 10 6 7 8 13 14 15 11 12 18 19 20 16 17 3 4 5 1 2 8 9 10 6 7 14 15 11 12 13 19 20 16 17 18 2 3 4 5 1 7 8 9 10 6 15 11 12 13 14 20 16 17 18 19 6 7 8 9 10 1 2 3 4 5 16 17 18 19 20 11 12 13 14 15 10 6 7 8 9 5 1 2 3 4 17 18 19 20 16 12 13 14 15 11 9 10 6 7 8 4 5 1 2 3 18 19 20 16 17 13 14 15 11 12 8 9 10 6 7 3 4 5 1 2 19 20 16 17 18 14 15 11 12 13 7 8 9 10 6 2 3 4 5 1 20 16 17 18 19 15 11 12 13 14 11 12 13 14 15 16 17 18 19 20 1 2 3 4 5 6 7 8 9 10 12 13 14 15 11 17 18 19 20 16 5 1 2 3 4 10 6 7 8 9 13 14 15 11 12 18 19 20 16 17 4 5 1 2 3 9 10 6 7 8 14 15 11 12 13 19 20 16 17 18 3 4 5 1 2 8 9 10 6 7 15 11 12 13 14 20 16 17 18 19 2 3 4 5 1 7 8 9 10 6 16 17 18 19 20 11 12 13 14 15 6 7 8 9 10 1 2 3 4 5 17 18 19 20 16 12 13 14 15 11 10 6 7 8 9 5 1 2 3 4 18 19 20 16 17 13 14 15 11 12 9 10 6 7 8 4 5 1 2 3 19 20 16 17 18 14 15 11 12 13 8 9 10 6 7 3 4 5 1 2 20 16 17 18 19 15 11 12 13 14 7 8 9 10 6 2 3 4 5 1
D11	22	1 2 3 4 5 6 7 8 9 10 11 12 13 14 15 16 17 18 19 20 21 22 11 1 2 3 4 5 6 7 8 9 10 13 14 15 16 17 18 19 20 21 22 12 10 11 1 2 3 4 5 6 7 8 9 14 15 16 17 18 19 20 21 22 12 13 9 10 11 1 2 3 4 5 6 7 8 15 16 17 18 19 20 21 22 12 13 14 8 9 10 11 1 2 3 4 5 6 7 16 17 18 19 20 21 22 12 13 14 15 7 8 9 10 11 1 2 3 4 5 6 17 18 19 20 21 22 12 13 14 15 16 6 7 8 9 10 11 1 2 3 4 5 18 19 20 21 22 12 13 14 15 16 17 5 6 7 8 9 10 11 1 2 3 4 19 20 21 22 12 13 14 15 16 17 18 4 5 6 7 8 9 10 11 1 2 3 20 21 22 12 13 14 15 16 17 18 19 3 4 5 6 7 8 9 10 11 1 2 21 22 12 13 14 15 16 17 18 19 20 2 3 4 5 6 7 8 9 10 11 1 22 12 13 14 15 16 17 18 19 20 21 12 13 14 15 16 17 18 19 20 21 22 1 2 3 4 5 6 7 8 9 10 11 13 14 15 16 17 18 19 20 21 22 12 11 1 2 3 4 5 6 7 8 9 10 14 15 16 17 18 19 20 21 22 12 13 10 11 1 2 3 4 5 6 7 8 9 15 16 17 18 19 20 21 22 12 13 14 9 10 11 1 2 3 4 5 6 7 8 16 17 18 19 20 21 22 12 13 14 15 8 9 10 11 1 2 3 4 5 6 7 17 18 19 20 21 22 12 13 14 15 16 7 8 9 10 11 1 2 3 4 5 6 18 19 20 21 22 12 13 14 15 16 17 6 7 8 9 10 11 1 2 3 4 5 19 20 21 22 12 13 14 15 16 17 18 5 6 7 8 9 10 11 1 2 3 4 20 21 22 12 13 14 15 16 17 18 19 4 5 6 7 8 9 10 11 1 2 3 21 22 12 13 14 15 16 17 18 19 20 3 4 5 6 7 8 9 10 11 1 2 22 12 13 14 15 16 17 18 19 20 21 2 3 4 5 6 7 8 9 10 11 1
D12	24	1 2 3 4 5 6 7 8 9 10 11 12 13 14 15 16 17 18 19 20 21 22 23 24 3 1 2 6 4 5 9 7 8 12 10 11 14 15 13 17 18 16 20 21 19 23 24 22 2 3 1 5 6 4 8 9 7 11 12 10 15 13 14 18 16 17 21 19 20 24 22 23 4 5 6 1 2 3 10 11 12 7 8 9 16 17 18 13 14 15 22 23 24 19 20 21 6 4 5 3 1 2 12 10 11 9 7 8 17 18 16 14 15 13 23 24 22 20 21 19 5 6 4 2 3 1 11 12 10 8 9 7 18 16 17 15 13 14 24 22 23 21 19 20 10 11 12 7 8 9 1 2 3 4 5 6 19 20 21 22 23 24 16 17 18 13 14 15 12 10 11 9 7 8 3 1 2 6 4 5 20 21 19 23 24 22 17 18 16 14 15 13 11 12 10 8 9 7 2 3 1 5 6 4 21 19 20 24 22 23 18 16 17 15 13 14 7 8 9 10 11 12 4 5 6 1 2 3 22 23 24 19 20 21 13 14 15 16 17 18 9 7 8 12 10 11 6 4 5 3 1 2 23 24 22 20 21 19 14 15 13 17 18 16 8 9 7 11 12 10 5 6 4 2 3 1 24 22 23 21 19 20 15 13 14 18 16 17 13 14 15 16 17 18 19 20 21 22 23 24 1 2 3 4 5 6 7 8 9 10 11 12 14 15 13 17 18 16 20 21 19 23 24 22 3 1 2 6 4 5 9 7 8 12 10 11 15 13 14 18 16 17 21 19 20 24 22 23 2 3 1 5 6 4 8 9 7 11 12 10 16 17 18 13 14 15 22 23 24 19 20 21 4 5 6 1 2 3 10 11 12 7 8 9 17 18 16 14 15 13 23 24 22 20 21 19 6 4 5 3 1 2 12 10 11 9 7 8 18 16 17 15 13 14 24 22 23 21 19 20 5 6 4 2 3 1 11 12 10 8 9 7 19 20 21 22 23 24 16 17 18 13 14 15 10 11 12 7 8 9 1 2 3 4 5 6 20 21 19 23 24 22 17 18 16 14 15 13 12 10 11 9 7 8 3 1 2 6 4 5 21 19 20 24 22 23 18 16 17 15 13 14 11 12 10 8 9 7 2 3 1 5 6 4 22 23 24 19 20 21 13 14 15 16 17 18 7 8 9 10 11 12 4 5 6 1 2 3 23 24 22 20 21 19 14 15 13 17 18 16 9 7 8 12 10 11 6 4 5 3 1 2 24 22 23 21 19 20 15 13 14 18 16 17 8 9 7 11 12 10 5 6 4 2 3 1
D13	26	1 2 3 4 5 6 7 8 9 10 11 12 13 14 15 16 17 18 19 20 21 22 23 24 25 26 13 1 2 3 4 5 6 7 8 9 10 11 12 15 16 17 18 19 20 21 22 23 24 25 26 14 12 13 1 2 3 4 5 6 7 8 9 10 11 16 17 18 19 20 21 22 23 24 25 26 14 15 11 12 13 1 2 3 4 5 6 7 8 9 10 17 18 19 20 21 22 23 24 25 26 14 15 16 10 11 12 13 1 2 3 4 5 6 7 8 9 18 19 20 21 22 23 24 25 26 14 15 16 17 9 10 11 12 13 1 2 3 4 5 6 7 8 19 20 21 22 23 24 25 26 14 15 16 17 18 8 9 10 11 12 13 1 2 3 4 5 6 7 20 21 22 23 24 25 26 14 15 16 17 18 19 7 8 9 10 11 12 13 1 2 3 4 5 6 21 22 23 24 25 26 14 15 16 17 18 19 20 6 7 8 9 10 11 12 13 1 2 3 4 5 22 23 24 25 26 14 15 16 17 18 19 20 21 5 6 7 8 9 10 11 12 13 1 2 3 4 23 24 25 26 14 15 16 17 18 19 20 21 22 4 5 6 7 8 9 10 11 12 13 1 2 3 24 25 26 14 15 16 17 18 19 20 21 22 23 3 4 5 6 7 8 9 10 11 12 13 1 2 25 26 14 15 16 17 18 19 20 21 22 23 24 2 3 4 5 6 7 8 9 10 11 12 13 1 26 14 15 16 17 18 19 20 21 22 23 24 25 14 15 16 17 18 19 20 21 22 23 24 25 26 1 2 3 4 5 6 7 8 9 10 11 12 13 15 16 17 18 19 20 21 22 23 24 25 26 14 13 1 2 3 4 5 6 7 8 9 10 11 12 16 17 18 19 20 21 22 23 24 25 26 14 15 12 13 1 2 3 4 5 6 7 8 9 10 11 17 18 19 20 21 22 23 24 25 26 14 15 16 11 12 13 1 2 3 4 5 6 7 8 9 10 18 19 20 21 22 23 24 25 26 14 15 16 17 10 11 12 13 1 2 3 4 5 6 7 8 9 19 20 21 22 23 24 25 26 14 15 16 17 18 9 10 11 12 13 1 2 3 4 5 6 7 8 20 21 22 23 24 25 26 14 15 16 17 18 19 8 9 10 11 12 13 1 2 3 4 5 6 7 21 22 23 24 25 26 14 15 16 17 18 19 20 7 8 9 10 11 12 13 1 2 3 4 5 6 22 23 24 25 26 14 15 16 17 18 19 20 21 6 7 8 9 10 11 12 13 1 2 3 4 5 23 24 25 26 14 15 16 17 18 19 20 21 22 5 6 7 8 9 10 11 12 13 1 2 3 4 24 25 26 14 15 16 17 18 19 20 21 22 23 4 5 6 7 8 9 10 11 12 13 1 2 3 25 26 14 15 16 17 18 19 20 21 22 23 24 3 4 5 6 7 8 9 10 11 12 13 1 2 26 14 15 16 17 18 19 20 21 22 23 24 25 2 3 4 5 6 7 8 9 10 11 12 13 1
D14	28	1 2 3 4 5 6 7 8 9 10 11 12 13 14 15 16 17 18 19 20 21 22 23 24 25 26 27 28 7 1 2 3 4 5 6 14 8 9 10 11 12 13 16 17 18 19 20 21 15 23 24 25 26 27 28 22 6 7 1 2 3 4 5 13 14 8 9 10 11 12 17 18 19 20 21 15 16 24 25 26 27 28 22 23 5 6 7 1 2 3 4 12 13 14 8 9 10 11 18 19 20 21 15 16 17 25 26 27 28 22 23 24 4 5 6 7 1 2 3 11 12 13 14 8 9 10 19 20 21 15 16 17 18 26 27 28 22 23 24 25 3 4 5 6 7 1 2 10 11 12 13 14 8 9 20 21 15 16 17 18 19 27 28 22 23 24 25 26 2 3 4 5 6 7 1 9 10 11 12 13 14 8 21 15 16 17 18 19 20 28 22 23 24 25 26 27 8 9 10 11 12 13 14 1 2 3 4 5 6 7 22 23 24 25 26 27 28 15 16 17 18 19 20 21 14 8 9 10 11 12 13 7 1 2 3 4 5 6 23 24 25 26 27 28 22 16 17 18 19 20 21 15 13 14 8 9 10 11 12 6 7 1 2 3 4 5 24 25 26 27 28 22 23 17 18 19 20 21 15 16 12 13 14 8 9 10 11 5 6 7 1 2 3 4 25 26 27 28 22 23 24 18 19 20 21 15 16 17 11 12 13 14 8 9 10 4 5 6 7 1 2 3 26 27 28 22 23 24 25 19 20 21 15 16 17 18 10 11 12 13 14 8 9 3 4 5 6 7 1 2 27 28 22 23 24 25 26 20 21 15 16 17 18 19 9 10 11 12 13 14 8 2 3 4 5 6 7 1 28 22 23 24 25 26 27 21 15 16 17 18 19 20 15 16 17 18 19 20 21 22 23 24 25 26 27 28 1 2 3 4 5 6 7 8 9 10 11 12 13 14 16 17 18 19 20 21 15 23 24 25 26 27 28 22 7 1 2 3 4 5 6 14 8 9 10 11 12 13 17 18 19 20 21 15 16 24 25 26 27 28 22 23 6 7 1 2 3 4 5 13 14 8 9 10 11 12 18 19 20 21 15 16 17 25 26 27 28 22 23 24 5 6 7 1 2 3 4 12 13 14 8 9 10 11 19 20 21 15 16 17 18 26 27 28 22 23 24 25 4 5 6 7 1 2 3 11 12 13 14 8 9 10 20 21 15 16 17 18 19 27 28 22 23 24 25 26 3 4 5 6 7 1 2 10 11 12 13 14 8 9 21 15 16 17 18 19 20 28 22 23 24 25 26 27 2 3 4 5 6 7 1 9 10 11 12 13 14 8 22 23 24 25 26 27 28 15 16 17 18 19 20 21 8 9 10 11 12 13 14 1 2 3 4 5 6 7 23 24 25 26 27 28 22 16 17 18 19 20 21 15 14 8 9 10 11 12 13 7 1 2 3 4 5 6 24 25 26 27 28 22 23 17 18 19 20 21 15 16 13 14 8 9 10 11 12 6 7 1 2 3 4 5 25 26 27 28 22 23 24 18 19 20 21 15 16 17 12 13 14 8 9 10 11 5 6 7 1 2 3 4 26 27 28 22 23 24 25 19 20 21 15 16 17 18 11 12 13 14 8 9 10 4 5 6 7 1 2 3 27 28 22 23 24 25 26 20 21 15 16 17 18 19 10 11 12 13 14 8 9 3 4 5 6 7 1 2 28 22 23 24 25 26 27 21 15 16 17 18 19 20 9 10 11 12 13 14 8 2 3 4 5 6 7 1
D15	30	1 2 3 4 5 6 7 8 9 10 11 12 13 14 15 16 17 18 19 20 21 22 23 24 25 26 27 28 29 30 5 1 2 3 4 10 6 7 8 9 15 11 12 13 14 17 18 19 20 16 22 23 24 25 21 27 28 29 30 26 4 5 1 2 3 9 10 6 7 8 14 15 11 12 13 18 19 20 16 17 23 24 25 21 22 28 29 30 26 27 3 4 5 1 2 8 9 10 6 7 13 14 15 11 12 19 20 16 17 18 24 25 21 22 23 29 30 26 27 28 2 3 4 5 1 7 8 9 10 6 12 13 14 15 11 20 16 17 18 19 25 21 22 23 24 30 26 27 28 29 11 12 13 14 15 1 2 3 4 5 6 7 8 9 10 21 22 23 24 25 26 27 28 29 30 16 17 18 19 20 15 11 12 13 14 5 1 2 3 4 10 6 7 8 9 22 23 24 25 21 27 28 29 30 26 17 18 19 20 16 14 15 11 12 13 4 5 1 2 3 9 10 6 7 8 23 24 25 21 22 28 29 30 26 27 18 19 20 16 17 13 14 15 11 12 3 4 5 1 2 8 9 10 6 7 24 25 21 22 23 29 30 26 27 28 19 20 16 17 18 12 13 14 15 11 2 3 4 5 1 7 8 9 10 6 25 21 22 23 24 30 26 27 28 29 20 16 17 18 19 6 7 8 9 10 11 12 13 14 15 1 2 3 4 5 26 27 28 29 30 16 17 18 19 20 21 22 23 24 25 10 6 7 8 9 15 11 12 13 14 5 1 2 3 4 27 28 29 30 26 17 18 19 20 16 22 23 24 25 21 9 10 6 7 8 14 15 11 12 13 4 5 1 2 3 28 29 30 26 27 18 19 20 16 17 23 24 25 21 22 8 9 10 6 7 13 14 15 11 12 3 4 5 1 2 29 30 26 27 28 19 20 16 17 18 24 25 21 22 23 7 8 9 10 6 12 13 14 15 11 2 3 4 5 1 30 26 27 28 29 20 16 17 18 19 25 21 22 23 24 16 17 18 19 20 21 22 23 24 25 26 27 28 29 30 1 2 3 4 5 6 7 8 9 10 11 12 13 14 15 17 18 19 20 16 22 23 24 25 21 27 28 29 30 26 5 1 2 3 4 10 6 7 8 9 15 11 12 13 14 18 19 20 16 17 23 24 25 21 22 28 29 30 26 27 4 5 1 2 3 9 10 6 7 8 14 15 11 12 13 19 20 16 17 18 24 25 21 22 23 29 30 26 27 28 3 4 5 1 2 8 9 10 6 7 13 14 15 11 12 20 16 17 18 19 25 21 22 23 24 30 26 27 28 29 2 3 4 5 1 7 8 9 10 6 12 13 14 15 11 21 22 23 24 25 26 27 28 29 30 16 17 18 19 20 11 12 13 14 15 1 2 3 4 5 6 7 8 9 10 22 23 24 25 21 27 28 29 30 26 17 18 19 20 16 15 11 12 13 14 5 1 2 3 4 10 6 7 8 9 23 24 25 21 22 28 29 30 26 27 18 19 20 16 17 14 15 11 12 13 4 5 1 2 3 9 10 6 7 8 24 25 21 22 23 29 30 26 27 28 19 20 16 17 18 13 14 15 11 12 3 4 5 1 2 8 9 10 6 7 25 21 22 23 24 30 26 27 28 29 20 16 17 18 19 12 13 14 15 11 2 3 4 5 1 7 8 9 10 6 26 27 28 29 30 16 17 18 19 20 21 22 23 24 25 6 7 8 9 10 11 12 13 14 15 1 2 3 4 5 27 28 29 30 26 17 18 19 20 16 22 23 24 25 21 10 6 7 8 9 15 11 12 13 14 5 1 2 3 4 28 29 30 26 27 18 19 20 16 17 23 24 25 21 22 9 10 6 7 8 14 15 11 12 13 4 5 1 2 3 29 30 26 27 28 19 20 16 17 18 24 25 21 22 23 8 9 10 6 7 13 14 15 11 12 3 4 5 1 2 30 26 27 28 29 20 16 17 18 19 25 21 22 23 24 7 8 9 10 6 12 13 14 15 11 2 3 4 5 1
D16	32	1 2 3 4 5 6 7 8 9 10 11 12 13 14 15 16 17 18 19 20 21 22 23 24 25 26 27 28 29 30 31 32 2 1 4 3 6 5 8 7 10 9 12 11 14 13 16 15 18 17 20 19 22 21 24 23 26 25 28 27 30 29 32 31 3 4 1 2 8 7 6 5 13 14 15 16 9 10 11 12 27 28 25 26 32 31 30 29 19 20 17 18 24 23 22 21 4 3 2 1 7 8 5 6 14 13 16 15 10 9 12 11 28 27 26 25 31 32 29 30 20 19 18 17 23 24 21 22 5 6 7 8 1 2 3 4 12 11 10 9 15 16 13 14 29 30 31 32 25 26 27 28 21 22 23 24 17 18 19 20 6 5 8 7 2 1 4 3 11 12 9 10 16 15 14 13 30 29 32 31 26 25 28 27 22 21 24 23 18 17 20 19 8 7 6 5 3 4 1 2 16 15 14 13 11 12 9 10 24 23 22 21 19 20 17 18 32 31 30 29 27 28 25 26 7 8 5 6 4 3 2 1 15 16 13 14 12 11 10 9 23 24 21 22 20 19 18 17 31 32 29 30 28 27 26 25 15 16 13 14 12 11 10 9 1 2 3 4 5 6 7 8 31 32 29 30 28 27 26 25 17 18 19 20 21 22 23 24 16 15 14 13 11 12 9 10 2 1 4 3 6 5 8 7 32 31 30 29 27 28 25 26 18 17 20 19 22 21 24 23 11 12 9 10 16 15 14 13 3 4 1 2 8 7 6 5 22 21 24 23 18 17 20 19 27 28 25 26 32 31 30 29 12 11 10 9 15 16 13 14 4 3 2 1 7 8 5 6 21 22 23 24 17 18 19 20 28 27 26 25 31 32 29 30 13 14 15 16 9 10 11 12 5 6 7 8 1 2 3 4 19 20 17 18 24 23 22 21 29 30 31 32 25 26 27 28 14 13 16 15 10 9 12 11 6 5 8 7 2 1 4 3 20 19 18 17 23 24 21 22 30 29 32 31 26 25 28 27 9 10 11 12 13 14 15 16 8 7 6 5 3 4 1 2 25 26 27 28 29 30 31 32 24 23 22 21 19 20 17 18 10 9 12 11 14 13 16 15 7 8 5 6 4 3 2 1 26 25 28 27 30 29 32 31 23 24 21 22 20 19 18 17 25 26 27 28 29 30 31 32 24 23 22 21 19 20 17 18 1 2 3 4 5 6 7 8 9 10 11 12 13 14 15 16 26 25 28 27 30 29 32 31 23 24 21 22 20 19 18 17 2 1 4 3 6 5 8 7 10 9 12 11 14 13 16 15 19 20 17 18 24 23 22 21 29 30 31 32 25 26 27 28 3 4 1 2 8 7 6 5 13 14 15 16 9 10 11 12 20 19 18 17 23 24 21 22 30 29 32 31 26 25 28 27 4 3 2 1 7 8 5 6 14 13 16 15 10 9 12 11 21 22 23 24 17 18 19 20 28 27 26 25 31 32 29 30 5 6 7 8 1 2 3 4 12 11 10 9 15 16 13 14 22 21 24 23 18 17 20 19 27 28 25 26 32 31 30 29 6 5 8 7 2 1 4 3 11 12 9 10 16 15 14 13 32 31 30 29 27 28 25 26 18 17 20 19 22 21 24 23 8 7 6 5 3 4 1 2 16 15 14 13 11 12 9 10 31 32 29 30 28 27 26 25 17 18 19 20 21 22 23 24 7 8 5 6 4 3 2 1 15 16 13 14 12 11 10 9 17 18 19 20 21 22 23 24 25 26 27 28 29 30 31 32 15 16 13 14 12 11 10 9 1 2 3 4 5 6 7 8 18 17 20 19 22 21 24 23 26 25 28 27 30 29 32 31 16 15 14 13 11 12 9 10 2 1 4 3 6 5 8 7 27 28 25 26 32 31 30 29 19 20 17 18 24 23 22 21 11 12 9 10 16 15 14 13 3 4 1 2 8 7 6 5 28 27 26 25 31 32 29 30 20 19 18 17 23 24 21 22 12 11 10 9 15 16 13 14 4 3 2 1 7 8 5 6 29 30 31 32 25 26 27 28 21 22 23 24 17 18 19 20 13 14 15 16 9 10 11 12 5 6 7 8 1 2 3 4 30 29 32 31 26 25 28 27 22 21 24 23 18 17 20 19 14 13 16 15 10 9 12 11 6 5 8 7 2 1 4 3 24 23 22 21 19 20 17 18 32 31 30 29 27 28 25 26 9 10 11 12 13 14 15 16 8 7 6 5 3 4 1 2 23 24 21 22 20 19 18 17 31 32 29 30 28 27 26 25 10 9 12 11 14 13 16 15 7 8 5 6 4 3 2 1
D17	34	1 2 3 4 5 6 7 8 9 10 11 12 13 14 15 16 17 18 19 20 21 22 23 24 25 26 27 28 29 30 31 32 33 34 17 1 2 3 4 5 6 7 8 9 10 11 12 13 14 15 16 19 20 21 22 23 24 25 26 27 28 29 30 31 32 33 34 18 16 17 1 2 3 4 5 6 7 8 9 10 11 12 13 14 15 20 21 22 23 24 25 26 27 28 29 30 31 32 33 34 18 19 15 16 17 1 2 3 4 5 6 7 8 9 10 11 12 13 14 21 22 23 24 25 26 27 28 29 30 31 32 33 34 18 19 20 14 15 16 17 1 2 3 4 5 6 7 8 9 10 11 12 13 22 23 24 25 26 27 28 29 30 31 32 33 34 18 19 20 21 13 14 15 16 17 1 2 3 4 5 6 7 8 9 10 11 12 23 24 25 26 27 28 29 30 31 32 33 34 18 19 20 21 22 12 13 14 15 16 17 1 2 3 4 5 6 7 8 9 10 11 24 25 26 27 28 29 30 31 32 33 34 18 19 20 21 22 23 11 12 13 14 15 16 17 1 2 3 4 5 6 7 8 9 10 25 26 27 28 29 30 31 32 33 34 18 19 20 21 22 23 24 10 11 12 13 14 15 16 17 1 2 3 4 5 6 7 8 9 26 27 28 29 30 31 32 33 34 18 19 20 21 22 23 24 25 9 10 11 12 13 14 15 16 17 1 2 3 4 5 6 7 8 27 28 29 30 31 32 33 34 18 19 20 21 22 23 24 25 26 8 9 10 11 12 13 14 15 16 17 1 2 3 4 5 6 7 28 29 30 31 32 33 34 18 19 20 21 22 23 24 25 26 27 7 8 9 10 11 12 13 14 15 16 17 1 2 3 4 5 6 29 30 31 32 33 34 18 19 20 21 22 23 24 25 26 27 28 6 7 8 9 10 11 12 13 14 15 16 17 1 2 3 4 5 30 31 32 33 34 18 19 20 21 22 23 24 25 26 27 28 29 5 6 7 8 9 10 11 12 13 14 15 16 17 1 2 3 4 31 32 33 34 18 19 20 21 22 23 24 25 26 27 28 29 30 4 5 6 7 8 9 10 11 12 13 14 15 16 17 1 2 3 32 33 34 18 19 20 21 22 23 24 25 26 27 28 29 30 31 3 4 5 6 7 8 9 10 11 12 13 14 15 16 17 1 2 33 34 18 19 20 21 22 23 24 25 26 27 28 29 30 31 32 2 3 4 5 6 7 8 9 10 11 12 13 14 15 16 17 1 34 18 19 20 21 22 23 24 25 26 27 28 29 30 31 32 33 18 19 20 21 22 23 24 25 26 27 28 29 30 31 32 33 34 1 2 3 4 5 6 7 8 9 10 11 12 13 14 15 16 17 19 20 21 22 23 24 25 26 27 28 29 30 31 32 33 34 18 17 1 2 3 4 5 6 7 8 9 10 11 12 13 14 15 16 20 21 22 23 24 25 26 27 28 29 30 31 32 33 34 18 19 16 17 1 2 3 4 5 6 7 8 9 10 11 12 13 14 15 21 22 23 24 25 26 27 28 29 30 31 32 33 34 18 19 20 15 16 17 1 2 3 4 5 6 7 8 9 10 11 12 13 14 22 23 24 25 26 27 28 29 30 31 32 33 34 18 19 20 21 14 15 16 17 1 2 3 4 5 6 7 8 9 10 11 12 13 23 24 25 26 27 28 29 30 31 32 33 34 18 19 20 21 22 13 14 15 16 17 1 2 3 4 5 6 7 8 9 10 11 12 24 25 26 27 28 29 30 31 32 33 34 18 19 20 21 22 23 12 13 14 15 16 17 1 2 3 4 5 6 7 8 9 10 11 25 26 27 28 29 30 31 32 33 34 18 19 20 21 22 23 24 11 12 13 14 15 16 17 1 2 3 4 5 6 7 8 9 10 26 27 28 29 30 31 32 33 34 18 19 20 21 22 23 24 25 10 11 12 13 14 15 16 17 1 2 3 4 5 6 7 8 9 27 28 29 30 31 32 33 34 18 19 20 21 22 23 24 25 26 9 10 11 12 13 14 15 16 17 1 2 3 4 5 6 7 8 28 29 30 31 32 33 34 18 19 20 21 22 23 24 25 26 27 8 9 10 11 12 13 14 15 16 17 1 2 3 4 5 6 7 29 30 31 32 33 34 18 19 20 21 22 23 24 25 26 27 28 7 8 9 10 11 12 13 14 15 16 17 1 2 3 4 5 6 30 31 32 33 34 18 19 20 21 22 23 24 25 26 27 28 29 6 7 8 9 10 11 12 13 14 15 16 17 1 2 3 4 5 31 32 33 34 18 19 20 21 22 23 24 25 26 27 28 29 30 5 6 7 8 9 10 11 12 13 14 15 16 17 1 2 3 4 32 33 34 18 19 20 21 22 23 24 25 26 27 28 29 30 31 4 5 6 7 8 9 10 11 12 13 14 15 16 17 1 2 3 33 34 18 19 20 21 22 23 24 25 26 27 28 29 30 31 32 3 4 5 6 7 8 9 10 11 12 13 14 15 16 17 1 2 34 18 19 20 21 22 23 24 25 26 27 28 29 30 31 32 33 2 3 4 5 6 7 8 9 10 11 12 13 14 15 16 17 1
D4oZ4	16	1 2 3 4 5 6 7 8 9 10 11 12 13 14 15 16 2 1 4 3 6 5 8 7 10 9 12 11 14 13 16 15 3 4 1 2 7 8 5 6 12 11 10 9 16 15 14 13 4 3 2 1 8 7 6 5 11 12 9 10 15 16 13 14 6 5 8 7 1 2 3 4 14 13 16 15 9 10 11 12 5 6 7 8 2 1 4 3 13 14 15 16 10 9 12 11 8 7 6 5 3 4 1 2 15 16 13 14 12 11 10 9 7 8 5 6 4 3 2 1 16 15 14 13 11 12 9 10 9 10 11 12 13 14 15 16 1 2 3 4 5 6 7 8 10 9 12 11 14 13 16 15 2 1 4 3 6 5 8 7 12 11 10 9 16 15 14 13 3 4 1 2 7 8 5 6 11 12 9 10 15 16 13 14 4 3 2 1 8 7 6 5 14 13 16 15 9 10 11 12 6 5 8 7 1 2 3 4 13 14 15 16 10 9 12 11 5 6 7 8 2 1 4 3 15 16 13 14 12 11 10 9 8 7 6 5 3 4 1 2 16 15 14 13 11 12 9 10 7 8 5 6 4 3 2 1
D5	10	1 2 3 4 5 6 7 8 9 10 5 1 2 3 4 7 8 9 10 6 4 5 1 2 3 8 9 10 6 7 3 4 5 1 2 9 10 6 7 8 2 3 4 5 1 10 6 7 8 9 6 7 8 9 10 1 2 3 4 5 7 8 9 10 6 5 1 2 3 4 8 9 10 6 7 4 5 1 2 3 9 10 6 7 8 3 4 5 1 2 10 6 7 8 9 2 3 4 5 1
D6	12	1 2 3 4 5 6 7 8 9 10 11 12 3 1 2 6 4 5 8 9 7 11 12 10 2 3 1 5 6 4 9 7 8 12 10 11 4 5 6 1 2 3 10 11 12 7 8 9 6 4 5 3 1 2 11 12 10 8 9 7 5 6 4 2 3 1 12 10 11 9 7 8 7 8 9 10 11 12 1 2 3 4 5 6 8 9 7 11 12 10 3 1 2 6 4 5 9 7 8 12 10 11 2 3 1 5 6 4 10 11 12 7 8 9 4 5 6 1 2 3 11 12 10 8 9 7 6 4 5 3 1 2 12 10 11 9 7 8 5 6 4 2 3 1
D7	14	1 2 3 4 5 6 7 8 9 10 11 12 13 14 7 1 2 3 4 5 6 9 10 11 12 13 14 8 6 7 1 2 3 4 5 10 11 12 13 14 8 9 5 6 7 1 2 3 4 11 12 13 14 8 9 10 4 5 6 7 1 2 3 12 13 14 8 9 10 11 3 4 5 6 7 1 2 13 14 8 9 10 11 12 2 3 4 5 6 7 1 14 8 9 10 11 12 13 8 9 10 11 12 13 14 1 2 3 4 5 6 7 9 10 11 12 13 14 8 7 1 2 3 4 5 6 10 11 12 13 14 8 9 6 7 1 2 3 4 5 11 12 13 14 8 9 10 5 6 7 1 2 3 4 12 13 14 8 9 10 11 4 5 6 7 1 2 3 13 14 8 9 10 11 12 3 4 5 6 7 1 2 14 8 9 10 11 12 13 2 3 4 5 6 7 1
D8	16	1 2 3 4 5 6 7 8 9 10 11 12 13 14 15 16 2 1 4 3 6 5 8 7 10 9 12 11 14 13 16 15 3 4 1 2 8 7 6 5 13 14 15 16 9 10 11 12 4 3 2 1 7 8 5 6 14 13 16 15 10 9 12 11 5 6 7 8 1 2 3 4 12 11 10 9 15 16 13 14 6 5 8 7 2 1 4 3 11 12 9 10 16 15 14 13 8 7 6 5 3 4 1 2 16 15 14 13 11 12 9 10 7 8 5 6 4 3 2 1 15 16 13 14 12 11 10 9 15 16 13 14 12 11 10 9 1 2 3 4 5 6 7 8 16 15 14 13 11 12 9 10 2 1 4 3 6 5 8 7 11 12 9 10 16 15 14 13 3 4 1 2 8 7 6 5 12 11 10 9 15 16 13 14 4 3 2 1 7 8 5 6 13 14 15 16 9 10 11 12 5 6 7 8 1 2 3 4 14 13 16 15 10 9 12 11 6 5 8 7 2 1 4 3 9 10 11 12 13 14 15 16 8 7 6 5 3 4 1 2 10 9 12 11 14 13 16 15 7 8 5 6 4 3 2 1
D9	18	1 2 3 4 5 6 7 8 9 10 11 12 13 14 15 16 17 18 3 1 2 6 4 5 9 7 8 11 12 10 14 15 13 17 18 16 2 3 1 5 6 4 8 9 7 12 10 11 15 13 14 18 16 17 9 7 8 1 2 3 4 5 6 13 14 15 16 17 18 11 12 10 8 9 7 3 1 2 6 4 5 14 15 13 17 18 16 12 10 11 7 8 9 2 3 1 5 6 4 15 13 14 18 16 17 10 11 12 6 4 5 9 7 8 1 2 3 16 17 18 11 12 10 14 15 13 5 6 4 8 9 7 3 1 2 17 18 16 12 10 11 15 13 14 4 5 6 7 8 9 2 3 1 18 16 17 10 11 12 13 14 15 10 11 12 13 14 15 16 17 18 1 2 3 4 5 6 7 8 9 11 12 10 14 15 13 17 18 16 3 1 2 6 4 5 9 7 8 12 10 11 15 13 14 18 16 17 2 3 1 5 6 4 8 9 7 13 14 15 16 17 18 11 12 10 9 7 8 1 2 3 4 5 6 14 15 13 17 18 16 12 10 11 8 9 7 3 1 2 6 4 5 15 13 14 18 16 17 10 11 12 7 8 9 2 3 1 5 6 4 16 17 18 11 12 10 14 15 13 6 4 5 9 7 8 1 2 3 17 18 16 12 10 11 15 13 14 5 6 4 8 9 7 3 1 2 18 16 17 10 11 12 13 14 15 4 5 6 7 8 9 2 3 1
Dic3	12	1 2 3 4 5 6 7 8 9 10 11 12 3 1 2 6 4 5 8 9 7 11 12 10 2 3 1 5 6 4 9 7 8 12 10 11 4 5 6 1 2 3 10 11 12 7 8 9 6 4 5 3 1 2 11 12 10 8 9 7 5 6 4 2 3 1 12 10 11 9 7 8 10 11 12 7 8 9 1 2 3 4 5 6 11 12 10 8 9 7 3 1 2 6 4 5 12 10 11 9 7 8 2 3 1 5 6 4 7 8 9 10 11 12 4 5 6 1 2 3 8 9 7 11 12 10 6 4 5 3 1 2 9 7 8 12 10 11 5 6 4 2 3 1
Dic5	20	1 2 3 4 5 6 7 8 9 10 11 12 13 14 15 16 17 18 19 20 5 1 2 3 4 10 6 7 8 9 12 13 14 15 11 17 18 19 20 16 4 5 1 2 3 9 10 6 7 8 13 14 15 11 12 18 19 20 16 17 3 4 5 1 2 8 9 10 6 7 14 15 11 12 13 19 20 16 17 18 2 3 4 5 1 7 8 9 10 6 15 11 12 13 14 20 16 17 18 19 6 7 8 9 10 1 2 3 4 5 16 17 18 19 20 11 12 13 14 15 10 6 7 8 9 5 1 2 3 4 17 18 19 20 16 12 13 14 15 11 9 10 6 7 8 4 5 1 2 3 18 19 20 16 17 13 14 15 11 12 8 9 10 6 7 3 4 5 1 2 19 20 16 17 18 14 15 11 12 13 7 8 9 10 6 2 3 4 5 1 20 16 17 18 19 15 11 12 13 14 16 17 18 19 20 11 12 13 14 15 1 2 3 4 5 6 7 8 9 10 17 18 19 20 16 12 13 14 15 11 5 1 2 3 4 10 6 7 8 9 18 19 20 16 17 13 14 15 11 12 4 5 1 2 3 9 10 6 7 8 19 20 16 17 18 14 15 11 12 13 3 4 5 1 2 8 9 10 6 7 20 16 17 18 19 15 11 12 13 14 2 3 4 5 1 7 8 9 10 6 11 12 13 14 15 16 17 18 19 20 6 7 8 9 10 1 2 3 4 5 12 13 14 15 11 17 18 19 20 16 10 6 7 8 9 5 1 2 3 4 13 14 15 11 12 18 19 20 16 17 9 10 6 7 8 4 5 1 2 3 14 15 11 12 13 19 20 16 17 18 8 9 10 6 7 3 4 5 1 2 15 11 12 13 14 20 16 17 18 19 7 8 9 10 6 2 3 4 5 1
Dic6	24	1 2 3 4 5 6 7 8 9 10 11 12 13 14 15 16 17 18 19 20 21 22 23 24 3 1 2 6 4 5 9 7 8 12 10 11 14 15 13 17 18 16 20 21 19 23 24 22 2 3 1 5 6 4 8 9 7 11 12 10 15 13 14 18 16 17 21 19 20 24 22 23 4 5 6 1 2 3 10 11 12 7 8 9 16 17 18 13 14 15 22 23 24 19 20 21 6 4 5 3 1 2 12 10 11 9 7 8 17 18 16 14 15 13 23 24 22 20 21 19 5 6 4 2 3 1 11 12 10 8 9 7 18 16 17 15 13 14 24 22 23 21 19 20 10 11 12 7 8 9 1 2 3 4 5 6 19 20 21 22 23 24 16 17 18 13 14 15 12 10 11 9 7 8 3 1 2 6 4 5 20 21 19 23 24 22 17 18 16 14 15 13 11 12 10 8 9 7 2 3 1 5 6 4 21 19 20 24 22 23 18 16 17 15 13 14 7 8 9 10 11 12 4 5 6 1 2 3 22 23 24 19 20 21 13 14 15 16 17 18 9 7 8 12 10 11 6 4 5 3 1 2 23 24 22 20 21 19 14 15 13 17 18 16 8 9 7 11 12 10 5 6 4 2 3 1 24 22 23 21 19 20 15 13 14 18 16 17 16 17 18 13 14 15 22 23 24 19 20 21 1 2 3 4 5 6 7 8 9 10 11 12 17 18 16 14 15 13 23 24 22 20 21 19 3 1 2 6 4 5 9 7 8 12 10 11 18 16 17 15 13 14 24 22 23 21 19 20 2 3 1 5 6 4 8 9 7 11 12 10 13 14 15 16 17 18 19 20 21 22 23 24 4 5 6 1 2 3 10 11 12 7 8 9 14 15 13 17 18 16 20 21 19 23 24 22 6 4 5 3 1 2 12 10 11 9 7 8 15 13 14 18 16 17 21 19 20 24 22 23 5 6 4 2 3 1 11 12 10 8 9 7 22 23 24 19 20 21 13 14 15 16 17 18 10 11 12 7 8 9 1 2 3 4 5 6 23 24 22 20 21 19 14 15 13 17 18 16 12 10 11 9 7 8 3 1 2 6 4 5 24 22 23 21 19 20 15 13 14 18 16 17 11 12 10 8 9 7 2 3 1 5 6 4 19 20 21 22 23 24 16 17 18 13 14 15 7 8 9 10 11 12 4 5 6 1 2 3 20 21 19 23 24 22 17 18 16 14 15 13 9 7 8 12 10 11 6 4 5 3 1 2 21 19 20 24 22 23 18 16 17 15 13 14 8 9 7 11 12 10 5 6 4 2 3 1
Dic7	28	1 2 3 4 5 6 7 8 9 10 11 12 13 14 15 16 17 18 19 20 21 22 23 24 25 26 27 28 7 1 2 3 4 5 6 14 8 9 10 11 12 13 16 17 18 19 20 21 15 23 24 25 26 27 28 22 6 7 1 2 3 4 5 13 14 8 9 10 11 12 17 18 19 20 21 15 16 24 25 26 27 28 22 23 5 6 7 1 2 3 4 12 13 14 8 9 10 11 18 19 20 21 15 16 17 25 26 27 28 22 23 24 4 5 6 7 1 2 3 11 12 13 14 8 9 10 19 20 21 15 16 17 18 26 27 28 22 23 24 25 3 4 5 6 7 1 2 10 11 12 13 14 8 9 20 21 15 16 17 18 19 27 28 22 23 24 25 26 2 3 4 5 6 7 1 9 10 11 12 13 14 8 21 15 16 17 18 19 20 28 22 23 24 25 26 27 8 9 10 11 12 13 14 1 2 3 4 5 6 7 22 23 24 25 26 27 28 15 16 17 18 19 20 21 14 8 9 10 11 12 13 7 1 2 3 4 5 6 23 24 25 26 27 28 22 16 17 18 19 20 21 15 13 14 8 9 10 11 12 6 7 1 2 3 4 5 24 25 26 27 28 22 23 17 18 19 20 21 15 16 12 13 14 8 9 10 11 5 6 7 1 2 3 4 25 26 27 28 22 23 24 18 19 20 21 15 16 17 11 12 13 14 8 9 10 4 5 6 7 1 2 3 26 27 28 22 23 24 25 19 20 21 15 16 17 18 10 11 12 13 14 8 9 3 4 5 6 7 1 2 27 28 22 23 24 25 26 20 21 15 16 17 18 19 9 10 11 12 13 14 8 2 3 4 5 6 7 1 28 22 23 24 25 26 27 21 15 16 17 18 19 20 22 23 24 25 26 27 28 15 16 17 18 19 20 21 1 2 3 4 5 6 7 8 9 10 11 12 13 14 23 24 25 26 27 28 22 16 17 18 19 20 21 15 7 1 2 3 4 5 6 14 8 9 10 11 12 13 24 25 26 27 28 22 23 17 18 19 20 21 15 16 6 7 1 2 3 4 5 13 14 8 9 10 11 12 25 26 27 28 22 23 24 18 19 20 21 15 16 17 5 6 7 1 2 3 4 12 13 14 8 9 10 11 26 27 28 22 23 24 25 19 20 21 15 16 17 18 4 5 6 7 1 2 3 11 12 13 14 8 9 10 27 28 22 23 24 25 26 20 21 15 16 17 18 19 3 4 5 6 7 1 2 10 11 12 13 14 8 9 28 22 23 24 25 26 27 21 15 16 17 18 19 20 2 3 4 5 6 7 1 9 10 11 12 13 14 8 15 16 17 18 19 20 21 22 23 24 25 26 27 28 8 9 10 11 12 13 14 1 2 3 4 5 6 7 16 17 18 19 20 21 15 23 24 25 26 27 28 22 14 8 9 10 11 12 13 7 1 2 3 4 5 6 17 18 19 20 21 15 16 24 25 26 27 28 22 23 13 14 8 9 10 11 12 6 7 1 2 3 4 5 18 19 20 21 15 16 17 25 26 27 28 22 23 24 12 13 14 8 9 10 11 5 6 7 1 2 3 4 19 20 21 15 16 17 18 26 27 28 22 23 24 25 11 12 13 14 8 9 10 4 5 6 7 1 2 3 20 21 15 16 17 18 19 27 28 22 23 24 25 26 10 11 12 13 14 8 9 3 4 5 6 7 1 2 21 15 16 17 18 19 20 28 22 23 24 25 26 27 9 10 11 12 13 14 8 2 3 4 5 6 7 1
DihZ2xZ2xZ3	24	1 2 3 4 5 6 7 8 9 10 11 12 13 14 15 16 17 18 19 20 21 22 23 24 3 1 2 6 4 5 9 7 8 12 10 11 14 15 13 17 18 16 20 21 19 23 24 22 2 3 1 5 6 4 8 9 7 11 12 10 15 13 14 18 16 17 21 19 20 24 22 23 4 5 6 1 2 3 10 11 12 7 8 9 16 17 18 13 14 15 22 23 24 19 20 21 6 4 5 3 1 2 12 10 11 9 7 8 17 18 16 14 15 13 23 24 22 20 21 19 5 6 4 2 3 1 11 12 10 8 9 7 18 16 17 15 13 14 24 22 23 21 19 20 7 8 9 10 11 12 1 2 3 4 5 6 19 20 21 22 23 24 13 14 15 16 17 18 9 7 8 12 10 11 3 1 2 6 4 5 20 21 19 23 24 22 14 15 13 17 18 16 8 9 7 11 12 10 2 3 1 5 6 4 21 19 20 24 22 23 15 13 14 18 16 17 10 11 12 7 8 9 4 5 6 1 2 3 22 23 24 19 20 21 16 17 18 13 14 15 12 10 11 9 7 8 6 4 5 3 1 2 23 24 22 20 21 19 17 18 16 14 15 13 11 12 10 8 9 7 5 6 4 2 3 1 24 22 23 21 19 20 18 16 17 15 13 14 13 14 15 16 17 18 19 20 21 22 23 24 1 2 3 4 5 6 7 8 9 10 11 12 14 15 13 17 18 16 20 21 19 23 24 22 3 1 2 6 4 5 9 7 8 12 10 11 15 13 14 18 16 17 21 19 20 24 22 23 2 3 1 5 6 4 8 9 7 11 12 10 16 17 18 13 14 15 22 23 24 19 20 21 4 5 6 1 2 3 10 11 12 7 8 9 17 18 16 14 15 13 23 24 22 20 21 19 6 4 5 3 1 2 12 10 11 9 7 8 18 16 17 15 13 14 24 22 23 21 19 20 5 6 4 2 3 1 11 12 10 8 9 7 19 20 21 22 23 24 13 14 15 16 17 18 7 8 9 10 11 12 1 2 3 4 5 6 20 21 19 23 24 22 14 15 13 17 18 16 9 7 8 12 10 11 3 1 2 6 4 5 21 19 20 24 22 23 15 13 14 18 16 17 8 9 7 11 12 10 2 3 1 5 6 4 22 23 24 19 20 21 16 17 18 13 14 15 10 11 12 7 8 9 4 5 6 1 2 3 23 24 22 20 21 19 17 18 16 14 15 13 12 10 11 9 7 8 6 4 5 3 1 2 24 22 23 21 19 20 18 16 17 15 13 14 11 12 10 8 9 7 5 6 4 2 3 1
DihZ2xZ2xZ4	32	1 2 3 4 5 6 7 8 9 10 11 12 13 14 15 16 17 18 19 20 21 22 23 24 25 26 27 28 29 30 31 32 2 1 4 3 6 5 8 7 10 9 12 11 14 13 16 15 18 17 20 19 22 21 24 23 26 25 28 27 30 29 32 31 3 4 1 2 7 8 5 6 11 12 9 10 15 16 13 14 19 20 17 18 23 24 21 22 27 28 25 26 31 32 29 30 4 3 2 1 8 7 6 5 12 11 10 9 16 15 14 13 20 19 18 17 24 23 22 21 28 27 26 25 32 31 30 29 5 6 7 8 1 2 3 4 13 14 15 16 9 10 11 12 21 22 23 24 17 18 19 20 29 30 31 32 25 26 27 28 6 5 8 7 2 1 4 3 14 13 16 15 10 9 12 11 22 21 24 23 18 17 20 19 30 29 32 31 26 25 28 27 7 8 5 6 3 4 1 2 15 16 13 14 11 12 9 10 23 24 21 22 19 20 17 18 31 32 29 30 27 28 25 26 8 7 6 5 4 3 2 1 16 15 14 13 12 11 10 9 24 23 22 21 20 19 18 17 32 31 30 29 28 27 26 25 9 10 11 12 13 14 15 16 1 2 3 4 5 6 7 8 26 25 28 27 30 29 32 31 18 17 20 19 22 21 24 23 10 9 12 11 14 13 16 15 2 1 4 3 6 5 8 7 25 26 27 28 29 30 31 32 17 18 19 20 21 22 23 24 11 12 9 10 15 16 13 14 3 4 1 2 7 8 5 6 28 27 26 25 32 31 30 29 20 19 18 17 24 23 22 21 12 11 10 9 16 15 14 13 4 3 2 1 8 7 6 5 27 28 25 26 31 32 29 30 19 20 17 18 23 24 21 22 13 14 15 16 9 10 11 12 5 6 7 8 1 2 3 4 30 29 32 31 26 25 28 27 22 21 24 23 18 17 20 19 14 13 16 15 10 9 12 11 6 5 8 7 2 1 4 3 29 30 31 32 25 26 27 28 21 22 23 24 17 18 19 20 15 16 13 14 11 12 9 10 7 8 5 6 3 4 1 2 32 31 30 29 28 27 26 25 24 23 22 21 20 19 18 17 16 15 14 13 12 11 10 9 8 7 6 5 4 3 2 1 31 32 29 30 27 28 25 26 23 24 21 22 19 20 17 18 17 18 19 20 21 22 23 24 25 26 27 28 29 30 31 32 1 2 3 4 5 6 7 8 9 10 11 12 13 14 15 16 18 17 20 19 22 21 24 23 26 25 28 27 30 29 32 31 2 1 4 3 6 5 8 7 10 9 12 11 14 13 16 15 19 20 17 18 23 24 21 22 27 28 25 26 31 32 29 30 3 4 1 2 7 8 5 6 11 12 9 10 15 16 13 14 20 19 18 17 24 23 22 21 28 27 26 25 32 31 30 29 4 3 2 1 8 7 6 5 12 11 10 9 16 15 14 13 21 22 23 24 17 18 19 20 29 30 31 32 25 26 27 28 5 6 7 8 1 2 3 4 13 14 15 16 9 10 11 12 22 21 24 23 18 17 20 19 30 29 32 31 26 25 28 27 6 5 8 7 2 1 4 3 14 13 16 15 10 9 12 11 23 24 21 22 19 20 17 18 31 32 29 30 27 28 25 26 7 8 5 6 3 4 1 2 15 16 13 14 11 12 9 10 24 23 22 21 20 19 18 17 32 31 30 29 28 27 26 25 8 7 6 5 4 3 2 1 16 15 14 13 12 11 10 9 26 25 28 27 30 29 32 31 18 17 20 19 22 21 24 23 9 10 11 12 13 14 15 16 1 2 3 4 5 6 7 8 25 26 27 28 29 30 31 32 17 18 19 20 21 22 23 24 10 9 12 11 14 13 16 15 2 1 4 3 6 5 8 7 28 27 26 25 32 31 30 29 20 19 18 17 24 23 22 21 11 12 9 10 15 16 13 14 3 4 1 2 7 8 5 6 27 28 25 26 31 32 29 30 19 20 17 18 23 24 21 22 12 11 10 9 16 15 14 13 4 3 2 1 8 7 6 5 30 29 32 31 26 25 28 27 22 21 24 23 18 17 20 19 13 14 15 16 9 10 11 12 5 6 7 8 1 2 3 4 29 30 31 32 25 26 27 28 21 22 23 24 17 18 19 20 14 13 16 15 10 9 12 11 6 5 8 7 2 1 4 3 32 31 30 29 28 27 26 25 24 23 22 21 20 19 18 17 15 16 13 14 11 12 9 10 7 8 5 6 3 4 1 2 31 32 29 30 27 28 25 26 23 24 21 22 19 20 17 18 16 15 14 13 12 11 10 9 8 7 6 5 4 3 2 1
DihZ2xZ4	16	1 2 3 4 5 6 7 8 9 10 11 12 13 14 15 16 2 1 4 3 6 5 8 7 10 9 12 11 14 13 16 15 3 4 1 2 7 8 5 6 11 12 9 10 15 16 13 14 4 3 2 1 8 7 6 5 12 11 10 9 16 15 14 13 5 6 7 8 1 2 3 4 14 13 16 15 10 9 12 11 6 5 8 7 2 1 4 3 13 14 15 16 9 10 11 12 7 8 5 6 3 4 1 2 16 15 14 13 12 11 10 9 8 7 6 5 4 3 2 1 15 16 13 14 11 12 9 10 9 10 11 12 13 14 15 16 1 2 3 4 5 6 7 8 10 9 12 11 14 13 16 15 2 1 4 3 6 5 8 7 11 12 9 10 15 16 13 14 3 4 1 2 7 8 5 6 12 11 10 9 16 15 14 13 4 3 2 1 8 7 6 5 14 13 16 15 10 9 12 11 5 6 7 8 1 2 3 4 13 14 15 16 9 10 11 12 6 5 8 7 2 1 4 3 16 15 14 13 12 11 10 9 7 8 5 6 3 4 1 2 15 16 13 14 11 12 9 10 8 7 6 5 4 3 2 1
DihZ2xZ8	32	1 2 3 4 5 6 7 8 9 10 11 12 13 14 15 16 17 18 19 20 21 22 23 24 25 26 27 28 29 30 31 32 2 1 4 3 6 5 8 7 10 9 12 11 14 13 16 15 18 17 20 19 22 21 24 23 26 25 28 27 30 29 32 31 3 4 1 2 7 8 5 6 11 12 9 10 15 16 13 14 19 20 17 18 23 24 21 22 27 28 25 26 31 32 29 30 4 3 2 1 8 7 6 5 12 11 10 9 16 15 14 13 20 19 18 17 24 23 22 21 28 27 26 25 32 31 30 29 5 6 7 8 1 2 3 4 14 13 16 15 10 9 12 11 25 26 27 28 29 30 31 32 17 18 19 20 21 22 23 24 6 5 8 7 2 1 4 3 13 14 15 16 9 10 11 12 26 25 28 27 30 29 32 31 18 17 20 19 22 21 24 23 7 8 5 6 3 4 1 2 16 15 14 13 12 11 10 9 27 28 25 26 31 32 29 30 19 20 17 18 23 24 21 22 8 7 6 5 4 3 2 1 15 16 13 14 11 12 9 10 28 27 26 25 32 31 30 29 20 19 18 17 24 23 22 21 9 10 11 12 13 14 15 16 1 2 3 4 5 6 7 8 22 21 24 23 18 17 20 19 29 30 31 32 25 26 27 28 10 9 12 11 14 13 16 15 2 1 4 3 6 5 8 7 21 22 23 24 17 18 19 20 30 29 32 31 26 25 28 27 11 12 9 10 15 16 13 14 3 4 1 2 7 8 5 6 24 23 22 21 20 19 18 17 31 32 29 30 27 28 25 26 12 11 10 9 16 15 14 13 4 3 2 1 8 7 6 5 23 24 21 22 19 20 17 18 32 31 30 29 28 27 26 25 14 13 16 15 10 9 12 11 5 6 7 8 1 2 3 4 30 29 32 31 26 25 28 27 21 22 23 24 17 18 19 20 13 14 15 16 9 10 11 12 6 5 8 7 2 1 4 3 29 30 31 32 25 26 27 28 22 21 24 23 18 17 20 19 16 15 14 13 12 11 10 9 7 8 5 6 3 4 1 2 32 31 30 29 28 27 26 25 23 24 21 22 19 20 17 18 15 16 13 14 11 12 9 10 8 7 6 5 4 3 2 1 31 32 29 30 27 28 25 26 24 23 22 21 20 19 18 17 29 30 31 32 25 26 27 28 22 21 24 23 18 17 20 19 1 2 3 4 5 6 7 8 9 10 11 12 13 14 15 16 30 29 32 31 26 25 28 27 21 22 23 24 17 18 19 20 2 1 4 3 6 5 8 7 10 9 12 11 14 13 16 15 31 32 29 30 27 28 25 26 24 23 22 21 20 19 18 17 3 4 1 2 7 8 5 6 11 12 9 10 15 16 13 14 32 31 30 29 28 27 26 25 23 24 21 22 19 20 17 18 4 3 2 1 8 7 6 5 12 11 10 9 16 15 14 13 21 22 23 24 17 18 19 20 30 29 32 31 26 25 28 27 5 6 7 8 1 2 3 4 14 13 16 15 10 9 12 11 22 21 24 23 18 17 20 19 29 30 31 32 25 26 27 28 6 5 8 7 2 1 4 3 13 14 15 16 9 10 11 12 23 24 21 22 19 20 17 18 32 31 30 29 28 27 26 25 7 8 5 6 3 4 1 2 16 15 14 13 12 11 10 9 24 23 22 21 20 19 18 17 31 32 29 30 27 28 25 26 8 7 6 5 4 3 2 1 15 16 13 14 11 12 9 10 25 26 27 28 29 30 31 32 17 18 19 20 21 22 23 24 9 10 11 12 13 14 15 16 1 2 3 4 5 6 7 8 26 25 28 27 30 29 32 31 18 17 20 19 22 21 24 23 10 9 12 11 14 13 16 15 2 1 4 3 6 5 8 7 27 28 25 26 31 32 29 30 19 20 17 18 23 24 21 22 11 12 9 10 15 16 13 14 3 4 1 2 7 8 5 6 28 27 26 25 32 31 30 29 20 19 18 17 24 23 22 21 12 11 10 9 16 15 14 13 4 3 2 1 8 7 6 5 17 18 19 20 21 22 23 24 25 26 27 28 29 30 31 32 14 13 16 15 10 9 12 11 5 6 7 8 1 2 3 4 18 17 20 19 22 21 24 23 26 25 28 27 30 29 32 31 13 14 15 16 9 10 11 12 6 5 8 7 2 1 4 3 19 20 17 18 23 24 21 22 27 28 25 26 31 32 29 30 16 15 14 13 12 11 10 9 7 8 5 6 3 4 1 2 20 19 18 17 24 23 22 21 28 27 26 25 32 31 30 29 15 16 13 14 11 12 9 10 8 7 6 5 4 3 2 1
DihZ3xZ3	18	1 2 3 4 5 6 7 8 9 10 11 12 13 14 15 16 17 18 3 1 2 6 4 5 9 7 8 11 12 10 14 15 13 17 18 16 2 3 1 5 6 4 8 9 7 12 10 11 15 13 14 18 16 17 7 8 9 1 2 3 4 5 6 13 14 15 16 17 18 10 11 12 9 7 8 3 1 2 6 4 5 14 15 13 17 18 16 11 12 10 8 9 7 2 3 1 5 6 4 15 13 14 18 16 17 12 10 11 4 5 6 7 8 9 1 2 3 16 17 18 10 11 12 13 14 15 6 4 5 9 7 8 3 1 2 17 18 16 11 12 10 14 15 13 5 6 4 8 9 7 2 3 1 18 16 17 12 10 11 15 13 14 10 11 12 13 14 15 16 17 18 1 2 3 4 5 6 7 8 9 11 12 10 14 15 13 17 18 16 3 1 2 6 4 5 9 7 8 12 10 11 15 13 14 18 16 17 2 3 1 5 6 4 8 9 7 13 14 15 16 17 18 10 11 12 7 8 9 1 2 3 4 5 6 14 15 13 17 18 16 11 12 10 9 7 8 3 1 2 6 4 5 15 13 14 18 16 17 12 10 11 8 9 7 2 3 1 5 6 4 16 17 18 10 11 12 13 14 15 4 5 6 7 8 9 1 2 3 17 18 16 11 12 10 14 15 13 6 4 5 9 7 8 3 1 2 18 16 17 12 10 11 15 13 14 5 6 4 8 9 7 2 3 1
DihZ4xZ4	32	1 2 3 4 5 6 7 8 9 10 11 12 13 14 15 16 17 18 19 20 21 22 23 24 25 26 27 28 29 30 31 32 2 1 4 3 6 5 8 7 10 9 12 11 14 13 16 15 18 17 20 19 22 21 24 23 26 25 28 27 30 29 32 31 3 4 1 2 7 8 5 6 11 12 9 10 15 16 13 14 19 20 17 18 23 24 21 22 27 28 25 26 31 32 29 30 4 3 2 1 8 7 6 5 12 11 10 9 16 15 14 13 20 19 18 17 24 23 22 21 28 27 26 25 32 31 30 29 5 6 7 8 1 2 3 4 14 13 16 15 10 9 12 11 23 24 21 22 19 20 17 18 32 31 30 29 28 27 26 25 6 5 8 7 2 1 4 3 13 14 15 16 9 10 11 12 24 23 22 21 20 19 18 17 31 32 29 30 27 28 25 26 7 8 5 6 3 4 1 2 16 15 14 13 12 11 10 9 21 22 23 24 17 18 19 20 30 29 32 31 26 25 28 27 8 7 6 5 4 3 2 1 15 16 13 14 11 12 9 10 22 21 24 23 18 17 20 19 29 30 31 32 25 26 27 28 9 10 11 12 13 14 15 16 1 2 3 4 5 6 7 8 27 28 25 26 31 32 29 30 19 20 17 18 23 24 21 22 10 9 12 11 14 13 16 15 2 1 4 3 6 5 8 7 28 27 26 25 32 31 30 29 20 19 18 17 24 23 22 21 11 12 9 10 15 16 13 14 3 4 1 2 7 8 5 6 25 26 27 28 29 30 31 32 17 18 19 20 21 22 23 24 12 11 10 9 16 15 14 13 4 3 2 1 8 7 6 5 26 25 28 27 30 29 32 31 18 17 20 19 22 21 24 23 14 13 16 15 10 9 12 11 5 6 7 8 1 2 3 4 30 29 32 31 26 25 28 27 21 22 23 24 17 18 19 20 13 14 15 16 9 10 11 12 6 5 8 7 2 1 4 3 29 30 31 32 25 26 27 28 22 21 24 23 18 17 20 19 16 15 14 13 12 11 10 9 7 8 5 6 3 4 1 2 32 31 30 29 28 27 26 25 23 24 21 22 19 20 17 18 15 16 13 14 11 12 9 10 8 7 6 5 4 3 2 1 31 32 29 30 27 28 25 26 24 23 22 21 20 19 18 17 19 20 17 18 23 24 21 22 27 28 25 26 31 32 29 30 1 2 3 4 5 6 7 8 9 10 11 12 13 14 15 16 20 19 18 17 24 23 22 21 28 27 26 25 32 31 30 29 2 1 4 3 6 5 8 7 10 9 12 11 14 13 16 15 17 18 19 20 21 22 23 24 25 26 27 28 29 30 31 32 3 4 1 2 7 8 5 6 11 12 9 10 15 16 13 14 18 17 20 19 22 21 24 23 26 25 28 27 30 29 32 31 4 3 2 1 8 7 6 5 12 11 10 9 16 15 14 13 21 22 23 24 17 18 19 20 30 29 32 31 26 25 28 27 5 6 7 8 1 2 3 4 14 13 16 15 10 9 12 11 22 21 24 23 18 17 20 19 29 30 31 32 25 26 27 28 6 5 8 7 2 1 4 3 13 14 15 16 9 10 11 12 23 24 21 22 19 20 17 18 32 31 30 29 28 27 26 25 7 8 5 6 3 4 1 2 16 15 14 13 12 11 10 9 24 23 22 21 20 19 18 17 31 32 29 30 27 28 25 26 8 7 6 5 4 3 2 1 15 16 13 14 11 12 9 10 25 26 27 28 29 30 31 32 17 18 19 20 21 22 23 24 9 10 11 12 13 14 15 16 1 2 3 4 5 6 7 8 26 25 28 27 30 29 32 31 18 17 20 19 22 21 24 23 10 9 12 11 14 13 16 15 2 1 4 3 6 5 8 7 27 28 25 26 31 32 29 30 19 20 17 18 23 24 21 22 11 12 9 10 15 16 13 14 3 4 1 2 7 8 5 6 28 27 26 25 32 31 30 29 20 19 18 17 24 23 22 21 12 11 10 9 16 15 14 13 4 3 2 1 8 7 6 5 32 31 30 29 28 27 26 25 23 24 21 22 19 20 17 18 14 13 16 15 10 9 12 11 5 6 7 8 1 2 3 4 31 32 29 30 27 28 25 26 24 23 22 21 20 19 18 17 13 14 15 16 9 10 11 12 6 5 8 7 2 1 4 3 30 29 32 31 26 25 28 27 21 22 23 24 17 18 19 20 16 15 14 13 12 11 10 9 7 8 5 6 3 4 1 2 29 30 31 32 25 26 27 28 22 21 24 23 18 17 20 19 15 16 13 14 11 12 9 10 8 7 6 5 4 3 2 1
G16_4	16	1 2 3 4 5 6 7 8 9 10 11 12 13 14 15 16 2 1 4 3 6 5 8 7 10 9 12 11 14 13 16 15 3 4 1 2 7 8 5 6 11 12 9 10 15 16 13 14 4 3 2 1 8 7 6 5 12 11 10 9 16 15 14 13 5 6 7 8 1 2 3 4 14 13 16 15 10 9 12 11 6 5 8 7 2 1 4 3 13 14 15 16 9 10 11 12 7 8 5 6 3 4 1 2 16 15 14 13 12 11 10 9 8 7 6 5 4 3 2 1 15 16 13 14 11 12 9 10 11 12 9 10 15 16 13 14 1 2 3 4 5 6 7 8 12 11 10 9 16 15 14 13 2 1 4 3 6 5 8 7 9 10 11 12 13 14 15 16 3 4 1 2 7 8 5 6 10 9 12 11 14 13 16 15 4 3 2 1 8 7 6 5 16 15 14 13 12 11 10 9 5 6 7 8 1 2 3 4 15 16 13 14 11 12 9 10 6 5 8 7 2 1 4 3 14 13 16 15 10 9 12 11 7 8 5 6 3 4 1 2 13 14 15 16 9 10 11 12 8 7 6 5 4 3 2 1
G24_6	24	1 2 3 4 5 6 7 8 9 10 11 12 13 14 15 16 17 18 19 20 21 22 23 24 3 1 2 6 4 5 9 7 8 12 10 11 14 15 13 17 18 16 20 21 19 23 24 22 2 3 1 5 6 4 8 9 7 11 12 10 15 13 14 18 16 17 21 19 20 24 22 23 4 5 6 1 2 3 10 11 12 7 8 9 16 17 18 13 14 15 22 23 24 19 20 21 6 4 5 3 1 2 12 10 11 9 7 8 17 18 16 14 15 13 23 24 22 20 21 19 5 6 4 2 3 1 11 12 10 8 9 7 18 16 17 15 13 14 24 22 23 21 19 20 7 8 9 10 11 12 1 2 3 4 5 6 22 23 24 19 20 21 16 17 18 13 14 15 9 7 8 12 10 11 3 1 2 6 4 5 23 24 22 20 21 19 17 18 16 14 15 13 8 9 7 11 12 10 2 3 1 5 6 4 24 22 23 21 19 20 18 16 17 15 13 14 10 11 12 7 8 9 4 5 6 1 2 3 19 20 21 22 23 24 13 14 15 16 17 18 12 10 11 9 7 8 6 4 5 3 1 2 20 21 19 23 24 22 14 15 13 17 18 16 11 12 10 8 9 7 5 6 4 2 3 1 21 19 20 24 22 23 15 13 14 18 16 17 13 14 15 16 17 18 19 20 21 22 23 24 1 2 3 4 5 6 7 8 9 10 11 12 14 15 13 17 18 16 20 21 19 23 24 22 3 1 2 6 4 5 9 7 8 12 10 11 15 13 14 18 16 17 21 19 20 24 22 23 2 3 1 5 6 4 8 9 7 11 12 10 16 17 18 13 14 15 22 23 24 19 20 21 4 5 6 1 2 3 10 11 12 7 8 9 17 18 16 14 15 13 23 24 22 20 21 19 6 4 5 3 1 2 12 10 11 9 7 8 18 16 17 15 13 14 24 22 23 21 19 20 5 6 4 2 3 1 11 12 10 8 9 7 22 23 24 19 20 21 16 17 18 13 14 15 7 8 9 10 11 12 1 2 3 4 5 6 23 24 22 20 21 19 17 18 16 14 15 13 9 7 8 12 10 11 3 1 2 6 4 5 24 22 23 21 19 20 18 16 17 15 13 14 8 9 7 11 12 10 2 3 1 5 6 4 19 20 21 22 23 24 13 14 15 16 17 18 10 11 12 7 8 9 4 5 6 1 2 3 20 21 19 23 24 22 14 15 13 17 18 16 12 10 11 9 7 8 6 4 5 3 1 2 21 19 20 24 22 23 15 13 14 18 16 17 11 12 10 8 9 7 5 6 4 2 3 1
G32_12	32	1 2 3 4 5 6 7 8 9 10 11 12 13 14 15 16 17 18 19 20 21 22 23 24 25 26 27 28 29 30 31 32 2 1 4 3 6 5 8 7 10 9 12 11 14 13 16 15 18 17 20 19 22 21 24 23 26 25 28 27 30 29 32 31 3 4 1 2 7 8 5 6 11 12 9 10 15 16 13 14 19 20 17 18 23 24 21 22 27 28 25 26 31 32 29 30 4 3 2 1 8 7 6 5 12 11 10 9 16 15 14 13 20 19 18 17 24 23 22 21 28 27 26 25 32 31 30 29 5 6 7 8 1 2 3 4 13 14 15 16 9 10 11 12 23 24 21 22 19 20 17 18 31 32 29 30 27 28 25 26 6 5 8 7 2 1 4 3 14 13 16 15 10 9 12 11 24 23 22 21 20 19 18 17 32 31 30 29 28 27 26 25 7 8 5 6 3 4 1 2 15 16 13 14 11 12 9 10 21 22 23 24 17 18 19 20 29 30 31 32 25 26 27 28 8 7 6 5 4 3 2 1 16 15 14 13 12 11 10 9 22 21 24 23 18 17 20 19 30 29 32 31 26 25 28 27 10 9 12 11 14 13 16 15 1 2 3 4 5 6 7 8 26 25 28 27 30 29 32 31 17 18 19 20 21 22 23 24 9 10 11 12 13 14 15 16 2 1 4 3 6 5 8 7 25 26 27 28 29 30 31 32 18 17 20 19 22 21 24 23 12 11 10 9 16 15 14 13 3 4 1 2 7 8 5 6 28 27 26 25 32 31 30 29 19 20 17 18 23 24 21 22 11 12 9 10 15 16 13 14 4 3 2 1 8 7 6 5 27 28 25 26 31 32 29 30 20 19 18 17 24 23 22 21 14 13 16 15 10 9 12 11 5 6 7 8 1 2 3 4 32 31 30 29 28 27 26 25 23 24 21 22 19 20 17 18 13 14 15 16 9 10 11 12 6 5 8 7 2 1 4 3 31 32 29 30 27 28 25 26 24 23 22 21 20 19 18 17 16 15 14 13 12 11 10 9 7 8 5 6 3 4 1 2 30 29 32 31 26 25 28 27 21 22 23 24 17 18 19 20 15 16 13 14 11 12 9 10 8 7 6 5 4 3 2 1 29 30 31 32 25 26 27 28 22 21 24 23 18 17 20 19 26 25 28 27 30 29 32 31 17 18 19 20 21 22 23 24 1 2 3 4 5 6 7 8 9 10 11 12 13 14 15 16 25 26 27 28 29 30 31 32 18 17 20 19 22 21 24 23 2 1 4 3 6 5 8 7 10 9 12 11 14 13 16 15 28 27 26 25 32 31 30 29 19 20 17 18 23 24 21 22 3 4 1 2 7 8 5 6 11 12 9 10 15 16 13 14 27 28 25 26 31 32 29 30 20 19 18 17 24 23 22 21 4 3 2 1 8 7 6 5 12 11 10 9 16 15 14 13 32 31 30 29 28 27 26 25 23 24 21 22 19 20 17 18 5 6 7 8 1 2 3 4 13 14 15 16 9 10 11 12 31 32 29 30 27 28 25 26 24 23 22 21 20 19 18 17 6 5 8 7 2 1 4 3 14 13 16 15 10 9 12 11 30 29 32 31 26 25 28 27 21 22 23 24 17 18 19 20 7 8 5 6 3 4 1 2 15 16 13 14 11 12 9 10 29 30 31 32 25 26 27 28 22 21 24 23 18 17 20 19 8 7 6 5 4 3 2 1 16 15 14 13 12 11 10 9 18 17 20 19 22 21 24 23 26 25 28 27 30 29 32 31 10 9 12 11 14 13 16 15 1 2 3 4 5 6 7 8 17 18 19 20 21 22 23 24 25 26 27 28 29 30 31 32 9 10 11 12 13 14 15 16 2 1 4 3 6 5 8 7 20 19 18 17 24 23 22 21 28 27 26 25 32 31 30 29 12 11 10 9 16 15 14 13 3 4 1 2 7 8 5 6 19 20 17 18 23 24 21 22 27 28 25 26 31 32 29 30 11 12 9 10 15 16 13 14 4 3 2 1 8 7 6 5 24 23 22 21 20 19 18 17 32 31 30 29 28 27 26 25 14 13 16 15 10 9 12 11 5 6 7 8 1 2 3 4 23 24 21 22 19 20 17 18 31 32 29 30 27 28 25 26 13 14 15 16 9 10 11 12 6 5 8 7 2 1 4 3 22 21 24 23 18 17 20 19 30 29 32 31 26 25 28 27 16 15 14 13 12 11 10 9 7 8 5 6 3 4 1 2 21 22 23 24 17 18 19 20 29 30 31 32 25 26 27 28 15 16 13 14 11 12 9 10 8 7 6 5 4 3 2 1
G32_15	32	1 2 3 4 5 6 7 8 9 10 11 12 13 14 15 16 17 18 19 20 21 22 23 24 25 26 27 28 29 30 31 32 2 1 4 3 6 5 8 7 10 9 12 11 14 13 16 15 18 17 20 19 22 21 24 23 26 25 28 27 30 29 32 31 3 4 1 2 7 8 5 6 11 12 9 10 15 16 13 14 19 20 17 18 23 24 21 22 27 28 25 26 31 32 29 30 4 3 2 1 8 7 6 5 12 11 10 9 16 15 14 13 20 19 18 17 24 23 22 21 28 27 26 25 32 31 30 29 5 6 7 8 1 2 3 4 13 14 15 16 9 10 11 12 23 24 21 22 19 20 17 18 31 32 29 30 27 28 25 26 6 5 8 7 2 1 4 3 14 13 16 15 10 9 12 11 24 23 22 21 20 19 18 17 32 31 30 29 28 27 26 25 7 8 5 6 3 4 1 2 15 16 13 14 11 12 9 10 21 22 23 24 17 18 19 20 29 30 31 32 25 26 27 28 8 7 6 5 4 3 2 1 16 15 14 13 12 11 10 9 22 21 24 23 18 17 20 19 30 29 32 31 26 25 28 27 10 9 12 11 14 13 16 15 1 2 3 4 5 6 7 8 25 26 27 28 29 30 31 32 18 17 20 19 22 21 24 23 9 10 11 12 13 14 15 16 2 1 4 3 6 5 8 7 26 25 28 27 30 29 32 31 17 18 19 20 21 22 23 24 12 11 10 9 16 15 14 13 3 4 1 2 7 8 5 6 27 28 25 26 31 32 29 30 20 19 18 17 24 23 22 21 11 12 9 10 15 16 13 14 4 3 2 1 8 7 6 5 28 27 26 25 32 31 30 29 19 20 17 18 23 24 21 22 14 13 16 15 10 9 12 11 5 6 7 8 1 2 3 4 31 32 29 30 27 28 25 26 24 23 22 21 20 19 18 17 13 14 15 16 9 10 11 12 6 5 8 7 2 1 4 3 32 31 30 29 28 27 26 25 23 24 21 22 19 20 17 18 16 15 14 13 12 11 10 9 7 8 5 6 3 4 1 2 29 30 31 32 25 26 27 28 22 21 24 23 18 17 20 19 15 16 13 14 11 12 9 10 8 7 6 5 4 3 2 1 30 29 32 31 26 25 28 27 21 22 23 24 17 18 19 20 17 18 19 20 21 22 23 24 25 26 27 28 29 30 31 32 1 2 3 4 5 6 7 8 9 10 11 12 13 14 15 16 18 17 20 19 22 21 24 23 26 25 28 27 30 29 32 31 2 1 4 3 6 5 8 7 10 9 12 11 14 13 16 15 19 20 17 18 23 24 21 22 27 28 25 26 31 32 29 30 3 4 1 2 7 8 5 6 11 12 9 10 15 16 13 14 20 19 18 17 24 23 22 21 28 27 26 25 32 31 30 29 4 3 2 1 8 7 6 5 12 11 10 9 16 15 14 13 23 24 21 22 19 20 17 18 31 32 29 30 27 28 25 26 5 6 7 8 1 2 3 4 13 14 15 16 9 10 11 12 24 23 22 21 20 19 18 17 32 31 30 29 28 27 26 25 6 5 8 7 2 1 4 3 14 13 16 15 10 9 12 11 21 22 23 24 17 18 19 20 29 30 31 32 25 26 27 28 7 8 5 6 3 4 1 2 15 16 13 14 11 12 9 10 22 21 24 23 18 17 20 19 30 29 32 31 26 25 28 27 8 7 6 5 4 3 2 1 16 15 14 13 12 11 10 9 25 26 27 28 29 30 31 32 18 17 20 19 22 21 24 23 10 9 12 11 14 13 16 15 1 2 3 4 5 6 7 8 26 25 28 27 30 29 32 31 17 18 19 20 21 22 23 24 9 10 11 12 13 14 15 16 2 1 4 3 6 5 8 7 27 28 25 26 31 32 29 30 20 19 18 17 24 23 22 21 12 11 10 9 16 15 14 13 3 4 1 2 7 8 5 6 28 27 26 25 32 31 30 29 19 20 17 18 23 24 21 22 11 12 9 10 15 16 13 14 4 3 2 1 8 7 6 5 31 32 29 30 27 28 25 26 24 23 22 21 20 19 18 17 14 13 16 15 10 9 12 11 5 6 7 8 1 2 3 4 32 31 30 29 28 27 26 25 23 24 21 22 19 20 17 18 13 14 15 16 9 10 11 12 6 5 8 7 2 1 4 3 29 30 31 32 25 26 27 28 22 21 24 23 18 17 20 19 16 15 14 13 12 11 10 9 7 8 5 6 3 4 1 2 30 29 32 31 26 25 28 27 21 22 23 24 17 18 19 20 15 16 13 14 11 12 9 10 8 7 6 5 4 3 2 1
G32_16	32	1 2 3 4 5 6 7 8 9 10 11 12 13 14 15 16 17 18 19 20 21 22 23 24 25 26 27 28 29 30 31 32 2 1 4 3 6 5 8 7 10 9 12 11 14 13 16 15 18 17 20 19 22 21 24 23 26 25 28 27 30 29 32 31 3 4 1 2 7 8 5 6 11 12 9 10 15 16 13 14 19 20 17 18 23 24 21 22 27 28 25 26 31 32 29 30 4 3 2 1 8 7 6 5 12 11 10 9 16 15 14 13 20 19 18 17 24 23 22 21 28 27 26 25 32 31 30 29 5 6 7 8 1 2 3 4 13 14 15 16 9 10 11 12 23 24 21 22 19 20 17 18 31 32 29 30 27 28 25 26 6 5 8 7 2 1 4 3 14 13 16 15 10 9 12 11 24 23 22 21 20 19 18 17 32 31 30 29 28 27 26 25 7 8 5 6 3 4 1 2 15 16 13 14 11 12 9 10 21 22 23 24 17 18 19 20 29 30 31 32 25 26 27 28 8 7 6 5 4 3 2 1 16 15 14 13 12 11 10 9 22 21 24 23 18 17 20 19 30 29 32 31 26 25 28 27 10 9 12 11 14 13 16 15 1 2 3 4 5 6 7 8 25 26 27 28 29 30 31 32 18 17 20 19 22 21 24 23 9 10 11 12 13 14 15 16 2 1 4 3 6 5 8 7 26 25 28 27 30 29 32 31 17 18 19 20 21 22 23 24 12 11 10 9 16 15 14 13 3 4 1 2 7 8 5 6 27 28 25 26 31 32 29 30 20 19 18 17 24 23 22 21 11 12 9 10 15 16 13 14 4 3 2 1 8 7 6 5 28 27 26 25 32 31 30 29 19 20 17 18 23 24 21 22 14 13 16 15 10 9 12 11 5 6 7 8 1 2 3 4 31 32 29 30 27 28 25 26 24 23 22 21 20 19 18 17 13 14 15 16 9 10 11 12 6 5 8 7 2 1 4 3 32 31 30 29 28 27 26 25 23 24 21 22 19 20 17 18 16 15 14 13 12 11 10 9 7 8 5 6 3 4 1 2 29 30 31 32 25 26 27 28 22 21 24 23 18 17 20 19 15 16 13 14 11 12 9 10 8 7 6 5 4 3 2 1 30 29 32 31 26 25 28 27 21 22 23 24 17 18 19 20 18 17 20 19 22 21 24 23 26 25 28 27 30 29 32 31 1 2 3 4 5 6 7 8 9 10 11 12 13 14 15 16 17 18 19 20 21 22 23 24 25 26 27 28 29 30 31 32 2 1 4 3 6 5 8 7 10 9 12 11 14 13 16 15 20 19 18 17 24 23 22 21 28 27 26 25 32 31 30 29 3 4 1 2 7 8 5 6 11 12 9 10 15 16 13 14 19 20 17 18 23 24 21 22 27 28 25 26 31 32 29 30 4 3 2 1 8 7 6 5 12 11 10 9 16 15 14 13 24 23 22 21 20 19 18 17 32 31 30 29 28 27 26 25 5 6 7 8 1 2 3 4 13 14 15 16 9 10 11 12 23 24 21 22 19 20 17 18 31 32 29 30 27 28 25 26 6 5 8 7 2 1 4 3 14 13 16 15 10 9 12 11 22 21 24 23 18 17 20 19 30 29 32 31 26 25 28 27 7 8 5 6 3 4 1 2 15 16 13 14 11 12 9 10 21 22 23 24 17 18 19 20 29 30 31 32 25 26 27 28 8 7 6 5 4 3 2 1 16 15 14 13 12 11 10 9 26 25 28 27 30 29 32 31 17 18 19 20 21 22 23 24 10 9 12 11 14 13 16 15 1 2 3 4 5 6 7 8 25 26 27 28 29 30 31 32 18 17 20 19 22 21 24 23 9 10 11 12 13 14 15 16 2 1 4 3 6 5 8 7 28 27 26 25 32 31 30 29 19 20 17 18 23 24 21 22 12 11 10 9 16 15 14 13 3 4 1 2 7 8 5 6 27 28 25 26 31 32 29 30 20 19 18 17 24 23 22 21 11 12 9 10 15 16 13 14 4 3 2 1 8 7 6 5 32 31 30 29 28 27 26 25 23 24 21 22 19 20 17 18 14 13 16 15 10 9 12 11 5 6 7 8 1 2 3 4 31 32 29 30 27 28 25 26 24 23 22 21 20 19 18 17 13 14 15 16 9 10 11 12 6 5 8 7 2 1 4 3 30 29 32 31 26 25 28 27 21 22 23 24 17 18 19 20 16 15 14 13 12 11 10 9 7 8 5 6 3 4 1 2 29 30 31 32 25 26 27 28 22 21 24 23 18 17 20 19 15 16 13 14 11 12 9 10 8 7 6 5 4 3 2 1
G32_17	32	1 2 3 4 5 6 7 8 9 10 11 12 13 14 15 16 17 18 19 20 21 22 23 24 25 26 27 28 29 30 31 32 2 1 4 3 6 5 8 7 10 9 12 11 14 13 16 15 18 17 20 19 22 21 24 23 26 25 28 27 30 29 32 31 3 4 1 2 7 8 5 6 11 12 9 10 15 16 13 14 19 20 17 18 23 24 21 22 27 28 25 26 31 32 29 30 4 3 2 1 8 7 6 5 12 11 10 9 16 15 14 13 20 19 18 17 24 23 22 21 28 27 26 25 32 31 30 29 5 6 7 8 1 2 3 4 13 14 15 16 9 10 11 12 21 22 23 24 17 18 19 20 29 30 31 32 25 26 27 28 6 5 8 7 2 1 4 3 14 13 16 15 10 9 12 11 22 21 24 23 18 17 20 19 30 29 32 31 26 25 28 27 7 8 5 6 3 4 1 2 15 16 13 14 11 12 9 10 23 24 21 22 19 20 17 18 31 32 29 30 27 28 25 26 8 7 6 5 4 3 2 1 16 15 14 13 12 11 10 9 24 23 22 21 20 19 18 17 32 31 30 29 28 27 26 25 10 9 12 11 14 13 16 15 1 2 3 4 5 6 7 8 28 27 26 25 32 31 30 29 19 20 17 18 23 24 21 22 9 10 11 12 13 14 15 16 2 1 4 3 6 5 8 7 27 28 25 26 31 32 29 30 20 19 18 17 24 23 22 21 12 11 10 9 16 15 14 13 3 4 1 2 7 8 5 6 26 25 28 27 30 29 32 31 17 18 19 20 21 22 23 24 11 12 9 10 15 16 13 14 4 3 2 1 8 7 6 5 25 26 27 28 29 30 31 32 18 17 20 19 22 21 24 23 14 13 16 15 10 9 12 11 5 6 7 8 1 2 3 4 32 31 30 29 28 27 26 25 23 24 21 22 19 20 17 18 13 14 15 16 9 10 11 12 6 5 8 7 2 1 4 3 31 32 29 30 27 28 25 26 24 23 22 21 20 19 18 17 16 15 14 13 12 11 10 9 7 8 5 6 3 4 1 2 30 29 32 31 26 25 28 27 21 22 23 24 17 18 19 20 15 16 13 14 11 12 9 10 8 7 6 5 4 3 2 1 29 30 31 32 25 26 27 28 22 21 24 23 18 17 20 19 21 22 23 24 17 18 19 20 29 30 31 32 25 26 27 28 1 2 3 4 5 6 7 8 9 10 11 12 13 14 15 16 22 21 24 23 18 17 20 19 30 29 32 31 26 25 28 27 2 1 4 3 6 5 8 7 10 9 12 11 14 13 16 15 23 24 21 22 19 20 17 18 31 32 29 30 27 28 25 26 3 4 1 2 7 8 5 6 11 12 9 10 15 16 13 14 24 23 22 21 20 19 18 17 32 31 30 29 28 27 26 25 4 3 2 1 8 7 6 5 12 11 10 9 16 15 14 13 17 18 19 20 21 22 23 24 25 26 27 28 29 30 31 32 5 6 7 8 1 2 3 4 13 14 15 16 9 10 11 12 18 17 20 19 22 21 24 23 26 25 28 27 30 29 32 31 6 5 8 7 2 1 4 3 14 13 16 15 10 9 12 11 19 20 17 18 23 24 21 22 27 28 25 26 31 32 29 30 7 8 5 6 3 4 1 2 15 16 13 14 11 12 9 10 20 19 18 17 24 23 22 21 28 27 26 25 32 31 30 29 8 7 6 5 4 3 2 1 16 15 14 13 12 11 10 9 32 31 30 29 28 27 26 25 23 24 21 22 19 20 17 18 10 9 12 11 14 13 16 15 1 2 3 4 5 6 7 8 31 32 29 30 27 28 25 26 24 23 22 21 20 19 18 17 9 10 11 12 13 14 15 16 2 1 4 3 6 5 8 7 30 29 32 31 26 25 28 27 21 22 23 24 17 18 19 20 12 11 10 9 16 15 14 13 3 4 1 2 7 8 5 6 29 30 31 32 25 26 27 28 22 21 24 23 18 17 20 19 11 12 9 10 15 16 13 14 4 3 2 1 8 7 6 5 28 27 26 25 32 31 30 29 19 20 17 18 23 24 21 22 14 13 16 15 10 9 12 11 5 6 7 8 1 2 3 4 27 28 25 26 31 32 29 30 20 19 18 17 24 23 22 21 13 14 15 16 9 10 11 12 6 5 8 7 2 1 4 3 26 25 28 27 30 29 32 31 17 18 19 20 21 22 23 24 16 15 14 13 12 11 10 9 7 8 5 6 3 4 1 2 25 26 27 28 29 30 31 32 18 17 20 19 22 21 24 23 15 16 13 14 11 12 9 10 8 7 6 5 4 3 2 1
G32_18	32	1 2 3 4 5 6 7 8 9 10 11 12 13 14 15 16 17 18 19 20 21 22 23 24 25 26 27 28 29 30 31 32 2 1 4 3 6 5 8 7 10 9 12 11 14 13 16 15 18 17 20 19 22 21 24 23 26 25 28 27 30 29 32 31 3 4 1 2 7 8 5 6 11 12 9 10 15 16 13 14 19 20 17 18 23 24 21 22 27 28 25 26 31 32 29 30 4 3 2 1 8 7 6 5 12 11 10 9 16 15 14 13 20 19 18 17 24 23 22 21 28 27 26 25 32 31 30 29 5 6 7 8 1 2 3 4 13 14 15 16 9 10 11 12 22 21 24 23 18 17 20 19 30 29 32 31 26 25 28 27 6 5 8 7 2 1 4 3 14 13 16 15 10 9 12 11 21 22 23 24 17 18 19 20 29 30 31 32 25 26 27 28 7 8 5 6 3 4 1 2 15 16 13 14 11 12 9 10 24 23 22 21 20 19 18 17 32 31 30 29 28 27 26 25 8 7 6 5 4 3 2 1 16 15 14 13 12 11 10 9 23 24 21 22 19 20 17 18 31 32 29 30 27 28 25 26 10 9 12 11 14 13 16 15 1 2 3 4 5 6 7 8 28 27 26 25 32 31 30 29 19 20 17 18 23 24 21 22 9 10 11 12 13 14 15 16 2 1 4 3 6 5 8 7 27 28 25 26 31 32 29 30 20 19 18 17 24 23 22 21 12 11 10 9 16 15 14 13 3 4 1 2 7 8 5 6 26 25 28 27 30 29 32 31 17 18 19 20 21 22 23 24 11 12 9 10 15 16 13 14 4 3 2 1 8 7 6 5 25 26 27 28 29 30 31 32 18 17 20 19 22 21 24 23 14 13 16 15 10 9 12 11 5 6 7 8 1 2 3 4 31 32 29 30 27 28 25 26 24 23 22 21 20 19 18 17 13 14 15 16 9 10 11 12 6 5 8 7 2 1 4 3 32 31 30 29 28 27 26 25 23 24 21 22 19 20 17 18 16 15 14 13 12 11 10 9 7 8 5 6 3 4 1 2 29 30 31 32 25 26 27 28 22 21 24 23 18 17 20 19 15 16 13 14 11 12 9 10 8 7 6 5 4 3 2 1 30 29 32 31 26 25 28 27 21 22 23 24 17 18 19 20 17 18 19 20 21 22 23 24 25 26 27 28 29 30 31 32 1 2 3 4 5 6 7 8 9 10 11 12 13 14 15 16 18 17 20 19 22 21 24 23 26 25 28 27 30 29 32 31 2 1 4 3 6 5 8 7 10 9 12 11 14 13 16 15 19 20 17 18 23 24 21 22 27 28 25 26 31 32 29 30 3 4 1 2 7 8 5 6 11 12 9 10 15 16 13 14 20 19 18 17 24 23 22 21 28 27 26 25 32 31 30 29 4 3 2 1 8 7 6 5 12 11 10 9 16 15 14 13 22 21 24 23 18 17 20 19 30 29 32 31 26 25 28 27 5 6 7 8 1 2 3 4 13 14 15 16 9 10 11 12 21 22 23 24 17 18 19 20 29 30 31 32 25 26 27 28 6 5 8 7 2 1 4 3 14 13 16 15 10 9 12 11 24 23 22 21 20 19 18 17 32 31 30 29 28 27 26 25 7 8 5 6 3 4 1 2 15 16 13 14 11 12 9 10 23 24 21 22 19 20 17 18 31 32 29 30 27 28 25 26 8 7 6 5 4 3 2 1 16 15 14 13 12 11 10 9 28 27 26 25 32 31 30 29 19 20 17 18 23 24 21 22 10 9 12 11 14 13 16 15 1 2 3 4 5 6 7 8 27 28 25 26 31 32 29 30 20 19 18 17 24 23 22 21 9 10 11 12 13 14 15 16 2 1 4 3 6 5 8 7 26 25 28 27 30 29 32 31 17 18 19 20 21 22 23 24 12 11 10 9 16 15 14 13 3 4 1 2 7 8 5 6 25 26 27 28 29 30 31 32 18 17 20 19 22 21 24 23 11 12 9 10 15 16 13 14 4 3 2 1 8 7 6 5 31 32 29 30 27 28 25 26 24 23 22 21 20 19 18 17 14 13 16 15 10 9 12 11 5 6 7 8 1 2 3 4 32 31 30 29 28 27 26 25 23 24 21 22 19 20 17 18 13 14 15 16 9 10 11 12 6 5 8 7 2 1 4 3 29 30 31 32 25 26 27 28 22 21 24 23 18 17 20 19 16 15 14 13 12 11 10 9 7 8 5 6 3 4 1 2 30 29 32 31 26 25 28 27 21 22 23 24 17 18 19 20 15 16 13 14 11 12 9 10 8 7 6 5 4 3 2 1
G32_20	32	1 2 3 4 5 6 7 8 9 10 11 12 13 14 15 16 17 18 19 20 21 22 23 24 25 26 27 28 29 30 31 32 2 1 4 3 6 5 8 7 10 9 12 11 14 13 16 15 18 17 20 19 22 21 24 23 26 25 28 27 30 29 32 31 3 4 1 2 7 8 5 6 11 12 9 10 15 16 13 14 19 20 17 18 23 24 21 22 27 28 25 26 31 32 29 30 4 3 2 1 8 7 6 5 12 11 10 9 16 15 14 13 20 19 18 17 24 23 22 21 28 27 26 25 32 31 30 29 5 6 7 8 1 2 3 4 14 13 16 15 10 9 12 11 23 24 21 22 19 20 17 18 32 31 30 29 28 27 26 25 6 5 8 7 2 1 4 3 13 14 15 16 9 10 11 12 24 23 22 21 20 19 18 17 31 32 29 30 27 28 25 26 7 8 5 6 3 4 1 2 16 15 14 13 12 11 10 9 21 22 23 24 17 18 19 20 30 29 32 31 26 25 28 27 8 7 6 5 4 3 2 1 15 16 13 14 11 12 9 10 22 21 24 23 18 17 20 19 29 30 31 32 25 26 27 28 9 10 11 12 13 14 15 16 1 2 3 4 5 6 7 8 27 28 25 26 31 32 29 30 19 20 17 18 23 24 21 22 10 9 12 11 14 13 16 15 2 1 4 3 6 5 8 7 28 27 26 25 32 31 30 29 20 19 18 17 24 23 22 21 11 12 9 10 15 16 13 14 3 4 1 2 7 8 5 6 25 26 27 28 29 30 31 32 17 18 19 20 21 22 23 24 12 11 10 9 16 15 14 13 4 3 2 1 8 7 6 5 26 25 28 27 30 29 32 31 18 17 20 19 22 21 24 23 14 13 16 15 10 9 12 11 5 6 7 8 1 2 3 4 30 29 32 31 26 25 28 27 21 22 23 24 17 18 19 20 13 14 15 16 9 10 11 12 6 5 8 7 2 1 4 3 29 30 31 32 25 26 27 28 22 21 24 23 18 17 20 19 16 15 14 13 12 11 10 9 7 8 5 6 3 4 1 2 32 31 30 29 28 27 26 25 23 24 21 22 19 20 17 18 15 16 13 14 11 12 9 10 8 7 6 5 4 3 2 1 31 32 29 30 27 28 25 26 24 23 22 21 20 19 18 17 20 19 18 17 24 23 22 21 28 27 26 25 32 31 30 29 1 2 3 4 5 6 7 8 9 10 11 12 13 14 15 16 19 20 17 18 23 24 21 22 27 28 25 26 31 32 29 30 2 1 4 3 6 5 8 7 10 9 12 11 14 13 16 15 18 17 20 19 22 21 24 23 26 25 28 27 30 29 32 31 3 4 1 2 7 8 5 6 11 12 9 10 15 16 13 14 17 18 19 20 21 22 23 24 25 26 27 28 29 30 31 32 4 3 2 1 8 7 6 5 12 11 10 9 16 15 14 13 22 21 24 23 18 17 20 19 29 30 31 32 25 26 27 28 5 6 7 8 1 2 3 4 14 13 16 15 10 9 12 11 21 22 23 24 17 18 19 20 30 29 32 31 26 25 28 27 6 5 8 7 2 1 4 3 13 14 15 16 9 10 11 12 24 23 22 21 20 19 18 17 31 32 29 30 27 28 25 26 7 8 5 6 3 4 1 2 16 15 14 13 12 11 10 9 23 24 21 22 19 20 17 18 32 31 30 29 28 27 26 25 8 7 6 5 4 3 2 1 15 16 13 14 11 12 9 10 26 25 28 27 30 29 32 31 18 17 20 19 22 21 24 23 9 10 11 12 13 14 15 16 1 2 3 4 5 6 7 8 25 26 27 28 29 30 31 32 17 18 19 20 21 22 23 24 10 9 12 11 14 13 16 15 2 1 4 3 6 5 8 7 28 27 26 25 32 31 30 29 20 19 18 17 24 23 22 21 11 12 9 10 15 16 13 14 3 4 1 2 7 8 5 6 27 28 25 26 31 32 29 30 19 20 17 18 23 24 21 22 12 11 10 9 16 15 14 13 4 3 2 1 8 7 6 5 31 32 29 30 27 28 25 26 24 23 22 21 20 19 18 17 14 13 16 15 10 9 12 11 5 6 7 8 1 2 3 4 32 31 30 29 28 27 26 25 23 24 21 22 19 20 17 18 13 14 15 16 9 10 11 12 6 5 8 7 2 1 4 3 29 30 31 32 25 26 27 28 22 21 24 23 18 17 20 19 16 15 14 13 12 11 10 9 7 8 5 6 3 4 1 2 30 29 32 31 26 25 28 27 21 22 23 24 17 18 19 20 15 16 13 14 11 12 9 10 8 7 6 5 4 3 2 1
G32_23	32	1 2 3 4 5 6 7 8 9 10 11 12 13 14 15 16 17 18 19 20 21 22 23 24 25 26 27 28 29 30 31 32 2 1 4 3 6 5 8 7 10 9 12 11 14 13 16 15 18 17 20 19 22 21 24 23 26 25 28 27 30 29 32 31 3 4 1 2 7 8 5 6 11 12 9 10 15 16 13 14 19 20 17 18 23 24 21 22 27 28 25 26 31 32 29 30 4 3 2 1 8 7 6 5 12 11 10 9 16 15 14 13 20 19 18 17 24 23 22 21 28 27 26 25 32 31 30 29 5 6 7 8 1 2 3 4 14 13 16 15 10 9 12 11 25 26 27 28 29 30 31 32 17 18 19 20 21 22 23 24 6 5 8 7 2 1 4 3 13 14 15 16 9 10 11 12 26 25 28 27 30 29 32 31 18 17 20 19 22 21 24 23 7 8 5 6 3 4 1 2 16 15 14 13 12 11 10 9 27 28 25 26 31 32 29 30 19 20 17 18 23 24 21 22 8 7 6 5 4 3 2 1 15 16 13 14 11 12 9 10 28 27 26 25 32 31 30 29 20 19 18 17 24 23 22 21 9 10 11 12 13 14 15 16 1 2 3 4 5 6 7 8 22 21 24 23 18 17 20 19 29 30 31 32 25 26 27 28 10 9 12 11 14 13 16 15 2 1 4 3 6 5 8 7 21 22 23 24 17 18 19 20 30 29 32 31 26 25 28 27 11 12 9 10 15 16 13 14 3 4 1 2 7 8 5 6 24 23 22 21 20 19 18 17 31 32 29 30 27 28 25 26 12 11 10 9 16 15 14 13 4 3 2 1 8 7 6 5 23 24 21 22 19 20 17 18 32 31 30 29 28 27 26 25 14 13 16 15 10 9 12 11 5 6 7 8 1 2 3 4 30 29 32 31 26 25 28 27 21 22 23 24 17 18 19 20 13 14 15 16 9 10 11 12 6 5 8 7 2 1 4 3 29 30 31 32 25 26 27 28 22 21 24 23 18 17 20 19 16 15 14 13 12 11 10 9 7 8 5 6 3 4 1 2 32 31 30 29 28 27 26 25 23 24 21 22 19 20 17 18 15 16 13 14 11 12 9 10 8 7 6 5 4 3 2 1 31 32 29 30 27 28 25 26 24 23 22 21 20 19 18 17 32 31 30 29 28 27 26 25 23 24 21 22 19 20 17 18 1 2 3 4 5 6 7 8 9 10 11 12 13 14 15 16 31 32 29 30 27 28 25 26 24 23 22 21 20 19 18 17 2 1 4 3 6 5 8 7 10 9 12 11 14 13 16 15 30 29 32 31 26 25 28 27 21 22 23 24 17 18 19 20 3 4 1 2 7 8 5 6 11 12 9 10 15 16 13 14 29 30 31 32 25 26 27 28 22 21 24 23 18 17 20 19 4 3 2 1 8 7 6 5 12 11 10 9 16 15 14 13 24 23 22 21 20 19 18 17 31 32 29 30 27 28 25 26 5 6 7 8 1 2 3 4 14 13 16 15 10 9 12 11 23 24 21 22 19 20 17 18 32 31 30 29 28 27 26 25 6 5 8 7 2 1 4 3 13 14 15 16 9 10 11 12 22 21 24 23 18 17 20 19 29 30 31 32 25 26 27 28 7 8 5 6 3 4 1 2 16 15 14 13 12 11 10 9 21 22 23 24 17 18 19 20 30 29 32 31 26 25 28 27 8 7 6 5 4 3 2 1 15 16 13 14 11 12 9 10 28 27 26 25 32 31 30 29 20 19 18 17 24 23 22 21 9 10 11 12 13 14 15 16 1 2 3 4 5 6 7 8 27 28 25 26 31 32 29 30 19 20 17 18 23 24 21 22 10 9 12 11 14 13 16 15 2 1 4 3 6 5 8 7 26 25 28 27 30 29 32 31 18 17 20 19 22 21 24 23 11 12 9 10 15 16 13 14 3 4 1 2 7 8 5 6 25 26 27 28 29 30 31 32 17 18 19 20 21 22 23 24 12 11 10 9 16 15 14 13 4 3 2 1 8 7 6 5 20 19 18 17 24 23 22 21 28 27 26 25 32 31 30 29 14 13 16 15 10 9 12 11 5 6 7 8 1 2 3 4 19 20 17 18 23 24 21 22 27 28 25 26 31 32 29 30 13 14 15 16 9 10 11 12 6 5 8 7 2 1 4 3 18 17 20 19 22 21 24 23 26 25 28 27 30 29 32 31 16 15 14 13 12 11 10 9 7 8 5 6 3 4 1 2 17 18 19 20 21 22 23 24 25 26 27 28 29 30 31 32 15 16 13 14 11 12 9 10 8 7 6 5 4 3 2 1
G32_24	32	1 2 3 4 5 6 7 8 9 10 11 12 13 14 15 16 17 18 19 20 21 22 23 24 25 26 27 28 29 30 31 32 2 1 4 3 6 5 8 7 10 9 12 11 14 13 16 15 18 17 20 19 22 21 24 23 26 25 28 27 30 29 32 31 3 4 1 2 7 8 5 6 11 12 9 10 15 16 13 14 20 19 18 17 24 23 22 21 28 27 26 25 32 31 30 29 4 3 2 1 8 7 6 5 12 11 10 9 16 15 14 13 19 20 17 18 23 24 21 22 27 28 25 26 31 32 29 30 5 6 7 8 1 2 3 4 14 13 16 15 10 9 12 11 21 22 23 24 17 18 19 20 30 29 32 31 26 25 28 27 6 5 8 7 2 1 4 3 13 14 15 16 9 10 11 12 22 21 24 23 18 17 20 19 29 30 31 32 25 26 27 28 7 8 5 6 3 4 1 2 16 15 14 13 12 11 10 9 24 23 22 21 20 19 18 17 31 32 29 30 27 28 25 26 8 7 6 5 4 3 2 1 15 16 13 14 11 12 9 10 23 24 21 22 19 20 17 18 32 31 30 29 28 27 26 25 9 10 11 12 13 14 15 16 1 2 3 4 5 6 7 8 25 26 27 28 29 30 31 32 17 18 19 20 21 22 23 24 10 9 12 11 14 13 16 15 2 1 4 3 6 5 8 7 26 25 28 27 30 29 32 31 18 17 20 19 22 21 24 23 11 12 9 10 15 16 13 14 3 4 1 2 7 8 5 6 28 27 26 25 32 31 30 29 20 19 18 17 24 23 22 21 12 11 10 9 16 15 14 13 4 3 2 1 8 7 6 5 27 28 25 26 31 32 29 30 19 20 17 18 23 24 21 22 14 13 16 15 10 9 12 11 5 6 7 8 1 2 3 4 30 29 32 31 26 25 28 27 21 22 23 24 17 18 19 20 13 14 15 16 9 10 11 12 6 5 8 7 2 1 4 3 29 30 31 32 25 26 27 28 22 21 24 23 18 17 20 19 16 15 14 13 12 11 10 9 7 8 5 6 3 4 1 2 31 32 29 30 27 28 25 26 24 23 22 21 20 19 18 17 15 16 13 14 11 12 9 10 8 7 6 5 4 3 2 1 32 31 30 29 28 27 26 25 23 24 21 22 19 20 17 18 17 18 19 20 21 22 23 24 25 26 27 28 29 30 31 32 1 2 3 4 5 6 7 8 9 10 11 12 13 14 15 16 18 17 20 19 22 21 24 23 26 25 28 27 30 29 32 31 2 1 4 3 6 5 8 7 10 9 12 11 14 13 16 15 20 19 18 17 24 23 22 21 28 27 26 25 32 31 30 29 3 4 1 2 7 8 5 6 11 12 9 10 15 16 13 14 19 20 17 18 23 24 21 22 27 28 25 26 31 32 29 30 4 3 2 1 8 7 6 5 12 11 10 9 16 15 14 13 21 22 23 24 17 18 19 20 30 29 32 31 26 25 28 27 5 6 7 8 1 2 3 4 14 13 16 15 10 9 12 11 22 21 24 23 18 17 20 19 29 30 31 32 25 26 27 28 6 5 8 7 2 1 4 3 13 14 15 16 9 10 11 12 24 23 22 21 20 19 18 17 31 32 29 30 27 28 25 26 7 8 5 6 3 4 1 2 16 15 14 13 12 11 10 9 23 24 21 22 19 20 17 18 32 31 30 29 28 27 26 25 8 7 6 5 4 3 2 1 15 16 13 14 11 12 9 10 25 26 27 28 29 30 31 32 17 18 19 20 21 22 23 24 9 10 11 12 13 14 15 16 1 2 3 4 5 6 7 8 26 25 28 27 30 29 32 31 18 17 20 19 22 21 24 23 10 9 12 11 14 13 16 15 2 1 4 3 6 5 8 7 28 27 26 25 32 31 30 29 20 19 18 17 24 23 22 21 11 12 9 10 15 16 13 14 3 4 1 2 7 8 5 6 27 28 25 26 31 32 29 30 19 20 17 18 23 24 21 22 12 11 10 9 16 15 14 13 4 3 2 1 8 7 6 5 30 29 32 31 26 25 28 27 21 22 23 24 17 18 19 20 14 13 16 15 10 9 12 11 5 6 7 8 1 2 3 4 29 30 31 32 25 26 27 28 22 21 24 23 18 17 20 19 13 14 15 16 9 10 11 12 6 5 8 7 2 1 4 3 31 32 29 30 27 28 25 26 24 23 22 21 20 19 18 17 16 15 14 13 12 11 10 9 7 8 5 6 3 4 1 2 32 31 30 29 28 27 26 25 23 24 21 22 19 20 17 18 15 16 13 14 11 12 9 10 8 7 6 5 4 3 2 1
G32_25	32	1 2 3 4 5 6 7 8 9 10 11 12 13 14 15 16 17 18 19 20 21 22 23 24 25 26 27 28 29 30 31 32 2 1 4 3 6 5 8 7 10 9 12 11 14 13 16 15 18 17 20 19 22 21 24 23 26 25 28 27 30 29 32 31 3 4 1 2 7 8 5 6 11 12 9 10 15 16 13 14 20 19 18 17 24 23 22 21 28 27 26 25 32 31 30 29 4 3 2 1 8 7 6 5 12 11 10 9 16 15 14 13 19 20 17 18 23 24 21 22 27 28 25 26 31 32 29 30 5 6 7 8 1 2 3 4 14 13 16 15 10 9 12 11 23 24 21 22 19 20 17 18 32 31 30 29 28 27 26 25 6 5 8 7 2 1 4 3 13 14 15 16 9 10 11 12 24 23 22 21 20 19 18 17 31 32 29 30 27 28 25 26 7 8 5 6 3 4 1 2 16 15 14 13 12 11 10 9 22 21 24 23 18 17 20 19 29 30 31 32 25 26 27 28 8 7 6 5 4 3 2 1 15 16 13 14 11 12 9 10 21 22 23 24 17 18 19 20 30 29 32 31 26 25 28 27 9 10 11 12 13 14 15 16 1 2 3 4 5 6 7 8 27 28 25 26 31 32 29 30 19 20 17 18 23 24 21 22 10 9 12 11 14 13 16 15 2 1 4 3 6 5 8 7 28 27 26 25 32 31 30 29 20 19 18 17 24 23 22 21 11 12 9 10 15 16 13 14 3 4 1 2 7 8 5 6 26 25 28 27 30 29 32 31 18 17 20 19 22 21 24 23 12 11 10 9 16 15 14 13 4 3 2 1 8 7 6 5 25 26 27 28 29 30 31 32 17 18 19 20 21 22 23 24 14 13 16 15 10 9 12 11 5 6 7 8 1 2 3 4 30 29 32 31 26 25 28 27 21 22 23 24 17 18 19 20 13 14 15 16 9 10 11 12 6 5 8 7 2 1 4 3 29 30 31 32 25 26 27 28 22 21 24 23 18 17 20 19 16 15 14 13 12 11 10 9 7 8 5 6 3 4 1 2 31 32 29 30 27 28 25 26 24 23 22 21 20 19 18 17 15 16 13 14 11 12 9 10 8 7 6 5 4 3 2 1 32 31 30 29 28 27 26 25 23 24 21 22 19 20 17 18 30 29 32 31 26 25 28 27 21 22 23 24 17 18 19 20 1 2 3 4 5 6 7 8 9 10 11 12 13 14 15 16 29 30 31 32 25 26 27 28 22 21 24 23 18 17 20 19 2 1 4 3 6 5 8 7 10 9 12 11 14 13 16 15 31 32 29 30 27 28 25 26 24 23 22 21 20 19 18 17 3 4 1 2 7 8 5 6 11 12 9 10 15 16 13 14 32 31 30 29 28 27 26 25 23 24 21 22 19 20 17 18 4 3 2 1 8 7 6 5 12 11 10 9 16 15 14 13 27 28 25 26 31 32 29 30 19 20 17 18 23 24 21 22 5 6 7 8 1 2 3 4 14 13 16 15 10 9 12 11 28 27 26 25 32 31 30 29 20 19 18 17 24 23 22 21 6 5 8 7 2 1 4 3 13 14 15 16 9 10 11 12 26 25 28 27 30 29 32 31 18 17 20 19 22 21 24 23 7 8 5 6 3 4 1 2 16 15 14 13 12 11 10 9 25 26 27 28 29 30 31 32 17 18 19 20 21 22 23 24 8 7 6 5 4 3 2 1 15 16 13 14 11 12 9 10 24 23 22 21 20 19 18 17 31 32 29 30 27 28 25 26 9 10 11 12 13 14 15 16 1 2 3 4 5 6 7 8 23 24 21 22 19 20 17 18 32 31 30 29 28 27 26 25 10 9 12 11 14 13 16 15 2 1 4 3 6 5 8 7 21 22 23 24 17 18 19 20 30 29 32 31 26 25 28 27 11 12 9 10 15 16 13 14 3 4 1 2 7 8 5 6 22 21 24 23 18 17 20 19 29 30 31 32 25 26 27 28 12 11 10 9 16 15 14 13 4 3 2 1 8 7 6 5 18 17 20 19 22 21 24 23 26 25 28 27 30 29 32 31 14 13 16 15 10 9 12 11 5 6 7 8 1 2 3 4 17 18 19 20 21 22 23 24 25 26 27 28 29 30 31 32 13 14 15 16 9 10 11 12 6 5 8 7 2 1 4 3 19 20 17 18 23 24 21 22 27 28 25 26 31 32 29 30 16 15 14 13 12 11 10 9 7 8 5 6 3 4 1 2 20 19 18 17 24 23 22 21 28 27 26 25 32 31 30 29 15 16 13 14 11 12 9 10 8 7 6 5 4 3 2 1
G32_26	32	1 2 3 4 5 6 7 8 9 10 11 12 13 14 15 16 17 18 19 20 21 22 23 24 25 26 27 28 29 30 31 32 2 1 4 3 6 5 8 7 10 9 12 11 14 13 16 15 18 17 20 19 22 21 24 23 26 25 28 27 30 29 32 31 3 4 1 2 7 8 5 6 11 12 9 10 15 16 13 14 20 19 18 17 24 23 22 21 28 27 26 25 32 31 30 29 4 3 2 1 8 7 6 5 12 11 10 9 16 15 14 13 19 20 17 18 23 24 21 22 27 28 25 26 31 32 29 30 5 6 7 8 1 2 3 4 14 13 16 15 10 9 12 11 25 26 27 28 29 30 31 32 17 18 19 20 21 22 23 24 6 5 8 7 2 1 4 3 13 14 15 16 9 10 11 12 26 25 28 27 30 29 32 31 18 17 20 19 22 21 24 23 7 8 5 6 3 4 1 2 16 15 14 13 12 11 10 9 28 27 26 25 32 31 30 29 20 19 18 17 24 23 22 21 8 7 6 5 4 3 2 1 15 16 13 14 11 12 9 10 27 28 25 26 31 32 29 30 19 20 17 18 23 24 21 22 9 10 11 12 13 14 15 16 1 2 3 4 5 6 7 8 22 21 24 23 18 17 20 19 29 30 31 32 25 26 27 28 10 9 12 11 14 13 16 15 2 1 4 3 6 5 8 7 21 22 23 24 17 18 19 20 30 29 32 31 26 25 28 27 11 12 9 10 15 16 13 14 3 4 1 2 7 8 5 6 23 24 21 22 19 20 17 18 32 31 30 29 28 27 26 25 12 11 10 9 16 15 14 13 4 3 2 1 8 7 6 5 24 23 22 21 20 19 18 17 31 32 29 30 27 28 25 26 14 13 16 15 10 9 12 11 5 6 7 8 1 2 3 4 30 29 32 31 26 25 28 27 21 22 23 24 17 18 19 20 13 14 15 16 9 10 11 12 6 5 8 7 2 1 4 3 29 30 31 32 25 26 27 28 22 21 24 23 18 17 20 19 16 15 14 13 12 11 10 9 7 8 5 6 3 4 1 2 31 32 29 30 27 28 25 26 24 23 22 21 20 19 18 17 15 16 13 14 11 12 9 10 8 7 6 5 4 3 2 1 32 31 30 29 28 27 26 25 23 24 21 22 19 20 17 18 30 29 32 31 26 25 28 27 21 22 23 24 17 18 19 20 1 2 3 4 5 6 7 8 9 10 11 12 13 14 15 16 29 30 31 32 25 26 27 28 22 21 24 23 18 17 20 19 2 1 4 3 6 5 8 7 10 9 12 11 14 13 16 15 31 32 29 30 27 28 25 26 24 23 22 21 20 19 18 17 3 4 1 2 7 8 5 6 11 12 9 10 15 16 13 14 32 31 30 29 28 27 26 25 23 24 21 22 19 20 17 18 4 3 2 1 8 7 6 5 12 11 10 9 16 15 14 13 22 21 24 23 18 17 20 19 29 30 31 32 25 26 27 28 5 6 7 8 1 2 3 4 14 13 16 15 10 9 12 11 21 22 23 24 17 18 19 20 30 29 32 31 26 25 28 27 6 5 8 7 2 1 4 3 13 14 15 16 9 10 11 12 23 24 21 22 19 20 17 18 32 31 30 29 28 27 26 25 7 8 5 6 3 4 1 2 16 15 14 13 12 11 10 9 24 23 22 21 20 19 18 17 31 32 29 30 27 28 25 26 8 7 6 5 4 3 2 1 15 16 13 14 11 12 9 10 26 25 28 27 30 29 32 31 18 17 20 19 22 21 24 23 9 10 11 12 13 14 15 16 1 2 3 4 5 6 7 8 25 26 27 28 29 30 31 32 17 18 19 20 21 22 23 24 10 9 12 11 14 13 16 15 2 1 4 3 6 5 8 7 27 28 25 26 31 32 29 30 19 20 17 18 23 24 21 22 11 12 9 10 15 16 13 14 3 4 1 2 7 8 5 6 28 27 26 25 32 31 30 29 20 19 18 17 24 23 22 21 12 11 10 9 16 15 14 13 4 3 2 1 8 7 6 5 18 17 20 19 22 21 24 23 26 25 28 27 30 29 32 31 14 13 16 15 10 9 12 11 5 6 7 8 1 2 3 4 17 18 19 20 21 22 23 24 25 26 27 28 29 30 31 32 13 14 15 16 9 10 11 12 6 5 8 7 2 1 4 3 19 20 17 18 23 24 21 22 27 28 25 26 31 32 29 30 16 15 14 13 12 11 10 9 7 8 5 6 3 4 1 2 20 19 18 17 24 23 22 21 28 27 26 25 32 31 30 29 15 16 13 14 11 12 9 10 8 7 6 5 4 3 2 1
G32_27	32	1 2 3 4 5 6 7 8 9 10 11 12 13 14 15 16 17 18 19 20 21 22 23 24 25 26 27 28 29 30 31 32 2 1 4 3 6 5 8 7 10 9 12 11 14 13 16 15 18 17 20 19 22 21 24 23 26 25 28 27 30 29 32 31 3 4 1 2 7 8 5 6 11 12 9 10 15 16 13 14 20 19 18 17 24 23 22 21 28 27 26 25 32 31 30 29 4 3 2 1 8 7 6 5 12 11 10 9 16 15 14 13 19 20 17 18 23 24 21 22 27 28 25 26 31 32 29 30 5 6 7 8 1 2 3 4 14 13 16 15 10 9 12 11 21 22 23 24 17 18 19 20 30 29 32 31 26 25 28 27 6 5 8 7 2 1 4 3 13 14 15 16 9 10 11 12 22 21 24 23 18 17 20 19 29 30 31 32 25 26 27 28 7 8 5 6 3 4 1 2 16 15 14 13 12 11 10 9 24 23 22 21 20 19 18 17 31 32 29 30 27 28 25 26 8 7 6 5 4 3 2 1 15 16 13 14 11 12 9 10 23 24 21 22 19 20 17 18 32 31 30 29 28 27 26 25 9 10 11 12 13 14 15 16 1 2 3 4 5 6 7 8 27 28 25 26 31 32 29 30 19 20 17 18 23 24 21 22 10 9 12 11 14 13 16 15 2 1 4 3 6 5 8 7 28 27 26 25 32 31 30 29 20 19 18 17 24 23 22 21 11 12 9 10 15 16 13 14 3 4 1 2 7 8 5 6 26 25 28 27 30 29 32 31 18 17 20 19 22 21 24 23 12 11 10 9 16 15 14 13 4 3 2 1 8 7 6 5 25 26 27 28 29 30 31 32 17 18 19 20 21 22 23 24 14 13 16 15 10 9 12 11 5 6 7 8 1 2 3 4 32 31 30 29 28 27 26 25 23 24 21 22 19 20 17 18 13 14 15 16 9 10 11 12 6 5 8 7 2 1 4 3 31 32 29 30 27 28 25 26 24 23 22 21 20 19 18 17 16 15 14 13 12 11 10 9 7 8 5 6 3 4 1 2 29 30 31 32 25 26 27 28 22 21 24 23 18 17 20 19 15 16 13 14 11 12 9 10 8 7 6 5 4 3 2 1 30 29 32 31 26 25 28 27 21 22 23 24 17 18 19 20 21 22 23 24 17 18 19 20 30 29 32 31 26 25 28 27 1 2 3 4 5 6 7 8 9 10 11 12 13 14 15 16 22 21 24 23 18 17 20 19 29 30 31 32 25 26 27 28 2 1 4 3 6 5 8 7 10 9 12 11 14 13 16 15 24 23 22 21 20 19 18 17 31 32 29 30 27 28 25 26 3 4 1 2 7 8 5 6 11 12 9 10 15 16 13 14 23 24 21 22 19 20 17 18 32 31 30 29 28 27 26 25 4 3 2 1 8 7 6 5 12 11 10 9 16 15 14 13 17 18 19 20 21 22 23 24 25 26 27 28 29 30 31 32 5 6 7 8 1 2 3 4 14 13 16 15 10 9 12 11 18 17 20 19 22 21 24 23 26 25 28 27 30 29 32 31 6 5 8 7 2 1 4 3 13 14 15 16 9 10 11 12 20 19 18 17 24 23 22 21 28 27 26 25 32 31 30 29 7 8 5 6 3 4 1 2 16 15 14 13 12 11 10 9 19 20 17 18 23 24 21 22 27 28 25 26 31 32 29 30 8 7 6 5 4 3 2 1 15 16 13 14 11 12 9 10 31 32 29 30 27 28 25 26 24 23 22 21 20 19 18 17 9 10 11 12 13 14 15 16 1 2 3 4 5 6 7 8 32 31 30 29 28 27 26 25 23 24 21 22 19 20 17 18 10 9 12 11 14 13 16 15 2 1 4 3 6 5 8 7 30 29 32 31 26 25 28 27 21 22 23 24 17 18 19 20 11 12 9 10 15 16 13 14 3 4 1 2 7 8 5 6 29 30 31 32 25 26 27 28 22 21 24 23 18 17 20 19 12 11 10 9 16 15 14 13 4 3 2 1 8 7 6 5 28 27 26 25 32 31 30 29 20 19 18 17 24 23 22 21 14 13 16 15 10 9 12 11 5 6 7 8 1 2 3 4 27 28 25 26 31 32 29 30 19 20 17 18 23 24 21 22 13 14 15 16 9 10 11 12 6 5 8 7 2 1 4 3 25 26 27 28 29 30 31 32 17 18 19 20 21 22 23 24 16 15 14 13 12 11 10 9 7 8 5 6 3 4 1 2 26 25 28 27 30 29 32 31 18 17 20 19 22 21 24 23 15 16 13 14 11 12 9 10 8 7 6 5 4 3 2 1
G32_28	32	1 2 3 4 5 6 7 8 9 10 11 12 13 14 15 16 17 18 19 20 21 22 23 24 25 26 27 28 29 30 31 32 2 1 4 3 6 5 8 7 10 9 12 11 14 13 16 15 18 17 20 19 22 21 24 23 26 25 28 27 30 29 32 31 3 4 1 2 7 8 5 6 11 12 9 10 15 16 13 14 19 20 17 18 23 24 21 22 27 28 25 26 31 32 29 30 4 3 2 1 8 7 6 5 12 11 10 9 16 15 14 13 20 19 18 17 24 23 22 21 28 27 26 25 32 31 30 29 5 6 7 8 1 2 3 4 14 13 16 15 10 9 12 11 23 24 21 22 19 20 17 18 32 31 30 29 28 27 26 25 6 5 8 7 2 1 4 3 13 14 15 16 9 10 11 12 24 23 22 21 20 19 18 17 31 32 29 30 27 28 25 26 7 8 5 6 3 4 1 2 16 15 14 13 12 11 10 9 21 22 23 24 17 18 19 20 30 29 32 31 26 25 28 27 8 7 6 5 4 3 2 1 15 16 13 14 11 12 9 10 22 21 24 23 18 17 20 19 29 30 31 32 25 26 27 28 11 12 9 10 15 16 13 14 1 2 3 4 5 6 7 8 27 28 25 26 31 32 29 30 17 18 19 20 21 22 23 24 12 11 10 9 16 15 14 13 2 1 4 3 6 5 8 7 28 27 26 25 32 31 30 29 18 17 20 19 22 21 24 23 9 10 11 12 13 14 15 16 3 4 1 2 7 8 5 6 25 26 27 28 29 30 31 32 19 20 17 18 23 24 21 22 10 9 12 11 14 13 16 15 4 3 2 1 8 7 6 5 26 25 28 27 30 29 32 31 20 19 18 17 24 23 22 21 16 15 14 13 12 11 10 9 5 6 7 8 1 2 3 4 30 29 32 31 26 25 28 27 23 24 21 22 19 20 17 18 15 16 13 14 11 12 9 10 6 5 8 7 2 1 4 3 29 30 31 32 25 26 27 28 24 23 22 21 20 19 18 17 14 13 16 15 10 9 12 11 7 8 5 6 3 4 1 2 32 31 30 29 28 27 26 25 21 22 23 24 17 18 19 20 13 14 15 16 9 10 11 12 8 7 6 5 4 3 2 1 31 32 29 30 27 28 25 26 22 21 24 23 18 17 20 19 20 19 18 17 24 23 22 21 28 27 26 25 32 31 30 29 1 2 3 4 5 6 7 8 9 10 11 12 13 14 15 16 19 20 17 18 23 24 21 22 27 28 25 26 31 32 29 30 2 1 4 3 6 5 8 7 10 9 12 11 14 13 16 15 18 17 20 19 22 21 24 23 26 25 28 27 30 29 32 31 3 4 1 2 7 8 5 6 11 12 9 10 15 16 13 14 17 18 19 20 21 22 23 24 25 26 27 28 29 30 31 32 4 3 2 1 8 7 6 5 12 11 10 9 16 15 14 13 22 21 24 23 18 17 20 19 29 30 31 32 25 26 27 28 5 6 7 8 1 2 3 4 14 13 16 15 10 9 12 11 21 22 23 24 17 18 19 20 30 29 32 31 26 25 28 27 6 5 8 7 2 1 4 3 13 14 15 16 9 10 11 12 24 23 22 21 20 19 18 17 31 32 29 30 27 28 25 26 7 8 5 6 3 4 1 2 16 15 14 13 12 11 10 9 23 24 21 22 19 20 17 18 32 31 30 29 28 27 26 25 8 7 6 5 4 3 2 1 15 16 13 14 11 12 9 10 26 25 28 27 30 29 32 31 20 19 18 17 24 23 22 21 11 12 9 10 15 16 13 14 1 2 3 4 5 6 7 8 25 26 27 28 29 30 31 32 19 20 17 18 23 24 21 22 12 11 10 9 16 15 14 13 2 1 4 3 6 5 8 7 28 27 26 25 32 31 30 29 18 17 20 19 22 21 24 23 9 10 11 12 13 14 15 16 3 4 1 2 7 8 5 6 27 28 25 26 31 32 29 30 17 18 19 20 21 22 23 24 10 9 12 11 14 13 16 15 4 3 2 1 8 7 6 5 31 32 29 30 27 28 25 26 22 21 24 23 18 17 20 19 16 15 14 13 12 11 10 9 5 6 7 8 1 2 3 4 32 31 30 29 28 27 26 25 21 22 23 24 17 18 19 20 15 16 13 14 11 12 9 10 6 5 8 7 2 1 4 3 29 30 31 32 25 26 27 28 24 23 22 21 20 19 18 17 14 13 16 15 10 9 12 11 7 8 5 6 3 4 1 2 30 29 32 31 26 25 28 27 23 24 21 22 19 20 17 18 13 14 15 16 9 10 11 12 8 7 6 5 4 3 2 1
G32_33	32	1 2 3 4 5 6 7 8 9 10 11 12 13 14 15 16 17 18 19 20 21 22 23 24 25 26 27 28 29 30 31 32 2 1 4 3 6 5 8 7 10 9 12 11 14 13 16 15 18 17 20 19 22 21 24 23 26 25 28 27 30 29 32 31 3 4 1 2 7 8 5 6 11 12 9 10 15 16 13 14 20 19 18 17 24 23 22 21 28 27 26 25 32 31 30 29 4 3 2 1 8 7 6 5 12 11 10 9 16 15 14 13 19 20 17 18 23 24 21 22 27 28 25 26 31 32 29 30 6 5 8 7 1 2 3 4 14 13 16 15 9 10 11 12 22 21 24 23 17 18 19 20 30 29 32 31 25 26 27 28 5 6 7 8 2 1 4 3 13 14 15 16 10 9 12 11 21 22 23 24 18 17 20 19 29 30 31 32 26 25 28 27 8 7 6 5 3 4 1 2 16 15 14 13 11 12 9 10 23 24 21 22 20 19 18 17 31 32 29 30 28 27 26 25 7 8 5 6 4 3 2 1 15 16 13 14 12 11 10 9 24 23 22 21 19 20 17 18 32 31 30 29 27 28 25 26 11 12 9 10 15 16 13 14 1 2 3 4 5 6 7 8 30 29 32 31 25 26 27 28 24 23 22 21 19 20 17 18 12 11 10 9 16 15 14 13 2 1 4 3 6 5 8 7 29 30 31 32 26 25 28 27 23 24 21 22 20 19 18 17 9 10 11 12 13 14 15 16 3 4 1 2 7 8 5 6 31 32 29 30 28 27 26 25 21 22 23 24 18 17 20 19 10 9 12 11 14 13 16 15 4 3 2 1 8 7 6 5 32 31 30 29 27 28 25 26 22 21 24 23 17 18 19 20 16 15 14 13 11 12 9 10 6 5 8 7 1 2 3 4 26 25 28 27 30 29 32 31 20 19 18 17 24 23 22 21 15 16 13 14 12 11 10 9 5 6 7 8 2 1 4 3 25 26 27 28 29 30 31 32 19 20 17 18 23 24 21 22 14 13 16 15 9 10 11 12 8 7 6 5 3 4 1 2 27 28 25 26 31 32 29 30 17 18 19 20 21 22 23 24 13 14 15 16 10 9 12 11 7 8 5 6 4 3 2 1 28 27 26 25 32 31 30 29 18 17 20 19 22 21 24 23 17 18 19 20 21 22 23 24 25 26 27 28 29 30 31 32 1 2 3 4 5 6 7 8 9 10 11 12 13 14 15 16 18 17 20 19 22 21 24 23 26 25 28 27 30 29 32 31 2 1 4 3 6 5 8 7 10 9 12 11 14 13 16 15 20 19 18 17 24 23 22 21 28 27 26 25 32 31 30 29 3 4 1 2 7 8 5 6 11 12 9 10 15 16 13 14 19 20 17 18 23 24 21 22 27 28 25 26 31 32 29 30 4 3 2 1 8 7 6 5 12 11 10 9 16 15 14 13 22 21 24 23 17 18 19 20 30 29 32 31 25 26 27 28 6 5 8 7 1 2 3 4 14 13 16 15 9 10 11 12 21 22 23 24 18 17 20 19 29 30 31 32 26 25 28 27 5 6 7 8 2 1 4 3 13 14 15 16 10 9 12 11 23 24 21 22 20 19 18 17 31 32 29 30 28 27 26 25 8 7 6 5 3 4 1 2 16 15 14 13 11 12 9 10 24 23 22 21 19 20 17 18 32 31 30 29 27 28 25 26 7 8 5 6 4 3 2 1 15 16 13 14 12 11 10 9 30 29 32 31 25 26 27 28 24 23 22 21 19 20 17 18 11 12 9 10 15 16 13 14 1 2 3 4 5 6 7 8 29 30 31 32 26 25 28 27 23 24 21 22 20 19 18 17 12 11 10 9 16 15 14 13 2 1 4 3 6 5 8 7 31 32 29 30 28 27 26 25 21 22 23 24 18 17 20 19 9 10 11 12 13 14 15 16 3 4 1 2 7 8 5 6 32 31 30 29 27 28 25 26 22 21 24 23 17 18 19 20 10 9 12 11 14 13 16 15 4 3 2 1 8 7 6 5 26 25 28 27 30 29 32 31 20 19 18 17 24 23 22 21 16 15 14 13 11 12 9 10 6 5 8 7 1 2 3 4 25 26 27 28 29 30 31 32 19 20 17 18 23 24 21 22 15 16 13 14 12 11 10 9 5 6 7 8 2 1 4 3 27 28 25 26 31 32 29 30 17 18 19 20 21 22 23 24 14 13 16 15 9 10 11 12 8 7 6 5 3 4 1 2 28 27 26 25 32 31 30 29 18 17 20 19 22 21 24 23 13 14 15 16 10 9 12 11 7 8 5 6 4 3 2 1
G32_34	32	1 2 3 4 5 6 7 8 9 10 11 12 13 14 15 16 17 18 19 20 21 22 23 24 25 26 27 28 29 30 31 32 2 1 4 3 6 5 8 7 10 9 12 11 14 13 16 15 18 17 20 19 22 21 24 23 26 25 28 27 30 29 32 31 3 4 1 2 7 8 5 6 11 12 9 10 15 16 13 14 19 20 17 18 23 24 21 22 27 28 25 26 31 32 29 30 4 3 2 1 8 7 6 5 12 11 10 9 16 15 14 13 20 19 18 17 24 23 22 21 28 27 26 25 32 31 30 29 6 5 8 7 1 2 3 4 14 13 16 15 9 10 11 12 21 22 23 24 18 17 20 19 29 30 31 32 26 25 28 27 5 6 7 8 2 1 4 3 13 14 15 16 10 9 12 11 22 21 24 23 17 18 19 20 30 29 32 31 25 26 27 28 8 7 6 5 3 4 1 2 16 15 14 13 11 12 9 10 23 24 21 22 20 19 18 17 31 32 29 30 28 27 26 25 7 8 5 6 4 3 2 1 15 16 13 14 12 11 10 9 24 23 22 21 19 20 17 18 32 31 30 29 27 28 25 26 11 12 9 10 15 16 13 14 1 2 3 4 5 6 7 8 25 26 27 28 29 30 31 32 19 20 17 18 23 24 21 22 12 11 10 9 16 15 14 13 2 1 4 3 6 5 8 7 26 25 28 27 30 29 32 31 20 19 18 17 24 23 22 21 9 10 11 12 13 14 15 16 3 4 1 2 7 8 5 6 27 28 25 26 31 32 29 30 17 18 19 20 21 22 23 24 10 9 12 11 14 13 16 15 4 3 2 1 8 7 6 5 28 27 26 25 32 31 30 29 18 17 20 19 22 21 24 23 16 15 14 13 11 12 9 10 6 5 8 7 1 2 3 4 29 30 31 32 26 25 28 27 23 24 21 22 20 19 18 17 15 16 13 14 12 11 10 9 5 6 7 8 2 1 4 3 30 29 32 31 25 26 27 28 24 23 22 21 19 20 17 18 14 13 16 15 9 10 11 12 8 7 6 5 3 4 1 2 31 32 29 30 28 27 26 25 21 22 23 24 18 17 20 19 13 14 15 16 10 9 12 11 7 8 5 6 4 3 2 1 32 31 30 29 27 28 25 26 22 21 24 23 17 18 19 20 18 17 20 19 22 21 24 23 26 25 28 27 30 29 32 31 1 2 3 4 5 6 7 8 9 10 11 12 13 14 15 16 17 18 19 20 21 22 23 24 25 26 27 28 29 30 31 32 2 1 4 3 6 5 8 7 10 9 12 11 14 13 16 15 20 19 18 17 24 23 22 21 28 27 26 25 32 31 30 29 3 4 1 2 7 8 5 6 11 12 9 10 15 16 13 14 19 20 17 18 23 24 21 22 27 28 25 26 31 32 29 30 4 3 2 1 8 7 6 5 12 11 10 9 16 15 14 13 22 21 24 23 17 18 19 20 30 29 32 31 25 26 27 28 6 5 8 7 1 2 3 4 14 13 16 15 9 10 11 12 21 22 23 24 18 17 20 19 29 30 31 32 26 25 28 27 5 6 7 8 2 1 4 3 13 14 15 16 10 9 12 11 24 23 22 21 19 20 17 18 32 31 30 29 27 28 25 26 8 7 6 5 3 4 1 2 16 15 14 13 11 12 9 10 23 24 21 22 20 19 18 17 31 32 29 30 28 27 26 25 7 8 5 6 4 3 2 1 15 16 13 14 12 11 10 9 26 25 28 27 30 29 32 31 20 19 18 17 24 23 22 21 11 12 9 10 15 16 13 14 1 2 3 4 5 6 7 8 25 26 27 28 29 30 31 32 19 20 17 18 23 24 21 22 12 11 10 9 16 15 14 13 2 1 4 3 6 5 8 7 28 27 26 25 32 31 30 29 18 17 20 19 22 21 24 23 9 10 11 12 13 14 15 16 3 4 1 2 7 8 5 6 27 28 25 26 31 32 29 30 17 18 19 20 21 22 23 24 10 9 12 11 14 13 16 15 4 3 2 1 8 7 6 5 30 29 32 31 25 26 27 28 24 23 22 21 19 20 17 18 16 15 14 13 11 12 9 10 6 5 8 7 1 2 3 4 29 30 31 32 26 25 28 27 23 24 21 22 20 19 18 17 15 16 13 14 12 11 10 9 5 6 7 8 2 1 4 3 32 31 30 29 27 28 25 26 22 21 24 23 17 18 19 20 14 13 16 15 9 10 11 12 8 7 6 5 3 4 1 2 31 32 29 30 28 27 26 25 21 22 23 24 18 17 20 19 13 14 15 16 10 9 12 11 7 8 5 6 4 3 2 1
G32_35	32	1 2 3 4 5 6 7 8 9 10 11 12 13 14 15 16 17 18 19 20 21 22 23 24 25 26 27 28 29 30 31 32 2 1 4 3 6 5 8 7 10 9 12 11 14 13 16 15 18 17 20 19 22 21 24 23 26 25 28 27 30 29 32 31 3 4 1 2 7 8 5 6 11 12 9 10 15 16 13 14 19 20 17 18 23 24 21 22 27 28 25 26 31 32 29 30 4 3 2 1 8 7 6 5 12 11 10 9 16 15 14 13 20 19 18 17 24 23 22 21 28 27 26 25 32 31 30 29 6 5 8 7 1 2 3 4 14 13 16 15 9 10 11 12 21 22 23 24 18 17 20 19 29 30 31 32 26 25 28 27 5 6 7 8 2 1 4 3 13 14 15 16 10 9 12 11 22 21 24 23 17 18 19 20 30 29 32 31 25 26 27 28 8 7 6 5 3 4 1 2 16 15 14 13 11 12 9 10 23 24 21 22 20 19 18 17 31 32 29 30 28 27 26 25 7 8 5 6 4 3 2 1 15 16 13 14 12 11 10 9 24 23 22 21 19 20 17 18 32 31 30 29 27 28 25 26 11 12 9 10 15 16 13 14 1 2 3 4 5 6 7 8 26 25 28 27 30 29 32 31 20 19 18 17 24 23 22 21 12 11 10 9 16 15 14 13 2 1 4 3 6 5 8 7 25 26 27 28 29 30 31 32 19 20 17 18 23 24 21 22 9 10 11 12 13 14 15 16 3 4 1 2 7 8 5 6 28 27 26 25 32 31 30 29 18 17 20 19 22 21 24 23 10 9 12 11 14 13 16 15 4 3 2 1 8 7 6 5 27 28 25 26 31 32 29 30 17 18 19 20 21 22 23 24 16 15 14 13 11 12 9 10 6 5 8 7 1 2 3 4 30 29 32 31 25 26 27 28 24 23 22 21 19 20 17 18 15 16 13 14 12 11 10 9 5 6 7 8 2 1 4 3 29 30 31 32 26 25 28 27 23 24 21 22 20 19 18 17 14 13 16 15 9 10 11 12 8 7 6 5 3 4 1 2 32 31 30 29 27 28 25 26 22 21 24 23 17 18 19 20 13 14 15 16 10 9 12 11 7 8 5 6 4 3 2 1 31 32 29 30 28 27 26 25 21 22 23 24 18 17 20 19 19 20 17 18 23 24 21 22 27 28 25 26 31 32 29 30 1 2 3 4 5 6 7 8 9 10 11 12 13 14 15 16 20 19 18 17 24 23 22 21 28 27 26 25 32 31 30 29 2 1 4 3 6 5 8 7 10 9 12 11 14 13 16 15 17 18 19 20 21 22 23 24 25 26 27 28 29 30 31 32 3 4 1 2 7 8 5 6 11 12 9 10 15 16 13 14 18 17 20 19 22 21 24 23 26 25 28 27 30 29 32 31 4 3 2 1 8 7 6 5 12 11 10 9 16 15 14 13 23 24 21 22 20 19 18 17 31 32 29 30 28 27 26 25 6 5 8 7 1 2 3 4 14 13 16 15 9 10 11 12 24 23 22 21 19 20 17 18 32 31 30 29 27 28 25 26 5 6 7 8 2 1 4 3 13 14 15 16 10 9 12 11 21 22 23 24 18 17 20 19 29 30 31 32 26 25 28 27 8 7 6 5 3 4 1 2 16 15 14 13 11 12 9 10 22 21 24 23 17 18 19 20 30 29 32 31 25 26 27 28 7 8 5 6 4 3 2 1 15 16 13 14 12 11 10 9 28 27 26 25 32 31 30 29 18 17 20 19 22 21 24 23 11 12 9 10 15 16 13 14 1 2 3 4 5 6 7 8 27 28 25 26 31 32 29 30 17 18 19 20 21 22 23 24 12 11 10 9 16 15 14 13 2 1 4 3 6 5 8 7 26 25 28 27 30 29 32 31 20 19 18 17 24 23 22 21 9 10 11 12 13 14 15 16 3 4 1 2 7 8 5 6 25 26 27 28 29 30 31 32 19 20 17 18 23 24 21 22 10 9 12 11 14 13 16 15 4 3 2 1 8 7 6 5 32 31 30 29 27 28 25 26 22 21 24 23 17 18 19 20 16 15 14 13 11 12 9 10 6 5 8 7 1 2 3 4 31 32 29 30 28 27 26 25 21 22 23 24 18 17 20 19 15 16 13 14 12 11 10 9 5 6 7 8 2 1 4 3 30 29 32 31 25 26 27 28 24 23 22 21 19 20 17 18 14 13 16 15 9 10 11 12 8 7 6 5 3 4 1 2 29 30 31 32 26 25 28 27 23 24 21 22 20 19 18 17 13 14 15 16 10 9 12 11 7 8 5 6 4 3 2 1
G32_37	32	1 2 3 4 5 6 7 8 9 10 11 12 13 14 15 16 17 18 19 20 21 22 23 24 25 26 27 28 29 30 31 32 2 1 4 3 6 5 8 7 10 9 12 11 14 13 16 15 18 17 20 19 22 21 24 23 26 25 28 27 30 29 32 31 3 4 1 2 7 8 5 6 11 12 9 10 15 16 13 14 20 19 18 17 24 23 22 21 28 27 26 25 32 31 30 29 4 3 2 1 8 7 6 5 12 11 10 9 16 15 14 13 19 20 17 18 23 24 21 22 27 28 25 26 31 32 29 30 6 5 8 7 1 2 3 4 14 13 16 15 9 10 11 12 22 21 24 23 17 18 19 20 30 29 32 31 25 26 27 28 5 6 7 8 2 1 4 3 13 14 15 16 10 9 12 11 21 22 23 24 18 17 20 19 29 30 31 32 26 25 28 27 8 7 6 5 3 4 1 2 16 15 14 13 11 12 9 10 23 24 21 22 20 19 18 17 31 32 29 30 28 27 26 25 7 8 5 6 4 3 2 1 15 16 13 14 12 11 10 9 24 23 22 21 19 20 17 18 32 31 30 29 27 28 25 26 14 13 16 15 9 10 11 12 1 2 3 4 5 6 7 8 30 29 32 31 25 26 27 28 17 18 19 20 21 22 23 24 13 14 15 16 10 9 12 11 2 1 4 3 6 5 8 7 29 30 31 32 26 25 28 27 18 17 20 19 22 21 24 23 16 15 14 13 11 12 9 10 3 4 1 2 7 8 5 6 31 32 29 30 28 27 26 25 20 19 18 17 24 23 22 21 15 16 13 14 12 11 10 9 4 3 2 1 8 7 6 5 32 31 30 29 27 28 25 26 19 20 17 18 23 24 21 22 10 9 12 11 14 13 16 15 6 5 8 7 1 2 3 4 26 25 28 27 30 29 32 31 22 21 24 23 17 18 19 20 9 10 11 12 13 14 15 16 5 6 7 8 2 1 4 3 25 26 27 28 29 30 31 32 21 22 23 24 18 17 20 19 12 11 10 9 16 15 14 13 8 7 6 5 3 4 1 2 27 28 25 26 31 32 29 30 23 24 21 22 20 19 18 17 11 12 9 10 15 16 13 14 7 8 5 6 4 3 2 1 28 27 26 25 32 31 30 29 24 23 22 21 19 20 17 18 17 18 19 20 21 22 23 24 25 26 27 28 29 30 31 32 1 2 3 4 5 6 7 8 9 10 11 12 13 14 15 16 18 17 20 19 22 21 24 23 26 25 28 27 30 29 32 31 2 1 4 3 6 5 8 7 10 9 12 11 14 13 16 15 20 19 18 17 24 23 22 21 28 27 26 25 32 31 30 29 3 4 1 2 7 8 5 6 11 12 9 10 15 16 13 14 19 20 17 18 23 24 21 22 27 28 25 26 31 32 29 30 4 3 2 1 8 7 6 5 12 11 10 9 16 15 14 13 22 21 24 23 17 18 19 20 30 29 32 31 25 26 27 28 6 5 8 7 1 2 3 4 14 13 16 15 9 10 11 12 21 22 23 24 18 17 20 19 29 30 31 32 26 25 28 27 5 6 7 8 2 1 4 3 13 14 15 16 10 9 12 11 23 24 21 22 20 19 18 17 31 32 29 30 28 27 26 25 8 7 6 5 3 4 1 2 16 15 14 13 11 12 9 10 24 23 22 21 19 20 17 18 32 31 30 29 27 28 25 26 7 8 5 6 4 3 2 1 15 16 13 14 12 11 10 9 30 29 32 31 25 26 27 28 17 18 19 20 21 22 23 24 14 13 16 15 9 10 11 12 1 2 3 4 5 6 7 8 29 30 31 32 26 25 28 27 18 17 20 19 22 21 24 23 13 14 15 16 10 9 12 11 2 1 4 3 6 5 8 7 31 32 29 30 28 27 26 25 20 19 18 17 24 23 22 21 16 15 14 13 11 12 9 10 3 4 1 2 7 8 5 6 32 31 30 29 27 28 25 26 19 20 17 18 23 24 21 22 15 16 13 14 12 11 10 9 4 3 2 1 8 7 6 5 26 25 28 27 30 29 32 31 22 21 24 23 17 18 19 20 10 9 12 11 14 13 16 15 6 5 8 7 1 2 3 4 25 26 27 28 29 30 31 32 21 22 23 24 18 17 20 19 9 10 11 12 13 14 15 16 5 6 7 8 2 1 4 3 27 28 25 26 31 32 29 30 23 24 21 22 20 19 18 17 12 11 10 9 16 15 14 13 8 7 6 5 3 4 1 2 28 27 26 25 32 31 30 29 24 23 22 21 19 20 17 18 11 12 9 10 15 16 13 14 7 8 5 6 4 3 2 1
G32_4	32	1 2 3 4 5 6 7 8 9 10 11 12 13 14 15 16 17 18 19 20 21 22 23 24 25 26 27 28 29 30 31 32 2 1 4 3 6 5 8 7 10 9 12 11 14 13 16 15 18 17 20 19 22 21 24 23 26 25 28 27 30 29 32 31 3 4 1 2 7 8 5 6 11 12 9 10 15 16 13 14 19 20 17 18 23 24 21 22 27 28 25 26 31 32 29 30 4 3 2 1 8 7 6 5 12 11 10 9 16 15 14 13 20 19 18 17 24 23 22 21 28 27 26 25 32 31 30 29 5 6 7 8 1 2 3 4 13 14 15 16 9 10 11 12 21 22 23 24 17 18 19 20 29 30 31 32 25 26 27 28 6 5 8 7 2 1 4 3 14 13 16 15 10 9 12 11 22 21 24 23 18 17 20 19 30 29 32 31 26 25 28 27 7 8 5 6 3 4 1 2 15 16 13 14 11 12 9 10 23 24 21 22 19 20 17 18 31 32 29 30 27 28 25 26 8 7 6 5 4 3 2 1 16 15 14 13 12 11 10 9 24 23 22 21 20 19 18 17 32 31 30 29 28 27 26 25 9 10 11 12 13 14 15 16 1 2 3 4 5 6 7 8 26 25 28 27 30 29 32 31 18 17 20 19 22 21 24 23 10 9 12 11 14 13 16 15 2 1 4 3 6 5 8 7 25 26 27 28 29 30 31 32 17 18 19 20 21 22 23 24 11 12 9 10 15 16 13 14 3 4 1 2 7 8 5 6 28 27 26 25 32 31 30 29 20 19 18 17 24 23 22 21 12 11 10 9 16 15 14 13 4 3 2 1 8 7 6 5 27 28 25 26 31 32 29 30 19 20 17 18 23 24 21 22 13 14 15 16 9 10 11 12 5 6 7 8 1 2 3 4 30 29 32 31 26 25 28 27 22 21 24 23 18 17 20 19 14 13 16 15 10 9 12 11 6 5 8 7 2 1 4 3 29 30 31 32 25 26 27 28 21 22 23 24 17 18 19 20 15 16 13 14 11 12 9 10 7 8 5 6 3 4 1 2 32 31 30 29 28 27 26 25 24 23 22 21 20 19 18 17 16 15 14 13 12 11 10 9 8 7 6 5 4 3 2 1 31 32 29 30 27 28 25 26 23 24 21 22 19 20 17 18 19 20 17 18 23 24 21 22 27 28 25 26 31 32 29 30 1 2 3 4 5 6 7 8 9 10 11 12 13 14 15 16 20 19 18 17 24 23 22 21 28 27 26 25 32 31 30 29 2 1 4 3 6 5 8 7 10 9 12 11 14 13 16 15 17 18 19 20 21 22 23 24 25 26 27 28 29 30 31 32 3 4 1 2 7 8 5 6 11 12 9 10 15 16 13 14 18 17 20 19 22 21 24 23 26 25 28 27 30 29 32 31 4 3 2 1 8 7 6 5 12 11 10 9 16 15 14 13 23 24 21 22 19 20 17 18 31 32 29 30 27 28 25 26 5 6 7 8 1 2 3 4 13 14 15 16 9 10 11 12 24 23 22 21 20 19 18 17 32 31 30 29 28 27 26 25 6 5 8 7 2 1 4 3 14 13 16 15 10 9 12 11 21 22 23 24 17 18 19 20 29 30 31 32 25 26 27 28 7 8 5 6 3 4 1 2 15 16 13 14 11 12 9 10 22 21 24 23 18 17 20 19 30 29 32 31 26 25 28 27 8 7 6 5 4 3 2 1 16 15 14 13 12 11 10 9 28 27 26 25 32 31 30 29 20 19 18 17 24 23 22 21 9 10 11 12 13 14 15 16 1 2 3 4 5 6 7 8 27 28 25 26 31 32 29 30 19 20 17 18 23 24 21 22 10 9 12 11 14 13 16 15 2 1 4 3 6 5 8 7 26 25 28 27 30 29 32 31 18 17 20 19 22 21 24 23 11 12 9 10 15 16 13 14 3 4 1 2 7 8 5 6 25 26 27 28 29 30 31 32 17 18 19 20 21 22 23 24 12 11 10 9 16 15 14 13 4 3 2 1 8 7 6 5 32 31 30 29 28 27 26 25 24 23 22 21 20 19 18 17 13 14 15 16 9 10 11 12 5 6 7 8 1 2 3 4 31 32 29 30 27 28 25 26 23 24 21 22 19 20 17 18 14 13 16 15 10 9 12 11 6 5 8 7 2 1 4 3 30 29 32 31 26 25 28 27 22 21 24 23 18 17 20 19 15 16 13 14 11 12 9 10 7 8 5 6 3 4 1 2 29 30 31 32 25 26 27 28 21 22 23 24 17 18 19 20 16 15 14 13 12 11 10 9 8 7 6 5 4 3 2 1
G32_40	32	1 2 3 4 5 6 7 8 9 10 11 12 13 14 15 16 17 18 19 20 21 22 23 24 25 26 27 28 29 30 31 32 2 1 4 3 6 5 8 7 10 9 12 11 14 13 16 15 18 17 20 19 22 21 24 23 26 25 28 27 30 29 32 31 3 4 1 2 7 8 5 6 11 12 9 10 15 16 13 14 20 19 18 17 24 23 22 21 28 27 26 25 32 31 30 29 4 3 2 1 8 7 6 5 12 11 10 9 16 15 14 13 19 20 17 18 23 24 21 22 27 28 25 26 31 32 29 30 6 5 8 7 1 2 3 4 14 13 16 15 9 10 11 12 21 22 23 24 18 17 20 19 29 30 31 32 26 25 28 27 5 6 7 8 2 1 4 3 13 14 15 16 10 9 12 11 22 21 24 23 17 18 19 20 30 29 32 31 25 26 27 28 8 7 6 5 3 4 1 2 16 15 14 13 11 12 9 10 24 23 22 21 19 20 17 18 32 31 30 29 27 28 25 26 7 8 5 6 4 3 2 1 15 16 13 14 12 11 10 9 23 24 21 22 20 19 18 17 31 32 29 30 28 27 26 25 14 13 16 15 9 10 11 12 1 2 3 4 5 6 7 8 26 25 28 27 30 29 32 31 22 21 24 23 17 18 19 20 13 14 15 16 10 9 12 11 2 1 4 3 6 5 8 7 25 26 27 28 29 30 31 32 21 22 23 24 18 17 20 19 16 15 14 13 11 12 9 10 3 4 1 2 7 8 5 6 27 28 25 26 31 32 29 30 23 24 21 22 20 19 18 17 15 16 13 14 12 11 10 9 4 3 2 1 8 7 6 5 28 27 26 25 32 31 30 29 24 23 22 21 19 20 17 18 10 9 12 11 14 13 16 15 6 5 8 7 1 2 3 4 30 29 32 31 25 26 27 28 17 18 19 20 21 22 23 24 9 10 11 12 13 14 15 16 5 6 7 8 2 1 4 3 29 30 31 32 26 25 28 27 18 17 20 19 22 21 24 23 12 11 10 9 16 15 14 13 8 7 6 5 3 4 1 2 31 32 29 30 28 27 26 25 20 19 18 17 24 23 22 21 11 12 9 10 15 16 13 14 7 8 5 6 4 3 2 1 32 31 30 29 27 28 25 26 19 20 17 18 23 24 21 22 17 18 19 20 21 22 23 24 25 26 27 28 29 30 31 32 1 2 3 4 5 6 7 8 9 10 11 12 13 14 15 16 18 17 20 19 22 21 24 23 26 25 28 27 30 29 32 31 2 1 4 3 6 5 8 7 10 9 12 11 14 13 16 15 20 19 18 17 24 23 22 21 28 27 26 25 32 31 30 29 3 4 1 2 7 8 5 6 11 12 9 10 15 16 13 14 19 20 17 18 23 24 21 22 27 28 25 26 31 32 29 30 4 3 2 1 8 7 6 5 12 11 10 9 16 15 14 13 21 22 23 24 18 17 20 19 29 30 31 32 26 25 28 27 6 5 8 7 1 2 3 4 14 13 16 15 9 10 11 12 22 21 24 23 17 18 19 20 30 29 32 31 25 26 27 28 5 6 7 8 2 1 4 3 13 14 15 16 10 9 12 11 24 23 22 21 19 20 17 18 32 31 30 29 27 28 25 26 8 7 6 5 3 4 1 2 16 15 14 13 11 12 9 10 23 24 21 22 20 19 18 17 31 32 29 30 28 27 26 25 7 8 5 6 4 3 2 1 15 16 13 14 12 11 10 9 26 25 28 27 30 29 32 31 22 21 24 23 17 18 19 20 14 13 16 15 9 10 11 12 1 2 3 4 5 6 7 8 25 26 27 28 29 30 31 32 21 22 23 24 18 17 20 19 13 14 15 16 10 9 12 11 2 1 4 3 6 5 8 7 27 28 25 26 31 32 29 30 23 24 21 22 20 19 18 17 16 15 14 13 11 12 9 10 3 4 1 2 7 8 5 6 28 27 26 25 32 31 30 29 24 23 22 21 19 20 17 18 15 16 13 14 12 11 10 9 4 3 2 1 8 7 6 5 30 29 32 31 25 26 27 28 17 18 19 20 21 22 23 24 10 9 12 11 14 13 16 15 6 5 8 7 1 2 3 4 29 30 31 32 26 25 28 27 18 17 20 19 22 21 24 23 9 10 11 12 13 14 15 16 5 6 7 8 2 1 4 3 31 32 29 30 28 27 26 25 20 19 18 17 24 23 22 21 12 11 10 9 16 15 14 13 8 7 6 5 3 4 1 2 32 31 30 29 27 28 25 26 19 20 17 18 23 24 21 22 11 12 9 10 15 16 13 14 7 8 5 6 4 3 2 1
G32_41	32	1 2 3 4 5 6 7 8 9 10 11 12 13 14 15 16 17 18 19 20 21 22 23 24 25 26 27 28 29 30 31 32 2 1 4 3 6 5 8 7 10 9 12 11 14 13 16 15 18 17 20 19 22 21 24 23 26 25 28 27 30 29 32 31 3 4 1 2 7 8 5 6 11 12 9 10 15 16 13 14 20 19 18 17 24 23 22 21 28 27 26 25 32 31 30 29 4 3 2 1 8 7 6 5 12 11 10 9 16 15 14 13 19 20 17 18 23 24 21 22 27 28 25 26 31 32 29 30 6 5 8 7 1 2 3 4 14 13 16 15 9 10 11 12 21 22 23 24 18 17 20 19 29 30 31 32 26 25 28 27 5 6 7 8 2 1 4 3 13 14 15 16 10 9 12 11 22 21 24 23 17 18 19 20 30 29 32 31 25 26 27 28 8 7 6 5 3 4 1 2 16 15 14 13 11 12 9 10 24 23 22 21 19 20 17 18 32 31 30 29 27 28 25 26 7 8 5 6 4 3 2 1 15 16 13 14 12 11 10 9 23 24 21 22 20 19 18 17 31 32 29 30 28 27 26 25 14 13 16 15 9 10 11 12 1 2 3 4 5 6 7 8 26 25 28 27 30 29 32 31 22 21 24 23 17 18 19 20 13 14 15 16 10 9 12 11 2 1 4 3 6 5 8 7 25 26 27 28 29 30 31 32 21 22 23 24 18 17 20 19 16 15 14 13 11 12 9 10 3 4 1 2 7 8 5 6 27 28 25 26 31 32 29 30 23 24 21 22 20 19 18 17 15 16 13 14 12 11 10 9 4 3 2 1 8 7 6 5 28 27 26 25 32 31 30 29 24 23 22 21 19 20 17 18 10 9 12 11 14 13 16 15 6 5 8 7 1 2 3 4 30 29 32 31 25 26 27 28 17 18 19 20 21 22 23 24 9 10 11 12 13 14 15 16 5 6 7 8 2 1 4 3 29 30 31 32 26 25 28 27 18 17 20 19 22 21 24 23 12 11 10 9 16 15 14 13 8 7 6 5 3 4 1 2 31 32 29 30 28 27 26 25 20 19 18 17 24 23 22 21 11 12 9 10 15 16 13 14 7 8 5 6 4 3 2 1 32 31 30 29 27 28 25 26 19 20 17 18 23 24 21 22 24 23 22 21 19 20 17 18 32 31 30 29 27 28 25 26 1 2 3 4 5 6 7 8 9 10 11 12 13 14 15 16 23 24 21 22 20 19 18 17 31 32 29 30 28 27 26 25 2 1 4 3 6 5 8 7 10 9 12 11 14 13 16 15 21 22 23 24 18 17 20 19 29 30 31 32 26 25 28 27 3 4 1 2 7 8 5 6 11 12 9 10 15 16 13 14 22 21 24 23 17 18 19 20 30 29 32 31 25 26 27 28 4 3 2 1 8 7 6 5 12 11 10 9 16 15 14 13 19 20 17 18 23 24 21 22 27 28 25 26 31 32 29 30 6 5 8 7 1 2 3 4 14 13 16 15 9 10 11 12 20 19 18 17 24 23 22 21 28 27 26 25 32 31 30 29 5 6 7 8 2 1 4 3 13 14 15 16 10 9 12 11 18 17 20 19 22 21 24 23 26 25 28 27 30 29 32 31 8 7 6 5 3 4 1 2 16 15 14 13 11 12 9 10 17 18 19 20 21 22 23 24 25 26 27 28 29 30 31 32 7 8 5 6 4 3 2 1 15 16 13 14 12 11 10 9 31 32 29 30 28 27 26 25 20 19 18 17 24 23 22 21 14 13 16 15 9 10 11 12 1 2 3 4 5 6 7 8 32 31 30 29 27 28 25 26 19 20 17 18 23 24 21 22 13 14 15 16 10 9 12 11 2 1 4 3 6 5 8 7 30 29 32 31 25 26 27 28 17 18 19 20 21 22 23 24 16 15 14 13 11 12 9 10 3 4 1 2 7 8 5 6 29 30 31 32 26 25 28 27 18 17 20 19 22 21 24 23 15 16 13 14 12 11 10 9 4 3 2 1 8 7 6 5 28 27 26 25 32 31 30 29 24 23 22 21 19 20 17 18 10 9 12 11 14 13 16 15 6 5 8 7 1 2 3 4 27 28 25 26 31 32 29 30 23 24 21 22 20 19 18 17 9 10 11 12 13 14 15 16 5 6 7 8 2 1 4 3 25 26 27 28 29 30 31 32 21 22 23 24 18 17 20 19 12 11 10 9 16 15 14 13 8 7 6 5 3 4 1 2 26 25 28 27 30 29 32 31 22 21 24 23 17 18 19 20 11 12 9 10 15 16 13 14 7 8 5 6 4 3 2 1
G32_44	32	1 2 3 4 5 6 7 8 9 10 11 12 13 14 15 16 17 18 19 20 21 22 23 24 25 26 27 28 29 30 31 32 2 1 4 3 6 5 8 7 10 9 12 11 14 13 16 15 18 17 20 19 22 21 24 23 26 25 28 27 30 29 32 31 3 4 1 2 7 8 5 6 11 12 9 10 15 16 13 14 19 20 17 18 23 24 21 22 27 28 25 26 31 32 29 30 4 3 2 1 8 7 6 5 12 11 10 9 16 15 14 13 20 19 18 17 24 23 22 21 28 27 26 25 32 31 30 29 6 5 8 7 1 2 3 4 14 13 16 15 9 10 11 12 21 22 23 24 18 17 20 19 29 30 31 32 26 25 28 27 5 6 7 8 2 1 4 3 13 14 15 16 10 9 12 11 22 21 24 23 17 18 19 20 30 29 32 31 25 26 27 28 8 7 6 5 3 4 1 2 16 15 14 13 11 12 9 10 23 24 21 22 20 19 18 17 31 32 29 30 28 27 26 25 7 8 5 6 4 3 2 1 15 16 13 14 12 11 10 9 24 23 22 21 19 20 17 18 32 31 30 29 27 28 25 26 14 13 16 15 9 10 11 12 1 2 3 4 5 6 7 8 28 27 26 25 32 31 30 29 24 23 22 21 19 20 17 18 13 14 15 16 10 9 12 11 2 1 4 3 6 5 8 7 27 28 25 26 31 32 29 30 23 24 21 22 20 19 18 17 16 15 14 13 11 12 9 10 3 4 1 2 7 8 5 6 26 25 28 27 30 29 32 31 22 21 24 23 17 18 19 20 15 16 13 14 12 11 10 9 4 3 2 1 8 7 6 5 25 26 27 28 29 30 31 32 21 22 23 24 18 17 20 19 10 9 12 11 14 13 16 15 6 5 8 7 1 2 3 4 32 31 30 29 27 28 25 26 19 20 17 18 23 24 21 22 9 10 11 12 13 14 15 16 5 6 7 8 2 1 4 3 31 32 29 30 28 27 26 25 20 19 18 17 24 23 22 21 12 11 10 9 16 15 14 13 8 7 6 5 3 4 1 2 30 29 32 31 25 26 27 28 17 18 19 20 21 22 23 24 11 12 9 10 15 16 13 14 7 8 5 6 4 3 2 1 29 30 31 32 26 25 28 27 18 17 20 19 22 21 24 23 18 17 20 19 22 21 24 23 26 25 28 27 30 29 32 31 1 2 3 4 5 6 7 8 9 10 11 12 13 14 15 16 17 18 19 20 21 22 23 24 25 26 27 28 29 30 31 32 2 1 4 3 6 5 8 7 10 9 12 11 14 13 16 15 20 19 18 17 24 23 22 21 28 27 26 25 32 31 30 29 3 4 1 2 7 8 5 6 11 12 9 10 15 16 13 14 19 20 17 18 23 24 21 22 27 28 25 26 31 32 29 30 4 3 2 1 8 7 6 5 12 11 10 9 16 15 14 13 22 21 24 23 17 18 19 20 30 29 32 31 25 26 27 28 6 5 8 7 1 2 3 4 14 13 16 15 9 10 11 12 21 22 23 24 18 17 20 19 29 30 31 32 26 25 28 27 5 6 7 8 2 1 4 3 13 14 15 16 10 9 12 11 24 23 22 21 19 20 17 18 32 31 30 29 27 28 25 26 8 7 6 5 3 4 1 2 16 15 14 13 11 12 9 10 23 24 21 22 20 19 18 17 31 32 29 30 28 27 26 25 7 8 5 6 4 3 2 1 15 16 13 14 12 11 10 9 27 28 25 26 31 32 29 30 23 24 21 22 20 19 18 17 14 13 16 15 9 10 11 12 1 2 3 4 5 6 7 8 28 27 26 25 32 31 30 29 24 23 22 21 19 20 17 18 13 14 15 16 10 9 12 11 2 1 4 3 6 5 8 7 25 26 27 28 29 30 31 32 21 22 23 24 18 17 20 19 16 15 14 13 11 12 9 10 3 4 1 2 7 8 5 6 26 25 28 27 30 29 32 31 22 21 24 23 17 18 19 20 15 16 13 14 12 11 10 9 4 3 2 1 8 7 6 5 31 32 29 30 28 27 26 25 20 19 18 17 24 23 22 21 10 9 12 11 14 13 16 15 6 5 8 7 1 2 3 4 32 31 30 29 27 28 25 26 19 20 17 18 23 24 21 22 9 10 11 12 13 14 15 16 5 6 7 8 2 1 4 3 29 30 31 32 26 25 28 27 18 17 20 19 22 21 24 23 12 11 10 9 16 15 14 13 8 7 6 5 3 4 1 2 30 29 32 31 25 26 27 28 17 18 19 20 21 22 23 24 11 12 9 10 15 16 13 14 7 8 5 6 4 3 2 1
G32_45	32	1 2 3 4 5 6 7 8 9 10 11 12 13 14 15 16 17 18 19 20 21 22 23 24 25 26 27 28 29 30 31 32 2 1 4 3 6 5 8 7 10 9 12 11 14 13 16 15 18 17 20 19 22 21 24 23 26 25 28 27 30 29 32 31 3 4 1 2 7 8 5 6 12 11 10 9 16 15 14 13 19 20 17 18 23 24 21 22 28 27 26 25 32 31 30 29 4 3 2 1 8 7 6 5 11 12 9 10 15 16 13 14 20 19 18 17 24 23 22 21 27 28 25 26 31 32 29 30 6 5 8 7 1 2 3 4 14 13 16 15 9 10 11 12 21 22 23 24 18 17 20 19 29 30 31 32 26 25 28 27 5 6 7 8 2 1 4 3 13 14 15 16 10 9 12 11 22 21 24 23 17 18 19 20 30 29 32 31 25 26 27 28 8 7 6 5 3 4 1 2 15 16 13 14 12 11 10 9 23 24 21 22 20 19 18 17 32 31 30 29 27 28 25 26 7 8 5 6 4 3 2 1 16 15 14 13 11 12 9 10 24 23 22 21 19 20 17 18 31 32 29 30 28 27 26 25 9 10 11 12 13 14 15 16 1 2 3 4 5 6 7 8 25 26 27 28 29 30 31 32 17 18 19 20 21 22 23 24 10 9 12 11 14 13 16 15 2 1 4 3 6 5 8 7 26 25 28 27 30 29 32 31 18 17 20 19 22 21 24 23 12 11 10 9 16 15 14 13 3 4 1 2 7 8 5 6 28 27 26 25 32 31 30 29 19 20 17 18 23 24 21 22 11 12 9 10 15 16 13 14 4 3 2 1 8 7 6 5 27 28 25 26 31 32 29 30 20 19 18 17 24 23 22 21 14 13 16 15 9 10 11 12 6 5 8 7 1 2 3 4 29 30 31 32 26 25 28 27 21 22 23 24 18 17 20 19 13 14 15 16 10 9 12 11 5 6 7 8 2 1 4 3 30 29 32 31 25 26 27 28 22 21 24 23 17 18 19 20 15 16 13 14 12 11 10 9 8 7 6 5 3 4 1 2 32 31 30 29 27 28 25 26 23 24 21 22 20 19 18 17 16 15 14 13 11 12 9 10 7 8 5 6 4 3 2 1 31 32 29 30 28 27 26 25 24 23 22 21 19 20 17 18 18 17 20 19 22 21 24 23 26 25 28 27 30 29 32 31 1 2 3 4 5 6 7 8 9 10 11 12 13 14 15 16 17 18 19 20 21 22 23 24 25 26 27 28 29 30 31 32 2 1 4 3 6 5 8 7 10 9 12 11 14 13 16 15 20 19 18 17 24 23 22 21 27 28 25 26 31 32 29 30 3 4 1 2 7 8 5 6 12 11 10 9 16 15 14 13 19 20 17 18 23 24 21 22 28 27 26 25 32 31 30 29 4 3 2 1 8 7 6 5 11 12 9 10 15 16 13 14 22 21 24 23 17 18 19 20 30 29 32 31 25 26 27 28 6 5 8 7 1 2 3 4 14 13 16 15 9 10 11 12 21 22 23 24 18 17 20 19 29 30 31 32 26 25 28 27 5 6 7 8 2 1 4 3 13 14 15 16 10 9 12 11 24 23 22 21 19 20 17 18 31 32 29 30 28 27 26 25 8 7 6 5 3 4 1 2 15 16 13 14 12 11 10 9 23 24 21 22 20 19 18 17 32 31 30 29 27 28 25 26 7 8 5 6 4 3 2 1 16 15 14 13 11 12 9 10 26 25 28 27 30 29 32 31 18 17 20 19 22 21 24 23 9 10 11 12 13 14 15 16 1 2 3 4 5 6 7 8 25 26 27 28 29 30 31 32 17 18 19 20 21 22 23 24 10 9 12 11 14 13 16 15 2 1 4 3 6 5 8 7 27 28 25 26 31 32 29 30 20 19 18 17 24 23 22 21 12 11 10 9 16 15 14 13 3 4 1 2 7 8 5 6 28 27 26 25 32 31 30 29 19 20 17 18 23 24 21 22 11 12 9 10 15 16 13 14 4 3 2 1 8 7 6 5 30 29 32 31 25 26 27 28 22 21 24 23 17 18 19 20 14 13 16 15 9 10 11 12 6 5 8 7 1 2 3 4 29 30 31 32 26 25 28 27 21 22 23 24 18 17 20 19 13 14 15 16 10 9 12 11 5 6 7 8 2 1 4 3 31 32 29 30 28 27 26 25 24 23 22 21 19 20 17 18 15 16 13 14 12 11 10 9 8 7 6 5 3 4 1 2 32 31 30 29 27 28 25 26 23 24 21 22 20 19 18 17 16 15 14 13 11 12 9 10 7 8 5 6 4 3 2 1
G32_46	32	1 2 3 4 5 6 7 8 9 10 11 12 13 14 15 16 17 18 19 20 21 22 23 24 25 26 27 28 29 30 31 32 2 1 4 3 6 5 8 7 10 9 12 11 14 13 16 15 18 17 20 19 22 21 24 23 26 25 28 27 30 29 32 31 3 4 1 2 7 8 5 6 12 11 10 9 16 15 14 13 19 20 17 18 23 24 21 22 28 27 26 25 32 31 30 29 4 3 2 1 8 7 6 5 11 12 9 10 15 16 13 14 20 19 18 17 24 23 22 21 27 28 25 26 31 32 29 30 6 5 8 7 1 2 3 4 14 13 16 15 9 10 11 12 21 22 23 24 18 17 20 19 29 30 31 32 26 25 28 27 5 6 7 8 2 1 4 3 13 14 15 16 10 9 12 11 22 21 24 23 17 18 19 20 30 29 32 31 25 26 27 28 8 7 6 5 3 4 1 2 15 16 13 14 12 11 10 9 23 24 21 22 20 19 18 17 32 31 30 29 27 28 25 26 7 8 5 6 4 3 2 1 16 15 14 13 11 12 9 10 24 23 22 21 19 20 17 18 31 32 29 30 28 27 26 25 9 10 11 12 13 14 15 16 1 2 3 4 5 6 7 8 31 32 29 30 28 27 26 25 24 23 22 21 19 20 17 18 10 9 12 11 14 13 16 15 2 1 4 3 6 5 8 7 32 31 30 29 27 28 25 26 23 24 21 22 20 19 18 17 12 11 10 9 16 15 14 13 3 4 1 2 7 8 5 6 30 29 32 31 25 26 27 28 22 21 24 23 17 18 19 20 11 12 9 10 15 16 13 14 4 3 2 1 8 7 6 5 29 30 31 32 26 25 28 27 21 22 23 24 18 17 20 19 14 13 16 15 9 10 11 12 6 5 8 7 1 2 3 4 28 27 26 25 32 31 30 29 19 20 17 18 23 24 21 22 13 14 15 16 10 9 12 11 5 6 7 8 2 1 4 3 27 28 25 26 31 32 29 30 20 19 18 17 24 23 22 21 15 16 13 14 12 11 10 9 8 7 6 5 3 4 1 2 25 26 27 28 29 30 31 32 17 18 19 20 21 22 23 24 16 15 14 13 11 12 9 10 7 8 5 6 4 3 2 1 26 25 28 27 30 29 32 31 18 17 20 19 22 21 24 23 18 17 20 19 22 21 24 23 26 25 28 27 30 29 32 31 1 2 3 4 5 6 7 8 9 10 11 12 13 14 15 16 17 18 19 20 21 22 23 24 25 26 27 28 29 30 31 32 2 1 4 3 6 5 8 7 10 9 12 11 14 13 16 15 20 19 18 17 24 23 22 21 27 28 25 26 31 32 29 30 3 4 1 2 7 8 5 6 12 11 10 9 16 15 14 13 19 20 17 18 23 24 21 22 28 27 26 25 32 31 30 29 4 3 2 1 8 7 6 5 11 12 9 10 15 16 13 14 22 21 24 23 17 18 19 20 30 29 32 31 25 26 27 28 6 5 8 7 1 2 3 4 14 13 16 15 9 10 11 12 21 22 23 24 18 17 20 19 29 30 31 32 26 25 28 27 5 6 7 8 2 1 4 3 13 14 15 16 10 9 12 11 24 23 22 21 19 20 17 18 31 32 29 30 28 27 26 25 8 7 6 5 3 4 1 2 15 16 13 14 12 11 10 9 23 24 21 22 20 19 18 17 32 31 30 29 27 28 25 26 7 8 5 6 4 3 2 1 16 15 14 13 11 12 9 10 32 31 30 29 27 28 25 26 23 24 21 22 20 19 18 17 9 10 11 12 13 14 15 16 1 2 3 4 5 6 7 8 31 32 29 30 28 27 26 25 24 23 22 21 19 20 17 18 10 9 12 11 14 13 16 15 2 1 4 3 6 5 8 7 29 30 31 32 26 25 28 27 21 22 23 24 18 17 20 19 12 11 10 9 16 15 14 13 3 4 1 2 7 8 5 6 30 29 32 31 25 26 27 28 22 21 24 23 17 18 19 20 11 12 9 10 15 16 13 14 4 3 2 1 8 7 6 5 27 28 25 26 31 32 29 30 20 19 18 17 24 23 22 21 14 13 16 15 9 10 11 12 6 5 8 7 1 2 3 4 28 27 26 25 32 31 30 29 19 20 17 18 23 24 21 22 13 14 15 16 10 9 12 11 5 6 7 8 2 1 4 3 26 25 28 27 30 29 32 31 18 17 20 19 22 21 24 23 15 16 13 14 12 11 10 9 8 7 6 5 3 4 1 2 25 26 27 28 29 30 31 32 17 18 19 20 21 22 23 24 16 15 14 13 11 12 9 10 7 8 5 6 4 3 2 1
G32_47	32	1 2 3 4 5 6 7 8 9 10 11 12 13 14 15 16 17 18 19 20 21 22 23 24 25 26 27 28 29 30 31 32 2 1 4 3 6 5 8 7 10 9 12 11 14 13 16 15 18 17 20 19 22 21 24 23 26 25 28 27 30 29 32 31 3 4 1 2 7 8 5 6 12 11 10 9 16 15 14 13 19 20 17 18 23 24 21 22 28 27 26 25 32 31 30 29 4 3 2 1 8 7 6 5 11 12 9 10 15 16 13 14 20 19 18 17 24 23 22 21 27 28 25 26 31 32 29 30 6 5 8 7 1 2 3 4 14 13 16 15 9 10 11 12 21 22 23 24 18 17 20 19 29 30 31 32 26 25 28 27 5 6 7 8 2 1 4 3 13 14 15 16 10 9 12 11 22 21 24 23 17 18 19 20 30 29 32 31 25 26 27 28 8 7 6 5 3 4 1 2 15 16 13 14 12 11 10 9 23 24 21 22 20 19 18 17 32 31 30 29 27 28 25 26 7 8 5 6 4 3 2 1 16 15 14 13 11 12 9 10 24 23 22 21 19 20 17 18 31 32 29 30 28 27 26 25 14 13 16 15 9 10 11 12 1 2 3 4 5 6 7 8 31 32 29 30 28 27 26 25 19 20 17 18 23 24 21 22 13 14 15 16 10 9 12 11 2 1 4 3 6 5 8 7 32 31 30 29 27 28 25 26 20 19 18 17 24 23 22 21 15 16 13 14 12 11 10 9 3 4 1 2 7 8 5 6 30 29 32 31 25 26 27 28 17 18 19 20 21 22 23 24 16 15 14 13 11 12 9 10 4 3 2 1 8 7 6 5 29 30 31 32 26 25 28 27 18 17 20 19 22 21 24 23 10 9 12 11 14 13 16 15 6 5 8 7 1 2 3 4 28 27 26 25 32 31 30 29 23 24 21 22 20 19 18 17 9 10 11 12 13 14 15 16 5 6 7 8 2 1 4 3 27 28 25 26 31 32 29 30 24 23 22 21 19 20 17 18 11 12 9 10 15 16 13 14 8 7 6 5 3 4 1 2 25 26 27 28 29 30 31 32 21 22 23 24 18 17 20 19 12 11 10 9 16 15 14 13 7 8 5 6 4 3 2 1 26 25 28 27 30 29 32 31 22 21 24 23 17 18 19 20 18 17 20 19 22 21 24 23 26 25 28 27 30 29 32 31 1 2 3 4 5 6 7 8 9 10 11 12 13 14 15 16 17 18 19 20 21 22 23 24 25 26 27 28 29 30 31 32 2 1 4 3 6 5 8 7 10 9 12 11 14 13 16 15 20 19 18 17 24 23 22 21 27 28 25 26 31 32 29 30 3 4 1 2 7 8 5 6 12 11 10 9 16 15 14 13 19 20 17 18 23 24 21 22 28 27 26 25 32 31 30 29 4 3 2 1 8 7 6 5 11 12 9 10 15 16 13 14 22 21 24 23 17 18 19 20 30 29 32 31 25 26 27 28 6 5 8 7 1 2 3 4 14 13 16 15 9 10 11 12 21 22 23 24 18 17 20 19 29 30 31 32 26 25 28 27 5 6 7 8 2 1 4 3 13 14 15 16 10 9 12 11 24 23 22 21 19 20 17 18 31 32 29 30 28 27 26 25 8 7 6 5 3 4 1 2 15 16 13 14 12 11 10 9 23 24 21 22 20 19 18 17 32 31 30 29 27 28 25 26 7 8 5 6 4 3 2 1 16 15 14 13 11 12 9 10 32 31 30 29 27 28 25 26 20 19 18 17 24 23 22 21 14 13 16 15 9 10 11 12 1 2 3 4 5 6 7 8 31 32 29 30 28 27 26 25 19 20 17 18 23 24 21 22 13 14 15 16 10 9 12 11 2 1 4 3 6 5 8 7 29 30 31 32 26 25 28 27 18 17 20 19 22 21 24 23 15 16 13 14 12 11 10 9 3 4 1 2 7 8 5 6 30 29 32 31 25 26 27 28 17 18 19 20 21 22 23 24 16 15 14 13 11 12 9 10 4 3 2 1 8 7 6 5 27 28 25 26 31 32 29 30 24 23 22 21 19 20 17 18 10 9 12 11 14 13 16 15 6 5 8 7 1 2 3 4 28 27 26 25 32 31 30 29 23 24 21 22 20 19 18 17 9 10 11 12 13 14 15 16 5 6 7 8 2 1 4 3 26 25 28 27 30 29 32 31 22 21 24 23 17 18 19 20 11 12 9 10 15 16 13 14 8 7 6 5 3 4 1 2 25 26 27 28 29 30 31 32 21 22 23 24 18 17 20 19 12 11 10 9 16 15 14 13 7 8 5 6 4 3 2 1
G32_5	32	1 2 3 4 5 6 7 8 9 10 11 12 13 14 15 16 17 18 19 20 21 22 23 24 25 26 27 28 29 30 31 32 2 1 4 3 6 5 8 7 10 9 12 11 14 13 16 15 18 17 20 19 22 21 24 23 26 25 28 27 30 29 32 31 3 4 1 2 7 8 5 6 11 12 9 10 15 16 13 14 19 20 17 18 23 24 21 22 27 28 25 26 31 32 29 30 4 3 2 1 8 7 6 5 12 11 10 9 16 15 14 13 20 19 18 17 24 23 22 21 28 27 26 25 32 31 30 29 5 6 7 8 1 2 3 4 13 14 15 16 9 10 11 12 22 21 24 23 18 17 20 19 30 29 32 31 26 25 28 27 6 5 8 7 2 1 4 3 14 13 16 15 10 9 12 11 21 22 23 24 17 18 19 20 29 30 31 32 25 26 27 28 7 8 5 6 3 4 1 2 15 16 13 14 11 12 9 10 24 23 22 21 20 19 18 17 32 31 30 29 28 27 26 25 8 7 6 5 4 3 2 1 16 15 14 13 12 11 10 9 23 24 21 22 19 20 17 18 31 32 29 30 27 28 25 26 9 10 11 12 13 14 15 16 1 2 3 4 5 6 7 8 27 28 25 26 31 32 29 30 19 20 17 18 23 24 21 22 10 9 12 11 14 13 16 15 2 1 4 3 6 5 8 7 28 27 26 25 32 31 30 29 20 19 18 17 24 23 22 21 11 12 9 10 15 16 13 14 3 4 1 2 7 8 5 6 25 26 27 28 29 30 31 32 17 18 19 20 21 22 23 24 12 11 10 9 16 15 14 13 4 3 2 1 8 7 6 5 26 25 28 27 30 29 32 31 18 17 20 19 22 21 24 23 13 14 15 16 9 10 11 12 5 6 7 8 1 2 3 4 32 31 30 29 28 27 26 25 24 23 22 21 20 19 18 17 14 13 16 15 10 9 12 11 6 5 8 7 2 1 4 3 31 32 29 30 27 28 25 26 23 24 21 22 19 20 17 18 15 16 13 14 11 12 9 10 7 8 5 6 3 4 1 2 30 29 32 31 26 25 28 27 22 21 24 23 18 17 20 19 16 15 14 13 12 11 10 9 8 7 6 5 4 3 2 1 29 30 31 32 25 26 27 28 21 22 23 24 17 18 19 20 17 18 19 20 21 22 23 24 25 26 27 28 29 30 31 32 1 2 3 4 5 6 7 8 9 10 11 12 13 14 15 16 18 17 20 19 22 21 24 23 26 25 28 27 30 29 32 31 2 1 4 3 6 5 8 7 10 9 12 11 14 13 16 15 19 20 17 18 23 24 21 22 27 28 25 26 31 32 29 30 3 4 1 2 7 8 5 6 11 12 9 10 15 16 13 14 20 19 18 17 24 23 22 21 28 27 26 25 32 31 30 29 4 3 2 1 8 7 6 5 12 11 10 9 16 15 14 13 22 21 24 23 18 17 20 19 30 29 32 31 26 25 28 27 5 6 7 8 1 2 3 4 13 14 15 16 9 10 11 12 21 22 23 24 17 18 19 20 29 30 31 32 25 26 27 28 6 5 8 7 2 1 4 3 14 13 16 15 10 9 12 11 24 23 22 21 20 19 18 17 32 31 30 29 28 27 26 25 7 8 5 6 3 4 1 2 15 16 13 14 11 12 9 10 23 24 21 22 19 20 17 18 31 32 29 30 27 28 25 26 8 7 6 5 4 3 2 1 16 15 14 13 12 11 10 9 27 28 25 26 31 32 29 30 19 20 17 18 23 24 21 22 9 10 11 12 13 14 15 16 1 2 3 4 5 6 7 8 28 27 26 25 32 31 30 29 20 19 18 17 24 23 22 21 10 9 12 11 14 13 16 15 2 1 4 3 6 5 8 7 25 26 27 28 29 30 31 32 17 18 19 20 21 22 23 24 11 12 9 10 15 16 13 14 3 4 1 2 7 8 5 6 26 25 28 27 30 29 32 31 18 17 20 19 22 21 24 23 12 11 10 9 16 15 14 13 4 3 2 1 8 7 6 5 32 31 30 29 28 27 26 25 24 23 22 21 20 19 18 17 13 14 15 16 9 10 11 12 5 6 7 8 1 2 3 4 31 32 29 30 27 28 25 26 23 24 21 22 19 20 17 18 14 13 16 15 10 9 12 11 6 5 8 7 2 1 4 3 30 29 32 31 26 25 28 27 22 21 24 23 18 17 20 19 15 16 13 14 11 12 9 10 7 8 5 6 3 4 1 2 29 30 31 32 25 26 27 28 21 22 23 24 17 18 19 20 16 15 14 13 12 11 10 9 8 7 6 5 4 3 2 1
G32_9	32	1 2 3 4 5 6 7 8 9 10 11 12 13 14 15 16 17 18 19 20 21 22 23 24 25 26 27 28 29 30 31 32 2 1 4 3 6 5 8 7 10 9 12 11 14 13 16 15 18 17 20 19 22 21 24 23 26 25 28 27 30 29 32 31 3 4 1 2 7 8 5 6 11 12 9 10 15 16 13 14 19 20 17 18 23 24 21 22 27 28 25 26 31 32 29 30 4 3 2 1 8 7 6 5 12 11 10 9 16 15 14 13 20 19 18 17 24 23 22 21 28 27 26 25 32 31 30 29 5 6 7 8 1 2 3 4 13 14 15 16 9 10 11 12 22 21 24 23 18 17 20 19 30 29 32 31 26 25 28 27 6 5 8 7 2 1 4 3 14 13 16 15 10 9 12 11 21 22 23 24 17 18 19 20 29 30 31 32 25 26 27 28 7 8 5 6 3 4 1 2 15 16 13 14 11 12 9 10 24 23 22 21 20 19 18 17 32 31 30 29 28 27 26 25 8 7 6 5 4 3 2 1 16 15 14 13 12 11 10 9 23 24 21 22 19 20 17 18 31 32 29 30 27 28 25 26 10 9 12 11 14 13 16 15 1 2 3 4 5 6 7 8 26 25 28 27 30 29 32 31 17 18 19 20 21 22 23 24 9 10 11 12 13 14 15 16 2 1 4 3 6 5 8 7 25 26 27 28 29 30 31 32 18 17 20 19 22 21 24 23 12 11 10 9 16 15 14 13 3 4 1 2 7 8 5 6 28 27 26 25 32 31 30 29 19 20 17 18 23 24 21 22 11 12 9 10 15 16 13 14 4 3 2 1 8 7 6 5 27 28 25 26 31 32 29 30 20 19 18 17 24 23 22 21 14 13 16 15 10 9 12 11 5 6 7 8 1 2 3 4 29 30 31 32 25 26 27 28 22 21 24 23 18 17 20 19 13 14 15 16 9 10 11 12 6 5 8 7 2 1 4 3 30 29 32 31 26 25 28 27 21 22 23 24 17 18 19 20 16 15 14 13 12 11 10 9 7 8 5 6 3 4 1 2 31 32 29 30 27 28 25 26 24 23 22 21 20 19 18 17 15 16 13 14 11 12 9 10 8 7 6 5 4 3 2 1 32 31 30 29 28 27 26 25 23 24 21 22 19 20 17 18 19 20 17 18 23 24 21 22 27 28 25 26 31 32 29 30 1 2 3 4 5 6 7 8 9 10 11 12 13 14 15 16 20 19 18 17 24 23 22 21 28 27 26 25 32 31 30 29 2 1 4 3 6 5 8 7 10 9 12 11 14 13 16 15 17 18 19 20 21 22 23 24 25 26 27 28 29 30 31 32 3 4 1 2 7 8 5 6 11 12 9 10 15 16 13 14 18 17 20 19 22 21 24 23 26 25 28 27 30 29 32 31 4 3 2 1 8 7 6 5 12 11 10 9 16 15 14 13 24 23 22 21 20 19 18 17 32 31 30 29 28 27 26 25 5 6 7 8 1 2 3 4 13 14 15 16 9 10 11 12 23 24 21 22 19 20 17 18 31 32 29 30 27 28 25 26 6 5 8 7 2 1 4 3 14 13 16 15 10 9 12 11 22 21 24 23 18 17 20 19 30 29 32 31 26 25 28 27 7 8 5 6 3 4 1 2 15 16 13 14 11 12 9 10 21 22 23 24 17 18 19 20 29 30 31 32 25 26 27 28 8 7 6 5 4 3 2 1 16 15 14 13 12 11 10 9 28 27 26 25 32 31 30 29 19 20 17 18 23 24 21 22 10 9 12 11 14 13 16 15 1 2 3 4 5 6 7 8 27 28 25 26 31 32 29 30 20 19 18 17 24 23 22 21 9 10 11 12 13 14 15 16 2 1 4 3 6 5 8 7 26 25 28 27 30 29 32 31 17 18 19 20 21 22 23 24 12 11 10 9 16 15 14 13 3 4 1 2 7 8 5 6 25 26 27 28 29 30 31 32 18 17 20 19 22 21 24 23 11 12 9 10 15 16 13 14 4 3 2 1 8 7 6 5 31 32 29 30 27 28 25 26 24 23 22 21 20 19 18 17 14 13 16 15 10 9 12 11 5 6 7 8 1 2 3 4 32 31 30 29 28 27 26 25 23 24 21 22 19 20 17 18 13 14 15 16 9 10 11 12 6 5 8 7 2 1 4 3 29 30 31 32 25 26 27 28 22 21 24 23 18 17 20 19 16 15 14 13 12 11 10 9 7 8 5 6 3 4 1 2 30 29 32 31 26 25 28 27 21 22 23 24 17 18 19 20 15 16 13 14 11 12 9 10 8 7 6 5 4 3 2 1
He3	27	1 2 3 4 5 6 7 8 9 10 11 12 13 14 15 16 17 18 19 20 21 22 23 24 25 26 27 3 1 2 6 4 5 9 7 8 12 10 11 15 13 14 18 16 17 21 19 20 24 22 23 27 25 26 2 3 1 5 6 4 8 9 7 11 12 10 14 15 13 17 18 16 20 21 19 23 24 22 26 27 25 7 8 9 1 2 3 4 5 6 18 16 17 12 10 11 15 13 14 26 27 25 20 21 19 23 24 22 9 7 8 3 1 2 6 4 5 17 18 16 11 12 10 14 15 13 25 26 27 19 20 21 22 23 24 8 9 7 2 3 1 5 6 4 16 17 18 10 11 12 13 14 15 27 25 26 21 19 20 24 22 23 4 5 6 7 8 9 1 2 3 14 15 13 17 18 16 11 12 10 24 22 23 27 25 26 21 19 20 6 4 5 9 7 8 3 1 2 13 14 15 16 17 18 10 11 12 23 24 22 26 27 25 20 21 19 5 6 4 8 9 7 2 3 1 15 13 14 18 16 17 12 10 11 22 23 24 25 26 27 19 20 21 19 20 21 22 23 24 25 26 27 1 2 3 4 5 6 7 8 9 10 11 12 13 14 15 16 17 18 21 19 20 24 22 23 27 25 26 3 1 2 6 4 5 9 7 8 12 10 11 15 13 14 18 16 17 20 21 19 23 24 22 26 27 25 2 3 1 5 6 4 8 9 7 11 12 10 14 15 13 17 18 16 26 27 25 20 21 19 23 24 22 7 8 9 1 2 3 4 5 6 18 16 17 12 10 11 15 13 14 25 26 27 19 20 21 22 23 24 9 7 8 3 1 2 6 4 5 17 18 16 11 12 10 14 15 13 27 25 26 21 19 20 24 22 23 8 9 7 2 3 1 5 6 4 16 17 18 10 11 12 13 14 15 24 22 23 27 25 26 21 19 20 4 5 6 7 8 9 1 2 3 14 15 13 17 18 16 11 12 10 23 24 22 26 27 25 20 21 19 6 4 5 9 7 8 3 1 2 13 14 15 16 17 18 10 11 12 22 23 24 25 26 27 19 20 21 5 6 4 8 9 7 2 3 1 15 13 14 18 16 17 12 10 11 10 11 12 13 14 15 16 17 18 19 20 21 22 23 24 25 26 27 1 2 3 4 5 6 7 8 9 12 10 11 15 13 14 18 16 17 21 19 20 24 22 23 27 25 26 3 1 2 6 4 5 9 7 8 11 12 10 14 15 13 17 18 16 20 21 19 23 24 22 26 27 25 2 3 1 5 6 4 8 9 7 18 16 17 12 10 11 15 13 14 26 27 25 20 21 19 23 24 22 7 8 9 1 2 3 4 5 6 17 18 16 11 12 10 14 15 13 25 26 27 19 20 21 22 23 24 9 7 8 3 1 2 6 4 5 16 17 18 10 11 12 13 14 15 27 25 26 21 19 20 24 22 23 8 9 7 2 3 1 5 6 4 14 15 13 17 18 16 11 12 10 24 22 23 27 25 26 21 19 20 4 5 6 7 8 9 1 2 3 13 14 15 16 17 18 10 11 12 23 24 22 26 27 25 20 21 19 6 4 5 9 7 8 3 1 2 15 13 14 18 16 17 12 10 11 22 23 24 25 26 27 19 20 21 5 6 4 8 9 7 2 3 1
M16	16	1 2 3 4 5 6 7 8 9 10 11 12 13 14 15 16 2 1 4 3 6 5 8 7 10 9 12 11 14 13 16 15 3 4 1 2 7 8 5 6 12 11 10 9 16 15 14 13 4 3 2 1 8 7 6 5 11 12 9 10 15 16 13 14 6 5 8 7 1 2 3 4 14 13 16 15 9 10 11 12 5 6 7 8 2 1 4 3 13 14 15 16 10 9 12 11 8 7 6 5 3 4 1 2 15 16 13 14 12 11 10 9 7 8 5 6 4 3 2 1 16 15 14 13 11 12 9 10 14 13 16 15 9 10 11 12 1 2 3 4 5 6 7 8 13 14 15 16 10 9 12 11 2 1 4 3 6 5 8 7 15 16 13 14 12 11 10 9 3 4 1 2 7 8 5 6 16 15 14 13 11 12 9 10 4 3 2 1 8 7 6 5 10 9 12 11 14 13 16 15 6 5 8 7 1 2 3 4 9 10 11 12 13 14 15 16 5 6 7 8 2 1 4 3 11 12 9 10 15 16 13 14 8 7 6 5 3 4 1 2 12 11 10 9 16 15 14 13 7 8 5 6 4 3 2 1
M32	32	1 2 3 4 5 6 7 8 9 10 11 12 13 14 15 16 17 18 19 20 21 22 23 24 25 26 27 28 29 30 31 32 2 1 4 3 6 5 8 7 10 9 12 11 14 13 16 15 18 17 20 19 22 21 24 23 26 25 28 27 30 29 32 31 3 4 1 2 7 8 5 6 11 12 9 10 15 16 13 14 20 19 18 17 24 23 22 21 28 27 26 25 32 31 30 29 4 3 2 1 8 7 6 5 12 11 10 9 16 15 14 13 19 20 17 18 23 24 21 22 27 28 25 26 31 32 29 30 6 5 8 7 1 2 3 4 14 13 16 15 9 10 11 12 22 21 24 23 17 18 19 20 30 29 32 31 25 26 27 28 5 6 7 8 2 1 4 3 13 14 15 16 10 9 12 11 21 22 23 24 18 17 20 19 29 30 31 32 26 25 28 27 8 7 6 5 3 4 1 2 16 15 14 13 11 12 9 10 23 24 21 22 20 19 18 17 31 32 29 30 28 27 26 25 7 8 5 6 4 3 2 1 15 16 13 14 12 11 10 9 24 23 22 21 19 20 17 18 32 31 30 29 27 28 25 26 14 13 16 15 9 10 11 12 1 2 3 4 5 6 7 8 30 29 32 31 25 26 27 28 17 18 19 20 21 22 23 24 13 14 15 16 10 9 12 11 2 1 4 3 6 5 8 7 29 30 31 32 26 25 28 27 18 17 20 19 22 21 24 23 16 15 14 13 11 12 9 10 3 4 1 2 7 8 5 6 31 32 29 30 28 27 26 25 20 19 18 17 24 23 22 21 15 16 13 14 12 11 10 9 4 3 2 1 8 7 6 5 32 31 30 29 27 28 25 26 19 20 17 18 23 24 21 22 10 9 12 11 14 13 16 15 6 5 8 7 1 2 3 4 26 25 28 27 30 29 32 31 22 21 24 23 17 18 19 20 9 10 11 12 13 14 15 16 5 6 7 8 2 1 4 3 25 26 27 28 29 30 31 32 21 22 23 24 18 17 20 19 12 11 10 9 16 15 14 13 8 7 6 5 3 4 1 2 27 28 25 26 31 32 29 30 23 24 21 22 20 19 18 17 11 12 9 10 15 16 13 14 7 8 5 6 4 3 2 1 28 27 26 25 32 31 30 29 24 23 22 21 19 20 17 18 30 29 32 31 25 26 27 28 17 18 19 20 21 22 23 24 1 2 3 4 5 6 7 8 9 10 11 12 13 14 15 16 29 30 31 32 26 25 28 27 18 17 20 19 22 21 24 23 2 1 4 3 6 5 8 7 10 9 12 11 14 13 16 15 31 32 29 30 28 27 26 25 20 19 18 17 24 23 22 21 3 4 1 2 7 8 5 6 11 12 9 10 15 16 13 14 32 31 30 29 27 28 25 26 19 20 17 18 23 24 21 22 4 3 2 1 8 7 6 5 12 11 10 9 16 15 14 13 26 25 28 27 30 29 32 31 22 21 24 23 17 18 19 20 6 5 8 7 1 2 3 4 14 13 16 15 9 10 11 12 25 26 27 28 29 30 31 32 21 22 23 24 18 17 20 19 5 6 7 8 2 1 4 3 13 14 15 16 10 9 12 11 27 28 25 26 31 32 29 30 23 24 21 22 20 19 18 17 8 7 6 5 3 4 1 2 16 15 14 13 11 12 9 10 28 27 26 25 32 31 30 29 24 23 22 21 19 20 17 18 7 8 5 6 4 3 2 1 15 16 13 14 12 11 10 9 22 21 24 23 17 18 19 20 30 29 32 31 25 26 27 28 14 13 16 15 9 10 11 12 1 2 3 4 5 6 7 8 21 22 23 24 18 17 20 19 29 30 31 32 26 25 28 27 13 14 15 16 10 9 12 11 2 1 4 3 6 5 8 7 23 24 21 22 20 19 18 17 31 32 29 30 28 27 26 25 16 15 14 13 11 12 9 10 3 4 1 2 7 8 5 6 24 23 22 21 19 20 17 18 32 31 30 29 27 28 25 26 15 16 13 14 12 11 10 9 4 3 2 1 8 7 6 5 18 17 20 19 22 21 24 23 26 25 28 27 30 29 32 31 10 9 12 11 14 13 16 15 6 5 8 7 1 2 3 4 17 18 19 20 21 22 23 24 25 26 27 28 29 30 31 32 9 10 11 12 13 14 15 16 5 6 7 8 2 1 4 3 19 20 17 18 23 24 21 22 27 28 25 26 31 32 29 30 12 11 10 9 16 15 14 13 8 7 6 5 3 4 1 2 20 19 18 17 24 23 22 21 28 27 26 25 32 31 30 29 11 12 9 10 15 16 13 14 7 8 5 6 4 3 2 1
Q16	16	1 2 3 4 5 6 7 8 9 10 11 12 13 14 15 16 2 1 4 3 6 5 8 7 10 9 12 11 14 13 16 15 4 3 1 2 8 7 5 6 11 12 10 9 15 16 14 13 3 4 2 1 7 8 6 5 12 11 9 10 16 15 13 14 8 7 5 6 1 2 3 4 13 14 15 16 11 12 10 9 7 8 6 5 2 1 4 3 14 13 16 15 12 11 9 10 6 5 8 7 4 3 1 2 15 16 14 13 10 9 12 11 5 6 7 8 3 4 2 1 16 15 13 14 9 10 11 12 10 9 12 11 14 13 16 15 1 2 3 4 5 6 7 8 9 10 11 12 13 14 15 16 2 1 4 3 6 5 8 7 12 11 9 10 16 15 13 14 4 3 1 2 8 7 5 6 11 12 10 9 15 16 14 13 3 4 2 1 7 8 6 5 14 13 16 15 12 11 9 10 8 7 5 6 1 2 3 4 13 14 15 16 11 12 10 9 7 8 6 5 2 1 4 3 16 15 13 14 9 10 11 12 6 5 8 7 4 3 1 2 15 16 14 13 10 9 12 11 5 6 7 8 3 4 2 1
Q32	32	1 2 3 4 5 6 7 8 9 10 11 12 13 14 15 16 17 18 19 20 21 22 23 24 25 26 27 28 29 30 31 32 2 1 4 3 6 5 8 7 10 9 12 11 14 13 16 15 18 17 20 19 22 21 24 23 26 25 28 27 30 29 32 31 4 3 1 2 8 7 5 6 12 11 9 10 16 15 13 14 19 20 18 17 23 24 22 21 27 28 26 25 31 32 30 29 3 4 2 1 7 8 6 5 11 12 10 9 15 16 14 13 20 19 17 18 24 23 21 22 28 27 25 26 32 31 29 30 8 7 5 6 1 2 3 4 16 15 13 14 9 10 11 12 21 22 23 24 19 20 18 17 29 30 31 32 27 28 26 25 7 8 6 5 2 1 4 3 15 16 14 13 10 9 12 11 22 21 24 23 20 19 17 18 30 29 32 31 28 27 25 26 6 5 8 7 4 3 1 2 14 13 16 15 12 11 9 10 23 24 22 21 18 17 20 19 31 32 30 29 26 25 28 27 5 6 7 8 3 4 2 1 13 14 15 16 11 12 10 9 24 23 21 22 17 18 19 20 32 31 29 30 25 26 27 28 16 15 13 14 9 10 11 12 1 2 3 4 5 6 7 8 25 26 27 28 29 30 31 32 21 22 23 24 19 20 18 17 15 16 14 13 10 9 12 11 2 1 4 3 6 5 8 7 26 25 28 27 30 29 32 31 22 21 24 23 20 19 17 18 14 13 16 15 12 11 9 10 4 3 1 2 8 7 5 6 27 28 26 25 31 32 30 29 23 24 22 21 18 17 20 19 13 14 15 16 11 12 10 9 3 4 2 1 7 8 6 5 28 27 25 26 32 31 29 30 24 23 21 22 17 18 19 20 12 11 9 10 16 15 13 14 8 7 5 6 1 2 3 4 29 30 31 32 27 28 26 25 19 20 18 17 23 24 22 21 11 12 10 9 15 16 14 13 7 8 6 5 2 1 4 3 30 29 32 31 28 27 25 26 20 19 17 18 24 23 21 22 10 9 12 11 14 13 16 15 6 5 8 7 4 3 1 2 31 32 30 29 26 25 28 27 18 17 20 19 22 21 24 23 9 10 11 12 13 14 15 16 5 6 7 8 3 4 2 1 32 31 29 30 25 26 27 28 17 18 19 20 21 22 23 24 18 17 20 19 22 21 24 23 26 25 28 27 30 29 32 31 1 2 3 4 5 6 7 8 9 10 11 12 13 14 15 16 17 18 19 20 21 22 23 24 25 26 27 28 29 30 31 32 2 1 4 3 6 5 8 7 10 9 12 11 14 13 16 15 20 19 17 18 24 23 21 22 28 27 25 26 32 31 29 30 4 3 1 2 8 7 5 6 12 11 9 10 16 15 13 14 19 20 18 17 23 24 22 21 27 28 26 25 31 32 30 29 3 4 2 1 7 8 6 5 11 12 10 9 15 16 14 13 22 21 24 23 20 19 17 18 30 29 32 31 28 27 25 26 8 7 5 6 1 2 3 4 16 15 13 14 9 10 11 12 21 22 23 24 19 20 18 17 29 30 31 32 27 28 26 25 7 8 6 5 2 1 4 3 15 16 14 13 10 9 12 11 24 23 21 22 17 18 19 20 32 31 29 30 25 26 27 28 6 5 8 7 4 3 1 2 14 13 16 15 12 11 9 10 23 24 22 21 18 17 20 19 31 32 30 29 26 25 28 27 5 6 7 8 3 4 2 1 13 14 15 16 11 12 10 9 26 25 28 27 30 29 32 31 22 21 24 23 20 19 17 18 16 15 13 14 9 10 11 12 1 2 3 4 5 6 7 8 25 26 27 28 29 30 31 32 21 22 23 24 19 20 18 17 15 16 14 13 10 9 12 11 2 1 4 3 6 5 8 7 28 27 25 26 32 31 29 30 24 23 21 22 17 18 19 20 14 13 16 15 12 11 9 10 4 3 1 2 8 7 5 6 27 28 26 25 31 32 30 29 23 24 22 21 18 17 20 19 13 14 15 16 11 12 10 9 3 4 2 1 7 8 6 5 30 29 32 31 28 27 25 26 20 19 17 18 24 23 21 22 12 11 9 10 16 15 13 14 8 7 5 6 1 2 3 4 29 30 31 32 27 28 26 25 19 20 18 17 23 24 22 21 11 12 10 9 15 16 14 13 7 8 6 5 2 1 4 3 32 31 29 30 25 26 27 28 17 18 19 20 21 22 23 24 10 9 12 11 14 13 16 15 6 5 8 7 4 3 1 2 31 32 30 29 26 25 28 27 18 17 20 19 22 21 24 23 9 10 11 12 13 14 15 16 5 6 7 8 3 4 2 1
S4	24	1 2 3 4 5 6 7 8 9 10 11 12 13 14 15 16 17 18 19 20 21 22 23 24 2 1 4 3 7 8 5 6 12 11 10 9 14 13 16 15 19 20 17 18 24 23 22 21 3 4 1 2 8 7 6 5 10 9 12 11 16 15 14 13 18 17 20 19 23 24 21 22 4 3 2 1 6 5 8 7 11 12 9 10 15 16 13 14 20 19 18 17 22 21 24 23 9 10 11 12 1 2 3 4 5 6 7 8 17 18 19 20 21 22 23 24 13 14 15 16 12 11 10 9 2 1 4 3 7 8 5 6 19 20 17 18 24 23 22 21 14 13 16 15 10 9 12 11 3 4 1 2 8 7 6 5 18 17 20 19 23 24 21 22 16 15 14 13 11 12 9 10 4 3 2 1 6 5 8 7 20 19 18 17 22 21 24 23 15 16 13 14 5 6 7 8 9 10 11 12 1 2 3 4 21 22 23 24 13 14 15 16 17 18 19 20 7 8 5 6 12 11 10 9 2 1 4 3 24 23 22 21 14 13 16 15 19 20 17 18 8 7 6 5 10 9 12 11 3 4 1 2 23 24 21 22 16 15 14 13 18 17 20 19 6 5 8 7 11 12 9 10 4 3 2 1 22 21 24 23 15 16 13 14 20 19 18 17 13 14 15 16 17 18 19 20 21 22 23 24 1 2 3 4 5 6 7 8 9 10 11 12 14 13 16 15 19 20 17 18 24 23 22 21 2 1 4 3 7 8 5 6 12 11 10 9 16 15 14 13 18 17 20 19 23 24 21 22 3 4 1 2 8 7 6 5 10 9 12 11 15 16 13 14 20 19 18 17 22 21 24 23 4 3 2 1 6 5 8 7 11 12 9 10 17 18 19 20 21 22 23 24 13 14 15 16 9 10 11 12 1 2 3 4 5 6 7 8 19 20 17 18 24 23 22 21 14 13 16 15 12 11 10 9 2 1 4 3 7 8 5 6 18 17 20 19 23 24 21 22 16 15 14 13 10 9 12 11 3 4 1 2 8 7 6 5 20 19 18 17 22 21 24 23 15 16 13 14 11 12 9 10 4 3 2 1 6 5 8 7 21 22 23 24 13 14 15 16 17 18 19 20 5 6 7 8 9 10 11 12 1 2 3 4 24 23 22 21 14 13 16 15 19 20 17 18 7 8 5 6 12 11 10 9 2 1 4 3 23 24 21 22 16 15 14 13 18 17 20 19 8 7 6 5 10 9 12 11 3 4 1 2 22 21 24 23 15 16 13 14 20 19 18 17 6 5 8 7 11 12 9 10 4 3 2 1
SD16	16	1 2 3 4 5 6 7 8 9 10 11 12 13 14 15 16 2 1 4 3 6 5 8 7 10 9 12 11 14 13 16 15 3 4 1 2 8 7 6 5 13 14 15 16 9 10 11 12 4 3 2 1 7 8 5 6 14 13 16 15 10 9 12 11 5 6 7 8 1 2 3 4 12 11 10 9 15 16 13 14 6 5 8 7 2 1 4 3 11 12 9 10 16 15 14 13 8 7 6 5 3 4 1 2 16 15 14 13 11 12 9 10 7 8 5 6 4 3 2 1 15 16 13 14 12 11 10 9 16 15 14 13 11 12 9 10 1 2 3 4 5 6 7 8 15 16 13 14 12 11 10 9 2 1 4 3 6 5 8 7 12 11 10 9 15 16 13 14 3 4 1 2 8 7 6 5 11 12 9 10 16 15 14 13 4 3 2 1 7 8 5 6 14 13 16 15 10 9 12 11 5 6 7 8 1 2 3 4 13 14 15 16 9 10 11 12 6 5 8 7 2 1 4 3 10 9 12 11 14 13 16 15 8 7 6 5 3 4 1 2 9 10 11 12 13 14 15 16 7 8 5 6 4 3 2 1
SD32	32	1 2 3 4 5 6 7 8 9 10 11 12 13 14 15 16 17 18 19 20 21 22 23 24 25 26 27 28 29 30 31 32 2 1 4 3 6 5 8 7 10 9 12 11 14 13 16 15 18 17 20 19 22 21 24 23 26 25 28 27 30 29 32 31 3 4 1 2 8 7 6 5 13 14 15 16 9 10 11 12 27 28 25 26 32 31 30 29 19 20 17 18 24 23 22 21 4 3 2 1 7 8 5 6 14 13 16 15 10 9 12 11 28 27 26 25 31 32 29 30 20 19 18 17 23 24 21 22 5 6 7 8 1 2 3 4 12 11 10 9 15 16 13 14 29 30 31 32 25 26 27 28 21 22 23 24 17 18 19 20 6 5 8 7 2 1 4 3 11 12 9 10 16 15 14 13 30 29 32 31 26 25 28 27 22 21 24 23 18 17 20 19 8 7 6 5 3 4 1 2 16 15 14 13 11 12 9 10 24 23 22 21 19 20 17 18 32 31 30 29 27 28 25 26 7 8 5 6 4 3 2 1 15 16 13 14 12 11 10 9 23 24 21 22 20 19 18 17 31 32 29 30 28 27 26 25 15 16 13 14 12 11 10 9 1 2 3 4 5 6 7 8 31 32 29 30 28 27 26 25 17 18 19 20 21 22 23 24 16 15 14 13 11 12 9 10 2 1 4 3 6 5 8 7 32 31 30 29 27 28 25 26 18 17 20 19 22 21 24 23 11 12 9 10 16 15 14 13 3 4 1 2 8 7 6 5 22 21 24 23 18 17 20 19 27 28 25 26 32 31 30 29 12 11 10 9 15 16 13 14 4 3 2 1 7 8 5 6 21 22 23 24 17 18 19 20 28 27 26 25 31 32 29 30 13 14 15 16 9 10 11 12 5 6 7 8 1 2 3 4 19 20 17 18 24 23 22 21 29 30 31 32 25 26 27 28 14 13 16 15 10 9 12 11 6 5 8 7 2 1 4 3 20 19 18 17 23 24 21 22 30 29 32 31 26 25 28 27 9 10 11 12 13 14 15 16 8 7 6 5 3 4 1 2 25 26 27 28 29 30 31 32 24 23 22 21 19 20 17 18 10 9 12 11 14 13 16 15 7 8 5 6 4 3 2 1 26 25 28 27 30 29 32 31 23 24 21 22 20 19 18 17 26 25 28 27 30 29 32 31 23 24 21 22 20 19 18 17 1 2 3 4 5 6 7 8 9 10 11 12 13 14 15 16 25 26 27 28 29 30 31 32 24 23 22 21 19 20 17 18 2 1 4 3 6 5 8 7 10 9 12 11 14 13 16 15 20 19 18 17 23 24 21 22 30 29 32 31 26 25 28 27 3 4 1 2 8 7 6 5 13 14 15 16 9 10 11 12 19 20 17 18 24 23 22 21 29 30 31 32 25 26 27 28 4 3 2 1 7 8 5 6 14 13 16 15 10 9 12 11 22 21 24 23 18 17 20 19 27 28 25 26 32 31 30 29 5 6 7 8 1 2 3 4 12 11 10 9 15 16 13 14 21 22 23 24 17 18 19 20 28 27 26 25 31 32 29 30 6 5 8 7 2 1 4 3 11 12 9 10 16 15 14 13 31 32 29 30 28 27 26 25 17 18 19 20 21 22 23 24 8 7 6 5 3 4 1 2 16 15 14 13 11 12 9 10 32 31 30 29 27 28 25 26 18 17 20 19 22 21 24 23 7 8 5 6 4 3 2 1 15 16 13 14 12 11 10 9 18 17 20 19 22 21 24 23 26 25 28 27 30 29 32 31 15 16 13 14 12 11 10 9 1 2 3 4 5 6 7 8 17 18 19 20 21 22 23 24 25 26 27 28 29 30 31 32 16 15 14 13 11 12 9 10 2 1 4 3 6 5 8 7 28 27 26 25 31 32 29 30 20 19 18 17 23 24 21 22 11 12 9 10 16 15 14 13 3 4 1 2 8 7 6 5 27 28 25 26 32 31 30 29 19 20 17 18 24 23 22 21 12 11 10 9 15 16 13 14 4 3 2 1 7 8 5 6 30 29 32 31 26 25 28 27 22 21 24 23 18 17 20 19 13 14 15 16 9 10 11 12 5 6 7 8 1 2 3 4 29 30 31 32 25 26 27 28 21 22 23 24 17 18 19 20 14 13 16 15 10 9 12 11 6 5 8 7 2 1 4 3 23 24 21 22 20 19 18 17 31 32 29 30 28 27 26 25 9 10 11 12 13 14 15 16 8 7 6 5 3 4 1 2 24 23 22 21 19 20 17 18 32 31 30 29 27 28 25 26 10 9 12 11 14 13 16 15 7 8 5 6 4 3 2 1
SL2_3	24	1 2 3 4 5 6 7 8 9 10 11 12 13 14 15 16 17 18 19 20 21 22 23 24 2 1 4 3 6 5 8 7 10 9 12 11 14 13 16 15 18 17 20 19 22 21 24 23 4 3 1 2 7 8 6 5 14 13 16 15 9 10 11 12 24 23 21 22 20 19 17 18 3 4 2 1 8 7 5 6 13 14 15 16 10 9 12 11 23 24 22 21 19 20 18 17 6 5 8 7 1 2 3 4 16 15 13 14 12 11 9 10 20 19 17 18 23 24 22 21 5 6 7 8 2 1 4 3 15 16 14 13 11 12 10 9 19 20 18 17 24 23 21 22 8 7 5 6 4 3 1 2 12 11 9 10 15 16 14 13 22 21 24 23 17 18 19 20 7 8 6 5 3 4 2 1 11 12 10 9 16 15 13 14 21 22 23 24 18 17 20 19 17 18 19 20 21 22 23 24 1 2 3 4 5 6 7 8 9 10 11 12 13 14 15 16 18 17 20 19 22 21 24 23 2 1 4 3 6 5 8 7 10 9 12 11 14 13 16 15 24 23 21 22 20 19 17 18 4 3 1 2 7 8 6 5 14 13 16 15 9 10 11 12 23 24 22 21 19 20 18 17 3 4 2 1 8 7 5 6 13 14 15 16 10 9 12 11 20 19 17 18 23 24 22 21 6 5 8 7 1 2 3 4 16 15 13 14 12 11 9 10 19 20 18 17 24 23 21 22 5 6 7 8 2 1 4 3 15 16 14 13 11 12 10 9 22 21 24 23 17 18 19 20 8 7 5 6 4 3 1 2 12 11 9 10 15 16 14 13 21 22 23 24 18 17 20 19 7 8 6 5 3 4 2 1 11 12 10 9 16 15 13 14 9 10 11 12 13 14 15 16 17 18 19 20 21 22 23 24 1 2 3 4 5 6 7 8 10 9 12 11 14 13 16 15 18 17 20 19 22 21 24 23 2 1 4 3 6 5 8 7 14 13 16 15 9 10 11 12 24 23 21 22 20 19 17 18 4 3 1 2 7 8 6 5 13 14 15 16 10 9 12 11 23 24 22 21 19 20 18 17 3 4 2 1 8 7 5 6 16 15 13 14 12 11 9 10 20 19 17 18 23 24 22 21 6 5 8 7 1 2 3 4 15 16 14 13 11 12 10 9 19 20 18 17 24 23 21 22 5 6 7 8 2 1 4 3 12 11 9 10 15 16 14 13 22 21 24 23 17 18 19 20 8 7 5 6 4 3 1 2 11 12 10 9 16 15 13 14 21 22 23 24 18 17 20 19 7 8 6 5 3 4 2 1
Z11	11	1 2 3 4 5 6 7 8 9 10 11 11 1 2 3 4 5 6 7 8 9 10 10 11 1 2 3 4 5 6 7 8 9 9 10 11 1 2 3 4 5 6 7 8 8 9 10 11 1 2 3 4 5 6 7 7 8 9 10 11 1 2 3 4 5 6 6 7 8 9 10 11 1 2 3 4 5 5 6 7 8 9 10 11 1 2 3 4 4 5 6 7 8 9 10 11 1 2 3 3 4 5 6 7 8 9 10 11 1 2 2 3 4 5 6 7 8 9 10 11 1
Z12sZ2	24	1 2 3 4 5 6 7 8 9 10 11 12 13 14 15 16 17 18 19 20 21 22 23 24 3 1 2 6 4 5 9 7 8 12 10 11 14 15 13 17 18 16 20 21 19 23 24 22 2 3 1 5 6 4 8 9 7 11 12 10 15 13 14 18 16 17 21 19 20 24 22 23 4 5 6 1 2 3 10 11 12 7 8 9 16 17 18 13 14 15 22 23 24 19 20 21 6 4 5 3 1 2 12 10 11 9 7 8 17 18 16 14 15 13 23 24 22 20 21 19 5 6 4 2 3 1 11 12 10 8 9 7 18 16 17 15 13 14 24 22 23 21 19 20 10 11 12 7 8 9 1 2 3 4 5 6 22 23 24 19 20 21 13 14 15 16 17 18 12 10 11 9 7 8 3 1 2 6 4 5 23 24 22 20 21 19 14 15 13 17 18 16 11 12 10 8 9 7 2 3 1 5 6 4 24 22 23 21 19 20 15 13 14 18 16 17 7 8 9 10 11 12 4 5 6 1 2 3 19 20 21 22 23 24 16 17 18 13 14 15 9 7 8 12 10 11 6 4 5 3 1 2 20 21 19 23 24 22 17 18 16 14 15 13 8 9 7 11 12 10 5 6 4 2 3 1 21 19 20 24 22 23 18 16 17 15 13 14 13 14 15 16 17 18 19 20 21 22 23 24 1 2 3 4 5 6 7 8 9 10 11 12 14 15 13 17 18 16 20 21 19 23 24 22 3 1 2 6 4 5 9 7 8 12 10 11 15 13 14 18 16 17 21 19 20 24 22 23 2 3 1 5 6 4 8 9 7 11 12 10 16 17 18 13 14 15 22 23 24 19 20 21 4 5 6 1 2 3 10 11 12 7 8 9 17 18 16 14 15 13 23 24 22 20 21 19 6 4 5 3 1 2 12 10 11 9 7 8 18 16 17 15 13 14 24 22 23 21 19 20 5 6 4 2 3 1 11 12 10 8 9 7 22 23 24 19 20 21 13 14 15 16 17 18 10 11 12 7 8 9 1 2 3 4 5 6 23 24 22 20 21 19 14 15 13 17 18 16 12 10 11 9 7 8 3 1 2 6 4 5 24 22 23 21 19 20 15 13 14 18 16 17 11 12 10 8 9 7 2 3 1 5 6 4 19 20 21 22 23 24 16 17 18 13 14 15 7 8 9 10 11 12 4 5 6 1 2 3 20 21 19 23 24 22 17 18 16 14 15 13 9 7 8 12 10 11 6 4 5 3 1 2 21 19 20 24 22 23 18 16 17 15 13 14 8 9 7 11 12 10 5 6 4 2 3 1
Z13	13	1 2 3 4 5 6 7 8 9 10 11 12 13 13 1 2 3 4 5 6 7 8 9 10 11 12 12 13 1 2 3 4 5 6 7 8 9 10 11 11 12 13 1 2 3 4 5 6 7 8 9 10 10 11 12 13 1 2 3 4 5 6 7 8 9 9 10 11 12 13 1 2 3 4 5 6 7 8 8 9 10 11 12 13 1 2 3 4 5 6 7 7 8 9 10 11 12 13 1 2 3 4 5 6 6 7 8 9 10 11 12 13 1 2 3 4 5 5 6 7 8 9 10 11 12 13 1 2 3 4 4 5 6 7 8 9 10 11 12 13 1 2 3 3 4 5 6 7 8 9 10 11 12 13 1 2 2 3 4 5 6 7 8 9 10 11 12 13 1
Z16	16	1 2 3 4 5 6 7 8 9 10 11 12 13 14 15 16 2 1 4 3 6 5 8 7 10 9 12 11 14 13 16 15 4 3 1 2 8 7 5 6 12 11 9 10 16 15 13 14 3 4 2 1 7 8 6 5 11 12 10 9 15 16 14 13 8 7 5 6 1 2 3 4 16 15 13 14 9 10 11 12 7 8 6 5 2 1 4 3 15 16 14 13 10 9 12 11 6 5 8 7 4 3 1 2 14 13 16 15 12 11 9 10 5 6 7 8 3 4 2 1 13 14 15 16 11 12 10 9 16 15 13 14 9 10 11 12 1 2 3 4 5 6 7 8 15 16 14 13 10 9 12 11 2 1 4 3 6 5 8 7 14 13 16 15 12 11 9 10 4 3 1 2 8 7 5 6 13 14 15 16 11 12 10 9 3 4 2 1 7 8 6 5 12 11 9 10 16 15 13 14 8 7 5 6 1 2 3 4 11 12 10 9 15 16 14 13 7 8 6 5 2 1 4 3 10 9 12 11 14 13 16 15 6 5 8 7 4 3 1 2 9 10 11 12 13 14 15 16 5 6 7 8 3 4 2 1
Z17	17	1 2 3 4 5 6 7 8 9 10 11 12 13 14 15 16 17 17 1 2 3 4 5 6 7 8 9 10 11 12 13 14 15 16 16 17 1 2 3 4 5 6 7 8 9 10 11 12 13 14 15 15 16 17 1 2 3 4 5 6 7 8 9 10 11 12 13 14 14 15 16 17 1 2 3 4 5 6 7 8 9 10 11 12 13 13 14 15 16 17 1 2 3 4 5 6 7 8 9 10 11 12 12 13 14 15 16 17 1 2 3 4 5 6 7 8 9 10 11 11 12 13 14 15 16 17 1 2 3 4 5 6 7 8 9 10 10 11 12 13 14 15 16 17 1 2 3 4 5 6 7 8 9 9 10 11 12 13 14 15 16 17 1 2 3 4 5 6 7 8 8 9 10 11 12 13 14 15 16 17 1 2 3 4 5 6 7 7 8 9 10 11 12 13 14 15 16 17 1 2 3 4 5 6 6 7 8 9 10 11 12 13 14 15 16 17 1 2 3 4 5 5 6 7 8 9 10 11 12 13 14 15 16 17 1 2 3 4 4 5 6 7 8 9 10 11 12 13 14 15 16 17 1 2 3 3 4 5 6 7 8 9 10 11 12 13 14 15 16 17 1 2 2 3 4 5 6 7 8 9 10 11 12 13 14 15 16 17 1
Z19	19	1 2 3 4 5 6 7 8 9 10 11 12 13 14 15 16 17 18 19 19 1 2 3 4 5 6 7 8 9 10 11 12 13 14 15 16 17 18 18 19 1 2 3 4 5 6 7 8 9 10 11 12 13 14 15 16 17 17 18 19 1 2 3 4 5 6 7 8 9 10 11 12 13 14 15 16 16 17 18 19 1 2 3 4 5 6 7 8 9 10 11 12 13 14 15 15 16 17 18 19 1 2 3 4 5 6 7 8 9 10 11 12 13 14 14 15 16 17 18 19 1 2 3 4 5 6 7 8 9 10 11 12 13 13 14 15 16 17 18 19 1 2 3 4 5 6 7 8 9 10 11 12 12 13 14 15 16 17 18 19 1 2 3 4 5 6 7 8 9 10 11 11 12 13 14 15 16 17 18 19 1 2 3 4 5 6 7 8 9 10 10 11 12 13 14 15 16 17 18 19 1 2 3 4 5 6 7 8 9 9 10 11 12 13 14 15 16 17 18 19 1 2 3 4 5 6 7 8 8 9 10 11 12 13 14 15 16 17 18 19 1 2 3 4 5 6 7 7 8 9 10 11 12 13 14 15 16 17 18 19 1 2 3 4 5 6 6 7 8 9 10 11 12 13 14 15 16 17 18 19 1 2 3 4 5 5 6 7 8 9 10 11 12 13 14 15 16 17 18 19 1 2 3 4 4 5 6 7 8 9 10 11 12 13 14 15 16 17 18 19 1 2 3 3 4 5 6 7 8 9 10 11 12 13 14 15 16 17 18 19 1 2 2 3 4 5 6 7 8 9 10 11 12 13 14 15 16 17 18 19 1
Z23	23	1 2 3 4 5 6 7 8 9 10 11 12 13 14 15 16 17 18 19 20 21 22 23 23 1 2 3 4 5 6 7 8 9 10 11 12 13 14 15 16 17 18 19 20 21 22 22 23 1 2 3 4 5 6 7 8 9 10 11 12 13 14 15 16 17 18 19 20 21 21 22 23 1 2 3 4 5 6 7 8 9 10 11 12 13 14 15 16 17 18 19 20 20 21 22 23 1 2 3 4 5 6 7 8 9 10 11 12 13 14 15 16 17 18 19 19 20 21 22 23 1 2 3 4 5 6 7 8 9 10 11 12 13 14 15 16 17 18 18 19 20 21 22 23 1 2 3 4 5 6 7 8 9 10 11 12 13 14 15 16 17 17 18 19 20 21 22 23 1 2 3 4 5 6 7 8 9 10 11 12 13 14 15 16 16 17 18 19 20 21 22 23 1 2 3 4 5 6 7 8 9 10 11 12 13 14 15 15 16 17 18 19 20 21 22 23 1 2 3 4 5 6 7 8 9 10 11 12 13 14 14 15 16 17 18 19 20 21 22 23 1 2 3 4 5 6 7 8 9 10 11 12 13 13 14 15 16 17 18 19 20 21 22 23 1 2 3 4 5 6 7 8 9 10 11 12 12 13 14 15 16 17 18 19 20 21 22 23 1 2 3 4 5 6 7 8 9 10 11 11 12 13 14 15 16 17 18 19 20 21 22 23 1 2 3 4 5 6 7 8 9 10 10 11 12 13 14 15 16 17 18 19 20 21 22 23 1 2 3 4 5 6 7 8 9 9 10 11 12 13 14 15 16 17 18 19 20 21 22 23 1 2 3 4 5 6 7 8 8 9 10 11 12 13 14 15 16 17 18 19 20 21 22 23 1 2 3 4 5 6 7 7 8 9 10 11 12 13 14 15 16 17 18 19 20 21 22 23 1 2 3 4 5 6 6 7 8 9 10 11 12 13 14 15 16 17 18 19 20 21 22 23 1 2 3 4 5 5 6 7 8 9 10 11 12 13 14 15 16 17 18 19 20 21 22 23 1 2 3 4 4 5 6 7 8 9 10 11 12 13 14 15 16 17 18 19 20 21 22 23 1 2 3 3 4 5 6 7 8 9 10 11 12 13 14 15 16 17 18 19 20 21 22 23 1 2 2 3 4 5 6 7 8 9 10 11 12 13 14 15 16 17 18 19 20 21 22 23 1
Z25	25	1 2 3 4 5 6 7 8 9 10 11 12 13 14 15 16 17 18 19 20 21 22 23 24 25 5 1 2 3 4 10 6 7 8 9 15 11 12 13 14 20 16 17 18 19 25 21 22 23 24 4 5 1 2 3 9 10 6 7 8 14 15 11 12 13 19 20 16 17 18 24 25 21 22 23 3 4 5 1 2 8 9 10 6 7 13 14 15 11 12 18 19 20 16 17 23 24 25 21 22 2 3 4 5 1 7 8 9 10 6 12 13 14 15 11 17 18 19 20 16 22 23 24 25 21 25 21 22 23 24 1 2 3 4 5 6 7 8 9 10 11 12 13 14 15 16 17 18 19 20 24 25 21 22 23 5 1 2 3 4 10 6 7 8 9 15 11 12 13 14 20 16 17 18 19 23 24 25 21 22 4 5 1 2 3 9 10 6 7 8 14 15 11 12 13 19 20 16 17 18 22 23 24 25 21 3 4 5 1 2 8 9 10 6 7 13 14 15 11 12 18 19 20 16 17 21 22 23 24 25 2 3 4 5 1 7 8 9 10 6 12 13 14 15 11 17 18 19 20 16 20 16 17 18 19 25 21 22 23 24 1 2 3 4 5 6 7 8 9 10 11 12 13 14 15 19 20 16 17 18 24 25 21 22 23 5 1 2 3 4 10 6 7 8 9 15 11 12 13 14 18 19 20 16 17 23 24 25 21 22 4 5 1 2 3 9 10 6 7 8 14 15 11 12 13 17 18 19 20 16 22 23 24 25 21 3 4 5 1 2 8 9 10 6 7 13 14 15 11 12 16 17 18 19 20 21 22 23 24 25 2 3 4 5 1 7 8 9 10 6 12 13 14 15 11 15 11 12 13 14 20 16 17 18 19 25 21 22 23 24 1 2 3 4 5 6 7 8 9 10 14 15 11 12 13 19 20 16 17 18 24 25 21 22 23 5 1 2 3 4 10 6 7 8 9 13 14 15 11 12 18 19 20 16 17 23 24 25 21 22 4 5 1 2 3 9 10 6 7 8 12 13 14 15 11 17 18 19 20 16 22 23 24 25 21 3 4 5 1 2 8 9 10 6 7 11 12 13 14 15 16 17 18 19 20 21 22 23 24 25 2 3 4 5 1 7 8 9 10 6 10 6 7 8 9 15 11 12 13 14 20 16 17 18 19 25 21 22 23 24 1 2 3 4 5 9 10 6 7 8 14 15 11 12 13 19 20 16 17 18 24 25 21 22 23 5 1 2 3 4 8 9 10 6 7 13 14 15 11 12 18 19 20 16 17 23 24 25 21 22 4 5 1 2 3 7 8 9 10 6 12 13 14 15 11 17 18 19 20 16 22 23 24 25 21 3 4 5 1 2 6 7 8 9 10 11 12 13 14 15 16 17 18 19 20 21 22 23 24 25 2 3 4 5 1
Z27	27	1 2 3 4 5 6 7 8 9 10 11 12 13 14 15 16 17 18 19 20 21 22 23 24 25 26 27 3 1 2 6 4 5 9 7 8 12 10 11 15 13 14 18 16 17 21 19 20 24 22 23 27 25 26 2 3 1 5 6 4 8 9 7 11 12 10 14 15 13 17 18 16 20 21 19 23 24 22 26 27 25 9 7 8 1 2 3 4 5 6 18 16 17 10 11 12 13 14 15 27 25 26 19 20 21 22 23 24 8 9 7 3 1 2 6 4 5 17 18 16 12 10 11 15 13 14 26 27 25 21 19 20 24 22 23 7 8 9 2 3 1 5 6 4 16 17 18 11 12 10 14 15 13 25 26 27 20 21 19 23 24 22 6 4 5 9 7 8 1 2 3 15 13 14 18 16 17 10 11 12 24 22 23 27 25 26 19 20 21 5 6 4 8 9 7 3 1 2 14 15 13 17 18 16 12 10 11 23 24 22 26 27 25 21 19 20 4 5 6 7 8 9 2 3 1 13 14 15 16 17 18 11 12 10 22 23 24 25 26 27 20 21 19 27 25 26 19 20 21 22 23 24 1 2 3 4 5 6 7 8 9 10 11 12 13 14 15 16 17 18 26 27 25 21 19 20 24 22 23 3 1 2 6 4 5 9 7 8 12 10 11 15 13 14 18 16 17 25 26 27 20 21 19 23 24 22 2 3 1 5 6 4 8 9 7 11 12 10 14 15 13 17 18 16 24 22 23 27 25 26 19 20 21 9 7 8 1 2 3 4 5 6 18 16 17 10 11 12 13 14 15 23 24 22 26 27 25 21 19 20 8 9 7 3 1 2 6 4 5 17 18 16 12 10 11 15 13 14 22 23 24 25 26 27 20 21 19 7 8 9 2 3 1 5 6 4 16 17 18 11 12 10 14 15 13 21 19 20 24 22 23 27 25 26 6 4 5 9 7 8 1 2 3 15 13 14 18 16 17 10 11 12 20 21 19 23 24 22 26 27 25 5 6 4 8 9 7 3 1 2 14 15 13 17 18 16 12 10 11 19 20 21 22 23 24 25 26 27 4 5 6 7 8 9 2 3 1 13 14 15 16 17 18 11 12 10 18 16 17 10 11 12 13 14 15 27 25 26 19 20 21 22 23 24 1 2 3 4 5 6 7 8 9 17 18 16 12 10 11 15 13 14 26 27 25 21 19 20 24 22 23 3 1 2 6 4 5 9 7 8 16 17 18 11 12 10 14 15 13 25 26 27 20 21 19 23 24 22 2 3 1 5 6 4 8 9 7 15 13 14 18 16 17 10 11 12 24 22 23 27 25 26 19 20 21 9 7 8 1 2 3 4 5 6 14 15 13 17 18 16 12 10 11 23 24 22 26 27 25 21 19 20 8 9 7 3 1 2 6 4 5 13 14 15 16 17 18 11 12 10 22 23 24 25 26 27 20 21 19 7 8 9 2 3 1 5 6 4 12 10 11 15 13 14 18 16 17 21 19 20 24 22 23 27 25 26 6 4 5 9 7 8 1 2 3 11 12 10 14 15 13 17 18 16 20 21 19 23 24 22 26 27 25 5 6 4 8 9 7 3 1 2 10 11 12 13 14 15 16 17 18 19 20 21 22 23 24 25 26 27 4 5 6 7 8 9 2 3 1
Z29	29	1 2 3 4 5 6 7 8 9 10 11 12 13 14 15 16 17 18 19 20 21 22 23 24 25 26 27 28 29 29 1 2 3 4 5 6 7 8 9 10 11 12 13 14 15 16 17 18 19 20 21 22 23 24 25 26 27 28 28 29 1 2 3 4 5 6 7 8 9 10 11 12 13 14 15 16 17 18 19 20 21 22 23 24 25 26 27 27 28 29 1 2 3 4 5 6 7 8 9 10 11 12 13 14 15 16 17 18 19 20 21 22 23 24 25 26 26 27 28 29 1 2 3 4 5 6 7 8 9 10 11 12 13 14 15 16 17 18 19 20 21 22 23 24 25 25 26 27 28 29 1 2 3 4 5 6 7 8 9 10 11 12 13 14 15 16 17 18 19 20 21 22 23 24 24 25 26 27 28 29 1 2 3 4 5 6 7 8 9 10 11 12 13 14 15 16 17 18 19 20 21 22 23 23 24 25 26 27 28 29 1 2 3 4 5 6 7 8 9 10 11 12 13 14 15 16 17 18 19 20 21 22 22 23 24 25 26 27 28 29 1 2 3 4 5 6 7 8 9 10 11 12 13 14 15 16 17 18 19 20 21 21 22 23 24 25 26 27 28 29 1 2 3 4 5 6 7 8 9 10 11 12 13 14 15 16 17 18 19 20 20 21 22 23 24 25 26 27 28 29 1 2 3 4 5 6 7 8 9 10 11 12 13 14 15 16 17 18 19 19 20 21 22 23 24 25 26 27 28 29 1 2 3 4 5 6 7 8 9 10 11 12 13 14 15 16 17 18 18 19 20 21 22 23 24 25 26 27 28 29 1 2 3 4 5 6 7 8 9 10 11 12 13 14 15 16 17 17 18 19 20 21 22 23 24 25 26 27 28 29 1 2 3 4 5 6 7 8 9 10 11 12 13 14 15 16 16 17 18 19 20 21 22 23 24 25 26 27 28 29 1 2 3 4 5 6 7 8 9 10 11 12 13 14 15 15 16 17 18 19 20 21 22 23 24 25 26 27 28 29 1 2 3 4 5 6 7 8 9 10 11 12 13 14 14 15 16 17 18 19 20 21 22 23 24 25 26 27 28 29 1 2 3 4 5 6 7 8 9 10 11 12 13 13 14 15 16 17 18 19 20 21 22 23 24 25 26 27 28 29 1 2 3 4 5 6 7 8 9 10 11 12 12 13 14 15 16 17 18 19 20 21 22 23 24 25 26 27 28 29 1 2 3 4 5 6 7 8 9 10 11 11 12 13 14 15 16 17 18 19 20 21 22 23 24 25 26 27 28 29 1 2 3 4 5 6 7 8 9 10 10 11 12 13 14 15 16 17 18 19 20 21 22 23 24 25 26 27 28 29 1 2 3 4 5 6 7 8 9 9 10 11 12 13 14 15 16 17 18 19 20 21 22 23 24 25 26 27 28 29 1 2 3 4 5 6 7 8 8 9 10 11 12 13 14 15 16 17 18 19 20 21 22 23 24 25 26 27 28 29 1 2 3 4 5 6 7 7 8 9 10 11 12 13 14 15 16 17 18 19 20 21 22 23 24 25 26 27 28 29 1 2 3 4 5 6 6 7 8 9 10 11 12 13 14 15 16 17 18 19 20 21 22 23 24 25 26 27 28 29 1 2 3 4 5 5 6 7 8 9 10 11 12 13 14 15 16 17 18 19 20 21 22 23 24 25 26 27 28 29 1 2 3 4 4 5 6 7 8 9 10 11 12 13 14 15 16 17 18 19 20 21 22 23 24 25 26 27 28 29 1 2 3 3 4 5 6 7 8 9 10 11 12 13 14 15 16 17 18 19 20 21 22 23 24 25 26 27 28 29 1 2 2 3 4 5 6 7 8 9 10 11 12 13 14 15 16 17 18 19 20 21 22 23 24 25 26 27 28 29 1
Z2xA4	24	1 2 3 4 5 6 7 8 9 10 11 12 13 14 15 16 17 18 19 20 21 22 23 24 2 1 4 3 7 8 5 6 12 11 10 9 14 13 16 15 19 20 17 18 24 23 22 21 3 4 1 2 8 7 6 5 10 9 12 11 15 16 13 14 20 19 18 17 22 21 24 23 4 3 2 1 6 5 8 7 11 12 9 10 16 15 14 13 18 17 20 19 23 24 21 22 9 10 11 12 1 2 3 4 5 6 7 8 21 22 23 24 13 14 15 16 17 18 19 20 12 11 10 9 2 1 4 3 7 8 5 6 24 23 22 21 14 13 16 15 19 20 17 18 10 9 12 11 3 4 1 2 8 7 6 5 22 21 24 23 15 16 13 14 20 19 18 17 11 12 9 10 4 3 2 1 6 5 8 7 23 24 21 22 16 15 14 13 18 17 20 19 5 6 7 8 9 10 11 12 1 2 3 4 17 18 19 20 21 22 23 24 13 14 15 16 7 8 5 6 12 11 10 9 2 1 4 3 19 20 17 18 24 23 22 21 14 13 16 15 8 7 6 5 10 9 12 11 3 4 1 2 20 19 18 17 22 21 24 23 15 16 13 14 6 5 8 7 11 12 9 10 4 3 2 1 18 17 20 19 23 24 21 22 16 15 14 13 13 14 15 16 17 18 19 20 21 22 23 24 1 2 3 4 5 6 7 8 9 10 11 12 14 13 16 15 19 20 17 18 24 23 22 21 2 1 4 3 7 8 5 6 12 11 10 9 15 16 13 14 20 19 18 17 22 21 24 23 3 4 1 2 8 7 6 5 10 9 12 11 16 15 14 13 18 17 20 19 23 24 21 22 4 3 2 1 6 5 8 7 11 12 9 10 21 22 23 24 13 14 15 16 17 18 19 20 9 10 11 12 1 2 3 4 5 6 7 8 24 23 22 21 14 13 16 15 19 20 17 18 12 11 10 9 2 1 4 3 7 8 5 6 22 21 24 23 15 16 13 14 20 19 18 17 10 9 12 11 3 4 1 2 8 7 6 5 23 24 21 22 16 15 14 13 18 17 20 19 11 12 9 10 4 3 2 1 6 5 8 7 17 18 19 20 21 22 23 24 13 14 15 16 5 6 7 8 9 10 11 12 1 2 3 4 19 20 17 18 24 23 22 21 14 13 16 15 7 8 5 6 12 11 10 9 2 1 4 3 20 19 18 17 22 21 24 23 15 16 13 14 8 7 6 5 10 9 12 11 3 4 1 2 18 17 20 19 23 24 21 22 16 15 14 13 6 5 8 7 11 12 9 10 4 3 2 1
Z2xD4oZ4	32	1 2 3 4 5 6 7 8 9 10 11 12 13 14 15 16 17 18 19 20 21 22 23 24 25 26 27 28 29 30 31 32 2 1 4 3 6 5 8 7 10 9 12 11 14 13 16 15 18 17 20 19 22 21 24 23 26 25 28 27 30 29 32 31 3 4 1 2 7 8 5 6 11 12 9 10 15 16 13 14 19 20 17 18 23 24 21 22 27 28 25 26 31 32 29 30 4 3 2 1 8 7 6 5 12 11 10 9 16 15 14 13 20 19 18 17 24 23 22 21 28 27 26 25 32 31 30 29 5 6 7 8 1 2 3 4 13 14 15 16 9 10 11 12 22 21 24 23 18 17 20 19 30 29 32 31 26 25 28 27 6 5 8 7 2 1 4 3 14 13 16 15 10 9 12 11 21 22 23 24 17 18 19 20 29 30 31 32 25 26 27 28 7 8 5 6 3 4 1 2 15 16 13 14 11 12 9 10 24 23 22 21 20 19 18 17 32 31 30 29 28 27 26 25 8 7 6 5 4 3 2 1 16 15 14 13 12 11 10 9 23 24 21 22 19 20 17 18 31 32 29 30 27 28 25 26 10 9 12 11 14 13 16 15 1 2 3 4 5 6 7 8 26 25 28 27 30 29 32 31 17 18 19 20 21 22 23 24 9 10 11 12 13 14 15 16 2 1 4 3 6 5 8 7 25 26 27 28 29 30 31 32 18 17 20 19 22 21 24 23 12 11 10 9 16 15 14 13 3 4 1 2 7 8 5 6 28 27 26 25 32 31 30 29 19 20 17 18 23 24 21 22 11 12 9 10 15 16 13 14 4 3 2 1 8 7 6 5 27 28 25 26 31 32 29 30 20 19 18 17 24 23 22 21 14 13 16 15 10 9 12 11 5 6 7 8 1 2 3 4 29 30 31 32 25 26 27 28 22 21 24 23 18 17 20 19 13 14 15 16 9 10 11 12 6 5 8 7 2 1 4 3 30 29 32 31 26 25 28 27 21 22 23 24 17 18 19 20 16 15 14 13 12 11 10 9 7 8 5 6 3 4 1 2 31 32 29 30 27 28 25 26 24 23 22 21 20 19 18 17 15 16 13 14 11 12 9 10 8 7 6 5 4 3 2 1 32 31 30 29 28 27 26 25 23 24 21 22 19 20 17 18 17 18 19 20 21 22 23 24 25 26 27 28 29 30 31 32 1 2 3 4 5 6 7 8 9 10 11 12 13 14 15 16 18 17 20 19 22 21 24 23 26 25 28 27 30 29 32 31 2 1 4 3 6 5 8 7 10 9 12 11 14 13 16 15 19 20 17 18 23 24 21 22 27 28 25 26 31 32 29 30 3 4 1 2 7 8 5 6 11 12 9 10 15 16 13 14 20 19 18 17 24 23 22 21 28 27 26 25 32 31 30 29 4 3 2 1 8 7 6 5 12 11 10 9 16 15 14 13 22 21 24 23 18 17 20 19 30 29 32 31 26 25 28 27 5 6 7 8 1 2 3 4 13 14 15 16 9 10 11 12 21 22 23 24 17 18 19 20 29 30 31 32 25 26 27 28 6 5 8 7 2 1 4 3 14 13 16 15 10 9 12 11 24 23 22 21 20 19 18 17 32 31 30 29 28 27 26 25 7 8 5 6 3 4 1 2 15 16 13 14 11 12 9 10 23 24 21 22 19 20 17 18 31 32 29 30 27 28 25 26 8 7 6 5 4 3 2 1 16 15 14 13 12 11 10 9 26 25 28 27 30 29 32 31 17 18 19 20 21 22 23 24 10 9 12 11 14 13 16 15 1 2 3 4 5 6 7 8 25 26 27 28 29 30 31 32 18 17 20 19 22 21 24 23 9 10 11 12 13 14 15 16 2 1 4 3 6 5 8 7 28 27 26 25 32 31 30 29 19 20 17 18 23 24 21 22 12 11 10 9 16 15 14 13 3 4 1 2 7 8 5 6 27 28 25 26 31 32 29 30 20 19 18 17 24 23 22 21 11 12 9 10 15 16 13 14 4 3 2 1 8 7 6 5 29 30 31 32 25 26 27 28 22 21 24 23 18 17 20 19 14 13 16 15 10 9 12 11 5 6 7 8 1 2 3 4 30 29 32 31 26 25 28 27 21 22 23 24 17 18 19 20 13 14 15 16 9 10 11 12 6 5 8 7 2 1 4 3 31 32 29 30 27 28 25 26 24 23 22 21 20 19 18 17 16 15 14 13 12 11 10 9 7 8 5 6 3 4 1 2 32 31 30 29 28 27 26 25 23 24 21 22 19 20 17 18 15 16 13 14 11 12 9 10 8 7 6 5 4 3 2 1
Z2xM16	32	1 2 3 4 5 6 7 8 9 10 11 12 13 14 15 16 17 18 19 20 21 22 23 24 25 26 27 28 29 30 31 32 2 1 4 3 6 5 8 7 10 9 12 11 14 13 16 15 18 17 20 19 22 21 24 23 26 25 28 27 30 29 32 31 3 4 1 2 7 8 5 6 11 12 9 10 15 16 13 14 19 20 17 18 23 24 21 22 27 28 25 26 31 32 29 30 4 3 2 1 8 7 6 5 12 11 10 9 16 15 14 13 20 19 18 17 24 23 22 21 28 27 26 25 32 31 30 29 5 6 7 8 1 2 3 4 13 14 15 16 9 10 11 12 22 21 24 23 18 17 20 19 30 29 32 31 26 25 28 27 6 5 8 7 2 1 4 3 14 13 16 15 10 9 12 11 21 22 23 24 17 18 19 20 29 30 31 32 25 26 27 28 7 8 5 6 3 4 1 2 15 16 13 14 11 12 9 10 24 23 22 21 20 19 18 17 32 31 30 29 28 27 26 25 8 7 6 5 4 3 2 1 16 15 14 13 12 11 10 9 23 24 21 22 19 20 17 18 31 32 29 30 27 28 25 26 10 9 12 11 14 13 16 15 1 2 3 4 5 6 7 8 26 25 28 27 30 29 32 31 17 18 19 20 21 22 23 24 9 10 11 12 13 14 15 16 2 1 4 3 6 5 8 7 25 26 27 28 29 30 31 32 18 17 20 19 22 21 24 23 12 11 10 9 16 15 14 13 3 4 1 2 7 8 5 6 28 27 26 25 32 31 30 29 19 20 17 18 23 24 21 22 11 12 9 10 15 16 13 14 4 3 2 1 8 7 6 5 27 28 25 26 31 32 29 30 20 19 18 17 24 23 22 21 14 13 16 15 10 9 12 11 5 6 7 8 1 2 3 4 29 30 31 32 25 26 27 28 22 21 24 23 18 17 20 19 13 14 15 16 9 10 11 12 6 5 8 7 2 1 4 3 30 29 32 31 26 25 28 27 21 22 23 24 17 18 19 20 16 15 14 13 12 11 10 9 7 8 5 6 3 4 1 2 31 32 29 30 27 28 25 26 24 23 22 21 20 19 18 17 15 16 13 14 11 12 9 10 8 7 6 5 4 3 2 1 32 31 30 29 28 27 26 25 23 24 21 22 19 20 17 18 26 25 28 27 30 29 32 31 17 18 19 20 21 22 23 24 1 2 3 4 5 6 7 8 9 10 11 12 13 14 15 16 25 26 27 28 29 30 31 32 18 17 20 19 22 21 24 23 2 1 4 3 6 5 8 7 10 9 12 11 14 13 16 15 28 27 26 25 32 31 30 29 19 20 17 18 23 24 21 22 3 4 1 2 7 8 5 6 11 12 9 10 15 16 13 14 27 28 25 26 31 32 29 30 20 19 18 17 24 23 22 21 4 3 2 1 8 7 6 5 12 11 10 9 16 15 14 13 29 30 31 32 25 26 27 28 22 21 24 23 18 17 20 19 5 6 7 8 1 2 3 4 13 14 15 16 9 10 11 12 30 29 32 31 26 25 28 27 21 22 23 24 17 18 19 20 6 5 8 7 2 1 4 3 14 13 16 15 10 9 12 11 31 32 29 30 27 28 25 26 24 23 22 21 20 19 18 17 7 8 5 6 3 4 1 2 15 16 13 14 11 12 9 10 32 31 30 29 28 27 26 25 23 24 21 22 19 20 17 18 8 7 6 5 4 3 2 1 16 15 14 13 12 11 10 9 18 17 20 19 22 21 24 23 26 25 28 27 30 29 32 31 10 9 12 11 14 13 16 15 1 2 3 4 5 6 7 8 17 18 19 20 21 22 23 24 25 26 27 28 29 30 31 32 9 10 11 12 13 14 15 16 2 1 4 3 6 5 8 7 20 19 18 17 24 23 22 21 28 27 26 25 32 31 30 29 12 11 10 9 16 15 14 13 3 4 1 2 7 8 5 6 19 20 17 18 23 24 21 22 27 28 25 26 31 32 29 30 11 12 9 10 15 16 13 14 4 3 2 1 8 7 6 5 21 22 23 24 17 18 19 20 29 30 31 32 25 26 27 28 14 13 16 15 10 9 12 11 5 6 7 8 1 2 3 4 22 21 24 23 18 17 20 19 30 29 32 31 26 25 28 27 13 14 15 16 9 10 11 12 6 5 8 7 2 1 4 3 23 24 21 22 19 20 17 18 31 32 29 30 27 28 25 26 16 15 14 13 12 11 10 9 7 8 5 6 3 4 1 2 24 23 22 21 20 19 18 17 32 31 30 29 28 27 26 25 15 16 13 14 11 12 9 10 8 7 6 5 4 3 2 1
Z2xQ16	32	1 2 3 4 5 6 7 8 9 10 11 12 13 14 15 16 17 18 19 20 21 22 23 24 25 26 27 28 29 30 31 32 2 1 4 3 6 5 8 7 10 9 12 11 14 13 16 15 18 17 20 19 22 21 24 23 26 25 28 27 30 29 32 31 3 4 1 2 7 8 5 6 11 12 9 10 15 16 13 14 19 20 17 18 23 24 21 22 27 28 25 26 31 32 29 30 4 3 2 1 8 7 6 5 12 11 10 9 16 15 14 13 20 19 18 17 24 23 22 21 28 27 26 25 32 31 30 29 6 5 8 7 1 2 3 4 14 13 16 15 9 10 11 12 21 22 23 24 18 17 20 19 29 30 31 32 26 25 28 27 5 6 7 8 2 1 4 3 13 14 15 16 10 9 12 11 22 21 24 23 17 18 19 20 30 29 32 31 25 26 27 28 8 7 6 5 3 4 1 2 16 15 14 13 11 12 9 10 23 24 21 22 20 19 18 17 31 32 29 30 28 27 26 25 7 8 5 6 4 3 2 1 15 16 13 14 12 11 10 9 24 23 22 21 19 20 17 18 32 31 30 29 27 28 25 26 14 13 16 15 9 10 11 12 1 2 3 4 5 6 7 8 25 26 27 28 29 30 31 32 21 22 23 24 18 17 20 19 13 14 15 16 10 9 12 11 2 1 4 3 6 5 8 7 26 25 28 27 30 29 32 31 22 21 24 23 17 18 19 20 16 15 14 13 11 12 9 10 3 4 1 2 7 8 5 6 27 28 25 26 31 32 29 30 23 24 21 22 20 19 18 17 15 16 13 14 12 11 10 9 4 3 2 1 8 7 6 5 28 27 26 25 32 31 30 29 24 23 22 21 19 20 17 18 10 9 12 11 14 13 16 15 6 5 8 7 1 2 3 4 29 30 31 32 26 25 28 27 18 17 20 19 22 21 24 23 9 10 11 12 13 14 15 16 5 6 7 8 2 1 4 3 30 29 32 31 25 26 27 28 17 18 19 20 21 22 23 24 12 11 10 9 16 15 14 13 8 7 6 5 3 4 1 2 31 32 29 30 28 27 26 25 20 19 18 17 24 23 22 21 11 12 9 10 15 16 13 14 7 8 5 6 4 3 2 1 32 31 30 29 27 28 25 26 19 20 17 18 23 24 21 22 18 17 20 19 22 21 24 23 26 25 28 27 30 29 32 31 1 2 3 4 5 6 7 8 9 10 11 12 13 14 15 16 17 18 19 20 21 22 23 24 25 26 27 28 29 30 31 32 2 1 4 3 6 5 8 7 10 9 12 11 14 13 16 15 20 19 18 17 24 23 22 21 28 27 26 25 32 31 30 29 3 4 1 2 7 8 5 6 11 12 9 10 15 16 13 14 19 20 17 18 23 24 21 22 27 28 25 26 31 32 29 30 4 3 2 1 8 7 6 5 12 11 10 9 16 15 14 13 22 21 24 23 17 18 19 20 30 29 32 31 25 26 27 28 6 5 8 7 1 2 3 4 14 13 16 15 9 10 11 12 21 22 23 24 18 17 20 19 29 30 31 32 26 25 28 27 5 6 7 8 2 1 4 3 13 14 15 16 10 9 12 11 24 23 22 21 19 20 17 18 32 31 30 29 27 28 25 26 8 7 6 5 3 4 1 2 16 15 14 13 11 12 9 10 23 24 21 22 20 19 18 17 31 32 29 30 28 27 26 25 7 8 5 6 4 3 2 1 15 16 13 14 12 11 10 9 26 25 28 27 30 29 32 31 22 21 24 23 17 18 19 20 14 13 16 15 9 10 11 12 1 2 3 4 5 6 7 8 25 26 27 28 29 30 31 32 21 22 23 24 18 17 20 19 13 14 15 16 10 9 12 11 2 1 4 3 6 5 8 7 28 27 26 25 32 31 30 29 24 23 22 21 19 20 17 18 16 15 14 13 11 12 9 10 3 4 1 2 7 8 5 6 27 28 25 26 31 32 29 30 23 24 21 22 20 19 18 17 15 16 13 14 12 11 10 9 4 3 2 1 8 7 6 5 30 29 32 31 25 26 27 28 17 18 19 20 21 22 23 24 10 9 12 11 14 13 16 15 6 5 8 7 1 2 3 4 29 30 31 32 26 25 28 27 18 17 20 19 22 21 24 23 9 10 11 12 13 14 15 16 5 6 7 8 2 1 4 3 32 31 30 29 27 28 25 26 19 20 17 18 23 24 21 22 12 11 10 9 16 15 14 13 8 7 6 5 3 4 1 2 31 32 29 30 28 27 26 25 20 19 18 17 24 23 22 21 11 12 9 10 15 16 13 14 7 8 5 6 4 3 2 1
Z2xQ8	16	1 2 3 4 5 6 7 8 9 10 11 12 13 14 15 16 2 1 4 3 6 5 8 7 10 9 12 11 14 13 16 15 3 4 1 2 7 8 5 6 11 12 9 10 15 16 13 14 4 3 2 1 8 7 6 5 12 11 10 9 16 15 14 13 6 5 8 7 1 2 3 4 13 14 15 16 10 9 12 11 5 6 7 8 2 1 4 3 14 13 16 15 9 10 11 12 8 7 6 5 3 4 1 2 15 16 13 14 12 11 10 9 7 8 5 6 4 3 2 1 16 15 14 13 11 12 9 10 10 9 12 11 14 13 16 15 1 2 3 4 5 6 7 8 9 10 11 12 13 14 15 16 2 1 4 3 6 5 8 7 12 11 10 9 16 15 14 13 3 4 1 2 7 8 5 6 11 12 9 10 15 16 13 14 4 3 2 1 8 7 6 5 14 13 16 15 9 10 11 12 6 5 8 7 1 2 3 4 13 14 15 16 10 9 12 11 5 6 7 8 2 1 4 3 16 15 14 13 11 12 9 10 8 7 6 5 3 4 1 2 15 16 13 14 12 11 10 9 7 8 5 6 4 3 2 1
Z2xSD16	32	1 2 3 4 5 6 7 8 9 10 11 12 13 14 15 16 17 18 19 20 21 22 23 24 25 26 27 28 29 30 31 32 2 1 4 3 6 5 8 7 10 9 12 11 14 13 16 15 18 17 20 19 22 21 24 23 26 25 28 27 30 29 32 31 3 4 1 2 7 8 5 6 11 12 9 10 15 16 13 14 19 20 17 18 23 24 21 22 27 28 25 26 31 32 29 30 4 3 2 1 8 7 6 5 12 11 10 9 16 15 14 13 20 19 18 17 24 23 22 21 28 27 26 25 32 31 30 29 5 6 7 8 1 2 3 4 14 13 16 15 10 9 12 11 25 26 27 28 29 30 31 32 17 18 19 20 21 22 23 24 6 5 8 7 2 1 4 3 13 14 15 16 9 10 11 12 26 25 28 27 30 29 32 31 18 17 20 19 22 21 24 23 7 8 5 6 3 4 1 2 16 15 14 13 12 11 10 9 27 28 25 26 31 32 29 30 19 20 17 18 23 24 21 22 8 7 6 5 4 3 2 1 15 16 13 14 11 12 9 10 28 27 26 25 32 31 30 29 20 19 18 17 24 23 22 21 9 10 11 12 13 14 15 16 1 2 3 4 5 6 7 8 22 21 24 23 18 17 20 19 29 30 31 32 25 26 27 28 10 9 12 11 14 13 16 15 2 1 4 3 6 5 8 7 21 22 23 24 17 18 19 20 30 29 32 31 26 25 28 27 11 12 9 10 15 16 13 14 3 4 1 2 7 8 5 6 24 23 22 21 20 19 18 17 31 32 29 30 27 28 25 26 12 11 10 9 16 15 14 13 4 3 2 1 8 7 6 5 23 24 21 22 19 20 17 18 32 31 30 29 28 27 26 25 14 13 16 15 10 9 12 11 5 6 7 8 1 2 3 4 30 29 32 31 26 25 28 27 21 22 23 24 17 18 19 20 13 14 15 16 9 10 11 12 6 5 8 7 2 1 4 3 29 30 31 32 25 26 27 28 22 21 24 23 18 17 20 19 16 15 14 13 12 11 10 9 7 8 5 6 3 4 1 2 32 31 30 29 28 27 26 25 23 24 21 22 19 20 17 18 15 16 13 14 11 12 9 10 8 7 6 5 4 3 2 1 31 32 29 30 27 28 25 26 24 23 22 21 20 19 18 17 30 29 32 31 26 25 28 27 21 22 23 24 17 18 19 20 1 2 3 4 5 6 7 8 9 10 11 12 13 14 15 16 29 30 31 32 25 26 27 28 22 21 24 23 18 17 20 19 2 1 4 3 6 5 8 7 10 9 12 11 14 13 16 15 32 31 30 29 28 27 26 25 23 24 21 22 19 20 17 18 3 4 1 2 7 8 5 6 11 12 9 10 15 16 13 14 31 32 29 30 27 28 25 26 24 23 22 21 20 19 18 17 4 3 2 1 8 7 6 5 12 11 10 9 16 15 14 13 22 21 24 23 18 17 20 19 29 30 31 32 25 26 27 28 5 6 7 8 1 2 3 4 14 13 16 15 10 9 12 11 21 22 23 24 17 18 19 20 30 29 32 31 26 25 28 27 6 5 8 7 2 1 4 3 13 14 15 16 9 10 11 12 24 23 22 21 20 19 18 17 31 32 29 30 27 28 25 26 7 8 5 6 3 4 1 2 16 15 14 13 12 11 10 9 23 24 21 22 19 20 17 18 32 31 30 29 28 27 26 25 8 7 6 5 4 3 2 1 15 16 13 14 11 12 9 10 26 25 28 27 30 29 32 31 18 17 20 19 22 21 24 23 9 10 11 12 13 14 15 16 1 2 3 4 5 6 7 8 25 26 27 28 29 30 31 32 17 18 19 20 21 22 23 24 10 9 12 11 14 13 16 15 2 1 4 3 6 5 8 7 28 27 26 25 32 31 30 29 20 19 18 17 24 23 22 21 11 12 9 10 15 16 13 14 3 4 1 2 7 8 5 6 27 28 25 26 31 32 29 30 19 20 17 18 23 24 21 22 12 11 10 9 16 15 14 13 4 3 2 1 8 7 6 5 18 17 20 19 22 21 24 23 26 25 28 27 30 29 32 31 14 13 16 15 10 9 12 11 5 6 7 8 1 2 3 4 17 18 19 20 21 22 23 24 25 26 27 28 29 30 31 32 13 14 15 16 9 10 11 12 6 5 8 7 2 1 4 3 20 19 18 17 24 23 22 21 28 27 26 25 32 31 30 29 16 15 14 13 12 11 10 9 7 8 5 6 3 4 1 2 19 20 17 18 23 24 21 22 27 28 25 26 31 32 29 30 15 16 13 14 11 12 9 10 8 7 6 5 4 3 2 1
Z2xZ11	22	1 2 3 4 5 6 7 8 9 10 11 12 13 14 15 16 17 18 19 20 21 22 11 1 2 3 4 5 6 7 8 9 10 22 12 13 14 15 16 17 18 19 20 21 10 11 1 2 3 4 5 6 7 8 9 21 22 12 13 14 15 16 17 18 19 20 9 10 11 1 2 3 4 5 6 7 8 20 21 22 12 13 14 15 16 17 18 19 8 9 10 11 1 2 3 4 5 6 7 19 20 21 22 12 13 14 15 16 17 18 7 8 9 10 11 1 2 3 4 5 6 18 19 20 21 22 12 13 14 15 16 17 6 7 8 9 10 11 1 2 3 4 5 17 18 19 20 21 22 12 13 14 15 16 5 6 7 8 9 10 11 1 2 3 4 16 17 18 19 20 21 22 12 13 14 15 4 5 6 7 8 9 10 11 1 2 3 15 16 17 18 19 20 21 22 12 13 14 3 4 5 6 7 8 9 10 11 1 2 14 15 16 17 18 19 20 21 22 12 13 2 3 4 5 6 7 8 9 10 11 1 13 14 15 16 17 18 19 20 21 22 12 12 13 14 15 16 17 18 19 20 21 22 1 2 3 4 5 6 7 8 9 10 11 22 12 13 14 15 16 17 18 19 20 21 11 1 2 3 4 5 6 7 8 9 10 21 22 12 13 14 15 16 17 18 19 20 10 11 1 2 3 4 5 6 7 8 9 20 21 22 12 13 14 15 16 17 18 19 9 10 11 1 2 3 4 5 6 7 8 19 20 21 22 12 13 14 15 16 17 18 8 9 10 11 1 2 3 4 5 6 7 18 19 20 21 22 12 13 14 15 16 17 7 8 9 10 11 1 2 3 4 5 6 17 18 19 20 21 22 12 13 14 15 16 6 7 8 9 10 11 1 2 3 4 5 16 17 18 19 20 21 22 12 13 14 15 5 6 7 8 9 10 11 1 2 3 4 15 16 17 18 19 20 21 22 12 13 14 4 5 6 7 8 9 10 11 1 2 3 14 15 16 17 18 19 20 21 22 12 13 3 4 5 6 7 8 9 10 11 1 2 13 14 15 16 17 18 19 20 21 22 12 2 3 4 5 6 7 8 9 10 11 1
Z2xZ13	26	1 2 3 4 5 6 7 8 9 10 11 12 13 14 15 16 17 18 19 20 21 22 23 24 25 26 13 1 2 3 4 5 6 7 8 9 10 11 12 26 14 15 16 17 18 19 20 21 22 23 24 25 12 13 1 2 3 4 5 6 7 8 9 10 11 25 26 14 15 16 17 18 19 20 21 22 23 24 11 12 13 1 2 3 4 5 6 7 8 9 10 24 25 26 14 15 16 17 18 19 20 21 22 23 10 11 12 13 1 2 3 4 5 6 7 8 9 23 24 25 26 14 15 16 17 18 19 20 21 22 9 10 11 12 13 1 2 3 4 5 6 7 8 22 23 24 25 26 14 15 16 17 18 19 20 21 8 9 10 11 12 13 1 2 3 4 5 6 7 21 22 23 24 25 26 14 15 16 17 18 19 20 7 8 9 10 11 12 13 1 2 3 4 5 6 20 21 22 23 24 25 26 14 15 16 17 18 19 6 7 8 9 10 11 12 13 1 2 3 4 5 19 20 21 22 23 24 25 26 14 15 16 17 18 5 6 7 8 9 10 11 12 13 1 2 3 4 18 19 20 21 22 23 24 25 26 14 15 16 17 4 5 6 7 8 9 10 11 12 13 1 2 3 17 18 19 20 21 22 23 24 25 26 14 15 16 3 4 5 6 7 8 9 10 11 12 13 1 2 16 17 18 19 20 21 22 23 24 25 26 14 15 2 3 4 5 6 7 8 9 10 11 12 13 1 15 16 17 18 19 20 21 22 23 24 25 26 14 14 15 16 17 18 19 20 21 22 23 24 25 26 1 2 3 4 5 6 7 8 9 10 11 12 13 26 14 15 16 17 18 19 20 21 22 23 24 25 13 1 2 3 4 5 6 7 8 9 10 11 12 25 26 14 15 16 17 18 19 20 21 22 23 24 12 13 1 2 3 4 5 6 7 8 9 10 11 24 25 26 14 15 16 17 18 19 20 21 22 23 11 12 13 1 2 3 4 5 6 7 8 9 10 23 24 25 26 14 15 16 17 18 19 20 21 22 10 11 12 13 1 2 3 4 5 6 7 8 9 22 23 24 25 26 14 15 16 17 18 19 20 21 9 10 11 12 13 1 2 3 4 5 6 7 8 21 22 23 24 25 26 14 15 16 17 18 19 20 8 9 10 11 12 13 1 2 3 4 5 6 7 20 21 22 23 24 25 26 14 15 16 17 18 19 7 8 9 10 11 12 13 1 2 3 4 5 6 19 20 21 22 23 24 25 26 14 15 16 17 18 6 7 8 9 10 11 12 13 1 2 3 4 5 18 19 20 21 22 23 24 25 26 14 15 16 17 5 6 7 8 9 10 11 12 13 1 2 3 4 17 18 19 20 21 22 23 24 25 26 14 15 16 4 5 6 7 8 9 10 11 12 13 1 2 3 16 17 18 19 20 21 22 23 24 25 26 14 15 3 4 5 6 7 8 9 10 11 12 13 1 2 15 16 17 18 19 20 21 22 23 24 25 26 14 2 3 4 5 6 7 8 9 10 11 12 13 1
Z2xZ16	32	1 2 3 4 5 6 7 8 9 10 11 12 13 14 15 16 17 18 19 20 21 22 23 24 25 26 27 28 29 30 31 32 2 1 4 3 6 5 8 7 10 9 12 11 14 13 16 15 18 17 20 19 22 21 24 23 26 25 28 27 30 29 32 31 3 4 1 2 7 8 5 6 11 12 9 10 15 16 13 14 19 20 17 18 23 24 21 22 27 28 25 26 31 32 29 30 4 3 2 1 8 7 6 5 12 11 10 9 16 15 14 13 20 19 18 17 24 23 22 21 28 27 26 25 32 31 30 29 6 5 8 7 1 2 3 4 14 13 16 15 9 10 11 12 22 21 24 23 17 18 19 20 30 29 32 31 25 26 27 28 5 6 7 8 2 1 4 3 13 14 15 16 10 9 12 11 21 22 23 24 18 17 20 19 29 30 31 32 26 25 28 27 8 7 6 5 3 4 1 2 16 15 14 13 11 12 9 10 24 23 22 21 19 20 17 18 32 31 30 29 27 28 25 26 7 8 5 6 4 3 2 1 15 16 13 14 12 11 10 9 23 24 21 22 20 19 18 17 31 32 29 30 28 27 26 25 14 13 16 15 9 10 11 12 1 2 3 4 5 6 7 8 30 29 32 31 25 26 27 28 17 18 19 20 21 22 23 24 13 14 15 16 10 9 12 11 2 1 4 3 6 5 8 7 29 30 31 32 26 25 28 27 18 17 20 19 22 21 24 23 16 15 14 13 11 12 9 10 3 4 1 2 7 8 5 6 32 31 30 29 27 28 25 26 19 20 17 18 23 24 21 22 15 16 13 14 12 11 10 9 4 3 2 1 8 7 6 5 31 32 29 30 28 27 26 25 20 19 18 17 24 23 22 21 10 9 12 11 14 13 16 15 6 5 8 7 1 2 3 4 26 25 28 27 30 29 32 31 22 21 24 23 17 18 19 20 9 10 11 12 13 14 15 16 5 6 7 8 2 1 4 3 25 26 27 28 29 30 31 32 21 22 23 24 18 17 20 19 12 11 10 9 16 15 14 13 8 7 6 5 3 4 1 2 28 27 26 25 32 31 30 29 24 23 22 21 19 20 17 18 11 12 9 10 15 16 13 14 7 8 5 6 4 3 2 1 27 28 25 26 31 32 29 30 23 24 21 22 20 19 18 17 30 29 32 31 25 26 27 28 17 18 19 20 21 22 23 24 1 2 3 4 5 6 7 8 9 10 11 12 13 14 15 16 29 30 31 32 26 25 28 27 18 17 20 19 22 21 24 23 2 1 4 3 6 5 8 7 10 9 12 11 14 13 16 15 32 31 30 29 27 28 25 26 19 20 17 18 23 24 21 22 3 4 1 2 7 8 5 6 11 12 9 10 15 16 13 14 31 32 29 30 28 27 26 25 20 19 18 17 24 23 22 21 4 3 2 1 8 7 6 5 12 11 10 9 16 15 14 13 26 25 28 27 30 29 32 31 22 21 24 23 17 18 19 20 6 5 8 7 1 2 3 4 14 13 16 15 9 10 11 12 25 26 27 28 29 30 31 32 21 22 23 24 18 17 20 19 5 6 7 8 2 1 4 3 13 14 15 16 10 9 12 11 28 27 26 25 32 31 30 29 24 23 22 21 19 20 17 18 8 7 6 5 3 4 1 2 16 15 14 13 11 12 9 10 27 28 25 26 31 32 29 30 23 24 21 22 20 19 18 17 7 8 5 6 4 3 2 1 15 16 13 14 12 11 10 9 22 21 24 23 17 18 19 20 30 29 32 31 25 26 27 28 14 13 16 15 9 10 11 12 1 2 3 4 5 6 7 8 21 22 23 24 18 17 20 19 29 30 31 32 26 25 28 27 13 14 15 16 10 9 12 11 2 1 4 3 6 5 8 7 24 23 22 21 19 20 17 18 32 31 30 29 27 28 25 26 16 15 14 13 11 12 9 10 3 4 1 2 7 8 5 6 23 24 21 22 20 19 18 17 31 32 29 30 28 27 26 25 15 16 13 14 12 11 10 9 4 3 2 1 8 7 6 5 18 17 20 19 22 21 24 23 26 25 28 27 30 29 32 31 10 9 12 11 14 13 16 15 6 5 8 7 1 2 3 4 17 18 19 20 21 22 23 24 25 26 27 28 29 30 31 32 9 10 11 12 13 14 15 16 5 6 7 8 2 1 4 3 20 19 18 17 24 23 22 21 28 27 26 25 32 31 30 29 12 11 10 9 16 15 14 13 8 7 6 5 3 4 1 2 19 20 17 18 23 24 21 22 27 28 25 26 31 32 29 30 11 12 9 10 15 16 13 14 7 8 5 6 4 3 2 1
Z2xZ17	34	1 2 3 4 5 6 7 8 9 10 11 12 13 14 15 16 17 18 19 20 21 22 23 24 25 26 27 28 29 30 31 32 33 34 17 1 2 3 4 5 6 7 8 9 10 11 12 13 14 15 16 34 18 19 20 21 22 23 24 25 26 27 28 29 30 31 32 33 16 17 1 2 3 4 5 6 7 8 9 10 11 12 13 14 15 33 34 18 19 20 21 22 23 24 25 26 27 28 29 30 31 32 15 16 17 1 2 3 4 5 6 7 8 9 10 11 12 13 14 32 33 34 18 19 20 21 22 23 24 25 26 27 28 29 30 31 14 15 16 17 1 2 3 4 5 6 7 8 9 10 11 12 13 31 32 33 34 18 19 20 21 22 23 24 25 26 27 28 29 30 13 14 15 16 17 1 2 3 4 5 6 7 8 9 10 11 12 30 31 32 33 34 18 19 20 21 22 23 24 25 26 27 28 29 12 13 14 15 16 17 1 2 3 4 5 6 7 8 9 10 11 29 30 31 32 33 34 18 19 20 21 22 23 24 25 26 27 28 11 12 13 14 15 16 17 1 2 3 4 5 6 7 8 9 10 28 29 30 31 32 33 34 18 19 20 21 22 23 24 25 26 27 10 11 12 13 14 15 16 17 1 2 3 4 5 6 7 8 9 27 28 29 30 31 32 33 34 18 19 20 21 22 23 24 25 26 9 10 11 12 13 14 15 16 17 1 2 3 4 5 6 7 8 26 27 28 29 30 31 32 33 34 18 19 20 21 22 23 24 25 8 9 10 11 12 13 14 15 16 17 1 2 3 4 5 6 7 25 26 27 28 29 30 31 32 33 34 18 19 20 21 22 23 24 7 8 9 10 11 12 13 14 15 16 17 1 2 3 4 5 6 24 25 26 27 28 29 30 31 32 33 34 18 19 20 21 22 23 6 7 8 9 10 11 12 13 14 15 16 17 1 2 3 4 5 23 24 25 26 27 28 29 30 31 32 33 34 18 19 20 21 22 5 6 7 8 9 10 11 12 13 14 15 16 17 1 2 3 4 22 23 24 25 26 27 28 29 30 31 32 33 34 18 19 20 21 4 5 6 7 8 9 10 11 12 13 14 15 16 17 1 2 3 21 22 23 24 25 26 27 28 29 30 31 32 33 34 18 19 20 3 4 5 6 7 8 9 10 11 12 13 14 15 16 17 1 2 20 21 22 23 24 25 26 27 28 29 30 31 32 33 34 18 19 2 3 4 5 6 7 8 9 10 11 12 13 14 15 16 17 1 19 20 21 22 23 24 25 26 27 28 29 30 31 32 33 34 18 18 19 20 21 22 23 24 25 26 27 28 29 30 31 32 33 34 1 2 3 4 5 6 7 8 9 10 11 12 13 14 15 16 17 34 18 19 20 21 22 23 24 25 26 27 28 29 30 31 32 33 17 1 2 3 4 5 6 7 8 9 10 11 12 13 14 15 16 33 34 18 19 20 21 22 23 24 25 26 27 28 29 30 31 32 16 17 1 2 3 4 5 6 7 8 9 10 11 12 13 14 15 32 33 34 18 19 20 21 22 23 24 25 26 27 28 29 30 31 15 16 17 1 2 3 4 5 6 7 8 9 10 11 12 13 14 31 32 33 34 18 19 20 21 22 23 24 25 26 27 28 29 30 14 15 16 17 1 2 3 4 5 6 7 8 9 10 11 12 13 30 31 32 33 34 18 19 20 21 22 23 24 25 26 27 28 29 13 14 15 16 17 1 2 3 4 5 6 7 8 9 10 11 12 29 30 31 32 33 34 18 19 20 21 22 23 24 25 26 27 28 12 13 14 15 16 17 1 2 3 4 5 6 7 8 9 10 11 28 29 30 31 32 33 34 18 19 20 21 22 23 24 25 26 27 11 12 13 14 15 16 17 1 2 3 4 5 6 7 8 9 10 27 28 29 30 31 32 33 34 18 19 20 21 22 23 24 25 26 10 11 12 13 14 15 16 17 1 2 3 4 5 6 7 8 9 26 27 28 29 30 31 32 33 34 18 19 20 21 22 23 24 25 9 10 11 12 13 14 15 16 17 1 2 3 4 5 6 7 8 25 26 27 28 29 30 31 32 33 34 18 19 20 21 22 23 24 8 9 10 11 12 13 14 15 16 17 1 2 3 4 5 6 7 24 25 26 27 28 29 30 31 32 33 34 18 19 20 21 22 23 7 8 9 10 11 12 13 14 15 16 17 1 2 3 4 5 6 23 24 25 26 27 28 29 30 31 32 33 34 18 19 20 21 22 6 7 8 9 10 11 12 13 14 15 16 17 1 2 3 4 5 22 23 24 25 26 27 28 29 30 31 32 33 34 18 19 20 21 5 6 7 8 9 10 11 12 13 14 15 16 17 1 2 3 4 21 22 23 24 25 26 27 28 29 30 31 32 33 34 18 19 20 4 5 6 7 8 9 10 11 12 13 14 15 16 17 1 2 3 20 21 22 23 24 25 26 27 28 29 30 31 32 33 34 18 19 3 4 5 6 7 8 9 10 11 12 13 14 15 16 17 1 2 19 20 21 22 23 24 25 26 27 28 29 30 31 32 33 34 18 2 3 4 5 6 7 8 9 10 11 12 13 14 15 16 17 1
Z2xZ2xQ8	32	1 2 3 4 5 6 7 8 9 10 11 12 13 14 15 16 17 18 19 20 21 22 23 24 25 26 27 28 29 30 31 32 2 1 4 3 6 5 8 7 10 9 12 11 14 13 16 15 18 17 20 19 22 21 24 23 26 25 28 27 30 29 32 31 3 4 1 2 7 8 5 6 11 12 9 10 15 16 13 14 19 20 17 18 23 24 21 22 27 28 25 26 31 32 29 30 4 3 2 1 8 7 6 5 12 11 10 9 16 15 14 13 20 19 18 17 24 23 22 21 28 27 26 25 32 31 30 29 5 6 7 8 1 2 3 4 13 14 15 16 9 10 11 12 21 22 23 24 17 18 19 20 29 30 31 32 25 26 27 28 6 5 8 7 2 1 4 3 14 13 16 15 10 9 12 11 22 21 24 23 18 17 20 19 30 29 32 31 26 25 28 27 7 8 5 6 3 4 1 2 15 16 13 14 11 12 9 10 23 24 21 22 19 20 17 18 31 32 29 30 27 28 25 26 8 7 6 5 4 3 2 1 16 15 14 13 12 11 10 9 24 23 22 21 20 19 18 17 32 31 30 29 28 27 26 25 10 9 12 11 14 13 16 15 1 2 3 4 5 6 7 8 25 26 27 28 29 30 31 32 18 17 20 19 22 21 24 23 9 10 11 12 13 14 15 16 2 1 4 3 6 5 8 7 26 25 28 27 30 29 32 31 17 18 19 20 21 22 23 24 12 11 10 9 16 15 14 13 3 4 1 2 7 8 5 6 27 28 25 26 31 32 29 30 20 19 18 17 24 23 22 21 11 12 9 10 15 16 13 14 4 3 2 1 8 7 6 5 28 27 26 25 32 31 30 29 19 20 17 18 23 24 21 22 14 13 16 15 10 9 12 11 5 6 7 8 1 2 3 4 29 30 31 32 25 26 27 28 22 21 24 23 18 17 20 19 13 14 15 16 9 10 11 12 6 5 8 7 2 1 4 3 30 29 32 31 26 25 28 27 21 22 23 24 17 18 19 20 16 15 14 13 12 11 10 9 7 8 5 6 3 4 1 2 31 32 29 30 27 28 25 26 24 23 22 21 20 19 18 17 15 16 13 14 11 12 9 10 8 7 6 5 4 3 2 1 32 31 30 29 28 27 26 25 23 24 21 22 19 20 17 18 18 17 20 19 22 21 24 23 26 25 28 27 30 29 32 31 1 2 3 4 5 6 7 8 9 10 11 12 13 14 15 16 17 18 19 20 21 22 23 24 25 26 27 28 29 30 31 32 2 1 4 3 6 5 8 7 10 9 12 11 14 13 16 15 20 19 18 17 24 23 22 21 28 27 26 25 32 31 30 29 3 4 1 2 7 8 5 6 11 12 9 10 15 16 13 14 19 20 17 18 23 24 21 22 27 28 25 26 31 32 29 30 4 3 2 1 8 7 6 5 12 11 10 9 16 15 14 13 22 21 24 23 18 17 20 19 30 29 32 31 26 25 28 27 5 6 7 8 1 2 3 4 13 14 15 16 9 10 11 12 21 22 23 24 17 18 19 20 29 30 31 32 25 26 27 28 6 5 8 7 2 1 4 3 14 13 16 15 10 9 12 11 24 23 22 21 20 19 18 17 32 31 30 29 28 27 26 25 7 8 5 6 3 4 1 2 15 16 13 14 11 12 9 10 23 24 21 22 19 20 17 18 31 32 29 30 27 28 25 26 8 7 6 5 4 3 2 1 16 15 14 13 12 11 10 9 26 25 28 27 30 29 32 31 17 18 19 20 21 22 23 24 10 9 12 11 14 13 16 15 1 2 3 4 5 6 7 8 25 26 27 28 29 30 31 32 18 17 20 19 22 21 24 23 9 10 11 12 13 14 15 16 2 1 4 3 6 5 8 7 28 27 26 25 32 31 30 29 19 20 17 18 23 24 21 22 12 11 10 9 16 15 14 13 3 4 1 2 7 8 5 6 27 28 25 26 31 32 29 30 20 19 18 17 24 23 22 21 11 12 9 10 15 16 13 14 4 3 2 1 8 7 6 5 30 29 32 31 26 25 28 27 21 22 23 24 17 18 19 20 14 13 16 15 10 9 12 11 5 6 7 8 1 2 3 4 29 30 31 32 25 26 27 28 22 21 24 23 18 17 20 19 13 14 15 16 9 10 11 12 6 5 8 7 2 1 4 3 32 31 30 29 28 27 26 25 23 24 21 22 19 20 17 18 16 15 14 13 12 11 10 9 7 8 5 6 3 4 1 2 31 32 29 30 27 28 25 26 24 23 22 21 20 19 18 17 15 16 13 14 11 12 9 10 8 7 6 5 4 3 2 1
Z2xZ2xZ2xZ2xZ2	32	1 2 3 4 5 6 7 8 9 10 11 12 13 14 15 16 17 18 19 20 21 22 23 24 25 26 27 28 29 30 31 32 2 1 4 3 6 5 8 7 10 9 12 11 14 13 16 15 18 17 20 19 22 21 24 23 26 25 28 27 30 29 32 31 3 4 1 2 7 8 5 6 11 12 9 10 15 16 13 14 19 20 17 18 23 24 21 22 27 28 25 26 31 32 29 30 4 3 2 1 8 7 6 5 12 11 10 9 16 15 14 13 20 19 18 17 24 23 22 21 28 27 26 25 32 31 30 29 5 6 7 8 1 2 3 4 13 14 15 16 9 10 11 12 21 22 23 24 17 18 19 20 29 30 31 32 25 26 27 28 6 5 8 7 2 1 4 3 14 13 16 15 10 9 12 11 22 21 24 23 18 17 20 19 30 29 32 31 26 25 28 27 7 8 5 6 3 4 1 2 15 16 13 14 11 12 9 10 23 24 21 22 19 20 17 18 31 32 29 30 27 28 25 26 8 7 6 5 4 3 2 1 16 15 14 13 12 11 10 9 24 23 22 21 20 19 18 17 32 31 30 29 28 27 26 25 9 10 11 12 13 14 15 16 1 2 3 4 5 6 7 8 25 26 27 28 29 30 31 32 17 18 19 20 21 22 23 24 10 9 12 11 14 13 16 15 2 1 4 3 6 5 8 7 26 25 28 27 30 29 32 31 18 17 20 19 22 21 24 23 11 12 9 10 15 16 13 14 3 4 1 2 7 8 5 6 27 28 25 26 31 32 29 30 19 20 17 18 23 24 21 22 12 11 10 9 16 15 14 13 4 3 2 1 8 7 6 5 28 27 26 25 32 31 30 29 20 19 18 17 24 23 22 21 13 14 15 16 9 10 11 12 5 6 7 8 1 2 3 4 29 30 31 32 25 26 27 28 21 22 23 24 17 18 19 20 14 13 16 15 10 9 12 11 6 5 8 7 2 1 4 3 30 29 32 31 26 25 28 27 22 21 24 23 18 17 20 19 15 16 13 14 11 12 9 10 7 8 5 6 3 4 1 2 31 32 29 30 27 28 25 26 23 24 21 22 19 20 17 18 16 15 14 13 12 11 10 9 8 7 6 5 4 3 2 1 32 31 30 29 28 27 26 25 24 23 22 21 20 19 18 17 17 18 19 20 21 22 23 24 25 26 27 28 29 30 31 32 1 2 3 4 5 6 7 8 9 10 11 12 13 14 15 16 18 17 20 19 22 21 24 23 26 25 28 27 30 29 32 31 2 1 4 3 6 5 8 7 10 9 12 11 14 13 16 15 19 20 17 18 23 24 21 22 27 28 25 26 31 32 29 30 3 4 1 2 7 8 5 6 11 12 9 10 15 16 13 14 20 19 18 17 24 23 22 21 28 27 26 25 32 31 30 29 4 3 2 1 8 7 6 5 12 11 10 9 16 15 14 13 21 22 23 24 17 18 19 20 29 30 31 32 25 26 27 28 5 6 7 8 1 2 3 4 13 14 15 16 9 10 11 12 22 21 24 23 18 17 20 19 30 29 32 31 26 25 28 27 6 5 8 7 2 1 4 3 14 13 16 15 10 9 12 11 23 24 21 22 19 20 17 18 31 32 29 30 27 28 25 26 7 8 5 6 3 4 1 2 15 16 13 14 11 12 9 10 24 23 22 21 20 19 18 17 32 31 30 29 28 27 26 25 8 7 6 5 4 3 2 1 16 15 14 13 12 11 10 9 25 26 27 28 29 30 31 32 17 18 19 20 21 22 23 24 9 10 11 12 13 14 15 16 1 2 3 4 5 6 7 8 26 25 28 27 30 29 32 31 18 17 20 19 22 21 24 23 10 9 12 11 14 13 16 15 2 1 4 3 6 5 8 7 27 28 25 26 31 32 29 30 19 20 17 18 23 24 21 22 11 12 9 10 15 16 13 14 3 4 1 2 7 8 5 6 28 27 26 25 32 31 30 29 20 19 18 17 24 23 22 21 12 11 10 9 16 15 14 13 4 3 2 1 8 7 6 5 29 30 31 32 25 26 27 28 21 22 23 24 17 18 19 20 13 14 15 16 9 10 11 12 5 6 7 8 1 2 3 4 30 29 32 31 26 25 28 27 22 21 24 23 18 17 20 19 14 13 16 15 10 9 12 11 6 5 8 7 2 1 4 3 31 32 29 30 27 28 25 26 23 24 21 22 19 20 17 18 15 16 13 14 11 12 9 10 7 8 5 6 3 4 1 2 32 31 30 29 28 27 26 25 24 23 22 21 20 19 18 17 16 15 14 13 12 11 10 9 8 7 6 5 4 3 2 1
Z2xZ2xZ2xZ3	24	1 2 3 4 5 6 7 8 9 10 11 12 13 14 15 16 17 18 19 20 21 22 23 24 3 1 2 6 4 5 9 7 8 12 10 11 15 13 14 18 16 17 21 19 20 24 22 23 2 3 1 5 6 4 8 9 7 11 12 10 14 15 13 17 18 16 20 21 19 23 24 22 4 5 6 1 2 3 10 11 12 7 8 9 16 17 18 13 14 15 22 23 24 19 20 21 6 4 5 3 1 2 12 10 11 9 7 8 18 16 17 15 13 14 24 22 23 21 19 20 5 6 4 2 3 1 11 12 10 8 9 7 17 18 16 14 15 13 23 24 22 20 21 19 7 8 9 10 11 12 1 2 3 4 5 6 19 20 21 22 23 24 13 14 15 16 17 18 9 7 8 12 10 11 3 1 2 6 4 5 21 19 20 24 22 23 15 13 14 18 16 17 8 9 7 11 12 10 2 3 1 5 6 4 20 21 19 23 24 22 14 15 13 17 18 16 10 11 12 7 8 9 4 5 6 1 2 3 22 23 24 19 20 21 16 17 18 13 14 15 12 10 11 9 7 8 6 4 5 3 1 2 24 22 23 21 19 20 18 16 17 15 13 14 11 12 10 8 9 7 5 6 4 2 3 1 23 24 22 20 21 19 17 18 16 14 15 13 13 14 15 16 17 18 19 20 21 22 23 24 1 2 3 4 5 6 7 8 9 10 11 12 15 13 14 18 16 17 21 19 20 24 22 23 3 1 2 6 4 5 9 7 8 12 10 11 14 15 13 17 18 16 20 21 19 23 24 22 2 3 1 5 6 4 8 9 7 11 12 10 16 17 18 13 14 15 22 23 24 19 20 21 4 5 6 1 2 3 10 11 12 7 8 9 18 16 17 15 13 14 24 22 23 21 19 20 6 4 5 3 1 2 12 10 11 9 7 8 17 18 16 14 15 13 23 24 22 20 21 19 5 6 4 2 3 1 11 12 10 8 9 7 19 20 21 22 23 24 13 14 15 16 17 18 7 8 9 10 11 12 1 2 3 4 5 6 21 19 20 24 22 23 15 13 14 18 16 17 9 7 8 12 10 11 3 1 2 6 4 5 20 21 19 23 24 22 14 15 13 17 18 16 8 9 7 11 12 10 2 3 1 5 6 4 22 23 24 19 20 21 16 17 18 13 14 15 10 11 12 7 8 9 4 5 6 1 2 3 24 22 23 21 19 20 18 16 17 15 13 14 12 10 11 9 7 8 6 4 5 3 1 2 23 24 22 20 21 19 17 18 16 14 15 13 11 12 10 8 9 7 5 6 4 2 3 1
Z2xZ2xZ2xZ4	32	1 2 3 4 5 6 7 8 9 10 11 12 13 14 15 16 17 18 19 20 21 22 23 24 25 26 27 28 29 30 31 32 2 1 4 3 6 5 8 7 10 9 12 11 14 13 16 15 18 17 20 19 22 21 24 23 26 25 28 27 30 29 32 31 3 4 1 2 7 8 5 6 11 12 9 10 15 16 13 14 19 20 17 18 23 24 21 22 27 28 25 26 31 32 29 30 4 3 2 1 8 7 6 5 12 11 10 9 16 15 14 13 20 19 18 17 24 23 22 21 28 27 26 25 32 31 30 29 5 6 7 8 1 2 3 4 13 14 15 16 9 10 11 12 21 22 23 24 17 18 19 20 29 30 31 32 25 26 27 28 6 5 8 7 2 1 4 3 14 13 16 15 10 9 12 11 22 21 24 23 18 17 20 19 30 29 32 31 26 25 28 27 7 8 5 6 3 4 1 2 15 16 13 14 11 12 9 10 23 24 21 22 19 20 17 18 31 32 29 30 27 28 25 26 8 7 6 5 4 3 2 1 16 15 14 13 12 11 10 9 24 23 22 21 20 19 18 17 32 31 30 29 28 27 26 25 9 10 11 12 13 14 15 16 1 2 3 4 5 6 7 8 25 26 27 28 29 30 31 32 17 18 19 20 21 22 23 24 10 9 12 11 14 13 16 15 2 1 4 3 6 5 8 7 26 25 28 27 30 29 32 31 18 17 20 19 22 21 24 23 11 12 9 10 15 16 13 14 3 4 1 2 7 8 5 6 27 28 25 26 31 32 29 30 19 20 17 18 23 24 21 22 12 11 10 9 16 15 14 13 4 3 2 1 8 7 6 5 28 27 26 25 32 31 30 29 20 19 18 17 24 23 22 21 13 14 15 16 9 10 11 12 5 6 7 8 1 2 3 4 29 30 31 32 25 26 27 28 21 22 23 24 17 18 19 20 14 13 16 15 10 9 12 11 6 5 8 7 2 1 4 3 30 29 32 31 26 25 28 27 22 21 24 23 18 17 20 19 15 16 13 14 11 12 9 10 7 8 5 6 3 4 1 2 31 32 29 30 27 28 25 26 23 24 21 22 19 20 17 18 16 15 14 13 12 11 10 9 8 7 6 5 4 3 2 1 32 31 30 29 28 27 26 25 24 23 22 21 20 19 18 17 18 17 20 19 22 21 24 23 26 25 28 27 30 29 32 31 1 2 3 4 5 6 7 8 9 10 11 12 13 14 15 16 17 18 19 20 21 22 23 24 25 26 27 28 29 30 31 32 2 1 4 3 6 5 8 7 10 9 12 11 14 13 16 15 20 19 18 17 24 23 22 21 28 27 26 25 32 31 30 29 3 4 1 2 7 8 5 6 11 12 9 10 15 16 13 14 19 20 17 18 23 24 21 22 27 28 25 26 31 32 29 30 4 3 2 1 8 7 6 5 12 11 10 9 16 15 14 13 22 21 24 23 18 17 20 19 30 29 32 31 26 25 28 27 5 6 7 8 1 2 3 4 13 14 15 16 9 10 11 12 21 22 23 24 17 18 19 20 29 30 31 32 25 26 27 28 6 5 8 7 2 1 4 3 14 13 16 15 10 9 12 11 24 23 22 21 20 19 18 17 32 31 30 29 28 27 26 25 7 8 5 6 3 4 1 2 15 16 13 14 11 12 9 10 23 24 21 22 19 20 17 18 31 32 29 30 27 28 25 26 8 7 6 5 4 3 2 1 16 15 14 13 12 11 10 9 26 25 28 27 30 29 32 31 18 17 20 19 22 21 24 23 9 10 11 12 13 14 15 16 1 2 3 4 5 6 7 8 25 26 27 28 29 30 31 32 17 18 19 20 21 22 23 24 10 9 12 11 14 13 16 15 2 1 4 3 6 5 8 7 28 27 26 25 32 31 30 29 20 19 18 17 24 23 22 21 11 12 9 10 15 16 13 14 3 4 1 2 7 8 5 6 27 28 25 26 31 32 29 30 19 20 17 18 23 24 21 22 12 11 10 9 16 15 14 13 4 3 2 1 8 7 6 5 30 29 32 31 26 25 28 27 22 21 24 23 18 17 20 19 13 14 15 16 9 10 11 12 5 6 7 8 1 2 3 4 29 30 31 32 25 26 27 28 21 22 23 24 17 18 19 20 14 13 16 15 10 9 12 11 6 5 8 7 2 1 4 3 32 31 30 29 28 27 26 25 24 23 22 21 20 19 18 17 15 16 13 14 11 12 9 10 7 8 5 6 3 4 1 2 31 32 29 30 27 28 25 26 23 24 21 22 19 20 17 18 16 15 14 13 12 11 10 9 8 7 6 5 4 3 2 1
Z2xZ2xZ3	12	1 2 3 4 5 6 7 8 9 10 11 12 3 1 2 6 4 5 9 7 8 12 10 11 2 3 1 5 6 4 8 9 7 11 12 10 4 5 6 1 2 3 10 11 12 7 8 9 6 4 5 3 1 2 12 10 11 9 7 8 5 6 4 2 3 1 11 12 10 8 9 7 7 8 9 10 11 12 1 2 3 4 5 6 9 7 8 12 10 11 3 1 2 6 4 5 8 9 7 11 12 10 2 3 1 5 6 4 10 11 12 7 8 9 4 5 6 1 2 3 12 10 11 9 7 8 6 4 5 3 1 2 11 12 10 8 9 7 5 6 4 2 3 1
Z2xZ2xZ4	16	1 2 3 4 5 6 7 8 9 10 11 12 13 14 15 16 2 1 4 3 6 5 8 7 10 9 12 11 14 13 16 15 3 4 1 2 7 8 5 6 11 12 9 10 15 16 13 14 4 3 2 1 8 7 6 5 12 11 10 9 16 15 14 13 5 6 7 8 1 2 3 4 13 14 15 16 9 10 11 12 6 5 8 7 2 1 4 3 14 13 16 15 10 9 12 11 7 8 5 6 3 4 1 2 15 16 13 14 11 12 9 10 8 7 6 5 4 3 2 1 16 15 14 13 12 11 10 9 10 9 12 11 14 13 16 15 1 2 3 4 5 6 7 8 9 10 11 12 13 14 15 16 2 1 4 3 6 5 8 7 12 11 10 9 16 15 14 13 3 4 1 2 7 8 5 6 11 12 9 10 15 16 13 14 4 3 2 1 8 7 6 5 14 13 16 15 10 9 12 11 5 6 7 8 1 2 3 4 13 14 15 16 9 10 11 12 6 5 8 7 2 1 4 3 16 15 14 13 12 11 10 9 7 8 5 6 3 4 1 2 15 16 13 14 11 12 9 10 8 7 6 5 4 3 2 1
Z2xZ2xZ5	20	1 2 3 4 5 6 7 8 9 10 11 12 13 14 15 16 17 18 19 20 5 1 2 3 4 10 6 7 8 9 15 11 12 13 14 20 16 17 18 19 4 5 1 2 3 9 10 6 7 8 14 15 11 12 13 19 20 16 17 18 3 4 5 1 2 8 9 10 6 7 13 14 15 11 12 18 19 20 16 17 2 3 4 5 1 7 8 9 10 6 12 13 14 15 11 17 18 19 20 16 6 7 8 9 10 1 2 3 4 5 16 17 18 19 20 11 12 13 14 15 10 6 7 8 9 5 1 2 3 4 20 16 17 18 19 15 11 12 13 14 9 10 6 7 8 4 5 1 2 3 19 20 16 17 18 14 15 11 12 13 8 9 10 6 7 3 4 5 1 2 18 19 20 16 17 13 14 15 11 12 7 8 9 10 6 2 3 4 5 1 17 18 19 20 16 12 13 14 15 11 11 12 13 14 15 16 17 18 19 20 1 2 3 4 5 6 7 8 9 10 15 11 12 13 14 20 16 17 18 19 5 1 2 3 4 10 6 7 8 9 14 15 11 12 13 19 20 16 17 18 4 5 1 2 3 9 10 6 7 8 13 14 15 11 12 18 19 20 16 17 3 4 5 1 2 8 9 10 6 7 12 13 14 15 11 17 18 19 20 16 2 3 4 5 1 7 8 9 10 6 16 17 18 19 20 11 12 13 14 15 6 7 8 9 10 1 2 3 4 5 20 16 17 18 19 15 11 12 13 14 10 6 7 8 9 5 1 2 3 4 19 20 16 17 18 14 15 11 12 13 9 10 6 7 8 4 5 1 2 3 18 19 20 16 17 13 14 15 11 12 8 9 10 6 7 3 4 5 1 2 17 18 19 20 16 12 13 14 15 11 7 8 9 10 6 2 3 4 5 1
Z2xZ2xZ7	28	1 2 3 4 5 6 7 8 9 10 11 12 13 14 15 16 17 18 19 20 21 22 23 24 25 26 27 28 7 1 2 3 4 5 6 14 8 9 10 11 12 13 21 15 16 17 18 19 20 28 22 23 24 25 26 27 6 7 1 2 3 4 5 13 14 8 9 10 11 12 20 21 15 16 17 18 19 27 28 22 23 24 25 26 5 6 7 1 2 3 4 12 13 14 8 9 10 11 19 20 21 15 16 17 18 26 27 28 22 23 24 25 4 5 6 7 1 2 3 11 12 13 14 8 9 10 18 19 20 21 15 16 17 25 26 27 28 22 23 24 3 4 5 6 7 1 2 10 11 12 13 14 8 9 17 18 19 20 21 15 16 24 25 26 27 28 22 23 2 3 4 5 6 7 1 9 10 11 12 13 14 8 16 17 18 19 20 21 15 23 24 25 26 27 28 22 8 9 10 11 12 13 14 1 2 3 4 5 6 7 22 23 24 25 26 27 28 15 16 17 18 19 20 21 14 8 9 10 11 12 13 7 1 2 3 4 5 6 28 22 23 24 25 26 27 21 15 16 17 18 19 20 13 14 8 9 10 11 12 6 7 1 2 3 4 5 27 28 22 23 24 25 26 20 21 15 16 17 18 19 12 13 14 8 9 10 11 5 6 7 1 2 3 4 26 27 28 22 23 24 25 19 20 21 15 16 17 18 11 12 13 14 8 9 10 4 5 6 7 1 2 3 25 26 27 28 22 23 24 18 19 20 21 15 16 17 10 11 12 13 14 8 9 3 4 5 6 7 1 2 24 25 26 27 28 22 23 17 18 19 20 21 15 16 9 10 11 12 13 14 8 2 3 4 5 6 7 1 23 24 25 26 27 28 22 16 17 18 19 20 21 15 15 16 17 18 19 20 21 22 23 24 25 26 27 28 1 2 3 4 5 6 7 8 9 10 11 12 13 14 21 15 16 17 18 19 20 28 22 23 24 25 26 27 7 1 2 3 4 5 6 14 8 9 10 11 12 13 20 21 15 16 17 18 19 27 28 22 23 24 25 26 6 7 1 2 3 4 5 13 14 8 9 10 11 12 19 20 21 15 16 17 18 26 27 28 22 23 24 25 5 6 7 1 2 3 4 12 13 14 8 9 10 11 18 19 20 21 15 16 17 25 26 27 28 22 23 24 4 5 6 7 1 2 3 11 12 13 14 8 9 10 17 18 19 20 21 15 16 24 25 26 27 28 22 23 3 4 5 6 7 1 2 10 11 12 13 14 8 9 16 17 18 19 20 21 15 23 24 25 26 27 28 22 2 3 4 5 6 7 1 9 10 11 12 13 14 8 22 23 24 25 26 27 28 15 16 17 18 19 20 21 8 9 10 11 12 13 14 1 2 3 4 5 6 7 28 22 23 24 25 26 27 21 15 16 17 18 19 20 14 8 9 10 11 12 13 7 1 2 3 4 5 6 27 28 22 23 24 25 26 20 21 15 16 17 18 19 13 14 8 9 10 11 12 6 7 1 2 3 4 5 26 27 28 22 23 24 25 19 20 21 15 16 17 18 12 13 14 8 9 10 11 5 6 7 1 2 3 4 25 26 27 28 22 23 24 18 19 20 21 15 16 17 11 12 13 14 8 9 10 4 5 6 7 1 2 3 24 25 26 27 28 22 23 17 18 19 20 21 15 16 10 11 12 13 14 8 9 3 4 5 6 7 1 2 23 24 25 26 27 28 22 16 17 18 19 20 21 15 9 10 11 12 13 14 8 2 3 4 5 6 7 1
Z2xZ2xZ8	32	1 2 3 4 5 6 7 8 9 10 11 12 13 14 15 16 17 18 19 20 21 22 23 24 25 26 27 28 29 30 31 32 2 1 4 3 6 5 8 7 10 9 12 11 14 13 16 15 18 17 20 19 22 21 24 23 26 25 28 27 30 29 32 31 3 4 1 2 7 8 5 6 11 12 9 10 15 16 13 14 19 20 17 18 23 24 21 22 27 28 25 26 31 32 29 30 4 3 2 1 8 7 6 5 12 11 10 9 16 15 14 13 20 19 18 17 24 23 22 21 28 27 26 25 32 31 30 29 5 6 7 8 1 2 3 4 13 14 15 16 9 10 11 12 21 22 23 24 17 18 19 20 29 30 31 32 25 26 27 28 6 5 8 7 2 1 4 3 14 13 16 15 10 9 12 11 22 21 24 23 18 17 20 19 30 29 32 31 26 25 28 27 7 8 5 6 3 4 1 2 15 16 13 14 11 12 9 10 23 24 21 22 19 20 17 18 31 32 29 30 27 28 25 26 8 7 6 5 4 3 2 1 16 15 14 13 12 11 10 9 24 23 22 21 20 19 18 17 32 31 30 29 28 27 26 25 10 9 12 11 14 13 16 15 1 2 3 4 5 6 7 8 26 25 28 27 30 29 32 31 17 18 19 20 21 22 23 24 9 10 11 12 13 14 15 16 2 1 4 3 6 5 8 7 25 26 27 28 29 30 31 32 18 17 20 19 22 21 24 23 12 11 10 9 16 15 14 13 3 4 1 2 7 8 5 6 28 27 26 25 32 31 30 29 19 20 17 18 23 24 21 22 11 12 9 10 15 16 13 14 4 3 2 1 8 7 6 5 27 28 25 26 31 32 29 30 20 19 18 17 24 23 22 21 14 13 16 15 10 9 12 11 5 6 7 8 1 2 3 4 30 29 32 31 26 25 28 27 21 22 23 24 17 18 19 20 13 14 15 16 9 10 11 12 6 5 8 7 2 1 4 3 29 30 31 32 25 26 27 28 22 21 24 23 18 17 20 19 16 15 14 13 12 11 10 9 7 8 5 6 3 4 1 2 32 31 30 29 28 27 26 25 23 24 21 22 19 20 17 18 15 16 13 14 11 12 9 10 8 7 6 5 4 3 2 1 31 32 29 30 27 28 25 26 24 23 22 21 20 19 18 17 26 25 28 27 30 29 32 31 17 18 19 20 21 22 23 24 1 2 3 4 5 6 7 8 9 10 11 12 13 14 15 16 25 26 27 28 29 30 31 32 18 17 20 19 22 21 24 23 2 1 4 3 6 5 8 7 10 9 12 11 14 13 16 15 28 27 26 25 32 31 30 29 19 20 17 18 23 24 21 22 3 4 1 2 7 8 5 6 11 12 9 10 15 16 13 14 27 28 25 26 31 32 29 30 20 19 18 17 24 23 22 21 4 3 2 1 8 7 6 5 12 11 10 9 16 15 14 13 30 29 32 31 26 25 28 27 21 22 23 24 17 18 19 20 5 6 7 8 1 2 3 4 13 14 15 16 9 10 11 12 29 30 31 32 25 26 27 28 22 21 24 23 18 17 20 19 6 5 8 7 2 1 4 3 14 13 16 15 10 9 12 11 32 31 30 29 28 27 26 25 23 24 21 22 19 20 17 18 7 8 5 6 3 4 1 2 15 16 13 14 11 12 9 10 31 32 29 30 27 28 25 26 24 23 22 21 20 19 18 17 8 7 6 5 4 3 2 1 16 15 14 13 12 11 10 9 18 17 20 19 22 21 24 23 26 25 28 27 30 29 32 31 10 9 12 11 14 13 16 15 1 2 3 4 5 6 7 8 17 18 19 20 21 22 23 24 25 26 27 28 29 30 31 32 9 10 11 12 13 14 15 16 2 1 4 3 6 5 8 7 20 19 18 17 24 23 22 21 28 27 26 25 32 31 30 29 12 11 10 9 16 15 14 13 3 4 1 2 7 8 5 6 19 20 17 18 23 24 21 22 27 28 25 26 31 32 29 30 11 12 9 10 15 16 13 14 4 3 2 1 8 7 6 5 22 21 24 23 18 17 20 19 30 29 32 31 26 25 28 27 14 13 16 15 10 9 12 11 5 6 7 8 1 2 3 4 21 22 23 24 17 18 19 20 29 30 31 32 25 26 27 28 13 14 15 16 9 10 11 12 6 5 8 7 2 1 4 3 24 23 22 21 20 19 18 17 32 31 30 29 28 27 26 25 16 15 14 13 12 11 10 9 7 8 5 6 3 4 1 2 23 24 21 22 19 20 17 18 31 32 29 30 27 28 25 26 15 16 13 14 11 12 9 10 8 7 6 5 4 3 2 1
Z2xZ3xZ3	18	1 2 3 4 5 6 7 8 9 10 11 12 13 14 15 16 17 18 3 1 2 6 4 5 9 7 8 12 10 11 15 13 14 18 16 17 2 3 1 5 6 4 8 9 7 11 12 10 14 15 13 17 18 16 7 8 9 1 2 3 4 5 6 16 17 18 10 11 12 13 14 15 9 7 8 3 1 2 6 4 5 18 16 17 12 10 11 15 13 14 8 9 7 2 3 1 5 6 4 17 18 16 11 12 10 14 15 13 4 5 6 7 8 9 1 2 3 13 14 15 16 17 18 10 11 12 6 4 5 9 7 8 3 1 2 15 13 14 18 16 17 12 10 11 5 6 4 8 9 7 2 3 1 14 15 13 17 18 16 11 12 10 10 11 12 13 14 15 16 17 18 1 2 3 4 5 6 7 8 9 12 10 11 15 13 14 18 16 17 3 1 2 6 4 5 9 7 8 11 12 10 14 15 13 17 18 16 2 3 1 5 6 4 8 9 7 16 17 18 10 11 12 13 14 15 7 8 9 1 2 3 4 5 6 18 16 17 12 10 11 15 13 14 9 7 8 3 1 2 6 4 5 17 18 16 11 12 10 14 15 13 8 9 7 2 3 1 5 6 4 13 14 15 16 17 18 10 11 12 4 5 6 7 8 9 1 2 3 15 13 14 18 16 17 12 10 11 6 4 5 9 7 8 3 1 2 14 15 13 17 18 16 11 12 10 5 6 4 8 9 7 2 3 1
Z2xZ3xZ4	24	1 2 3 4 5 6 7 8 9 10 11 12 13 14 15 16 17 18 19 20 21 22 23 24 3 1 2 6 4 5 9 7 8 12 10 11 15 13 14 18 16 17 21 19 20 24 22 23 2 3 1 5 6 4 8 9 7 11 12 10 14 15 13 17 18 16 20 21 19 23 24 22 4 5 6 1 2 3 10 11 12 7 8 9 16 17 18 13 14 15 22 23 24 19 20 21 6 4 5 3 1 2 12 10 11 9 7 8 18 16 17 15 13 14 24 22 23 21 19 20 5 6 4 2 3 1 11 12 10 8 9 7 17 18 16 14 15 13 23 24 22 20 21 19 7 8 9 10 11 12 1 2 3 4 5 6 19 20 21 22 23 24 13 14 15 16 17 18 9 7 8 12 10 11 3 1 2 6 4 5 21 19 20 24 22 23 15 13 14 18 16 17 8 9 7 11 12 10 2 3 1 5 6 4 20 21 19 23 24 22 14 15 13 17 18 16 10 11 12 7 8 9 4 5 6 1 2 3 22 23 24 19 20 21 16 17 18 13 14 15 12 10 11 9 7 8 6 4 5 3 1 2 24 22 23 21 19 20 18 16 17 15 13 14 11 12 10 8 9 7 5 6 4 2 3 1 23 24 22 20 21 19 17 18 16 14 15 13 16 17 18 13 14 15 22 23 24 19 20 21 1 2 3 4 5 6 7 8 9 10 11 12 18 16 17 15 13 14 24 22 23 21 19 20 3 1 2 6 4 5 9 7 8 12 10 11 17 18 16 14 15 13 23 24 22 20 21 19 2 3 1 5 6 4 8 9 7 11 12 10 13 14 15 16 17 18 19 20 21 22 23 24 4 5 6 1 2 3 10 11 12 7 8 9 15 13 14 18 16 17 21 19 20 24 22 23 6 4 5 3 1 2 12 10 11 9 7 8 14 15 13 17 18 16 20 21 19 23 24 22 5 6 4 2 3 1 11 12 10 8 9 7 22 23 24 19 20 21 16 17 18 13 14 15 7 8 9 10 11 12 1 2 3 4 5 6 24 22 23 21 19 20 18 16 17 15 13 14 9 7 8 12 10 11 3 1 2 6 4 5 23 24 22 20 21 19 17 18 16 14 15 13 8 9 7 11 12 10 2 3 1 5 6 4 19 20 21 22 23 24 13 14 15 16 17 18 10 11 12 7 8 9 4 5 6 1 2 3 21 19 20 24 22 23 15 13 14 18 16 17 12 10 11 9 7 8 6 4 5 3 1 2 20 21 19 23 24 22 14 15 13 17 18 16 11 12 10 8 9 7 5 6 4 2 3 1
Z2xZ3xZ5	30	1 2 3 4 5 6 7 8 9 10 11 12 13 14 15 16 17 18 19 20 21 22 23 24 25 26 27 28 29 30 5 1 2 3 4 10 6 7 8 9 15 11 12 13 14 20 16 17 18 19 25 21 22 23 24 30 26 27 28 29 4 5 1 2 3 9 10 6 7 8 14 15 11 12 13 19 20 16 17 18 24 25 21 22 23 29 30 26 27 28 3 4 5 1 2 8 9 10 6 7 13 14 15 11 12 18 19 20 16 17 23 24 25 21 22 28 29 30 26 27 2 3 4 5 1 7 8 9 10 6 12 13 14 15 11 17 18 19 20 16 22 23 24 25 21 27 28 29 30 26 11 12 13 14 15 1 2 3 4 5 6 7 8 9 10 26 27 28 29 30 16 17 18 19 20 21 22 23 24 25 15 11 12 13 14 5 1 2 3 4 10 6 7 8 9 30 26 27 28 29 20 16 17 18 19 25 21 22 23 24 14 15 11 12 13 4 5 1 2 3 9 10 6 7 8 29 30 26 27 28 19 20 16 17 18 24 25 21 22 23 13 14 15 11 12 3 4 5 1 2 8 9 10 6 7 28 29 30 26 27 18 19 20 16 17 23 24 25 21 22 12 13 14 15 11 2 3 4 5 1 7 8 9 10 6 27 28 29 30 26 17 18 19 20 16 22 23 24 25 21 6 7 8 9 10 11 12 13 14 15 1 2 3 4 5 21 22 23 24 25 26 27 28 29 30 16 17 18 19 20 10 6 7 8 9 15 11 12 13 14 5 1 2 3 4 25 21 22 23 24 30 26 27 28 29 20 16 17 18 19 9 10 6 7 8 14 15 11 12 13 4 5 1 2 3 24 25 21 22 23 29 30 26 27 28 19 20 16 17 18 8 9 10 6 7 13 14 15 11 12 3 4 5 1 2 23 24 25 21 22 28 29 30 26 27 18 19 20 16 17 7 8 9 10 6 12 13 14 15 11 2 3 4 5 1 22 23 24 25 21 27 28 29 30 26 17 18 19 20 16 16 17 18 19 20 21 22 23 24 25 26 27 28 29 30 1 2 3 4 5 6 7 8 9 10 11 12 13 14 15 20 16 17 18 19 25 21 22 23 24 30 26 27 28 29 5 1 2 3 4 10 6 7 8 9 15 11 12 13 14 19 20 16 17 18 24 25 21 22 23 29 30 26 27 28 4 5 1 2 3 9 10 6 7 8 14 15 11 12 13 18 19 20 16 17 23 24 25 21 22 28 29 30 26 27 3 4 5 1 2 8 9 10 6 7 13 14 15 11 12 17 18 19 20 16 22 23 24 25 21 27 28 29 30 26 2 3 4 5 1 7 8 9 10 6 12 13 14 15 11 26 27 28 29 30 16 17 18 19 20 21 22 23 24 25 11 12 13 14 15 1 2 3 4 5 6 7 8 9 10 30 26 27 28 29 20 16 17 18 19 25 21 22 23 24 15 11 12 13 14 5 1 2 3 4 10 6 7 8 9 29 30 26 27 28 19 20 16 17 18 24 25 21 22 23 14 15 11 12 13 4 5 1 2 3 9 10 6 7 8 28 29 30 26 27 18 19 20 16 17 23 24 25 21 22 13 14 15 11 12 3 4 5 1 2 8 9 10 6 7 27 28 29 30 26 17 18 19 20 16 22 23 24 25 21 12 13 14 15 11 2 3 4 5 1 7 8 9 10 6 21 22 23 24 25 26 27 28 29 30 16 17 18 19 20 6 7 8 9 10 11 12 13 14 15 1 2 3 4 5 25 21 22 23 24 30 26 27 28 29 20 16 17 18 19 10 6 7 8 9 15 11 12 13 14 5 1 2 3 4 24 25 21 22 23 29 30 26 27 28 19 20 16 17 18 9 10 6 7 8 14 15 11 12 13 4 5 1 2 3 23 24 25 21 22 28 29 30 26 27 18 19 20 16 17 8 9 10 6 7 13 14 15 11 12 3 4 5 1 2 22 23 24 25 21 27 28 29 30 26 17 18 19 20 16 7 8 9 10 6 12 13 14 15 11 2 3 4 5 1
Z2xZ4sZ4	32	1 2 3 4 5 6 7 8 9 10 11 12 13 14 15 16 17 18 19 20 21 22 23 24 25 26 27 28 29 30 31 32 2 1 4 3 6 5 8 7 10 9 12 11 14 13 16 15 18 17 20 19 22 21 24 23 26 25 28 27 30 29 32 31 3 4 1 2 7 8 5 6 11 12 9 10 15 16 13 14 19 20 17 18 23 24 21 22 27 28 25 26 31 32 29 30 4 3 2 1 8 7 6 5 12 11 10 9 16 15 14 13 20 19 18 17 24 23 22 21 28 27 26 25 32 31 30 29 5 6 7 8 1 2 3 4 13 14 15 16 9 10 11 12 21 22 23 24 17 18 19 20 29 30 31 32 25 26 27 28 6 5 8 7 2 1 4 3 14 13 16 15 10 9 12 11 22 21 24 23 18 17 20 19 30 29 32 31 26 25 28 27 7 8 5 6 3 4 1 2 15 16 13 14 11 12 9 10 23 24 21 22 19 20 17 18 31 32 29 30 27 28 25 26 8 7 6 5 4 3 2 1 16 15 14 13 12 11 10 9 24 23 22 21 20 19 18 17 32 31 30 29 28 27 26 25 10 9 12 11 14 13 16 15 1 2 3 4 5 6 7 8 25 26 27 28 29 30 31 32 18 17 20 19 22 21 24 23 9 10 11 12 13 14 15 16 2 1 4 3 6 5 8 7 26 25 28 27 30 29 32 31 17 18 19 20 21 22 23 24 12 11 10 9 16 15 14 13 3 4 1 2 7 8 5 6 27 28 25 26 31 32 29 30 20 19 18 17 24 23 22 21 11 12 9 10 15 16 13 14 4 3 2 1 8 7 6 5 28 27 26 25 32 31 30 29 19 20 17 18 23 24 21 22 14 13 16 15 10 9 12 11 5 6 7 8 1 2 3 4 29 30 31 32 25 26 27 28 22 21 24 23 18 17 20 19 13 14 15 16 9 10 11 12 6 5 8 7 2 1 4 3 30 29 32 31 26 25 28 27 21 22 23 24 17 18 19 20 16 15 14 13 12 11 10 9 7 8 5 6 3 4 1 2 31 32 29 30 27 28 25 26 24 23 22 21 20 19 18 17 15 16 13 14 11 12 9 10 8 7 6 5 4 3 2 1 32 31 30 29 28 27 26 25 23 24 21 22 19 20 17 18 19 20 17 18 23 24 21 22 27 28 25 26 31 32 29 30 1 2 3 4 5 6 7 8 9 10 11 12 13 14 15 16 20 19 18 17 24 23 22 21 28 27 26 25 32 31 30 29 2 1 4 3 6 5 8 7 10 9 12 11 14 13 16 15 17 18 19 20 21 22 23 24 25 26 27 28 29 30 31 32 3 4 1 2 7 8 5 6 11 12 9 10 15 16 13 14 18 17 20 19 22 21 24 23 26 25 28 27 30 29 32 31 4 3 2 1 8 7 6 5 12 11 10 9 16 15 14 13 23 24 21 22 19 20 17 18 31 32 29 30 27 28 25 26 5 6 7 8 1 2 3 4 13 14 15 16 9 10 11 12 24 23 22 21 20 19 18 17 32 31 30 29 28 27 26 25 6 5 8 7 2 1 4 3 14 13 16 15 10 9 12 11 21 22 23 24 17 18 19 20 29 30 31 32 25 26 27 28 7 8 5 6 3 4 1 2 15 16 13 14 11 12 9 10 22 21 24 23 18 17 20 19 30 29 32 31 26 25 28 27 8 7 6 5 4 3 2 1 16 15 14 13 12 11 10 9 27 28 25 26 31 32 29 30 20 19 18 17 24 23 22 21 10 9 12 11 14 13 16 15 1 2 3 4 5 6 7 8 28 27 26 25 32 31 30 29 19 20 17 18 23 24 21 22 9 10 11 12 13 14 15 16 2 1 4 3 6 5 8 7 25 26 27 28 29 30 31 32 18 17 20 19 22 21 24 23 12 11 10 9 16 15 14 13 3 4 1 2 7 8 5 6 26 25 28 27 30 29 32 31 17 18 19 20 21 22 23 24 11 12 9 10 15 16 13 14 4 3 2 1 8 7 6 5 31 32 29 30 27 28 25 26 24 23 22 21 20 19 18 17 14 13 16 15 10 9 12 11 5 6 7 8 1 2 3 4 32 31 30 29 28 27 26 25 23 24 21 22 19 20 17 18 13 14 15 16 9 10 11 12 6 5 8 7 2 1 4 3 29 30 31 32 25 26 27 28 22 21 24 23 18 17 20 19 16 15 14 13 12 11 10 9 7 8 5 6 3 4 1 2 30 29 32 31 26 25 28 27 21 22 23 24 17 18 19 20 15 16 13 14 11 12 9 10 8 7 6 5 4 3 2 1
Z2xZ4xZ4	32	1 2 3 4 5 6 7 8 9 10 11 12 13 14 15 16 17 18 19 20 21 22 23 24 25 26 27 28 29 30 31 32 2 1 4 3 6 5 8 7 10 9 12 11 14 13 16 15 18 17 20 19 22 21 24 23 26 25 28 27 30 29 32 31 3 4 1 2 7 8 5 6 11 12 9 10 15 16 13 14 19 20 17 18 23 24 21 22 27 28 25 26 31 32 29 30 4 3 2 1 8 7 6 5 12 11 10 9 16 15 14 13 20 19 18 17 24 23 22 21 28 27 26 25 32 31 30 29 5 6 7 8 1 2 3 4 13 14 15 16 9 10 11 12 21 22 23 24 17 18 19 20 29 30 31 32 25 26 27 28 6 5 8 7 2 1 4 3 14 13 16 15 10 9 12 11 22 21 24 23 18 17 20 19 30 29 32 31 26 25 28 27 7 8 5 6 3 4 1 2 15 16 13 14 11 12 9 10 23 24 21 22 19 20 17 18 31 32 29 30 27 28 25 26 8 7 6 5 4 3 2 1 16 15 14 13 12 11 10 9 24 23 22 21 20 19 18 17 32 31 30 29 28 27 26 25 10 9 12 11 14 13 16 15 1 2 3 4 5 6 7 8 26 25 28 27 30 29 32 31 17 18 19 20 21 22 23 24 9 10 11 12 13 14 15 16 2 1 4 3 6 5 8 7 25 26 27 28 29 30 31 32 18 17 20 19 22 21 24 23 12 11 10 9 16 15 14 13 3 4 1 2 7 8 5 6 28 27 26 25 32 31 30 29 19 20 17 18 23 24 21 22 11 12 9 10 15 16 13 14 4 3 2 1 8 7 6 5 27 28 25 26 31 32 29 30 20 19 18 17 24 23 22 21 14 13 16 15 10 9 12 11 5 6 7 8 1 2 3 4 30 29 32 31 26 25 28 27 21 22 23 24 17 18 19 20 13 14 15 16 9 10 11 12 6 5 8 7 2 1 4 3 29 30 31 32 25 26 27 28 22 21 24 23 18 17 20 19 16 15 14 13 12 11 10 9 7 8 5 6 3 4 1 2 32 31 30 29 28 27 26 25 23 24 21 22 19 20 17 18 15 16 13 14 11 12 9 10 8 7 6 5 4 3 2 1 31 32 29 30 27 28 25 26 24 23 22 21 20 19 18 17 19 20 17 18 23 24 21 22 27 28 25 26 31 32 29 30 1 2 3 4 5 6 7 8 9 10 11 12 13 14 15 16 20 19 18 17 24 23 22 21 28 27 26 25 32 31 30 29 2 1 4 3 6 5 8 7 10 9 12 11 14 13 16 15 17 18 19 20 21 22 23 24 25 26 27 28 29 30 31 32 3 4 1 2 7 8 5 6 11 12 9 10 15 16 13 14 18 17 20 19 22 21 24 23 26 25 28 27 30 29 32 31 4 3 2 1 8 7 6 5 12 11 10 9 16 15 14 13 23 24 21 22 19 20 17 18 31 32 29 30 27 28 25 26 5 6 7 8 1 2 3 4 13 14 15 16 9 10 11 12 24 23 22 21 20 19 18 17 32 31 30 29 28 27 26 25 6 5 8 7 2 1 4 3 14 13 16 15 10 9 12 11 21 22 23 24 17 18 19 20 29 30 31 32 25 26 27 28 7 8 5 6 3 4 1 2 15 16 13 14 11 12 9 10 22 21 24 23 18 17 20 19 30 29 32 31 26 25 28 27 8 7 6 5 4 3 2 1 16 15 14 13 12 11 10 9 28 27 26 25 32 31 30 29 19 20 17 18 23 24 21 22 10 9 12 11 14 13 16 15 1 2 3 4 5 6 7 8 27 28 25 26 31 32 29 30 20 19 18 17 24 23 22 21 9 10 11 12 13 14 15 16 2 1 4 3 6 5 8 7 26 25 28 27 30 29 32 31 17 18 19 20 21 22 23 24 12 11 10 9 16 15 14 13 3 4 1 2 7 8 5 6 25 26 27 28 29 30 31 32 18 17 20 19 22 21 24 23 11 12 9 10 15 16 13 14 4 3 2 1 8 7 6 5 32 31 30 29 28 27 26 25 23 24 21 22 19 20 17 18 14 13 16 15 10 9 12 11 5 6 7 8 1 2 3 4 31 32 29 30 27 28 25 26 24 23 22 21 20 19 18 17 13 14 15 16 9 10 11 12 6 5 8 7 2 1 4 3 30 29 32 31 26 25 28 27 21 22 23 24 17 18 19 20 16 15 14 13 12 11 10 9 7 8 5 6 3 4 1 2 29 30 31 32 25 26 27 28 22 21 24 23 18 17 20 19 15 16 13 14 11 12 9 10 8 7 6 5 4 3 2 1
Z2xZ5	10	1 2 3 4 5 6 7 8 9 10 5 1 2 3 4 10 6 7 8 9 4 5 1 2 3 9 10 6 7 8 3 4 5 1 2 8 9 10 6 7 2 3 4 5 1 7 8 9 10 6 6 7 8 9 10 1 2 3 4 5 10 6 7 8 9 5 1 2 3 4 9 10 6 7 8 4 5 1 2 3 8 9 10 6 7 3 4 5 1 2 7 8 9 10 6 2 3 4 5 1
Z2xZ7	14	1 2 3 4 5 6 7 8 9 10 11 12 13 14 7 1 2 3 4 5 6 14 8 9 10 11 12 13 6 7 1 2 3 4 5 13 14 8 9 10 11 12 5 6 7 1 2 3 4 12 13 14 8 9 10 11 4 5 6 7 1 2 3 11 12 13 14 8 9 10 3 4 5 6 7 1 2 10 11 12 13 14 8 9 2 3 4 5 6 7 1 9 10 11 12 13 14 8 8 9 10 11 12 13 14 1 2 3 4 5 6 7 14 8 9 10 11 12 13 7 1 2 3 4 5 6 13 14 8 9 10 11 12 6 7 1 2 3 4 5 12 13 14 8 9 10 11 5 6 7 1 2 3 4 11 12 13 14 8 9 10 4 5 6 7 1 2 3 10 11 12 13 14 8 9 3 4 5 6 7 1 2 9 10 11 12 13 14 8 2 3 4 5 6 7 1
Z2xZ8	16	1 2 3 4 5 6 7 8 9 10 11 12 13 14 15 16 2 1 4 3 6 5 8 7 10 9 12 11 14 13 16 15 3 4 1 2 7 8 5 6 11 12 9 10 15 16 13 14 4 3 2 1 8 7 6 5 12 11 10 9 16 15 14 13 6 5 8 7 1 2 3 4 14 13 16 15 9 10 11 12 5 6 7 8 2 1 4 3 13 14 15 16 10 9 12 11 8 7 6 5 3 4 1 2 16 15 14 13 11 12 9 10 7 8 5 6 4 3 2 1 15 16 13 14 12 11 10 9 14 13 16 15 9 10 11 12 1 2 3 4 5 6 7 8 13 14 15 16 10 9 12 11 2 1 4 3 6 5 8 7 16 15 14 13 11 12 9 10 3 4 1 2 7 8 5 6 15 16 13 14 12 11 10 9 4 3 2 1 8 7 6 5 10 9 12 11 14 13 16 15 6 5 8 7 1 2 3 4 9 10 11 12 13 14 15 16 5 6 7 8 2 1 4 3 12 11 10 9 16 15 14 13 8 7 6 5 3 4 1 2 11 12 9 10 15 16 13 14 7 8 5 6 4 3 2 1
Z2xZ9	18	1 2 3 4 5 6 7 8 9 10 11 12 13 14 15 16 17 18 3 1 2 6 4 5 9 7 8 12 10 11 15 13 14 18 16 17 2 3 1 5 6 4 8 9 7 11 12 10 14 15 13 17 18 16 9 7 8 1 2 3 4 5 6 18 16 17 10 11 12 13 14 15 8 9 7 3 1 2 6 4 5 17 18 16 12 10 11 15 13 14 7 8 9 2 3 1 5 6 4 16 17 18 11 12 10 14 15 13 6 4 5 9 7 8 1 2 3 15 13 14 18 16 17 10 11 12 5 6 4 8 9 7 3 1 2 14 15 13 17 18 16 12 10 11 4 5 6 7 8 9 2 3 1 13 14 15 16 17 18 11 12 10 10 11 12 13 14 15 16 17 18 1 2 3 4 5 6 7 8 9 12 10 11 15 13 14 18 16 17 3 1 2 6 4 5 9 7 8 11 12 10 14 15 13 17 18 16 2 3 1 5 6 4 8 9 7 18 16 17 10 11 12 13 14 15 9 7 8 1 2 3 4 5 6 17 18 16 12 10 11 15 13 14 8 9 7 3 1 2 6 4 5 16 17 18 11 12 10 14 15 13 7 8 9 2 3 1 5 6 4 15 13 14 18 16 17 10 11 12 6 4 5 9 7 8 1 2 3 14 15 13 17 18 16 12 10 11 5 6 4 8 9 7 3 1 2 13 14 15 16 17 18 11 12 10 4 5 6 7 8 9 2 3 1
Z31	31	1 2 3 4 5 6 7 8 9 10 11 12 13 14 15 16 17 18 19 20 21 22 23 24 25 26 27 28 29 30 31 31 1 2 3 4 5 6 7 8 9 10 11 12 13 14 15 16 17 18 19 20 21 22 23 24 25 26 27 28 29 30 30 31 1 2 3 4 5 6 7 8 9 10 11 12 13 14 15 16 17 18 19 20 21 22 23 24 25 26 27 28 29 29 30 31 1 2 3 4 5 6 7 8 9 10 11 12 13 14 15 16 17 18 19 20 21 22 23 24 25 26 27 28 28 29 30 31 1 2 3 4 5 6 7 8 9 10 11 12 13 14 15 16 17 18 19 20 21 22 23 24 25 26 27 27 28 29 30 31 1 2 3 4 5 6 7 8 9 10 11 12 13 14 15 16 17 18 19 20 21 22 23 24 25 26 26 27 28 29 30 31 1 2 3 4 5 6 7 8 9 10 11 12 13 14 15 16 17 18 19 20 21 22 23 24 25 25 26 27 28 29 30 31 1 2 3 4 5 6 7 8 9 10 11 12 13 14 15 16 17 18 19 20 21 22 23 24 24 25 26 27 28 29 30 31 1 2 3 4 5 6 7 8 9 10 11 12 13 14 15 16 17 18 19 20 21 22 23 23 24 25 26 27 28 29 30 31 1 2 3 4 5 6 7 8 9 10 11 12 13 14 15 16 17 18 19 20 21 22 22 23 24 25 26 27 28 29 30 31 1 2 3 4 5 6 7 8 9 10 11 12 13 14 15 16 17 18 19 20 21 21 22 23 24 25 26 27 28 29 30 31 1 2 3 4 5 6 7 8 9 10 11 12 13 14 15 16 17 18 19 20 20 21 22 23 24 25 26 27 28 29 30 31 1 2 3 4 5 6 7 8 9 10 11 12 13 14 15 16 17 18 19 19 20 21 22 23 24 25 26 27 28 29 30 31 1 2 3 4 5 6 7 8 9 10 11 12 13 14 15 16 17 18 18 19 20 21 22 23 24 25 26 27 28 29 30 31 1 2 3 4 5 6 7 8 9 10 11 12 13 14 15 16 17 17 18 19 20 21 22 23 24 25 26 27 28 29 30 31 1 2 3 4 5 6 7 8 9 10 11 12 13 14 15 16 16 17 18 19 20 21 22 23 24 25 26 27 28 29 30 31 1 2 3 4 5 6 7 8 9 10 11 12 13 14 15 15 16 17 18 19 20 21 22 23 24 25 26 27 28 29 30 31 1 2 3 4 5 6 7 8 9 10 11 12 13 14 14 15 16 17 18 19 20 21 22 23 24 25 26 27 28 29 30 31 1 2 3 4 5 6 7 8 9 10 11 12 13 13 14 15 16 17 18 19 20 21 22 23 24 25 26 27 28 29 30 31 1 2 3 4 5 6 7 8 9 10 11 12 12 13 14 15 16 17 18 19 20 21 22 23 24 25 26 27 28 29 30 31 1 2 3 4 5 6 7 8 9 10 11 11 12 13 14 15 16 17 18 19 20 21 22 23 24 25 26 27 28 29 30 31 1 2 3 4 5 6 7 8 9 10 10 11 12 13 14 15 16 17 18 19 20 21 22 23 24 25 26 27 28 29 30 31 1 2 3 4 5 6 7 8 9 9 10 11 12 13 14 15 16 17 18 19 20 21 22 23 24 25 26 27 28 29 30 31 1 2 3 4 5 6 7 8 8 9 10 11 12 13 14 15 16 17 18 19 20 21 22 23 24 25 26 27 28 29 30 31 1 2 3 4 5 6 7 7 8 9 10 11 12 13 14 15 16 17 18 19 20 21 22 23 24 25 26 27 28 29 30 31 1 2 3 4 5 6 6 7 8 9 10 11 12 13 14 15 16 17 18 19 20 21 22 23 24 25 26 27 28 29 30 31 1 2 3 4 5 5 6 7 8 9 10 11 12 13 14 15 16 17 18 19 20 21 22 23 24 25 26 27 28 29 30 31 1 2 3 4 4 5 6 7 8 9 10 11 12 13 14 15 16 17 18 19 20 21 22 23 24 25 26 27 28 29 30 31 1 2 3 3 4 5 6 7 8 9 10 11 12 13 14 15 16 17 18 19 20 21 22 23 24 25 26 27 28 29 30 31 1 2 2 3 4 5 6 7 8 9 10 11 12 13 14 15 16 17 18 19 20 21 22 23 24 25 26 27 28 29 30 31 1
Z32	32	1 2 3 4 5 6 7 8 9 10 11 12 13 14 15 16 17 18 19 20 21 22 23 24 25 26 27 28 29 30 31 32 2 1 4 3 6 5 8 7 10 9 12 11 14 13 16 15 18 17 20 19 22 21 24 23 26 25 28 27 30 29 32 31 4 3 1 2 8 7 5 6 12 11 9 10 16 15 13 14 20 19 17 18 24 23 21 22 28 27 25 26 32 31 29 30 3 4 2 1 7 8 6 5 11 12 10 9 15 16 14 13 19 20 18 17 23 24 22 21 27 28 26 25 31 32 30 29 8 7 5 6 1 2 3 4 16 15 13 14 9 10 11 12 24 23 21 22 17 18 19 20 32 31 29 30 25 26 27 28 7 8 6 5 2 1 4 3 15 16 14 13 10 9 12 11 23 24 22 21 18 17 20 19 31 32 30 29 26 25 28 27 6 5 8 7 4 3 1 2 14 13 16 15 12 11 9 10 22 21 24 23 20 19 17 18 30 29 32 31 28 27 25 26 5 6 7 8 3 4 2 1 13 14 15 16 11 12 10 9 21 22 23 24 19 20 18 17 29 30 31 32 27 28 26 25 16 15 13 14 9 10 11 12 1 2 3 4 5 6 7 8 32 31 29 30 25 26 27 28 17 18 19 20 21 22 23 24 15 16 14 13 10 9 12 11 2 1 4 3 6 5 8 7 31 32 30 29 26 25 28 27 18 17 20 19 22 21 24 23 14 13 16 15 12 11 9 10 4 3 1 2 8 7 5 6 30 29 32 31 28 27 25 26 20 19 17 18 24 23 21 22 13 14 15 16 11 12 10 9 3 4 2 1 7 8 6 5 29 30 31 32 27 28 26 25 19 20 18 17 23 24 22 21 12 11 9 10 16 15 13 14 8 7 5 6 1 2 3 4 28 27 25 26 32 31 29 30 24 23 21 22 17 18 19 20 11 12 10 9 15 16 14 13 7 8 6 5 2 1 4 3 27 28 26 25 31 32 30 29 23 24 22 21 18 17 20 19 10 9 12 11 14 13 16 15 6 5 8 7 4 3 1 2 26 25 28 27 30 29 32 31 22 21 24 23 20 19 17 18 9 10 11 12 13 14 15 16 5 6 7 8 3 4 2 1 25 26 27 28 29 30 31 32 21 22 23 24 19 20 18 17 32 31 29 30 25 26 27 28 17 18 19 20 21 22 23 24 1 2 3 4 5 6 7 8 9 10 11 12 13 14 15 16 31 32 30 29 26 25 28 27 18 17 20 19 22 21 24 23 2 1 4 3 6 5 8 7 10 9 12 11 14 13 16 15 30 29 32 31 28 27 25 26 20 19 17 18 24 23 21 22 4 3 1 2 8 7 5 6 12 11 9 10 16 15 13 14 29 30 31 32 27 28 26 25 19 20 18 17 23 24 22 21 3 4 2 1 7 8 6 5 11 12 10 9 15 16 14 13 28 27 25 26 32 31 29 30 24 23 21 22 17 18 19 20 8 7 5 6 1 2 3 4 16 15 13 14 9 10 11 12 27 28 26 25 31 32 30 29 23 24 22 21 18 17 20 19 7 8 6 5 2 1 4 3 15 16 14 13 10 9 12 11 26 25 28 27 30 29 32 31 22 21 24 23 20 19 17 18 6 5 8 7 4 3 1 2 14 13 16 15 12 11 9 10 25 26 27 28 29 30 31 32 21 22 23 24 19 20 18 17 5 6 7 8 3 4 2 1 13 14 15 16 11 12 10 9 24 23 21 22 17 18 19 20 32 31 29 30 25 26 27 28 16 15 13 14 9 10 11 12 1 2 3 4 5 6 7 8 23 24 22 21 18 17 20 19 31 32 30 29 26 25 28 27 15 16 14 13 10 9 12 11 2 1 4 3 6 5 8 7 22 21 24 23 20 19 17 18 30 29 32 31 28 27 25 26 14 13 16 15 12 11 9 10 4 3 1 2 8 7 5 6 21 22 23 24 19 20 18 17 29 30 31 32 27 28 26 25 13 14 15 16 11 12 10 9 3 4 2 1 7 8 6 5 20 19 17 18 24 23 21 22 28 27 25 26 32 31 29 30 12 11 9 10 16 15 13 14 8 7 5 6 1 2 3 4 19 20 18 17 23 24 22 21 27 28 26 25 31 32 30 29 11 12 10 9 15 16 14 13 7 8 6 5 2 1 4 3 18 17 20 19 22 21 24 23 26 25 28 27 30 29 32 31 10 9 12 11 14 13 16 15 6 5 8 7 4 3 1 2 17 18 19 20 21 22 23 24 25 26 27 28 29 30 31 32 9 10 11 12 13 14 15 16 5 6 7 8 3 4 2 1
Z3sZ10	30	1 2 3 4 5 6 7 8 9 10 11 12 13 14 15 16 17 18 19 20 21 22 23 24 25 26 27 28 29 30 5 1 2 3 4 10 6 7 8 9 15 11 12 13 14 20 16 17 18 19 25 21 22 23 24 30 26 27 28 29 4 5 1 2 3 9 10 6 7 8 14 15 11 12 13 19 20 16 17 18 24 25 21 22 23 29 30 26 27 28 3 4 5 1 2 8 9 10 6 7 13 14 15 11 12 18 19 20 16 17 23 24 25 21 22 28 29 30 26 27 2 3 4 5 1 7 8 9 10 6 12 13 14 15 11 17 18 19 20 16 22 23 24 25 21 27 28 29 30 26 11 12 13 14 15 1 2 3 4 5 6 7 8 9 10 21 22 23 24 25 26 27 28 29 30 16 17 18 19 20 15 11 12 13 14 5 1 2 3 4 10 6 7 8 9 25 21 22 23 24 30 26 27 28 29 20 16 17 18 19 14 15 11 12 13 4 5 1 2 3 9 10 6 7 8 24 25 21 22 23 29 30 26 27 28 19 20 16 17 18 13 14 15 11 12 3 4 5 1 2 8 9 10 6 7 23 24 25 21 22 28 29 30 26 27 18 19 20 16 17 12 13 14 15 11 2 3 4 5 1 7 8 9 10 6 22 23 24 25 21 27 28 29 30 26 17 18 19 20 16 6 7 8 9 10 11 12 13 14 15 1 2 3 4 5 26 27 28 29 30 16 17 18 19 20 21 22 23 24 25 10 6 7 8 9 15 11 12 13 14 5 1 2 3 4 30 26 27 28 29 20 16 17 18 19 25 21 22 23 24 9 10 6 7 8 14 15 11 12 13 4 5 1 2 3 29 30 26 27 28 19 20 16 17 18 24 25 21 22 23 8 9 10 6 7 13 14 15 11 12 3 4 5 1 2 28 29 30 26 27 18 19 20 16 17 23 24 25 21 22 7 8 9 10 6 12 13 14 15 11 2 3 4 5 1 27 28 29 30 26 17 18 19 20 16 22 23 24 25 21 16 17 18 19 20 21 22 23 24 25 26 27 28 29 30 1 2 3 4 5 6 7 8 9 10 11 12 13 14 15 20 16 17 18 19 25 21 22 23 24 30 26 27 28 29 5 1 2 3 4 10 6 7 8 9 15 11 12 13 14 19 20 16 17 18 24 25 21 22 23 29 30 26 27 28 4 5 1 2 3 9 10 6 7 8 14 15 11 12 13 18 19 20 16 17 23 24 25 21 22 28 29 30 26 27 3 4 5 1 2 8 9 10 6 7 13 14 15 11 12 17 18 19 20 16 22 23 24 25 21 27 28 29 30 26 2 3 4 5 1 7 8 9 10 6 12 13 14 15 11 21 22 23 24 25 26 27 28 29 30 16 17 18 19 20 11 12 13 14 15 1 2 3 4 5 6 7 8 9 10 25 21 22 23 24 30 26 27 28 29 20 16 17 18 19 15 11 12 13 14 5 1 2 3 4 10 6 7 8 9 24 25 21 22 23 29 30 26 27 28 19 20 16 17 18 14 15 11 12 13 4 5 1 2 3 9 10 6 7 8 23 24 25 21 22 28 29 30 26 27 18 19 20 16 17 13 14 15 11 12 3 4 5 1 2 8 9 10 6 7 22 23 24 25 21 27 28 29 30 26 17 18 19 20 16 12 13 14 15 11 2 3 4 5 1 7 8 9 10 6 26 27 28 29 30 16 17 18 19 20 21 22 23 24 25 6 7 8 9 10 11 12 13 14 15 1 2 3 4 5 30 26 27 28 29 20 16 17 18 19 25 21 22 23 24 10 6 7 8 9 15 11 12 13 14 5 1 2 3 4 29 30 26 27 28 19 20 16 17 18 24 25 21 22 23 9 10 6 7 8 14 15 11 12 13 4 5 1 2 3 28 29 30 26 27 18 19 20 16 17 23 24 25 21 22 8 9 10 6 7 13 14 15 11 12 3 4 5 1 2 27 28 29 30 26 17 18 19 20 16 22 23 24 25 21 7 8 9 10 6 12 13 14 15 11 2 3 4 5 1
Z3sZ6	18	1 2 3 4 5 6 7 8 9 10 11 12 13 14 15 16 17 18 3 1 2 6 4 5 9 7 8 12 10 11 15 13 14 18 16 17 2 3 1 5 6 4 8 9 7 11 12 10 14 15 13 17 18 16 7 8 9 1 2 3 4 5 6 13 14 15 16 17 18 10 11 12 9 7 8 3 1 2 6 4 5 15 13 14 18 16 17 12 10 11 8 9 7 2 3 1 5 6 4 14 15 13 17 18 16 11 12 10 4 5 6 7 8 9 1 2 3 16 17 18 10 11 12 13 14 15 6 4 5 9 7 8 3 1 2 18 16 17 12 10 11 15 13 14 5 6 4 8 9 7 2 3 1 17 18 16 11 12 10 14 15 13 10 11 12 13 14 15 16 17 18 1 2 3 4 5 6 7 8 9 12 10 11 15 13 14 18 16 17 3 1 2 6 4 5 9 7 8 11 12 10 14 15 13 17 18 16 2 3 1 5 6 4 8 9 7 13 14 15 16 17 18 10 11 12 7 8 9 1 2 3 4 5 6 15 13 14 18 16 17 12 10 11 9 7 8 3 1 2 6 4 5 14 15 13 17 18 16 11 12 10 8 9 7 2 3 1 5 6 4 16 17 18 10 11 12 13 14 15 4 5 6 7 8 9 1 2 3 18 16 17 12 10 11 15 13 14 6 4 5 9 7 8 3 1 2 17 18 16 11 12 10 14 15 13 5 6 4 8 9 7 2 3 1
Z3sZ8	24	1 2 3 4 5 6 7 8 9 10 11 12 13 14 15 16 17 18 19 20 21 22 23 24 3 1 2 6 4 5 9 7 8 12 10 11 14 15 13 17 18 16 20 21 19 23 24 22 2 3 1 5 6 4 8 9 7 11 12 10 15 13 14 18 16 17 21 19 20 24 22 23 4 5 6 1 2 3 10 11 12 7 8 9 16 17 18 13 14 15 22 23 24 19 20 21 6 4 5 3 1 2 12 10 11 9 7 8 17 18 16 14 15 13 23 24 22 20 21 19 5 6 4 2 3 1 11 12 10 8 9 7 18 16 17 15 13 14 24 22 23 21 19 20 10 11 12 7 8 9 1 2 3 4 5 6 22 23 24 19 20 21 13 14 15 16 17 18 12 10 11 9 7 8 3 1 2 6 4 5 23 24 22 20 21 19 14 15 13 17 18 16 11 12 10 8 9 7 2 3 1 5 6 4 24 22 23 21 19 20 15 13 14 18 16 17 7 8 9 10 11 12 4 5 6 1 2 3 19 20 21 22 23 24 16 17 18 13 14 15 9 7 8 12 10 11 6 4 5 3 1 2 20 21 19 23 24 22 17 18 16 14 15 13 8 9 7 11 12 10 5 6 4 2 3 1 21 19 20 24 22 23 18 16 17 15 13 14 22 23 24 19 20 21 13 14 15 16 17 18 1 2 3 4 5 6 7 8 9 10 11 12 23 24 22 20 21 19 14 15 13 17 18 16 3 1 2 6 4 5 9 7 8 12 10 11 24 22 23 21 19 20 15 13 14 18 16 17 2 3 1 5 6 4 8 9 7 11 12 10 19 20 21 22 23 24 16 17 18 13 14 15 4 5 6 1 2 3 10 11 12 7 8 9 20 21 19 23 24 22 17 18 16 14 15 13 6 4 5 3 1 2 12 10 11 9 7 8 21 19 20 24 22 23 18 16 17 15 13 14 5 6 4 2 3 1 11 12 10 8 9 7 16 17 18 13 14 15 22 23 24 19 20 21 10 11 12 7 8 9 1 2 3 4 5 6 17 18 16 14 15 13 23 24 22 20 21 19 12 10 11 9 7 8 3 1 2 6 4 5 18 16 17 15 13 14 24 22 23 21 19 20 11 12 10 8 9 7 2 3 1 5 6 4 13 14 15 16 17 18 19 20 21 22 23 24 7 8 9 10 11 12 4 5 6 1 2 3 14 15 13 17 18 16 20 21 19 23 24 22 9 7 8 12 10 11 6 4 5 3 1 2 15 13 14 18 16 17 21 19 20 24 22 23 8 9 7 11 12 10 5 6 4 2 3 1
Z3xQ8	24	1 2 3 4 5 6 7 8 9 10 11 12 13 14 15 16 17 18 19 20 21 22 23 24 3 1 2 6 4 5 9 7 8 12 10 11 15 13 14 18 16 17 21 19 20 24 22 23 2 3 1 5 6 4 8 9 7 11 12 10 14 15 13 17 18 16 20 21 19 23 24 22 4 5 6 1 2 3 10 11 12 7 8 9 16 17 18 13 14 15 22 23 24 19 20 21 6 4 5 3 1 2 12 10 11 9 7 8 18 16 17 15 13 14 24 22 23 21 19 20 5 6 4 2 3 1 11 12 10 8 9 7 17 18 16 14 15 13 23 24 22 20 21 19 10 11 12 7 8 9 1 2 3 4 5 6 19 20 21 22 23 24 16 17 18 13 14 15 12 10 11 9 7 8 3 1 2 6 4 5 21 19 20 24 22 23 18 16 17 15 13 14 11 12 10 8 9 7 2 3 1 5 6 4 20 21 19 23 24 22 17 18 16 14 15 13 7 8 9 10 11 12 4 5 6 1 2 3 22 23 24 19 20 21 13 14 15 16 17 18 9 7 8 12 10 11 6 4 5 3 1 2 24 22 23 21 19 20 15 13 14 18 16 17 8 9 7 11 12 10 5 6 4 2 3 1 23 24 22 20 21 19 14 15 13 17 18 16 16 17 18 13 14 15 22 23 24 19 20 21 1 2 3 4 5 6 7 8 9 10 11 12 18 16 17 15 13 14 24 22 23 21 19 20 3 1 2 6 4 5 9 7 8 12 10 11 17 18 16 14 15 13 23 24 22 20 21 19 2 3 1 5 6 4 8 9 7 11 12 10 13 14 15 16 17 18 19 20 21 22 23 24 4 5 6 1 2 3 10 11 12 7 8 9 15 13 14 18 16 17 21 19 20 24 22 23 6 4 5 3 1 2 12 10 11 9 7 8 14 15 13 17 18 16 20 21 19 23 24 22 5 6 4 2 3 1 11 12 10 8 9 7 22 23 24 19 20 21 13 14 15 16 17 18 10 11 12 7 8 9 1 2 3 4 5 6 24 22 23 21 19 20 15 13 14 18 16 17 12 10 11 9 7 8 3 1 2 6 4 5 23 24 22 20 21 19 14 15 13 17 18 16 11 12 10 8 9 7 2 3 1 5 6 4 19 20 21 22 23 24 16 17 18 13 14 15 7 8 9 10 11 12 4 5 6 1 2 3 21 19 20 24 22 23 18 16 17 15 13 14 9 7 8 12 10 11 6 4 5 3 1 2 20 21 19 23 24 22 17 18 16 14 15 13 8 9 7 11 12 10 5 6 4 2 3 1
Z3xZ11	33	1 2 3 4 5 6 7 8 9 10 11 12 13 14 15 16 17 18 19 20 21 22 23 24 25 26 27 28 29 30 31 32 33 11 1 2 3 4 5 6 7 8 9 10 22 12 13 14 15 16 17 18 19 20 21 33 23 24 25 26 27 28 29 30 31 32 10 11 1 2 3 4 5 6 7 8 9 21 22 12 13 14 15 16 17 18 19 20 32 33 23 24 25 26 27 28 29 30 31 9 10 11 1 2 3 4 5 6 7 8 20 21 22 12 13 14 15 16 17 18 19 31 32 33 23 24 25 26 27 28 29 30 8 9 10 11 1 2 3 4 5 6 7 19 20 21 22 12 13 14 15 16 17 18 30 31 32 33 23 24 25 26 27 28 29 7 8 9 10 11 1 2 3 4 5 6 18 19 20 21 22 12 13 14 15 16 17 29 30 31 32 33 23 24 25 26 27 28 6 7 8 9 10 11 1 2 3 4 5 17 18 19 20 21 22 12 13 14 15 16 28 29 30 31 32 33 23 24 25 26 27 5 6 7 8 9 10 11 1 2 3 4 16 17 18 19 20 21 22 12 13 14 15 27 28 29 30 31 32 33 23 24 25 26 4 5 6 7 8 9 10 11 1 2 3 15 16 17 18 19 20 21 22 12 13 14 26 27 28 29 30 31 32 33 23 24 25 3 4 5 6 7 8 9 10 11 1 2 14 15 16 17 18 19 20 21 22 12 13 25 26 27 28 29 30 31 32 33 23 24 2 3 4 5 6 7 8 9 10 11 1 13 14 15 16 17 18 19 20 21 22 12 24 25 26 27 28 29 30 31 32 33 23 23 24 25 26 27 28 29 30 31 32 33 1 2 3 4 5 6 7 8 9 10 11 12 13 14 15 16 17 18 19 20 21 22 33 23 24 25 26 27 28 29 30 31 32 11 1 2 3 4 5 6 7 8 9 10 22 12 13 14 15 16 17 18 19 20 21 32 33 23 24 25 26 27 28 29 30 31 10 11 1 2 3 4 5 6 7 8 9 21 22 12 13 14 15 16 17 18 19 20 31 32 33 23 24 25 26 27 28 29 30 9 10 11 1 2 3 4 5 6 7 8 20 21 22 12 13 14 15 16 17 18 19 30 31 32 33 23 24 25 26 27 28 29 8 9 10 11 1 2 3 4 5 6 7 19 20 21 22 12 13 14 15 16 17 18 29 30 31 32 33 23 24 25 26 27 28 7 8 9 10 11 1 2 3 4 5 6 18 19 20 21 22 12 13 14 15 16 17 28 29 30 31 32 33 23 24 25 26 27 6 7 8 9 10 11 1 2 3 4 5 17 18 19 20 21 22 12 13 14 15 16 27 28 29 30 31 32 33 23 24 25 26 5 6 7 8 9 10 11 1 2 3 4 16 17 18 19 20 21 22 12 13 14 15 26 27 28 29 30 31 32 33 23 24 25 4 5 6 7 8 9 10 11 1 2 3 15 16 17 18 19 20 21 22 12 13 14 25 26 27 28 29 30 31 32 33 23 24 3 4 5 6 7 8 9 10 11 1 2 14 15 16 17 18 19 20 21 22 12 13 24 25 26 27 28 29 30 31 32 33 23 2 3 4 5 6 7 8 9 10 11 1 13 14 15 16 17 18 19 20 21 22 12 12 13 14 15 16 17 18 19 20 21 22 23 24 25 26 27 28 29 30 31 32 33 1 2 3 4 5 6 7 8 9 10 11 22 12 13 14 15 16 17 18 19 20 21 33 23 24 25 26 27 28 29 30 31 32 11 1 2 3 4 5 6 7 8 9 10 21 22 12 13 14 15 16 17 18 19 20 32 33 23 24 25 26 27 28 29 30 31 10 11 1 2 3 4 5 6 7 8 9 20 21 22 12 13 14 15 16 17 18 19 31 32 33 23 24 25 26 27 28 29 30 9 10 11 1 2 3 4 5 6 7 8 19 20 21 22 12 13 14 15 16 17 18 30 31 32 33 23 24 25 26 27 28 29 8 9 10 11 1 2 3 4 5 6 7 18 19 20 21 22 12 13 14 15 16 17 29 30 31 32 33 23 24 25 26 27 28 7 8 9 10 11 1 2 3 4 5 6 17 18 19 20 21 22 12 13 14 15 16 28 29 30 31 32 33 23 24 25 26 27 6 7 8 9 10 11 1 2 3 4 5 16 17 18 19 20 21 22 12 13 14 15 27 28 29 30 31 32 33 23 24 25 26 5 6 7 8 9 10 11 1 2 3 4 15 16 17 18 19 20 21 22 12 13 14 26 27 28 29 30 31 32 33 23 24 25 4 5 6 7 8 9 10 11 1 2 3 14 15 16 17 18 19 20 21 22 12 13 25 26 27 28 29 30 31 32 33 23 24 3 4 5 6 7 8 9 10 11 1 2 13 14 15 16 17 18 19 20 21 22 12 24 25 26 27 28 29 30 31 32 33 23 2 3 4 5 6 7 8 9 10 11 1
Z3xZ3xZ3	27	1 2 3 4 5 6 7 8 9 10 11 12 13 14 15 16 17 18 19 20 21 22 23 24 25 26 27 3 1 2 6 4 5 9 7 8 12 10 11 15 13 14 18 16 17 21 19 20 24 22 23 27 25 26 2 3 1 5 6 4 8 9 7 11 12 10 14 15 13 17 18 16 20 21 19 23 24 22 26 27 25 7 8 9 1 2 3 4 5 6 16 17 18 10 11 12 13 14 15 25 26 27 19 20 21 22 23 24 9 7 8 3 1 2 6 4 5 18 16 17 12 10 11 15 13 14 27 25 26 21 19 20 24 22 23 8 9 7 2 3 1 5 6 4 17 18 16 11 12 10 14 15 13 26 27 25 20 21 19 23 24 22 4 5 6 7 8 9 1 2 3 13 14 15 16 17 18 10 11 12 22 23 24 25 26 27 19 20 21 6 4 5 9 7 8 3 1 2 15 13 14 18 16 17 12 10 11 24 22 23 27 25 26 21 19 20 5 6 4 8 9 7 2 3 1 14 15 13 17 18 16 11 12 10 23 24 22 26 27 25 20 21 19 19 20 21 22 23 24 25 26 27 1 2 3 4 5 6 7 8 9 10 11 12 13 14 15 16 17 18 21 19 20 24 22 23 27 25 26 3 1 2 6 4 5 9 7 8 12 10 11 15 13 14 18 16 17 20 21 19 23 24 22 26 27 25 2 3 1 5 6 4 8 9 7 11 12 10 14 15 13 17 18 16 25 26 27 19 20 21 22 23 24 7 8 9 1 2 3 4 5 6 16 17 18 10 11 12 13 14 15 27 25 26 21 19 20 24 22 23 9 7 8 3 1 2 6 4 5 18 16 17 12 10 11 15 13 14 26 27 25 20 21 19 23 24 22 8 9 7 2 3 1 5 6 4 17 18 16 11 12 10 14 15 13 22 23 24 25 26 27 19 20 21 4 5 6 7 8 9 1 2 3 13 14 15 16 17 18 10 11 12 24 22 23 27 25 26 21 19 20 6 4 5 9 7 8 3 1 2 15 13 14 18 16 17 12 10 11 23 24 22 26 27 25 20 21 19 5 6 4 8 9 7 2 3 1 14 15 13 17 18 16 11 12 10 10 11 12 13 14 15 16 17 18 19 20 21 22 23 24 25 26 27 1 2 3 4 5 6 7 8 9 12 10 11 15 13 14 18 16 17 21 19 20 24 22 23 27 25 26 3 1 2 6 4 5 9 7 8 11 12 10 14 15 13 17 18 16 20 21 19 23 24 22 26 27 25 2 3 1 5 6 4 8 9 7 16 17 18 10 11 12 13 14 15 25 26 27 19 20 21 22 23 24 7 8 9 1 2 3 4 5 6 18 16 17 12 10 11 15 13 14 27 25 26 21 19 20 24 22 23 9 7 8 3 1 2 6 4 5 17 18 16 11 12 10 14 15 13 26 27 25 20 21 19 23 24 22 8 9 7 2 3 1 5 6 4 13 14 15 16 17 18 10 11 12 22 23 24 25 26 27 19 20 21 4 5 6 7 8 9 1 2 3 15 13 14 18 16 17 12 10 11 24 22 23 27 25 26 21 19 20 6 4 5 9 7 8 3 1 2 14 15 13 17 18 16 11 12 10 23 24 22 26 27 25 20 21 19 5 6 4 8 9 7 2 3 1
Z3xZ4	12	1 2 3 4 5 6 7 8 9 10 11 12 3 1 2 6 4 5 9 7 8 12 10 11 2 3 1 5 6 4 8 9 7 11 12 10 4 5 6 1 2 3 10 11 12 7 8 9 6 4 5 3 1 2 12 10 11 9 7 8 5 6 4 2 3 1 11 12 10 8 9 7 10 11 12 7 8 9 1 2 3 4 5 6 12 10 11 9 7 8 3 1 2 6 4 5 11 12 10 8 9 7 2 3 1 5 6 4 7 8 9 10 11 12 4 5 6 1 2 3 9 7 8 12 10 11 6 4 5 3 1 2 8 9 7 11 12 10 5 6 4 2 3 1
Z3xZ5	15	1 2 3 4 5 6 7 8 9 10 11 12 13 14 15 5 1 2 3 4 10 6 7 8 9 15 11 12 13 14 4 5 1 2 3 9 10 6 7 8 14 15 11 12 13 3 4 5 1 2 8 9 10 6 7 13 14 15 11 12 2 3 4 5 1 7 8 9 10 6 12 13 14 15 11 11 12 13 14 15 1 2 3 4 5 6 7 8 9 10 15 11 12 13 14 5 1 2 3 4 10 6 7 8 9 14 15 11 12 13 4 5 1 2 3 9 10 6 7 8 13 14 15 11 12 3 4 5 1 2 8 9 10 6 7 12 13 14 15 11 2 3 4 5 1 7 8 9 10 6 6 7 8 9 10 11 12 13 14 15 1 2 3 4 5 10 6 7 8 9 15 11 12 13 14 5 1 2 3 4 9 10 6 7 8 14 15 11 12 13 4 5 1 2 3 8 9 10 6 7 13 14 15 11 12 3 4 5 1 2 7 8 9 10 6 12 13 14 15 11 2 3 4 5 1
Z3xZ7	21	1 2 3 4 5 6 7 8 9 10 11 12 13 14 15 16 17 18 19 20 21 7 1 2 3 4 5 6 14 8 9 10 11 12 13 21 15 16 17 18 19 20 6 7 1 2 3 4 5 13 14 8 9 10 11 12 20 21 15 16 17 18 19 5 6 7 1 2 3 4 12 13 14 8 9 10 11 19 20 21 15 16 17 18 4 5 6 7 1 2 3 11 12 13 14 8 9 10 18 19 20 21 15 16 17 3 4 5 6 7 1 2 10 11 12 13 14 8 9 17 18 19 20 21 15 16 2 3 4 5 6 7 1 9 10 11 12 13 14 8 16 17 18 19 20 21 15 15 16 17 18 19 20 21 1 2 3 4 5 6 7 8 9 10 11 12 13 14 21 15 16 17 18 19 20 7 1 2 3 4 5 6 14 8 9 10 11 12 13 20 21 15 16 17 18 19 6 7 1 2 3 4 5 13 14 8 9 10 11 12 19 20 21 15 16 17 18 5 6 7 1 2 3 4 12 13 14 8 9 10 11 18 19 20 21 15 16 17 4 5 6 7 1 2 3 11 12 13 14 8 9 10 17 18 19 20 21 15 16 3 4 5 6 7 1 2 10 11 12 13 14 8 9 16 17 18 19 20 21 15 2 3 4 5 6 7 1 9 10 11 12 13 14 8 8 9 10 11 12 13 14 15 16 17 18 19 20 21 1 2 3 4 5 6 7 14 8 9 10 11 12 13 21 15 16 17 18 19 20 7 1 2 3 4 5 6 13 14 8 9 10 11 12 20 21 15 16 17 18 19 6 7 1 2 3 4 5 12 13 14 8 9 10 11 19 20 21 15 16 17 18 5 6 7 1 2 3 4 11 12 13 14 8 9 10 18 19 20 21 15 16 17 4 5 6 7 1 2 3 10 11 12 13 14 8 9 17 18 19 20 21 15 16 3 4 5 6 7 1 2 9 10 11 12 13 14 8 16 17 18 19 20 21 15 2 3 4 5 6 7 1
Z3xZ8	24	1 2 3 4 5 6 7 8 9 10 11 12 13 14 15 16 17 18 19 20 21 22 23 24 3 1 2 6 4 5 9 7 8 12 10 11 15 13 14 18 16 17 21 19 20 24 22 23 2 3 1 5 6 4 8 9 7 11 12 10 14 15 13 17 18 16 20 21 19 23 24 22 4 5 6 1 2 3 10 11 12 7 8 9 16 17 18 13 14 15 22 23 24 19 20 21 6 4 5 3 1 2 12 10 11 9 7 8 18 16 17 15 13 14 24 22 23 21 19 20 5 6 4 2 3 1 11 12 10 8 9 7 17 18 16 14 15 13 23 24 22 20 21 19 10 11 12 7 8 9 1 2 3 4 5 6 22 23 24 19 20 21 13 14 15 16 17 18 12 10 11 9 7 8 3 1 2 6 4 5 24 22 23 21 19 20 15 13 14 18 16 17 11 12 10 8 9 7 2 3 1 5 6 4 23 24 22 20 21 19 14 15 13 17 18 16 7 8 9 10 11 12 4 5 6 1 2 3 19 20 21 22 23 24 16 17 18 13 14 15 9 7 8 12 10 11 6 4 5 3 1 2 21 19 20 24 22 23 18 16 17 15 13 14 8 9 7 11 12 10 5 6 4 2 3 1 20 21 19 23 24 22 17 18 16 14 15 13 22 23 24 19 20 21 13 14 15 16 17 18 1 2 3 4 5 6 7 8 9 10 11 12 24 22 23 21 19 20 15 13 14 18 16 17 3 1 2 6 4 5 9 7 8 12 10 11 23 24 22 20 21 19 14 15 13 17 18 16 2 3 1 5 6 4 8 9 7 11 12 10 19 20 21 22 23 24 16 17 18 13 14 15 4 5 6 1 2 3 10 11 12 7 8 9 21 19 20 24 22 23 18 16 17 15 13 14 6 4 5 3 1 2 12 10 11 9 7 8 20 21 19 23 24 22 17 18 16 14 15 13 5 6 4 2 3 1 11 12 10 8 9 7 16 17 18 13 14 15 22 23 24 19 20 21 10 11 12 7 8 9 1 2 3 4 5 6 18 16 17 15 13 14 24 22 23 21 19 20 12 10 11 9 7 8 3 1 2 6 4 5 17 18 16 14 15 13 23 24 22 20 21 19 11 12 10 8 9 7 2 3 1 5 6 4 13 14 15 16 17 18 19 20 21 22 23 24 7 8 9 10 11 12 4 5 6 1 2 3 15 13 14 18 16 17 21 19 20 24 22 23 9 7 8 12 10 11 6 4 5 3 1 2 14 15 13 17 18 16 20 21 19 23 24 22 8 9 7 11 12 10 5 6 4 2 3 1
Z3xZ9	27	1 2 3 4 5 6 7 8 9 10 11 12 13 14 15 16 17 18 19 20 21 22 23 24 25 26 27 3 1 2 6 4 5 9 7 8 12 10 11 15 13 14 18 16 17 21 19 20 24 22 23 27 25 26 2 3 1 5 6 4 8 9 7 11 12 10 14 15 13 17 18 16 20 21 19 23 24 22 26 27 25 7 8 9 1 2 3 4 5 6 16 17 18 10 11 12 13 14 15 25 26 27 19 20 21 22 23 24 9 7 8 3 1 2 6 4 5 18 16 17 12 10 11 15 13 14 27 25 26 21 19 20 24 22 23 8 9 7 2 3 1 5 6 4 17 18 16 11 12 10 14 15 13 26 27 25 20 21 19 23 24 22 4 5 6 7 8 9 1 2 3 13 14 15 16 17 18 10 11 12 22 23 24 25 26 27 19 20 21 6 4 5 9 7 8 3 1 2 15 13 14 18 16 17 12 10 11 24 22 23 27 25 26 21 19 20 5 6 4 8 9 7 2 3 1 14 15 13 17 18 16 11 12 10 23 24 22 26 27 25 20 21 19 21 19 20 24 22 23 27 25 26 1 2 3 4 5 6 7 8 9 10 11 12 13 14 15 16 17 18 20 21 19 23 24 22 26 27 25 3 1 2 6 4 5 9 7 8 12 10 11 15 13 14 18 16 17 19 20 21 22 23 24 25 26 27 2 3 1 5 6 4 8 9 7 11 12 10 14 15 13 17 18 16 27 25 26 21 19 20 24 22 23 7 8 9 1 2 3 4 5 6 16 17 18 10 11 12 13 14 15 26 27 25 20 21 19 23 24 22 9 7 8 3 1 2 6 4 5 18 16 17 12 10 11 15 13 14 25 26 27 19 20 21 22 23 24 8 9 7 2 3 1 5 6 4 17 18 16 11 12 10 14 15 13 24 22 23 27 25 26 21 19 20 4 5 6 7 8 9 1 2 3 13 14 15 16 17 18 10 11 12 23 24 22 26 27 25 20 21 19 6 4 5 9 7 8 3 1 2 15 13 14 18 16 17 12 10 11 22 23 24 25 26 27 19 20 21 5 6 4 8 9 7 2 3 1 14 15 13 17 18 16 11 12 10 12 10 11 15 13 14 18 16 17 21 19 20 24 22 23 27 25 26 1 2 3 4 5 6 7 8 9 11 12 10 14 15 13 17 18 16 20 21 19 23 24 22 26 27 25 3 1 2 6 4 5 9 7 8 10 11 12 13 14 15 16 17 18 19 20 21 22 23 24 25 26 27 2 3 1 5 6 4 8 9 7 18 16 17 12 10 11 15 13 14 27 25 26 21 19 20 24 22 23 7 8 9 1 2 3 4 5 6 17 18 16 11 12 10 14 15 13 26 27 25 20 21 19 23 24 22 9 7 8 3 1 2 6 4 5 16 17 18 10 11 12 13 14 15 25 26 27 19 20 21 22 23 24 8 9 7 2 3 1 5 6 4 15 13 14 18 16 17 12 10 11 24 22 23 27 25 26 21 19 20 4 5 6 7 8 9 1 2 3 14 15 13 17 18 16 11 12 10 23 24 22 26 27 25 20 21 19 6 4 5 9 7 8 3 1 2 13 14 15 16 17 18 10 11 12 22 23 24 25 26 27 19 20 21 5 6 4 8 9 7 2 3 1
Z4sZ4	16	1 2 3 4 5 6 7 8 9 10 11 12 13 14 15 16 2 1 4 3 6 5 8 7 10 9 12 11 14 13 16 15 3 4 1 2 7 8 5 6 11 12 9 10 15 16 13 14 4 3 2 1 8 7 6 5 12 11 10 9 16 15 14 13 6 5 8 7 1 2 3 4 13 14 15 16 10 9 12 11 5 6 7 8 2 1 4 3 14 13 16 15 9 10 11 12 8 7 6 5 3 4 1 2 15 16 13 14 12 11 10 9 7 8 5 6 4 3 2 1 16 15 14 13 11 12 9 10 11 12 9 10 15 16 13 14 1 2 3 4 5 6 7 8 12 11 10 9 16 15 14 13 2 1 4 3 6 5 8 7 9 10 11 12 13 14 15 16 3 4 1 2 7 8 5 6 10 9 12 11 14 13 16 15 4 3 2 1 8 7 6 5 15 16 13 14 12 11 10 9 6 5 8 7 1 2 3 4 16 15 14 13 11 12 9 10 5 6 7 8 2 1 4 3 13 14 15 16 10 9 12 11 8 7 6 5 3 4 1 2 14 13 16 15 9 10 11 12 7 8 5 6 4 3 2 1
Z4sZ6	24	1 2 3 4 5 6 7 8 9 10 11 12 13 14 15 16 17 18 19 20 21 22 23 24 3 1 2 6 4 5 9 7 8 12 10 11 15 13 14 18 16 17 21 19 20 24 22 23 2 3 1 5 6 4 8 9 7 11 12 10 14 15 13 17 18 16 20 21 19 23 24 22 4 5 6 1 2 3 10 11 12 7 8 9 16 17 18 13 14 15 22 23 24 19 20 21 6 4 5 3 1 2 12 10 11 9 7 8 18 16 17 15 13 14 24 22 23 21 19 20 5 6 4 2 3 1 11 12 10 8 9 7 17 18 16 14 15 13 23 24 22 20 21 19 7 8 9 10 11 12 1 2 3 4 5 6 22 23 24 19 20 21 16 17 18 13 14 15 9 7 8 12 10 11 3 1 2 6 4 5 24 22 23 21 19 20 18 16 17 15 13 14 8 9 7 11 12 10 2 3 1 5 6 4 23 24 22 20 21 19 17 18 16 14 15 13 10 11 12 7 8 9 4 5 6 1 2 3 19 20 21 22 23 24 13 14 15 16 17 18 12 10 11 9 7 8 6 4 5 3 1 2 21 19 20 24 22 23 15 13 14 18 16 17 11 12 10 8 9 7 5 6 4 2 3 1 20 21 19 23 24 22 14 15 13 17 18 16 13 14 15 16 17 18 19 20 21 22 23 24 1 2 3 4 5 6 7 8 9 10 11 12 15 13 14 18 16 17 21 19 20 24 22 23 3 1 2 6 4 5 9 7 8 12 10 11 14 15 13 17 18 16 20 21 19 23 24 22 2 3 1 5 6 4 8 9 7 11 12 10 16 17 18 13 14 15 22 23 24 19 20 21 4 5 6 1 2 3 10 11 12 7 8 9 18 16 17 15 13 14 24 22 23 21 19 20 6 4 5 3 1 2 12 10 11 9 7 8 17 18 16 14 15 13 23 24 22 20 21 19 5 6 4 2 3 1 11 12 10 8 9 7 22 23 24 19 20 21 16 17 18 13 14 15 7 8 9 10 11 12 1 2 3 4 5 6 24 22 23 21 19 20 18 16 17 15 13 14 9 7 8 12 10 11 3 1 2 6 4 5 23 24 22 20 21 19 17 18 16 14 15 13 8 9 7 11 12 10 2 3 1 5 6 4 19 20 21 22 23 24 13 14 15 16 17 18 10 11 12 7 8 9 4 5 6 1 2 3 21 19 20 24 22 23 15 13 14 18 16 17 12 10 11 9 7 8 6 4 5 3 1 2 20 21 19 23 24 22 14 15 13 17 18 16 11 12 10 8 9 7 5 6 4 2 3 1
Z4sZ8	32	1 2 3 4 5 6 7 8 9 10 11 12 13 14 15 16 17 18 19 20 21 22 23 24 25 26 27 28 29 30 31 32 2 1 4 3 6 5 8 7 10 9 12 11 14 13 16 15 18 17 20 19 22 21 24 23 26 25 28 27 30 29 32 31 3 4 1 2 7 8 5 6 11 12 9 10 15 16 13 14 19 20 17 18 23 24 21 22 27 28 25 26 31 32 29 30 4 3 2 1 8 7 6 5 12 11 10 9 16 15 14 13 20 19 18 17 24 23 22 21 28 27 26 25 32 31 30 29 6 5 8 7 1 2 3 4 14 13 16 15 9 10 11 12 22 21 24 23 17 18 19 20 30 29 32 31 25 26 27 28 5 6 7 8 2 1 4 3 13 14 15 16 10 9 12 11 21 22 23 24 18 17 20 19 29 30 31 32 26 25 28 27 8 7 6 5 3 4 1 2 16 15 14 13 11 12 9 10 24 23 22 21 19 20 17 18 32 31 30 29 27 28 25 26 7 8 5 6 4 3 2 1 15 16 13 14 12 11 10 9 23 24 21 22 20 19 18 17 31 32 29 30 28 27 26 25 11 12 9 10 15 16 13 14 1 2 3 4 5 6 7 8 25 26 27 28 29 30 31 32 19 20 17 18 23 24 21 22 12 11 10 9 16 15 14 13 2 1 4 3 6 5 8 7 26 25 28 27 30 29 32 31 20 19 18 17 24 23 22 21 9 10 11 12 13 14 15 16 3 4 1 2 7 8 5 6 27 28 25 26 31 32 29 30 17 18 19 20 21 22 23 24 10 9 12 11 14 13 16 15 4 3 2 1 8 7 6 5 28 27 26 25 32 31 30 29 18 17 20 19 22 21 24 23 16 15 14 13 11 12 9 10 6 5 8 7 1 2 3 4 30 29 32 31 25 26 27 28 24 23 22 21 19 20 17 18 15 16 13 14 12 11 10 9 5 6 7 8 2 1 4 3 29 30 31 32 26 25 28 27 23 24 21 22 20 19 18 17 14 13 16 15 9 10 11 12 8 7 6 5 3 4 1 2 32 31 30 29 27 28 25 26 22 21 24 23 17 18 19 20 13 14 15 16 10 9 12 11 7 8 5 6 4 3 2 1 31 32 29 30 28 27 26 25 21 22 23 24 18 17 20 19 22 21 24 23 17 18 19 20 30 29 32 31 25 26 27 28 1 2 3 4 5 6 7 8 9 10 11 12 13 14 15 16 21 22 23 24 18 17 20 19 29 30 31 32 26 25 28 27 2 1 4 3 6 5 8 7 10 9 12 11 14 13 16 15 24 23 22 21 19 20 17 18 32 31 30 29 27 28 25 26 3 4 1 2 7 8 5 6 11 12 9 10 15 16 13 14 23 24 21 22 20 19 18 17 31 32 29 30 28 27 26 25 4 3 2 1 8 7 6 5 12 11 10 9 16 15 14 13 18 17 20 19 22 21 24 23 26 25 28 27 30 29 32 31 6 5 8 7 1 2 3 4 14 13 16 15 9 10 11 12 17 18 19 20 21 22 23 24 25 26 27 28 29 30 31 32 5 6 7 8 2 1 4 3 13 14 15 16 10 9 12 11 20 19 18 17 24 23 22 21 28 27 26 25 32 31 30 29 8 7 6 5 3 4 1 2 16 15 14 13 11 12 9 10 19 20 17 18 23 24 21 22 27 28 25 26 31 32 29 30 7 8 5 6 4 3 2 1 15 16 13 14 12 11 10 9 30 29 32 31 25 26 27 28 24 23 22 21 19 20 17 18 11 12 9 10 15 16 13 14 1 2 3 4 5 6 7 8 29 30 31 32 26 25 28 27 23 24 21 22 20 19 18 17 12 11 10 9 16 15 14 13 2 1 4 3 6 5 8 7 32 31 30 29 27 28 25 26 22 21 24 23 17 18 19 20 9 10 11 12 13 14 15 16 3 4 1 2 7 8 5 6 31 32 29 30 28 27 26 25 21 22 23 24 18 17 20 19 10 9 12 11 14 13 16 15 4 3 2 1 8 7 6 5 26 25 28 27 30 29 32 31 20 19 18 17 24 23 22 21 16 15 14 13 11 12 9 10 6 5 8 7 1 2 3 4 25 26 27 28 29 30 31 32 19 20 17 18 23 24 21 22 15 16 13 14 12 11 10 9 5 6 7 8 2 1 4 3 28 27 26 25 32 31 30 29 18 17 20 19 22 21 24 23 14 13 16 15 9 10 11 12 8 7 6 5 3 4 1 2 27 28 25 26 31 32 29 30 17 18 19 20 21 22 23 24 13 14 15 16 10 9 12 11 7 8 5 6 4 3 2 1
Z4xD4	32	1 2 3 4 5 6 7 8 9 10 11 12 13 14 15 16 17 18 19 20 21 22 23 24 25 26 27 28 29 30 31 32 2 1 4 3 6 5 8 7 10 9 12 11 14 13 16 15 18 17 20 19 22 21 24 23 26 25 28 27 30 29 32 31 3 4 1 2 7 8 5 6 11 12 9 10 15 16 13 14 19 20 17 18 23 24 21 22 27 28 25 26 31 32 29 30 4 3 2 1 8 7 6 5 12 11 10 9 16 15 14 13 20 19 18 17 24 23 22 21 28 27 26 25 32 31 30 29 5 6 7 8 1 2 3 4 13 14 15 16 9 10 11 12 23 24 21 22 19 20 17 18 31 32 29 30 27 28 25 26 6 5 8 7 2 1 4 3 14 13 16 15 10 9 12 11 24 23 22 21 20 19 18 17 32 31 30 29 28 27 26 25 7 8 5 6 3 4 1 2 15 16 13 14 11 12 9 10 21 22 23 24 17 18 19 20 29 30 31 32 25 26 27 28 8 7 6 5 4 3 2 1 16 15 14 13 12 11 10 9 22 21 24 23 18 17 20 19 30 29 32 31 26 25 28 27 10 9 12 11 14 13 16 15 1 2 3 4 5 6 7 8 26 25 28 27 30 29 32 31 17 18 19 20 21 22 23 24 9 10 11 12 13 14 15 16 2 1 4 3 6 5 8 7 25 26 27 28 29 30 31 32 18 17 20 19 22 21 24 23 12 11 10 9 16 15 14 13 3 4 1 2 7 8 5 6 28 27 26 25 32 31 30 29 19 20 17 18 23 24 21 22 11 12 9 10 15 16 13 14 4 3 2 1 8 7 6 5 27 28 25 26 31 32 29 30 20 19 18 17 24 23 22 21 14 13 16 15 10 9 12 11 5 6 7 8 1 2 3 4 32 31 30 29 28 27 26 25 23 24 21 22 19 20 17 18 13 14 15 16 9 10 11 12 6 5 8 7 2 1 4 3 31 32 29 30 27 28 25 26 24 23 22 21 20 19 18 17 16 15 14 13 12 11 10 9 7 8 5 6 3 4 1 2 30 29 32 31 26 25 28 27 21 22 23 24 17 18 19 20 15 16 13 14 11 12 9 10 8 7 6 5 4 3 2 1 29 30 31 32 25 26 27 28 22 21 24 23 18 17 20 19 17 18 19 20 21 22 23 24 25 26 27 28 29 30 31 32 1 2 3 4 5 6 7 8 9 10 11 12 13 14 15 16 18 17 20 19 22 21 24 23 26 25 28 27 30 29 32 31 2 1 4 3 6 5 8 7 10 9 12 11 14 13 16 15 19 20 17 18 23 24 21 22 27 28 25 26 31 32 29 30 3 4 1 2 7 8 5 6 11 12 9 10 15 16 13 14 20 19 18 17 24 23 22 21 28 27 26 25 32 31 30 29 4 3 2 1 8 7 6 5 12 11 10 9 16 15 14 13 23 24 21 22 19 20 17 18 31 32 29 30 27 28 25 26 5 6 7 8 1 2 3 4 13 14 15 16 9 10 11 12 24 23 22 21 20 19 18 17 32 31 30 29 28 27 26 25 6 5 8 7 2 1 4 3 14 13 16 15 10 9 12 11 21 22 23 24 17 18 19 20 29 30 31 32 25 26 27 28 7 8 5 6 3 4 1 2 15 16 13 14 11 12 9 10 22 21 24 23 18 17 20 19 30 29 32 31 26 25 28 27 8 7 6 5 4 3 2 1 16 15 14 13 12 11 10 9 26 25 28 27 30 29 32 31 17 18 19 20 21 22 23 24 10 9 12 11 14 13 16 15 1 2 3 4 5 6 7 8 25 26 27 28 29 30 31 32 18 17 20 19 22 21 24 23 9 10 11 12 13 14 15 16 2 1 4 3 6 5 8 7 28 27 26 25 32 31 30 29 19 20 17 18 23 24 21 22 12 11 10 9 16 15 14 13 3 4 1 2 7 8 5 6 27 28 25 26 31 32 29 30 20 19 18 17 24 23 22 21 11 12 9 10 15 16 13 14 4 3 2 1 8 7 6 5 32 31 30 29 28 27 26 25 23 24 21 22 19 20 17 18 14 13 16 15 10 9 12 11 5 6 7 8 1 2 3 4 31 32 29 30 27 28 25 26 24 23 22 21 20 19 18 17 13 14 15 16 9 10 11 12 6 5 8 7 2 1 4 3 30 29 32 31 26 25 28 27 21 22 23 24 17 18 19 20 16 15 14 13 12 11 10 9 7 8 5 6 3 4 1 2 29 30 31 32 25 26 27 28 22 21 24 23 18 17 20 19 15 16 13 14 11 12 9 10 8 7 6 5 4 3 2 1
Z4xQ8	32	1 2 3 4 5 6 7 8 9 10 11 12 13 14 15 16 17 18 19 20 21 22 23 24 25 26 27 28 29 30 31 32 2 1 4 3 6 5 8 7 10 9 12 11 14 13 16 15 18 17 20 19 22 21 24 23 26 25 28 27 30 29 32 31 3 4 1 2 7 8 5 6 11 12 9 10 15 16 13 14 19 20 17 18 23 24 21 22 27 28 25 26 31 32 29 30 4 3 2 1 8 7 6 5 12 11 10 9 16 15 14 13 20 19 18 17 24 23 22 21 28 27 26 25 32 31 30 29 6 5 8 7 1 2 3 4 14 13 16 15 9 10 11 12 22 21 24 23 17 18 19 20 30 29 32 31 25 26 27 28 5 6 7 8 2 1 4 3 13 14 15 16 10 9 12 11 21 22 23 24 18 17 20 19 29 30 31 32 26 25 28 27 8 7 6 5 3 4 1 2 16 15 14 13 11 12 9 10 24 23 22 21 19 20 17 18 32 31 30 29 27 28 25 26 7 8 5 6 4 3 2 1 15 16 13 14 12 11 10 9 23 24 21 22 20 19 18 17 31 32 29 30 28 27 26 25 11 12 9 10 15 16 13 14 1 2 3 4 5 6 7 8 25 26 27 28 29 30 31 32 19 20 17 18 23 24 21 22 12 11 10 9 16 15 14 13 2 1 4 3 6 5 8 7 26 25 28 27 30 29 32 31 20 19 18 17 24 23 22 21 9 10 11 12 13 14 15 16 3 4 1 2 7 8 5 6 27 28 25 26 31 32 29 30 17 18 19 20 21 22 23 24 10 9 12 11 14 13 16 15 4 3 2 1 8 7 6 5 28 27 26 25 32 31 30 29 18 17 20 19 22 21 24 23 16 15 14 13 11 12 9 10 6 5 8 7 1 2 3 4 30 29 32 31 25 26 27 28 24 23 22 21 19 20 17 18 15 16 13 14 12 11 10 9 5 6 7 8 2 1 4 3 29 30 31 32 26 25 28 27 23 24 21 22 20 19 18 17 14 13 16 15 9 10 11 12 8 7 6 5 3 4 1 2 32 31 30 29 27 28 25 26 22 21 24 23 17 18 19 20 13 14 15 16 10 9 12 11 7 8 5 6 4 3 2 1 31 32 29 30 28 27 26 25 21 22 23 24 18 17 20 19 19 20 17 18 23 24 21 22 27 28 25 26 31 32 29 30 1 2 3 4 5 6 7 8 9 10 11 12 13 14 15 16 20 19 18 17 24 23 22 21 28 27 26 25 32 31 30 29 2 1 4 3 6 5 8 7 10 9 12 11 14 13 16 15 17 18 19 20 21 22 23 24 25 26 27 28 29 30 31 32 3 4 1 2 7 8 5 6 11 12 9 10 15 16 13 14 18 17 20 19 22 21 24 23 26 25 28 27 30 29 32 31 4 3 2 1 8 7 6 5 12 11 10 9 16 15 14 13 24 23 22 21 19 20 17 18 32 31 30 29 27 28 25 26 6 5 8 7 1 2 3 4 14 13 16 15 9 10 11 12 23 24 21 22 20 19 18 17 31 32 29 30 28 27 26 25 5 6 7 8 2 1 4 3 13 14 15 16 10 9 12 11 22 21 24 23 17 18 19 20 30 29 32 31 25 26 27 28 8 7 6 5 3 4 1 2 16 15 14 13 11 12 9 10 21 22 23 24 18 17 20 19 29 30 31 32 26 25 28 27 7 8 5 6 4 3 2 1 15 16 13 14 12 11 10 9 27 28 25 26 31 32 29 30 17 18 19 20 21 22 23 24 11 12 9 10 15 16 13 14 1 2 3 4 5 6 7 8 28 27 26 25 32 31 30 29 18 17 20 19 22 21 24 23 12 11 10 9 16 15 14 13 2 1 4 3 6 5 8 7 25 26 27 28 29 30 31 32 19 20 17 18 23 24 21 22 9 10 11 12 13 14 15 16 3 4 1 2 7 8 5 6 26 25 28 27 30 29 32 31 20 19 18 17 24 23 22 21 10 9 12 11 14 13 16 15 4 3 2 1 8 7 6 5 32 31 30 29 27 28 25 26 22 21 24 23 17 18 19 20 16 15 14 13 11 12 9 10 6 5 8 7 1 2 3 4 31 32 29 30 28 27 26 25 21 22 23 24 18 17 20 19 15 16 13 14 12 11 10 9 5 6 7 8 2 1 4 3 30 29 32 31 25 26 27 28 24 23 22 21 19 20 17 18 14 13 16 15 9 10 11 12 8 7 6 5 3 4 1 2 29 30 31 32 26 25 28 27 23 24 21 22 20 19 18 17 13 14 15 16 10 9 12 11 7 8 5 6 4 3 2 1
Z4xZ4	16	1 2 3 4 5 6 7 8 9 10 11 12 13 14 15 16 2 1 4 3 6 5 8 7 10 9 12 11 14 13 16 15 3 4 1 2 7 8 5 6 11 12 9 10 15 16 13 14 4 3 2 1 8 7 6 5 12 11 10 9 16 15 14 13 6 5 8 7 1 2 3 4 14 13 16 15 9 10 11 12 5 6 7 8 2 1 4 3 13 14 15 16 10 9 12 11 8 7 6 5 3 4 1 2 16 15 14 13 11 12 9 10 7 8 5 6 4 3 2 1 15 16 13 14 12 11 10 9 11 12 9 10 15 16 13 14 1 2 3 4 5 6 7 8 12 11 10 9 16 15 14 13 2 1 4 3 6 5 8 7 9 10 11 12 13 14 15 16 3 4 1 2 7 8 5 6 10 9 12 11 14 13 16 15 4 3 2 1 8 7 6 5 16 15 14 13 11 12 9 10 6 5 8 7 1 2 3 4 15 16 13 14 12 11 10 9 5 6 7 8 2 1 4 3 14 13 16 15 9 10 11 12 8 7 6 5 3 4 1 2 13 14 15 16 10 9 12 11 7 8 5 6 4 3 2 1
Z4xZ5	20	1 2 3 4 5 6 7 8 9 10 11 12 13 14 15 16 17 18 19 20 5 1 2 3 4 10 6 7 8 9 15 11 12 13 14 20 16 17 18 19 4 5 1 2 3 9 10 6 7 8 14 15 11 12 13 19 20 16 17 18 3 4 5 1 2 8 9 10 6 7 13 14 15 11 12 18 19 20 16 17 2 3 4 5 1 7 8 9 10 6 12 13 14 15 11 17 18 19 20 16 6 7 8 9 10 1 2 3 4 5 16 17 18 19 20 11 12 13 14 15 10 6 7 8 9 5 1 2 3 4 20 16 17 18 19 15 11 12 13 14 9 10 6 7 8 4 5 1 2 3 19 20 16 17 18 14 15 11 12 13 8 9 10 6 7 3 4 5 1 2 18 19 20 16 17 13 14 15 11 12 7 8 9 10 6 2 3 4 5 1 17 18 19 20 16 12 13 14 15 11 16 17 18 19 20 11 12 13 14 15 1 2 3 4 5 6 7 8 9 10 20 16 17 18 19 15 11 12 13 14 5 1 2 3 4 10 6 7 8 9 19 20 16 17 18 14 15 11 12 13 4 5 1 2 3 9 10 6 7 8 18 19 20 16 17 13 14 15 11 12 3 4 5 1 2 8 9 10 6 7 17 18 19 20 16 12 13 14 15 11 2 3 4 5 1 7 8 9 10 6 11 12 13 14 15 16 17 18 19 20 6 7 8 9 10 1 2 3 4 5 15 11 12 13 14 20 16 17 18 19 10 6 7 8 9 5 1 2 3 4 14 15 11 12 13 19 20 16 17 18 9 10 6 7 8 4 5 1 2 3 13 14 15 11 12 18 19 20 16 17 8 9 10 6 7 3 4 5 1 2 12 13 14 15 11 17 18 19 20 16 7 8 9 10 6 2 3 4 5 1
Z4xZ7	28	1 2 3 4 5 6 7 8 9 10 11 12 13 14 15 16 17 18 19 20 21 22 23 24 25 26 27 28 7 1 2 3 4 5 6 14 8 9 10 11 12 13 21 15 16 17 18 19 20 28 22 23 24 25 26 27 6 7 1 2 3 4 5 13 14 8 9 10 11 12 20 21 15 16 17 18 19 27 28 22 23 24 25 26 5 6 7 1 2 3 4 12 13 14 8 9 10 11 19 20 21 15 16 17 18 26 27 28 22 23 24 25 4 5 6 7 1 2 3 11 12 13 14 8 9 10 18 19 20 21 15 16 17 25 26 27 28 22 23 24 3 4 5 6 7 1 2 10 11 12 13 14 8 9 17 18 19 20 21 15 16 24 25 26 27 28 22 23 2 3 4 5 6 7 1 9 10 11 12 13 14 8 16 17 18 19 20 21 15 23 24 25 26 27 28 22 8 9 10 11 12 13 14 1 2 3 4 5 6 7 22 23 24 25 26 27 28 15 16 17 18 19 20 21 14 8 9 10 11 12 13 7 1 2 3 4 5 6 28 22 23 24 25 26 27 21 15 16 17 18 19 20 13 14 8 9 10 11 12 6 7 1 2 3 4 5 27 28 22 23 24 25 26 20 21 15 16 17 18 19 12 13 14 8 9 10 11 5 6 7 1 2 3 4 26 27 28 22 23 24 25 19 20 21 15 16 17 18 11 12 13 14 8 9 10 4 5 6 7 1 2 3 25 26 27 28 22 23 24 18 19 20 21 15 16 17 10 11 12 13 14 8 9 3 4 5 6 7 1 2 24 25 26 27 28 22 23 17 18 19 20 21 15 16 9 10 11 12 13 14 8 2 3 4 5 6 7 1 23 24 25 26 27 28 22 16 17 18 19 20 21 15 22 23 24 25 26 27 28 15 16 17 18 19 20 21 1 2 3 4 5 6 7 8 9 10 11 12 13 14 28 22 23 24 25 26 27 21 15 16 17 18 19 20 7 1 2 3 4 5 6 14 8 9 10 11 12 13 27 28 22 23 24 25 26 20 21 15 16 17 18 19 6 7 1 2 3 4 5 13 14 8 9 10 11 12 26 27 28 22 23 24 25 19 20 21 15 16 17 18 5 6 7 1 2 3 4 12 13 14 8 9 10 11 25 26 27 28 22 23 24 18 19 20 21 15 16 17 4 5 6 7 1 2 3 11 12 13 14 8 9 10 24 25 26 27 28 22 23 17 18 19 20 21 15 16 3 4 5 6 7 1 2 10 11 12 13 14 8 9 23 24 25 26 27 28 22 16 17 18 19 20 21 15 2 3 4 5 6 7 1 9 10 11 12 13 14 8 15 16 17 18 19 20 21 22 23 24 25 26 27 28 8 9 10 11 12 13 14 1 2 3 4 5 6 7 21 15 16 17 18 19 20 28 22 23 24 25 26 27 14 8 9 10 11 12 13 7 1 2 3 4 5 6 20 21 15 16 17 18 19 27 28 22 23 24 25 26 13 14 8 9 10 11 12 6 7 1 2 3 4 5 19 20 21 15 16 17 18 26 27 28 22 23 24 25 12 13 14 8 9 10 11 5 6 7 1 2 3 4 18 19 20 21 15 16 17 25 26 27 28 22 23 24 11 12 13 14 8 9 10 4 5 6 7 1 2 3 17 18 19 20 21 15 16 24 25 26 27 28 22 23 10 11 12 13 14 8 9 3 4 5 6 7 1 2 16 17 18 19 20 21 15 23 24 25 26 27 28 22 9 10 11 12 13 14 8 2 3 4 5 6 7 1
Z4xZ8	32	1 2 3 4 5 6 7 8 9 10 11 12 13 14 15 16 17 18 19 20 21 22 23 24 25 26 27 28 29 30 31 32 2 1 4 3 6 5 8 7 10 9 12 11 14 13 16 15 18 17 20 19 22 21 24 23 26 25 28 27 30 29 32 31 3 4 1 2 7 8 5 6 11 12 9 10 15 16 13 14 19 20 17 18 23 24 21 22 27 28 25 26 31 32 29 30 4 3 2 1 8 7 6 5 12 11 10 9 16 15 14 13 20 19 18 17 24 23 22 21 28 27 26 25 32 31 30 29 6 5 8 7 1 2 3 4 14 13 16 15 9 10 11 12 22 21 24 23 17 18 19 20 30 29 32 31 25 26 27 28 5 6 7 8 2 1 4 3 13 14 15 16 10 9 12 11 21 22 23 24 18 17 20 19 29 30 31 32 26 25 28 27 8 7 6 5 3 4 1 2 16 15 14 13 11 12 9 10 24 23 22 21 19 20 17 18 32 31 30 29 27 28 25 26 7 8 5 6 4 3 2 1 15 16 13 14 12 11 10 9 23 24 21 22 20 19 18 17 31 32 29 30 28 27 26 25 11 12 9 10 15 16 13 14 1 2 3 4 5 6 7 8 27 28 25 26 31 32 29 30 17 18 19 20 21 22 23 24 12 11 10 9 16 15 14 13 2 1 4 3 6 5 8 7 28 27 26 25 32 31 30 29 18 17 20 19 22 21 24 23 9 10 11 12 13 14 15 16 3 4 1 2 7 8 5 6 25 26 27 28 29 30 31 32 19 20 17 18 23 24 21 22 10 9 12 11 14 13 16 15 4 3 2 1 8 7 6 5 26 25 28 27 30 29 32 31 20 19 18 17 24 23 22 21 16 15 14 13 11 12 9 10 6 5 8 7 1 2 3 4 32 31 30 29 27 28 25 26 22 21 24 23 17 18 19 20 15 16 13 14 12 11 10 9 5 6 7 8 2 1 4 3 31 32 29 30 28 27 26 25 21 22 23 24 18 17 20 19 14 13 16 15 9 10 11 12 8 7 6 5 3 4 1 2 30 29 32 31 25 26 27 28 24 23 22 21 19 20 17 18 13 14 15 16 10 9 12 11 7 8 5 6 4 3 2 1 29 30 31 32 26 25 28 27 23 24 21 22 20 19 18 17 22 21 24 23 17 18 19 20 30 29 32 31 25 26 27 28 1 2 3 4 5 6 7 8 9 10 11 12 13 14 15 16 21 22 23 24 18 17 20 19 29 30 31 32 26 25 28 27 2 1 4 3 6 5 8 7 10 9 12 11 14 13 16 15 24 23 22 21 19 20 17 18 32 31 30 29 27 28 25 26 3 4 1 2 7 8 5 6 11 12 9 10 15 16 13 14 23 24 21 22 20 19 18 17 31 32 29 30 28 27 26 25 4 3 2 1 8 7 6 5 12 11 10 9 16 15 14 13 18 17 20 19 22 21 24 23 26 25 28 27 30 29 32 31 6 5 8 7 1 2 3 4 14 13 16 15 9 10 11 12 17 18 19 20 21 22 23 24 25 26 27 28 29 30 31 32 5 6 7 8 2 1 4 3 13 14 15 16 10 9 12 11 20 19 18 17 24 23 22 21 28 27 26 25 32 31 30 29 8 7 6 5 3 4 1 2 16 15 14 13 11 12 9 10 19 20 17 18 23 24 21 22 27 28 25 26 31 32 29 30 7 8 5 6 4 3 2 1 15 16 13 14 12 11 10 9 32 31 30 29 27 28 25 26 22 21 24 23 17 18 19 20 11 12 9 10 15 16 13 14 1 2 3 4 5 6 7 8 31 32 29 30 28 27 26 25 21 22 23 24 18 17 20 19 12 11 10 9 16 15 14 13 2 1 4 3 6 5 8 7 30 29 32 31 25 26 27 28 24 23 22 21 19 20 17 18 9 10 11 12 13 14 15 16 3 4 1 2 7 8 5 6 29 30 31 32 26 25 28 27 23 24 21 22 20 19 18 17 10 9 12 11 14 13 16 15 4 3 2 1 8 7 6 5 28 27 26 25 32 31 30 29 18 17 20 19 22 21 24 23 16 15 14 13 11 12 9 10 6 5 8 7 1 2 3 4 27 28 25 26 31 32 29 30 17 18 19 20 21 22 23 24 15 16 13 14 12 11 10 9 5 6 7 8 2 1 4 3 26 25 28 27 30 29 32 31 20 19 18 17 24 23 22 21 14 13 16 15 9 10 11 12 8 7 6 5 3 4 1 2 25 26 27 28 29 30 31 32 19 20 17 18 23 24 21 22 13 14 15 16 10 9 12 11 7 8 5 6 4 3 2 1
Z5sZ4	20	1 2 3 4 5 6 7 8 9 10 11 12 13 14 15 16 17 18 19 20 5 1 2 3 4 7 8 9 10 6 14 15 11 12 13 18 19 20 16 17 4 5 1 2 3 8 9 10 6 7 12 13 14 15 11 20 16 17 18 19 3 4 5 1 2 9 10 6 7 8 15 11 12 13 14 17 18 19 20 16 2 3 4 5 1 10 6 7 8 9 13 14 15 11 12 19 20 16 17 18 6 7 8 9 10 1 2 3 4 5 16 17 18 19 20 11 12 13 14 15 7 8 9 10 6 5 1 2 3 4 18 19 20 16 17 14 15 11 12 13 8 9 10 6 7 4 5 1 2 3 20 16 17 18 19 12 13 14 15 11 9 10 6 7 8 3 4 5 1 2 17 18 19 20 16 15 11 12 13 14 10 6 7 8 9 2 3 4 5 1 19 20 16 17 18 13 14 15 11 12 16 17 18 19 20 11 12 13 14 15 1 2 3 4 5 6 7 8 9 10 18 19 20 16 17 14 15 11 12 13 5 1 2 3 4 7 8 9 10 6 20 16 17 18 19 12 13 14 15 11 4 5 1 2 3 8 9 10 6 7 17 18 19 20 16 15 11 12 13 14 3 4 5 1 2 9 10 6 7 8 19 20 16 17 18 13 14 15 11 12 2 3 4 5 1 10 6 7 8 9 11 12 13 14 15 16 17 18 19 20 6 7 8 9 10 1 2 3 4 5 14 15 11 12 13 18 19 20 16 17 7 8 9 10 6 5 1 2 3 4 12 13 14 15 11 20 16 17 18 19 8 9 10 6 7 4 5 1 2 3 15 11 12 13 14 17 18 19 20 16 9 10 6 7 8 3 4 5 1 2 13 14 15 11 12 19 20 16 17 18 10 6 7 8 9 2 3 4 5 1
Z5sZ6	30	1 2 3 4 5 6 7 8 9 10 11 12 13 14 15 16 17 18 19 20 21 22 23 24 25 26 27 28 29 30 5 1 2 3 4 10 6 7 8 9 15 11 12 13 14 17 18 19 20 16 22 23 24 25 21 27 28 29 30 26 4 5 1 2 3 9 10 6 7 8 14 15 11 12 13 18 19 20 16 17 23 24 25 21 22 28 29 30 26 27 3 4 5 1 2 8 9 10 6 7 13 14 15 11 12 19 20 16 17 18 24 25 21 22 23 29 30 26 27 28 2 3 4 5 1 7 8 9 10 6 12 13 14 15 11 20 16 17 18 19 25 21 22 23 24 30 26 27 28 29 11 12 13 14 15 1 2 3 4 5 6 7 8 9 10 26 27 28 29 30 16 17 18 19 20 21 22 23 24 25 15 11 12 13 14 5 1 2 3 4 10 6 7 8 9 27 28 29 30 26 17 18 19 20 16 22 23 24 25 21 14 15 11 12 13 4 5 1 2 3 9 10 6 7 8 28 29 30 26 27 18 19 20 16 17 23 24 25 21 22 13 14 15 11 12 3 4 5 1 2 8 9 10 6 7 29 30 26 27 28 19 20 16 17 18 24 25 21 22 23 12 13 14 15 11 2 3 4 5 1 7 8 9 10 6 30 26 27 28 29 20 16 17 18 19 25 21 22 23 24 6 7 8 9 10 11 12 13 14 15 1 2 3 4 5 21 22 23 24 25 26 27 28 29 30 16 17 18 19 20 10 6 7 8 9 15 11 12 13 14 5 1 2 3 4 22 23 24 25 21 27 28 29 30 26 17 18 19 20 16 9 10 6 7 8 14 15 11 12 13 4 5 1 2 3 23 24 25 21 22 28 29 30 26 27 18 19 20 16 17 8 9 10 6 7 13 14 15 11 12 3 4 5 1 2 24 25 21 22 23 29 30 26 27 28 19 20 16 17 18 7 8 9 10 6 12 13 14 15 11 2 3 4 5 1 25 21 22 23 24 30 26 27 28 29 20 16 17 18 19 16 17 18 19 20 21 22 23 24 25 26 27 28 29 30 1 2 3 4 5 6 7 8 9 10 11 12 13 14 15 17 18 19 20 16 22 23 24 25 21 27 28 29 30 26 5 1 2 3 4 10 6 7 8 9 15 11 12 13 14 18 19 20 16 17 23 24 25 21 22 28 29 30 26 27 4 5 1 2 3 9 10 6 7 8 14 15 11 12 13 19 20 16 17 18 24 25 21 22 23 29 30 26 27 28 3 4 5 1 2 8 9 10 6 7 13 14 15 11 12 20 16 17 18 19 25 21 22 23 24 30 26 27 28 29 2 3 4 5 1 7 8 9 10 6 12 13 14 15 11 26 27 28 29 30 16 17 18 19 20 21 22 23 24 25 11 12 13 14 15 1 2 3 4 5 6 7 8 9 10 27 28 29 30 26 17 18 19 20 16 22 23 24 25 21 15 11 12 13 14 5 1 2 3 4 10 6 7 8 9 28 29 30 26 27 18 19 20 16 17 23 24 25 21 22 14 15 11 12 13 4 5 1 2 3 9 10 6 7 8 29 30 26 27 28 19 20 16 17 18 24 25 21 22 23 13 14 15 11 12 3 4 5 1 2 8 9 10 6 7 30 26 27 28 29 20 16 17 18 19 25 21 22 23 24 12 13 14 15 11 2 3 4 5 1 7 8 9 10 6 21 22 23 24 25 26 27 28 29 30 16 17 18 19 20 6 7 8 9 10 11 12 13 14 15 1 2 3 4 5 22 23 24 25 21 27 28 29 30 26 17 18 19 20 16 10 6 7 8 9 15 11 12 13 14 5 1 2 3 4 23 24 25 21 22 28 29 30 26 27 18 19 20 16 17 9 10 6 7 8 14 15 11 12 13 4 5 1 2 3 24 25 21 22 23 29 30 26 27 28 19 20 16 17 18 8 9 10 6 7 13 14 15 11 12 3 4 5 1 2 25 21 22 23 24 30 26 27 28 29 20 16 17 18 19 7 8 9 10 6 12 13 14 15 11 2 3 4 5 1
Z5xZ5	25	1 2 3 4 5 6 7 8 9 10 11 12 13 14 15 16 17 18 19 20 21 22 23 24 25 5 1 2 3 4 10 6 7 8 9 15 11 12 13 14 20 16 17 18 19 25 21 22 23 24 4 5 1 2 3 9 10 6 7 8 14 15 11 12 13 19 20 16 17 18 24 25 21 22 23 3 4 5 1 2 8 9 10 6 7 13 14 15 11 12 18 19 20 16 17 23 24 25 21 22 2 3 4 5 1 7 8 9 10 6 12 13 14 15 11 17 18 19 20 16 22 23 24 25 21 21 22 23 24 25 1 2 3 4 5 6 7 8 9 10 11 12 13 14 15 16 17 18 19 20 25 21 22 23 24 5 1 2 3 4 10 6 7 8 9 15 11 12 13 14 20 16 17 18 19 24 25 21 22 23 4 5 1 2 3 9 10 6 7 8 14 15 11 12 13 19 20 16 17 18 23 24 25 21 22 3 4 5 1 2 8 9 10 6 7 13 14 15 11 12 18 19 20 16 17 22 23 24 25 21 2 3 4 5 1 7 8 9 10 6 12 13 14 15 11 17 18 19 20 16 16 17 18 19 20 21 22 23 24 25 1 2 3 4 5 6 7 8 9 10 11 12 13 14 15 20 16 17 18 19 25 21 22 23 24 5 1 2 3 4 10 6 7 8 9 15 11 12 13 14 19 20 16 17 18 24 25 21 22 23 4 5 1 2 3 9 10 6 7 8 14 15 11 12 13 18 19 20 16 17 23 24 25 21 22 3 4 5 1 2 8 9 10 6 7 13 14 15 11 12 17 18 19 20 16 22 23 24 25 21 2 3 4 5 1 7 8 9 10 6 12 13 14 15 11 11 12 13 14 15 16 17 18 19 20 21 22 23 24 25 1 2 3 4 5 6 7 8 9 10 15 11 12 13 14 20 16 17 18 19 25 21 22 23 24 5 1 2 3 4 10 6 7 8 9 14 15 11 12 13 19 20 16 17 18 24 25 21 22 23 4 5 1 2 3 9 10 6 7 8 13 14 15 11 12 18 19 20 16 17 23 24 25 21 22 3 4 5 1 2 8 9 10 6 7 12 13 14 15 11 17 18 19 20 16 22 23 24 25 21 2 3 4 5 1 7 8 9 10 6 6 7 8 9 10 11 12 13 14 15 16 17 18 19 20 21 22 23 24 25 1 2 3 4 5 10 6 7 8 9 15 11 12 13 14 20 16 17 18 19 25 21 22 23 24 5 1 2 3 4 9 10 6 7 8 14 15 11 12 13 19 20 16 17 18 24 25 21 22 23 4 5 1 2 3 8 9 10 6 7 13 14 15 11 12 18 19 20 16 17 23 24 25 21 22 3 4 5 1 2 7 8 9 10 6 12 13 14 15 11 17 18 19 20 16 22 23 24 25 21 2 3 4 5 1
Z6sZ4	24	1 2 3 4 5 6 7 8 9 10 11 12 13 14 15 16 17 18 19 20 21 22 23 24 3 1 2 6 4 5 9 7 8 12 10 11 14 15 13 17 18 16 20 21 19 23 24 22 2 3 1 5 6 4 8 9 7 11 12 10 15 13 14 18 16 17 21 19 20 24 22 23 4 5 6 1 2 3 10 11 12 7 8 9 16 17 18 13 14 15 22 23 24 19 20 21 6 4 5 3 1 2 12 10 11 9 7 8 17 18 16 14 15 13 23 24 22 20 21 19 5 6 4 2 3 1 11 12 10 8 9 7 18 16 17 15 13 14 24 22 23 21 19 20 7 8 9 10 11 12 1 2 3 4 5 6 19 20 21 22 23 24 13 14 15 16 17 18 9 7 8 12 10 11 3 1 2 6 4 5 20 21 19 23 24 22 14 15 13 17 18 16 8 9 7 11 12 10 2 3 1 5 6 4 21 19 20 24 22 23 15 13 14 18 16 17 10 11 12 7 8 9 4 5 6 1 2 3 22 23 24 19 20 21 16 17 18 13 14 15 12 10 11 9 7 8 6 4 5 3 1 2 23 24 22 20 21 19 17 18 16 14 15 13 11 12 10 8 9 7 5 6 4 2 3 1 24 22 23 21 19 20 18 16 17 15 13 14 16 17 18 13 14 15 22 23 24 19 20 21 1 2 3 4 5 6 7 8 9 10 11 12 17 18 16 14 15 13 23 24 22 20 21 19 3 1 2 6 4 5 9 7 8 12 10 11 18 16 17 15 13 14 24 22 23 21 19 20 2 3 1 5 6 4 8 9 7 11 12 10 13 14 15 16 17 18 19 20 21 22 23 24 4 5 6 1 2 3 10 11 12 7 8 9 14 15 13 17 18 16 20 21 19 23 24 22 6 4 5 3 1 2 12 10 11 9 7 8 15 13 14 18 16 17 21 19 20 24 22 23 5 6 4 2 3 1 11 12 10 8 9 7 22 23 24 19 20 21 16 17 18 13 14 15 7 8 9 10 11 12 1 2 3 4 5 6 23 24 22 20 21 19 17 18 16 14 15 13 9 7 8 12 10 11 3 1 2 6 4 5 24 22 23 21 19 20 18 16 17 15 13 14 8 9 7 11 12 10 2 3 1 5 6 4 19 20 21 22 23 24 13 14 15 16 17 18 10 11 12 7 8 9 4 5 6 1 2 3 20 21 19 23 24 22 14 15 13 17 18 16 12 10 11 9 7 8 6 4 5 3 1 2 21 19 20 24 22 23 15 13 14 18 16 17 11 12 10 8 9 7 5 6 4 2 3 1
Z7sZ3	21	1 2 3 4 5 6 7 8 9 10 11 12 13 14 15 16 17 18 19 20 21 7 1 2 3 4 5 6 13 14 8 9 10 11 12 18 19 20 21 15 16 17 6 7 1 2 3 4 5 11 12 13 14 8 9 10 21 15 16 17 18 19 20 5 6 7 1 2 3 4 9 10 11 12 13 14 8 17 18 19 20 21 15 16 4 5 6 7 1 2 3 14 8 9 10 11 12 13 20 21 15 16 17 18 19 3 4 5 6 7 1 2 12 13 14 8 9 10 11 16 17 18 19 20 21 15 2 3 4 5 6 7 1 10 11 12 13 14 8 9 19 20 21 15 16 17 18 15 16 17 18 19 20 21 1 2 3 4 5 6 7 8 9 10 11 12 13 14 18 19 20 21 15 16 17 7 1 2 3 4 5 6 13 14 8 9 10 11 12 21 15 16 17 18 19 20 6 7 1 2 3 4 5 11 12 13 14 8 9 10 17 18 19 20 21 15 16 5 6 7 1 2 3 4 9 10 11 12 13 14 8 20 21 15 16 17 18 19 4 5 6 7 1 2 3 14 8 9 10 11 12 13 16 17 18 19 20 21 15 3 4 5 6 7 1 2 12 13 14 8 9 10 11 19 20 21 15 16 17 18 2 3 4 5 6 7 1 10 11 12 13 14 8 9 8 9 10 11 12 13 14 15 16 17 18 19 20 21 1 2 3 4 5 6 7 13 14 8 9 10 11 12 18 19 20 21 15 16 17 7 1 2 3 4 5 6 11 12 13 14 8 9 10 21 15 16 17 18 19 20 6 7 1 2 3 4 5 9 10 11 12 13 14 8 17 18 19 20 21 15 16 5 6 7 1 2 3 4 14 8 9 10 11 12 13 20 21 15 16 17 18 19 4 5 6 7 1 2 3 12 13 14 8 9 10 11 16 17 18 19 20 21 15 3 4 5 6 7 1 2 10 11 12 13 14 8 9 19 20 21 15 16 17 18 2 3 4 5 6 7 1
Z8sZ4	32	1 2 3 4 5 6 7 8 9 10 11 12 13 14 15 16 17 18 19 20 21 22 23 24 25 26 27 28 29 30 31 32 2 1 4 3 6 5 8 7 10 9 12 11 14 13 16 15 18 17 20 19 22 21 24 23 26 25 28 27 30 29 32 31 3 4 1 2 7 8 5 6 11 12 9 10 15 16 13 14 19 20 17 18 23 24 21 22 27 28 25 26 31 32 29 30 4 3 2 1 8 7 6 5 12 11 10 9 16 15 14 13 20 19 18 17 24 23 22 21 28 27 26 25 32 31 30 29 6 5 8 7 1 2 3 4 14 13 16 15 9 10 11 12 22 21 24 23 17 18 19 20 30 29 32 31 25 26 27 28 5 6 7 8 2 1 4 3 13 14 15 16 10 9 12 11 21 22 23 24 18 17 20 19 29 30 31 32 26 25 28 27 8 7 6 5 3 4 1 2 16 15 14 13 11 12 9 10 24 23 22 21 19 20 17 18 32 31 30 29 27 28 25 26 7 8 5 6 4 3 2 1 15 16 13 14 12 11 10 9 23 24 21 22 20 19 18 17 31 32 29 30 28 27 26 25 11 12 9 10 15 16 13 14 1 2 3 4 5 6 7 8 28 27 26 25 32 31 30 29 18 17 20 19 22 21 24 23 12 11 10 9 16 15 14 13 2 1 4 3 6 5 8 7 27 28 25 26 31 32 29 30 17 18 19 20 21 22 23 24 9 10 11 12 13 14 15 16 3 4 1 2 7 8 5 6 26 25 28 27 30 29 32 31 20 19 18 17 24 23 22 21 10 9 12 11 14 13 16 15 4 3 2 1 8 7 6 5 25 26 27 28 29 30 31 32 19 20 17 18 23 24 21 22 16 15 14 13 11 12 9 10 6 5 8 7 1 2 3 4 31 32 29 30 28 27 26 25 21 22 23 24 18 17 20 19 15 16 13 14 12 11 10 9 5 6 7 8 2 1 4 3 32 31 30 29 27 28 25 26 22 21 24 23 17 18 19 20 14 13 16 15 9 10 11 12 8 7 6 5 3 4 1 2 29 30 31 32 26 25 28 27 23 24 21 22 20 19 18 17 13 14 15 16 10 9 12 11 7 8 5 6 4 3 2 1 30 29 32 31 25 26 27 28 24 23 22 21 19 20 17 18 22 21 24 23 17 18 19 20 30 29 32 31 25 26 27 28 1 2 3 4 5 6 7 8 9 10 11 12 13 14 15 16 21 22 23 24 18 17 20 19 29 30 31 32 26 25 28 27 2 1 4 3 6 5 8 7 10 9 12 11 14 13 16 15 24 23 22 21 19 20 17 18 32 31 30 29 27 28 25 26 3 4 1 2 7 8 5 6 11 12 9 10 15 16 13 14 23 24 21 22 20 19 18 17 31 32 29 30 28 27 26 25 4 3 2 1 8 7 6 5 12 11 10 9 16 15 14 13 18 17 20 19 22 21 24 23 26 25 28 27 30 29 32 31 6 5 8 7 1 2 3 4 14 13 16 15 9 10 11 12 17 18 19 20 21 22 23 24 25 26 27 28 29 30 31 32 5 6 7 8 2 1 4 3 13 14 15 16 10 9 12 11 20 19 18 17 24 23 22 21 28 27 26 25 32 31 30 29 8 7 6 5 3 4 1 2 16 15 14 13 11 12 9 10 19 20 17 18 23 24 21 22 27 28 25 26 31 32 29 30 7 8 5 6 4 3 2 1 15 16 13 14 12 11 10 9 31 32 29 30 28 27 26 25 21 22 23 24 18 17 20 19 11 12 9 10 15 16 13 14 1 2 3 4 5 6 7 8 32 31 30 29 27 28 25 26 22 21 24 23 17 18 19 20 12 11 10 9 16 15 14 13 2 1 4 3 6 5 8 7 29 30 31 32 26 25 28 27 23 24 21 22 20 19 18 17 9 10 11 12 13 14 15 16 3 4 1 2 7 8 5 6 30 29 32 31 25 26 27 28 24 23 22 21 19 20 17 18 10 9 12 11 14 13 16 15 4 3 2 1 8 7 6 5 27 28 25 26 31 32 29 30 17 18 19 20 21 22 23 24 16 15 14 13 11 12 9 10 6 5 8 7 1 2 3 4 28 27 26 25 32 31 30 29 18 17 20 19 22 21 24 23 15 16 13 14 12 11 10 9 5 6 7 8 2 1 4 3 25 26 27 28 29 30 31 32 19 20 17 18 23 24 21 22 14 13 16 15 9 10 11 12 8 7 6 5 3 4 1 2 26 25 28 27 30 29 32 31 20 19 18 17 24 23 22 21 13 14 15 16 10 9 12 11 7 8 5 6 4 3 2 1
Z8sZ4_2	32	1 2 3 4 5 6 7 8 9 10 11 12 13 14 15 16 17 18 19 20 21 22 23 24 25 26 27 28 29 30 31 32 2 1 4 3 6 5 8 7 10 9 12 11 14 13 16 15 18 17 20 19 22 21 24 23 26 25 28 27 30 29 32 31 3 4 1 2 7 8 5 6 11 12 9 10 15 16 13 14 19 20 17 18 23 24 21 22 27 28 25 26 31 32 29 30 4 3 2 1 8 7 6 5 12 11 10 9 16 15 14 13 20 19 18 17 24 23 22 21 28 27 26 25 32 31 30 29 6 5 8 7 1 2 3 4 14 13 16 15 9 10 11 12 21 22 23 24 18 17 20 19 29 30 31 32 26 25 28 27 5 6 7 8 2 1 4 3 13 14 15 16 10 9 12 11 22 21 24 23 17 18 19 20 30 29 32 31 25 26 27 28 8 7 6 5 3 4 1 2 16 15 14 13 11 12 9 10 23 24 21 22 20 19 18 17 31 32 29 30 28 27 26 25 7 8 5 6 4 3 2 1 15 16 13 14 12 11 10 9 24 23 22 21 19 20 17 18 32 31 30 29 27 28 25 26 14 13 16 15 9 10 11 12 1 2 3 4 5 6 7 8 26 25 28 27 30 29 32 31 22 21 24 23 17 18 19 20 13 14 15 16 10 9 12 11 2 1 4 3 6 5 8 7 25 26 27 28 29 30 31 32 21 22 23 24 18 17 20 19 16 15 14 13 11 12 9 10 3 4 1 2 7 8 5 6 28 27 26 25 32 31 30 29 24 23 22 21 19 20 17 18 15 16 13 14 12 11 10 9 4 3 2 1 8 7 6 5 27 28 25 26 31 32 29 30 23 24 21 22 20 19 18 17 10 9 12 11 14 13 16 15 6 5 8 7 1 2 3 4 30 29 32 31 25 26 27 28 17 18 19 20 21 22 23 24 9 10 11 12 13 14 15 16 5 6 7 8 2 1 4 3 29 30 31 32 26 25 28 27 18 17 20 19 22 21 24 23 12 11 10 9 16 15 14 13 8 7 6 5 3 4 1 2 32 31 30 29 27 28 25 26 19 20 17 18 23 24 21 22 11 12 9 10 15 16 13 14 7 8 5 6 4 3 2 1 31 32 29 30 28 27 26 25 20 19 18 17 24 23 22 21 19 20 17 18 23 24 21 22 27 28 25 26 31 32 29 30 1 2 3 4 5 6 7 8 9 10 11 12 13 14 15 16 20 19 18 17 24 23 22 21 28 27 26 25 32 31 30 29 2 1 4 3 6 5 8 7 10 9 12 11 14 13 16 15 17 18 19 20 21 22 23 24 25 26 27 28 29 30 31 32 3 4 1 2 7 8 5 6 11 12 9 10 15 16 13 14 18 17 20 19 22 21 24 23 26 25 28 27 30 29 32 31 4 3 2 1 8 7 6 5 12 11 10 9 16 15 14 13 23 24 21 22 20 19 18 17 31 32 29 30 28 27 26 25 6 5 8 7 1 2 3 4 14 13 16 15 9 10 11 12 24 23 22 21 19 20 17 18 32 31 30 29 27 28 25 26 5 6 7 8 2 1 4 3 13 14 15 16 10 9 12 11 21 22 23 24 18 17 20 19 29 30 31 32 26 25 28 27 8 7 6 5 3 4 1 2 16 15 14 13 11 12 9 10 22 21 24 23 17 18 19 20 30 29 32 31 25 26 27 28 7 8 5 6 4 3 2 1 15 16 13 14 12 11 10 9 28 27 26 25 32 31 30 29 24 23 22 21 19 20 17 18 14 13 16 15 9 10 11 12 1 2 3 4 5 6 7 8 27 28 25 26 31 32 29 30 23 24 21 22 20 19 18 17 13 14 15 16 10 9 12 11 2 1 4 3 6 5 8 7 26 25 28 27 30 29 32 31 22 21 24 23 17 18 19 20 16 15 14 13 11 12 9 10 3 4 1 2 7 8 5 6 25 26 27 28 29 30 31 32 21 22 23 24 18 17 20 19 15 16 13 14 12 11 10 9 4 3 2 1 8 7 6 5 32 31 30 29 27 28 25 26 19 20 17 18 23 24 21 22 10 9 12 11 14 13 16 15 6 5 8 7 1 2 3 4 31 32 29 30 28 27 26 25 20 19 18 17 24 23 22 21 9 10 11 12 13 14 15 16 5 6 7 8 2 1 4 3 30 29 32 31 25 26 27 28 17 18 19 20 21 22 23 24 12 11 10 9 16 15 14 13 8 7 6 5 3 4 1 2 29 30 31 32 26 25 28 27 18 17 20 19 22 21 24 23 11 12 9 10 15 16 13 14 7 8 5 6 4 3 2 1
Z8sZ4_3	32	1 2 3 4 5 6 7 8 9 10 11 12 13 14 15 16 17 18 19 20 21 22 23 24 25 26 27 28 29 30 31 32 2 1 4 3 6 5 8 7 10 9 12 11 14 13 16 15 18 17 20 19 22 21 24 23 26 25 28 27 30 29 32 31 3 4 1 2 7 8 5 6 11 12 9 10 15 16 13 14 19 20 17 18 23 24 21 22 27 28 25 26 31 32 29 30 4 3 2 1 8 7 6 5 12 11 10 9 16 15 14 13 20 19 18 17 24 23 22 21 28 27 26 25 32 31 30 29 6 5 8 7 1 2 3 4 14 13 16 15 9 10 11 12 21 22 23 24 18 17 20 19 29 30 31 32 26 25 28 27 5 6 7 8 2 1 4 3 13 14 15 16 10 9 12 11 22 21 24 23 17 18 19 20 30 29 32 31 25 26 27 28 8 7 6 5 3 4 1 2 16 15 14 13 11 12 9 10 23 24 21 22 20 19 18 17 31 32 29 30 28 27 26 25 7 8 5 6 4 3 2 1 15 16 13 14 12 11 10 9 24 23 22 21 19 20 17 18 32 31 30 29 27 28 25 26 14 13 16 15 9 10 11 12 1 2 3 4 5 6 7 8 25 26 27 28 29 30 31 32 21 22 23 24 18 17 20 19 13 14 15 16 10 9 12 11 2 1 4 3 6 5 8 7 26 25 28 27 30 29 32 31 22 21 24 23 17 18 19 20 16 15 14 13 11 12 9 10 3 4 1 2 7 8 5 6 27 28 25 26 31 32 29 30 23 24 21 22 20 19 18 17 15 16 13 14 12 11 10 9 4 3 2 1 8 7 6 5 28 27 26 25 32 31 30 29 24 23 22 21 19 20 17 18 10 9 12 11 14 13 16 15 6 5 8 7 1 2 3 4 29 30 31 32 26 25 28 27 18 17 20 19 22 21 24 23 9 10 11 12 13 14 15 16 5 6 7 8 2 1 4 3 30 29 32 31 25 26 27 28 17 18 19 20 21 22 23 24 12 11 10 9 16 15 14 13 8 7 6 5 3 4 1 2 31 32 29 30 28 27 26 25 20 19 18 17 24 23 22 21 11 12 9 10 15 16 13 14 7 8 5 6 4 3 2 1 32 31 30 29 27 28 25 26 19 20 17 18 23 24 21 22 19 20 17 18 23 24 21 22 27 28 25 26 31 32 29 30 1 2 3 4 5 6 7 8 9 10 11 12 13 14 15 16 20 19 18 17 24 23 22 21 28 27 26 25 32 31 30 29 2 1 4 3 6 5 8 7 10 9 12 11 14 13 16 15 17 18 19 20 21 22 23 24 25 26 27 28 29 30 31 32 3 4 1 2 7 8 5 6 11 12 9 10 15 16 13 14 18 17 20 19 22 21 24 23 26 25 28 27 30 29 32 31 4 3 2 1 8 7 6 5 12 11 10 9 16 15 14 13 23 24 21 22 20 19 18 17 31 32 29 30 28 27 26 25 6 5 8 7 1 2 3 4 14 13 16 15 9 10 11 12 24 23 22 21 19 20 17 18 32 31 30 29 27 28 25 26 5 6 7 8 2 1 4 3 13 14 15 16 10 9 12 11 21 22 23 24 18 17 20 19 29 30 31 32 26 25 28 27 8 7 6 5 3 4 1 2 16 15 14 13 11 12 9 10 22 21 24 23 17 18 19 20 30 29 32 31 25 26 27 28 7 8 5 6 4 3 2 1 15 16 13 14 12 11 10 9 27 28 25 26 31 32 29 30 23 24 21 22 20 19 18 17 14 13 16 15 9 10 11 12 1 2 3 4 5 6 7 8 28 27 26 25 32 31 30 29 24 23 22 21 19 20 17 18 13 14 15 16 10 9 12 11 2 1 4 3 6 5 8 7 25 26 27 28 29 30 31 32 21 22 23 24 18 17 20 19 16 15 14 13 11 12 9 10 3 4 1 2 7 8 5 6 26 25 28 27 30 29 32 31 22 21 24 23 17 18 19 20 15 16 13 14 12 11 10 9 4 3 2 1 8 7 6 5 31 32 29 30 28 27 26 25 20 19 18 17 24 23 22 21 10 9 12 11 14 13 16 15 6 5 8 7 1 2 3 4 32 31 30 29 27 28 25 26 19 20 17 18 23 24 21 22 9 10 11 12 13 14 15 16 5 6 7 8 2 1 4 3 29 30 31 32 26 25 28 27 18 17 20 19 22 21 24 23 12 11 10 9 16 15 14 13 8 7 6 5 3 4 1 2 30 29 32 31 25 26 27 28 17 18 19 20 21 22 23 24 11 12 9 10 15 16 13 14 7 8 5 6 4 3 2 1
Z9sZ3	27	1 2 3 4 5 6 7 8 9 10 11 12 13 14 15 16 17 18 19 20 21 22 23 24 25 26 27 3 1 2 6 4 5 9 7 8 12 10 11 15 13 14 18 16 17 21 19 20 24 22 23 27 25 26 2 3 1 5 6 4 8 9 7 11 12 10 14 15 13 17 18 16 20 21 19 23 24 22 26 27 25 7 8 9 1 2 3 4 5 6 18 16 17 12 10 11 15 13 14 26 27 25 20 21 19 23 24 22 9 7 8 3 1 2 6 4 5 17 18 16 11 12 10 14 15 13 25 26 27 19 20 21 22 23 24 8 9 7 2 3 1 5 6 4 16 17 18 10 11 12 13 14 15 27 25 26 21 19 20 24 22 23 4 5 6 7 8 9 1 2 3 14 15 13 17 18 16 11 12 10 24 22 23 27 25 26 21 19 20 6 4 5 9 7 8 3 1 2 13 14 15 16 17 18 10 11 12 23 24 22 26 27 25 20 21 19 5 6 4 8 9 7 2 3 1 15 13 14 18 16 17 12 10 11 22 23 24 25 26 27 19 20 21 21 19 20 24 22 23 27 25 26 1 2 3 4 5 6 7 8 9 10 11 12 13 14 15 16 17 18 20 21 19 23 24 22 26 27 25 3 1 2 6 4 5 9 7 8 12 10 11 15 13 14 18 16 17 19 20 21 22 23 24 25 26 27 2 3 1 5 6 4 8 9 7 11 12 10 14 15 13 17 18 16 25 26 27 19 20 21 22 23 24 7 8 9 1 2 3 4 5 6 18 16 17 12 10 11 15 13 14 27 25 26 21 19 20 24 22 23 9 7 8 3 1 2 6 4 5 17 18 16 11 12 10 14 15 13 26 27 25 20 21 19 23 24 22 8 9 7 2 3 1 5 6 4 16 17 18 10 11 12 13 14 15 23 24 22 26 27 25 20 21 19 4 5 6 7 8 9 1 2 3 14 15 13 17 18 16 11 12 10 22 23 24 25 26 27 19 20 21 6 4 5 9 7 8 3 1 2 13 14 15 16 17 18 10 11 12 24 22 23 27 25 26 21 19 20 5 6 4 8 9 7 2 3 1 15 13 14 18 16 17 12 10 11 12 10 11 15 13 14 18 16 17 21 19 20 24 22 23 27 25 26 1 2 3 4 5 6 7 8 9 11 12 10 14 15 13 17 18 16 20 21 19 23 24 22 26 27 25 3 1 2 6 4 5 9 7 8 10 11 12 13 14 15 16 17 18 19 20 21 22 23 24 25 26 27 2 3 1 5 6 4 8 9 7 17 18 16 11 12 10 14 15 13 25 26 27 19 20 21 22 23 24 7 8 9 1 2 3 4 5 6 16 17 18 10 11 12 13 14 15 27 25 26 21 19 20 24 22 23 9 7 8 3 1 2 6 4 5 18 16 17 12 10 11 15 13 14 26 27 25 20 21 19 23 24 22 8 9 7 2 3 1 5 6 4 13 14 15 16 17 18 10 11 12 23 24 22 26 27 25 20 21 19 4 5 6 7 8 9 1 2 3 15 13 14 18 16 17 12 10 11 22 23 24 25 26 27 19 20 21 6 4 5 9 7 8 3 1 2 14 15 13 17 18 16 11 12 10 24 22 23 27 25 26 21 19 20 5 6 4 8 9 7 2 3 1
